review_id;title;date_reviewed;review_text
61004;;"2025-01-19 11:57:15";"Ecxelente app"
60969;;"2025-01-19 17:47:24";"voy aprobar esta app para ver que tan buena es como espero"
60934;;"2025-01-20 02:25:31";"muy buena"
62027;;"2025-01-08 11:26:58";full
73275;;"2024-10-20 10:55:08";excellente
77119;;"2024-12-15 16:27:07";bom
60779;;"2025-01-22 19:59:41";👍👍👍
60745;;"2025-01-23 04:03:52";"La app es pauperrima así utilices premium o no, deberían de pasar una verificación las apps a la hora de poder ser anunciadas en una plataforma brindada por el mismísimo Google."
60711;;"2025-01-23 19:32:45";"muy buena te da opciones diferentes que uno no tiene idea"
60677;;"2025-01-24 12:12:03";bueno
60747;;"2025-01-23 03:35:49";excelentes
62028;;"2025-01-08 11:20:30";"muy bueno... muy rapido y con muchas opciones ♥️♥️"
69695;;"2024-12-08 13:48:14";genial
77668;;"2025-01-30 07:49:04";"ottima app"
58992;;"2025-01-27 03:24:09";"recién la descargue, vamos a ver como me va"
58959;;"2025-01-27 17:00:22";interesante!
58926;;"2025-01-28 00:59:41";"Muy buena"
58893;;"2025-01-28 17:39:47";excelente
61008;;"2025-01-19 11:28:59";cool
65304;;"2025-01-05 04:38:17";buena
69999;;"2024-11-18 01:23:41";"muy bueno"
43520;;"2025-02-21 08:37:58";good
43521;;"2025-02-21 08:27:14";good
43522;;"2025-02-21 07:23:18";"it is so realistic 😁"
43523;;"2025-02-21 07:20:50";"just downloaded will do review after using the app"
43524;;"2025-02-21 07:12:34";"I've been scammed by this app. I signed up for the 3-day free trial and cancelled it two days early, but at the end of the 3-day trial, they charged me Rs 720 for a monthly subscription? How is that possible? Why was I charge!!!!?"
43525;;"2025-02-21 06:58:39";"I well test it"
43526;;"2025-02-21 06:56:02";nice
43527;;"2025-02-21 06:39:52";supre
43528;;"2025-02-21 06:22:18";good
43529;;"2025-02-21 06:10:57";"i like it"
43530;;"2025-02-21 06:09:59";Nice
43531;;"2025-02-21 06:06:58";"haven't used it yet hopping to get good results"
43532;;"2025-02-21 04:24:45";"No feature of AI as such.. Very disappointing experience. There is weekly or yearly plan. I subscribed to weekly plan but it's waste of time and money. Not recommended.."
43533;;"2025-02-21 03:54:31";"Kept getting error and they changed my buddha into a black buff man"
43534;;"2025-02-21 03:23:01";"Easy to load"
43535;;"2025-02-21 03:16:05";good
43536;;"2025-02-21 03:14:29";"Scam, do not download. Attempting to get my money back after being charged."
43537;;"2025-02-21 02:22:26";nice
43538;;"2025-02-21 01:59:10";Great
43539;;"2025-02-21 01:26:26";"Load of garbage, don't bother."
43540;;"2025-02-21 00:43:05";🙂
43541;;"2025-02-21 00:39:22";"living room decoration"
43542;;"2025-02-20 22:13:06";"beautful app"
43543;;"2025-02-20 21:34:20";"Greedy app"
43544;;"2025-02-20 20:50:12";"Hoping it's the same but well improved as photo editor"
43545;;"2025-02-20 20:35:59";"They are acting like thief, they mentioned it has 3 days testing. Hence I applied for the subscription but they charged me from testing period. Also Application is not working fine, paint in the Windows is more effective. No AI is used. App doesn't understand even simple commands. I sent the request to them to cancel my subscription and return my subscription fee, but haven't got any response."
43546;;"2025-02-20 20:29:10";super
43547;;"2025-02-20 20:19:19";"good app to use"
43548;;"2025-02-20 18:10:37";best
43549;;"2025-02-20 17:51:42";"Bad app"
43550;;"2025-02-20 17:17:46";"amazing led light system. best ever!"
43551;;"2025-02-20 17:13:20";"should be good! I will try!"
43552;;"2025-02-20 16:26:37";excellent
43553;;"2025-02-20 15:07:19";"before using the app I had to rate it"
43554;;"2025-02-20 14:53:58";"Passwords, Bank Cards details, Calls, Texts (Don't share)"
43555;;"2025-02-20 14:46:13";"BEWARE! This website is shady. It website is slow and ""currently down due to high traffic."" Also, when I reached out for help, all the emails provided did not exist."
43556;;"2025-02-20 13:47:29";"good app"
43557;;"2025-02-20 13:41:21";good
43558;;"2025-02-20 13:40:01";"nice 👌"
43559;;"2025-02-20 13:33:58";"excellent service"
43560;;"2025-02-20 12:31:23";"Cannot unsubscribe from free trial"
43561;;"2025-02-20 12:01:24";awesome
43562;;"2025-02-20 10:53:47";good
43563;;"2025-02-20 10:48:59";goed
43564;;"2025-02-20 10:31:14";"great in helping future interior designers like myself understand and grow"
43565;;"2025-02-20 10:15:40";"Poor, pay, pay, pay"
43566;;"2025-02-20 08:28:38";"Awesome aops"
43567;;"2025-02-20 07:03:26";"good ideas"
43568;;"2025-02-20 06:36:17";good
43569;;"2025-02-20 05:53:19";"💯%it work smoothly."
43570;;"2025-02-20 05:38:44";"looks promising, I just installed the app"
43571;;"2025-02-20 05:15:19";good
43572;;"2025-02-20 05:00:10";good
43573;;"2025-02-20 02:11:57";Garbage
43574;;"2025-02-20 02:06:27";"the best app"
43575;;"2025-02-20 01:48:16";"super app i ❤️it"
43576;;"2025-02-19 23:45:30";good
43577;;"2025-02-19 21:35:55";"Tried to unsubsidized after crashed after it charged me and will not!"
43578;;"2025-02-19 21:25:28";nice
43579;;"2025-02-19 19:28:27";nice
43580;;"2025-02-19 18:46:41";good
43581;;"2025-02-19 17:38:24";awesome
43582;;"2025-02-19 17:37:55";nice
43583;;"2025-02-19 17:02:00";"ok ll"
43584;;"2025-02-19 16:27:18";"nice 👍"
43585;;"2025-02-19 15:19:52";"This app is not genuine, you literally can't access it until you pay like $8 per week. That's crazy"
43586;;"2025-02-19 14:23:19";"App wants you to rate and pay even before I've done anything in it. Avoid."
43587;;"2025-02-19 14:02:27";Excellent
43588;;"2025-02-19 13:40:09";ok
43589;;"2025-02-19 11:49:15";A+
43590;;"2025-02-19 11:11:29";"They ask me to RATE what I have not even SEEN yet. if they want more stars they can ask me after I actually entered their app!"
43591;;"2025-02-19 10:49:38";nice
43592;;"2025-02-19 10:17:04";ok
43593;;"2025-02-19 09:53:30";"Great app"
43594;;"2025-02-19 09:32:06";"👍 namaste"
43595;;"2025-02-19 09:30:52";good
43596;;"2025-02-19 09:30:24";"Great app, download it"
43597;;"2025-02-19 06:44:25";nice
43598;;"2025-02-19 06:41:46";"great app,simple"
43599;;"2025-02-19 06:06:56";super
43600;;"2025-02-19 04:57:02";"बहुत accha"
43601;;"2025-02-19 02:20:10";"Horrible app. I tried for some time but couldn't get a single image of any help. Then when I went to cancel my free trial before they charge me, I can't even find the cancel subscription button anywhere."
43602;;"2025-02-19 01:39:25";"Good app"
43603;;"2025-02-19 00:45:23";"interesting. I want to know more"
43604;;"2025-02-18 21:33:55";"100% absolutely garbage"
43605;;"2025-02-18 20:28:59";"good 👍"
43606;;"2025-02-18 19:35:29";great
43607;;"2025-02-18 18:54:29";good
43608;;"2025-02-18 18:43:17";OK
43609;;"2025-02-18 17:37:11";"I like this app"
43610;;"2025-02-18 17:05:58";good
43611;;"2025-02-18 16:37:19";"love love love"
43612;;"2025-02-18 16:29:07";"I can't want to plan and design my salon"
43613;;"2025-02-18 15:48:14";"Very interesting"
43614;;"2025-02-18 15:36:38";"Great Great"
43615;;"2025-02-18 15:07:23";"very lovely thank Al"
43616;;"2025-02-18 14:00:34";cool
43617;;"2025-02-18 13:45:21";"good app"
43618;;"2025-02-18 13:32:26";"Soo cool"
43619;;"2025-02-18 13:26:52";nice
43620;;"2025-02-18 12:32:42";cool
43621;;"2025-02-18 12:26:26";"good 👍"
43622;;"2025-02-18 11:29:05";"I subscribed for a free trial but i was charged immediately after please cancel any subscription under my name"
43623;;"2025-02-18 10:30:38";"good app"
43624;;"2025-02-18 08:33:21";good
43625;;"2025-02-18 08:30:46";good
43626;;"2025-02-18 07:54:39";wow
43627;;"2025-02-18 07:17:33";good
43628;;"2025-02-18 07:13:08";suppar
43629;;"2025-02-18 07:02:51";"nice app"
43630;;"2025-02-18 06:10:52";"good app"
43631;;"2025-02-18 05:49:48";nice
43632;;"2025-02-18 05:47:55";"Great 👍"
43633;;"2025-02-18 05:20:19";❤️
43634;;"2025-02-18 04:54:46";super
43635;;"2025-02-18 02:11:44";nice
43636;;"2025-02-18 02:07:45";"Help to give idea in interior design"
43637;;"2025-02-18 01:46:22";good
43638;;"2025-02-18 01:19:15";"1 STAR ! For being EXTREMELY EXPENSIVE AND GREDDY!"
43639;;"2025-02-18 00:51:41";"it's nice"
43640;;"2025-02-17 23:15:14";"Wow Such helpfuls"
43641;;"2025-02-17 21:07:20";"It is a good game and so far I'm excited to play this game cause it looks amazin to play."
43642;;"2025-02-17 20:36:09";"cool app"
85341;;"2024-07-24 11:44:14";"AI ei suunnittele tilaa kuten sovelluskehittäjä lupaa, vaan tekee siitä impressionistisen pilatulkinnan. Sain yhdet naurut, siitä yksi tähti."
85278;;"2024-12-15 16:41:27";"It's great.. Please try it."
85085;;"2024-10-11 01:47:30";bagus
85023;;"2024-10-30 10:02:41";keren
84833;;"2024-12-08 00:20:19";ok
84772;;"2024-12-13 23:39:45";"ok yes good idea"
84585;;"2024-12-31 23:06:50";ok
84525;;"2025-01-05 10:38:32";"aplikasi yg bagus dan rekomended"
84341;;"2025-01-24 11:58:45";bagus
84282;;"2025-02-01 09:37:15";"baru mau coba"
84224;;"2025-02-09 05:14:33";"great aplication for home"
79435;;"2024-08-03 11:34:38";😁
79377;;"2024-11-23 01:10:06";ok
77664;;"2025-01-31 08:32:36";"ottimo aiuto per progettare"
77607;;"2025-02-15 01:21:53";좋아요
77433;;"2024-10-11 13:27:44";top
77377;;"2024-10-24 01:58:30";"cheguei agora logo mais chego com informações"
77321;;"2024-11-10 18:09:33";top
77151;;"2024-12-12 06:14:18";"Primeiro pediu uma nota, pra depois cobrar kkk"
77096;;"2024-12-16 22:12:46";"ótimo e fácil ."
84591;;"2024-12-31 07:23:02";"Aplikasi berbayar"
76875;;"2025-01-22 19:28:06";"acabei de baixar, ainda testando, não tem como avaliar."
76821;;"2025-01-29 17:29:13";"Tem que pagar"
76658;;"2025-02-07 19:42:56";top
76605;;"2025-02-11 17:07:41";"tudo ok"
76552;;"2025-02-14 18:22:08";"Muito bom, amei super recomendo"
73320;;"2024-10-09 16:58:12";"très bonne appli"
73267;;"2024-10-23 08:16:37";"super application"
73268;;"2024-10-23 07:52:38";"Super merci beaucoup"
73058;;"2024-12-17 12:09:56";"تطبيق غير مطابق للإشهار و لديه نسخة بالإشتراك و ثمنها مرتفع لا انصح به"
73006;;"2025-01-02 11:11:50";"Très bonne application"
73322;;"2024-10-09 12:33:19";"très bien"
72802;;"2025-01-31 09:03:21";"Ça a l air pas mal on va essayer."
72751;;"2025-02-04 18:14:07";"c est magnifique il faut l essayer pour évaluer pleinement ces avantages. j espère su elle prend aussi les coutumes et traditions des peuples dans sa restructuration et proposition de maison relo0ker"
73269;;"2024-10-22 11:05:59";bon
72552;;"2024-08-15 07:20:57";"Очень интересно и познавательно."
72502;;"2024-12-09 17:57:53";ьаьаь
72452;;"2025-02-14 20:14:04";"не понятно"
73061;;"2024-12-16 17:34:36";"Super app"
70759;;"2025-01-31 22:03:23";good
70710;;"2025-02-09 01:21:52";ممتاز
70662;;"2025-02-21 20:40:29";ممتاز
85294;;"2024-10-01 09:30:25";τελειο
70477;;"2024-10-02 04:41:43";excelente
70430;;"2024-10-07 00:22:26";"muy bueno exelente app"
73063;;"2024-12-16 16:16:48";"bien 👍"
70250;;"2024-10-22 14:04:48";"muy bien"
70204;;"2024-10-27 13:07:45";"muy buena la app"
70158;;"2024-11-02 03:42:38";good
77161;;"2024-12-11 12:34:26";bom
69984;;"2024-11-19 21:41:24";ok
69939;;"2024-11-23 23:26:10";"excelente app"
69894;;"2024-11-26 04:21:35";excelente
84226;;"2025-02-09 02:27:56";"belum coba udah disuruh kasih bintang nanti aku kasih bintang 5 kalo beneran bagus"
69726;;"2024-12-07 02:16:21";ajá
69682;;"2024-12-08 17:27:44";Excelente
66638;;"2024-12-09 04:52:27";"voy apenas a probarla"
66594;;"2024-12-09 23:18:43";"muy buena aplicación para diseñar tu casa"
85348;;"2024-10-23 17:48:46";"Just bad"
84602;;"2024-12-30 06:48:46";goooodddddddddd
66390;;"2024-12-15 03:26:39";"Es una app muy novedosa"
66347;;"2024-12-15 22:18:00";GENIAL👍
66304;;"2024-12-17 01:17:45";"hermoso para remodelamiemtos"
76887;;"2025-01-19 23:50:44";"ESSE APLICATIVO É UM GOLPE. PRECISA SER DENUNCIADO"
66150;;"2024-12-21 11:11:01";"Excelente aplicación, para tener perspectivas."
66108;;"2024-12-22 12:07:46";"buena app"
66066;;"2024-12-23 07:32:41";"excelente aplicación"
70436;;"2024-10-06 15:42:55";"me gusta la app"
84853;;"2024-12-05 11:52:42";nice
65879;;"2024-12-27 16:07:25";"muy buena"
65839;;"2024-12-28 11:36:36";gut
65799;;"2024-12-28 21:17:42";excelente!
70718;;"2025-02-08 09:18:49";ممتاز
85301;;"2024-04-30 16:14:55";"I canceled my weekly subscription but they still charged me 5.49€ they are scammers .. and after you pay for the subscription you have only 15 credits to try out designs How can I refund does anyone knows ? Or should I contact my lawyer? I canceled the subscription and I have denied payments for Google pay but they still charging me..how can this happen? This is stealing"
65621;;"2024-12-31 23:30:50";Ok
65582;;"2025-01-01 16:12:09";"Muy Buena⭐️⭐️⭐️⭐️⭐️"
65543;;"2025-01-02 04:12:20";"muy buena"
70257;;"2024-10-22 06:44:34";"lo mejor"
84486;;"2025-01-08 01:59:49";great
65372;;"2025-01-04 08:21:05";"Super genial que exista está aplicación para crear tu propio diseño. gracias Home Al"
65334;;"2025-01-04 21:35:07";"buena app recomendada"
65296;;"2025-01-05 09:40:01";EXTRAORDINARIO
66352;;"2024-12-15 20:21:33";"excelente fácil de usar"
76620;;"2025-02-10 19:39:30";"ainda vou testar, se o app realmente for legal volto aqui e dou mas estrelas 😊"
79392;;"2024-11-02 17:09:49";tot
76838;;"2025-01-28 12:08:35";"Só consegue testar grátis se cadastrar um cartão de crédito. Preferi não arriscar."
62059;;"2025-01-08 00:36:12";super
62022;;"2025-01-08 13:34:57";bien
61985;;"2025-01-08 23:42:14";Buena
62060;;"2025-01-08 00:27:53";"Wao!!! Es realmente buena, buenísima. Transforma el espacio a la perfección, quedé sorprendida. Superó mis expectativas."
69993;;"2024-11-18 20:23:35";bueno
77628;;"2025-02-13 16:19:22";"Non serve a nulla. Deforma tutto ed è a pagamento"
61796;;"2025-01-11 04:18:36";"No es gratis"
61760;;"2025-01-11 15:24:38";genial
61724;;"2025-01-12 00:31:23";"la cabo de instalar"
61987;;"2025-01-08 22:17:30";"execelente aplicación"
76614;;"2025-02-11 09:39:27";"Melhor aplicativo do momento"
77171;;"2024-12-10 05:07:45";magnifico
61545;;"2025-01-13 20:45:51";"todavía no lo use"
61510;;"2025-01-14 02:43:51";excelente
61475;;"2025-01-14 13:14:55";"Toma mucho tiempo correr un solo escenario. Recalcular prácticamente no cambia más que un pequeño detalle. Y me decepcionó que la versión de paga sea igual de lenta y no ofrezca varios escenarios en el mismo prompt."
61440;;"2025-01-14 18:11:18";"aun no la uso pero se ve muy 👍"
84241;;"2025-02-07 04:58:06";"😇😇 bagus apknya"
72716;;"2025-02-08 06:36:02";"clean et cool"
61305;;"2025-01-16 02:47:14";"Es la primera vez que la usare espero sea muy útil 😆"
61270;;"2025-01-16 14:44:03";excelente
61235;;"2025-01-16 22:09:54";bien
61200;;"2025-01-17 03:55:47";"Que excelente aplicación"
85351;;"2025-01-25 05:52:24";"Bad chit"
69649;;"2024-12-08 23:59:55";excelente
76842;;"2025-01-27 17:14:44";legal
61038;;"2025-01-19 00:16:46";"Muy Util"
61003;;"2025-01-19 12:11:22";Ok
60968;;"2025-01-19 17:50:29";"excelente me ha ayudado mucho"
60933;;"2025-01-20 02:31:12";"recién lo descargue voy a ver qué sucede"
62064;;"2025-01-07 22:58:38";espectacular
69907;;"2024-11-25 17:28:38";ok
77174;;"2024-12-10 03:07:45";"Uma droga pq vc tem q pagar."
60778;;"2025-01-22 19:59:51";buenisimo
60744;;"2025-01-23 04:24:25";bien
60710;;"2025-01-23 20:22:14";"Interesante aplicación"
60676;;"2025-01-24 12:29:08";"excelente app para mejorar la estética de tu hogar"
60781;;"2025-01-22 18:01:37";"muy buena"
62065;;"2025-01-07 22:56:26";"excelente app"
69739;;"2024-12-06 18:51:05";exelente
76844;;"2025-01-27 16:23:06";"Fácil de trabalhar"
58991;;"2025-01-27 03:32:56";genial
58958;;"2025-01-27 17:10:51";"No hay forma fácil ni transparente de eliminar la suscripción. Ojo y mucho cuidado con eso. Se supo que en tu perfil puedes hacerlo, pero misteriosamente nunca carga o nunca está disponible. Siempre cargando."
58925;;"2025-01-28 01:11:26";fea
58892;;"2025-01-28 17:50:38";"Bueno 👍"
61042;;"2025-01-18 23:12:45";"Me encantó"
65342;;"2025-01-04 19:18:41";"Porquería de app"
72756;;"2025-02-04 09:39:24";"je veux me désabonner mais vous me renvoyez des demande de paiement chaque jour sachant que je voulais tester et je n'ai pas trouvé se que je voulais"
43776;;"2025-02-15 02:49:53";❤❤❤❤
43777;;"2025-02-15 02:16:16";"useful and Worth"
43778;;"2025-02-15 01:37:20";"nice app"
43779;;"2025-02-14 22:30:03";nice
43780;;"2025-02-14 22:17:02";"Impossible to unsubscribe. Also, very limited options on the app."
43781;;"2025-02-14 21:20:02";"How does someone review an app before even using it? I am giving one star for being so pushy. I will change it when I actually know if I like it or not."
43782;;"2025-02-14 21:00:53";"don't know bout them yet they just ask for review before messing with the app"
43783;;"2025-02-14 20:18:36";দারুন
43784;;"2025-02-14 20:16:09";"Achraf Essaadi good"
43785;;"2025-02-14 17:59:22";good
43786;;"2025-02-14 17:28:09";Good
43787;;"2025-02-14 17:16:59";"gave me lots of options for placement."
43788;;"2025-02-14 17:15:58";"good 👍🏼"
43789;;"2025-02-14 17:14:47";"For Design idea"
43790;;"2025-02-14 16:37:32";nice
43791;;"2025-02-14 16:24:26";"very good"
43792;;"2025-02-14 15:54:22";"This is a big scam, no way i can cancel the free trial."
43793;;"2025-02-14 15:49:59";"great 👍"
43794;;"2025-02-14 15:34:09";"nice one"
43795;;"2025-02-14 14:30:25";"It's very nice, but u only get 2 free trials"
43796;;"2025-02-14 14:20:24";good
43797;;"2025-02-14 13:28:51";"nice work"
43798;;"2025-02-14 13:15:14";good
43799;;"2025-02-14 12:47:22";good
43800;;"2025-02-14 12:27:52";"nice app love to use"
43801;;"2025-02-14 12:11:45";Good
43802;;"2025-02-14 11:24:11";excellent
43803;;"2025-02-14 11:07:38";"awesome 👍 MI hi"
43804;;"2025-02-14 10:59:27";nice
43805;;"2025-02-14 10:20:59";GOOD
43806;;"2025-02-14 10:09:46";"its a good app for home design"
43807;;"2025-02-14 09:38:02";nice
43808;;"2025-02-14 09:21:21";good
43809;;"2025-02-14 08:35:42";"I haven't used it so I can't tell much about it."
43810;;"2025-02-14 08:18:11";good
43811;;"2025-02-14 08:14:26";"very good app"
43812;;"2025-02-14 08:04:12";"Nice application and helpful to create interior very beautiful"
43813;;"2025-02-14 07:58:48";best
43814;;"2025-02-14 07:50:10";"It is a great application I like this application very much"
43815;;"2025-02-14 07:48:29";"excellent reviews"
43816;;"2025-02-14 07:35:12";good
43817;;"2025-02-14 07:31:02";good
43818;;"2025-02-14 07:24:52";"very good Home AI app"
43819;;"2025-02-14 07:14:00";"good app"
43820;;"2025-02-14 06:34:14";"very good app"
43821;;"2025-02-14 05:00:54";good
43822;;"2025-02-14 04:23:23";"Не дают посмотреть функционал бесплатно"
43823;;"2025-02-14 04:19:14";"Always asking money"
43824;;"2025-02-14 04:17:31";"need to test"
43825;;"2025-02-14 03:35:51";"good app to design your house like a pro interior designer...."
43826;;"2025-02-14 03:31:21";good👍
43827;;"2025-02-14 03:20:22";"very nice app"
43828;;"2025-02-14 02:26:52";Great
43829;;"2025-02-14 01:32:44";ok
43830;;"2025-02-13 23:36:08";"I love it"
43831;;"2025-02-13 21:32:46";"I think Inwas charged..the service is not great.. the design is so messy."
43832;;"2025-02-13 21:10:59";"good app"
43833;;"2025-02-13 20:41:12";"it's very nice app for home decoration"
43834;;"2025-02-13 19:48:52";good
43835;;"2025-02-13 19:11:24";Fake
43836;;"2025-02-13 18:40:27";Excellent
43837;;"2025-02-13 18:33:16";good
43838;;"2025-02-13 18:01:21";good
43839;;"2025-02-13 17:23:14";good
43840;;"2025-02-13 17:06:34";"Downloaded the app, wasn't useful. Deleted it and now all my personal photo on my phone have been erased!"
43841;;"2025-02-13 16:52:10";"very good app and it helps, useful."
43842;;"2025-02-13 16:36:38";"Not works properly. Every time its shows the message under maintenance"
43843;;"2025-02-13 16:20:02";"let me try first"
43844;;"2025-02-13 16:01:13";nice
43845;;"2025-02-13 15:54:09";"Beautiful pictures."
43846;;"2025-02-13 15:34:01";"nice app"
43847;;"2025-02-13 15:17:38";Interesting
43848;;"2025-02-13 15:07:40";wow
43849;;"2025-02-13 15:07:27";Great
43850;;"2025-02-13 14:46:19";"This App is scam, not allowing to cancel subscription"
43851;;"2025-02-13 14:30:33";"very magical app thank you"
43852;;"2025-02-13 14:01:41";"Beautiful 😍"
43853;;"2025-02-13 13:52:51";"Its nice to use this app👍😉"
43854;;"2025-02-13 13:34:00";👍👍
43855;;"2025-02-13 13:28:32";excellent
43856;;"2025-02-13 13:20:29";nice
43857;;"2025-02-13 13:14:42";Great!!
43858;;"2025-02-13 13:05:33";good
43859;;"2025-02-13 12:30:15";"Péssimo aplicativo, cancelei no dia 1 minha subscrição, e mesmo assim me cobraram,fui usar para mina área de piscina e não tem nenhuma opção para o lado de fora da casa, ex: varanda gourmet, ou piscina ou algo do tipo. O mais engraçado é que é H HOME AI, E TEM OPÇÕES PARA COFFEE SHOP E RESTAURANTE. NÃO PERCA SEU TEMPO ABAIXANDO ESSE APLICATIVO, PORQUE ELES IRÃO TE ROUBAR"
43860;;"2025-02-13 12:26:43";Disgusting
43861;;"2025-02-13 11:22:24";Great
43862;;"2025-02-13 10:58:19";nice
43863;;"2025-02-13 10:27:49";"very nice"
43864;;"2025-02-13 09:31:28";Best
43865;;"2025-02-13 09:30:10";"5 star"
43866;;"2025-02-13 09:23:32";"good tool"
43867;;"2025-02-13 08:53:12";good
43868;;"2025-02-13 08:49:40";"very good. make my job productive"
43869;;"2025-02-13 08:19:50";Great
43870;;"2025-02-13 08:08:43";"great help"
43871;;"2025-02-13 07:41:32";"very fun game."
43872;;"2025-02-13 07:30:16";super
43873;;"2025-02-13 07:12:06";"খুবই ভালো হয়েছে এখনো দেখা হয় নাই"
43874;;"2025-02-13 06:54:49";good
43875;;"2025-02-13 06:50:23";good
43876;;"2025-02-13 06:45:04";"it's a creative app"
43877;;"2025-02-13 06:26:54";good
43878;;"2025-02-13 06:21:49";"so cool"
43879;;"2025-02-13 05:51:56";good
43880;;"2025-02-13 05:17:11";"nice app"
43881;;"2025-02-13 04:45:43";"what an awesome and amazing app."
43882;;"2025-02-13 04:17:38";nice
43883;;"2025-02-13 04:03:08";"Not good, fake"
43884;;"2025-02-13 04:00:12";"bilkul bhi shi nhi hai ye"
43885;;"2025-02-13 03:38:05";"Right after downloading, they ask for a review, then they ask for monthly or yearly subscription. So you just cant use it without paying."
43886;;"2025-02-13 03:26:37";"Haven't tried it yet... but will rate again if it's really good."
43887;;"2025-02-13 03:09:05";"Even after unsubscribe the subscription it deducted amount from account."
43888;;"2025-02-13 02:30:24";"it's really good. especially giving awesome things to use and make it better"
43889;;"2025-02-13 01:54:47";"it's good for me"
43890;;"2025-02-13 01:04:13";excellent
43891;;"2025-02-13 01:03:33";"If this app is totally free... Its wow...👍"
43892;;"2025-02-13 00:58:40";cool
43893;;"2025-02-13 00:47:23";"seeing as how the review portion was immediately prompted before I could see what the app can do for me. I'm going to leave it at that. telling me I can leave w great review to help out this all before we even see what type time it's on."
43894;;"2025-02-12 23:12:51";"Nice app for home remodel ideas."
43895;;"2025-02-12 21:00:17";Exllent
43896;;"2025-02-12 19:41:52";nic
43897;;"2025-02-12 19:26:36";👍
43898;;"2025-02-12 19:03:38";"Great app"
85340;;"2024-08-14 17:34:57";"this is not working"
85277;;"2024-12-22 21:52:39";"The app ask for my opinion before we don't even have started so it seems ok but I may change my review after use! We will see 🤗"
85084;;"2024-10-11 04:34:43";"inpo hadiah"
85022;;"2024-10-31 01:48:56";"very Nice"
84832;;"2024-12-08 00:27:48";"belum dicoba, 2 bintang dulu"
84771;;"2024-12-14 00:46:30";"semoga bermanfaat"
84584;;"2024-12-31 23:30:03";Good
84524;;"2025-01-05 12:31:28";"kita coba"
84340;;"2025-01-24 17:31:45";"saya ingin mendapatkan bantuan untuk merenofasi rumah saya terlihat aestetik"
84281;;"2025-02-01 09:57:42";gud
84283;;"2025-02-01 07:43:21";"blom coba"
79434;;"2024-08-05 13:33:53";"rất tốt"
79376;;"2024-11-23 09:56:44";"nice app"
77663;;"2025-01-31 10:07:15";bella
77606;;"2024-05-31 17:58:01";"Is Ok right now, it needs much more learning. Please let the K.I. use the existing Windows in a room: dont let the K.I. remove the Windows or even create new Windows. It's awful if that happens and only ruins the work it does. (I was using the minimalistic room style) Other Things are the bathrooms, the shower place can occur like 2-3 Times and it dosent make any sense. It should put 1 sink, 1 shower/bathing spot and a toilet with some decoration and not like 2+ shower spots etc."
77432;;"2024-10-12 09:58:08";indico
77376;;"2024-10-24 12:49:11";otimo
77320;;"2024-11-11 05:19:08";sensacional
77150;;"2024-12-12 15:42:11";"Achei a ideia muito boa não substitui um bom profissional mas para pequnas mudanças é viável"
77095;;"2024-12-16 23:37:10";testando
84779;;"2024-12-13 10:25:03";"bagus buat desain"
76874;;"2025-01-23 01:28:09";ok
76820;;"2025-01-29 19:02:43";"excelente trabalho"
76657;;"2025-02-08 00:21:17";ótimo
76604;;"2025-02-11 17:18:51";"vou experimentar ainda mas ouvi falar bem do app"
76551;;"2025-02-14 20:04:35";"muito prático"
73319;;"2024-10-09 18:07:03";Génial
73266;;"2024-10-23 09:43:46";"oulala je viens de télécharger l'application et pris la version pro en test à la semaine pas bien du tout le bouton prise de photo ne s'affiche un quart de seconde impossible donc de travailler une photo avec le logiciel je voulais le proposer à des clients pour cet après-midi ça craint !"
73321;;"2024-10-09 14:34:49";"très cool. j'adore pour mes projets"
73057;;"2024-12-17 15:56:20";"Bonne application"
73005;;"2025-01-02 12:05:17";"superbe application"
76555;;"2025-02-14 17:08:20";excepcional
72801;;"2025-01-31 14:49:35";top
72750;;"2025-02-04 19:38:54";nice
73008;;"2025-01-02 07:41:23";super
72551;;"2024-08-18 10:51:25";😘😘
72501;;"2024-12-10 10:35:23";"хороший инструмент, активно развивается. подскажет"
72451;;"2025-02-15 08:54:48";хорошо
73218;;"2024-11-04 21:12:03";فور
70758;;"2025-01-31 22:40:23";ممتازه
70709;;"2025-02-09 05:21:58";رائع
70661;;"2024-06-24 10:46:00";ok
85357;;"2025-02-11 18:24:04";"Placa se, free trial ne radi"
70476;;"2024-10-02 04:48:11";"excelente aplicación 10/10"
70429;;"2024-10-07 00:53:48";Excelente
73220;;"2024-11-04 11:43:16";"très bon"
70249;;"2024-10-22 14:59:16";vemos
70203;;"2024-10-27 13:50:55";"app muy apropiada"
70157;;"2024-11-02 03:52:52";"es una excelente aplicación para diseñar ambientes y espacios"
77332;;"2024-11-06 21:27:50";"ainda não usei.. mas acredito que seja um bom aplicativo para ajudar na decoração e reforma da casa."
69983;;"2024-11-19 22:15:55";nice
69938;;"2024-11-24 01:53:18";"Excelente aplicación"
69893;;"2024-11-26 04:49:58";funcional
77620;;"2025-02-16 21:42:08";"ottima app"
69725;;"2024-12-07 03:44:34";"NO SIRVE !"
69681;;"2024-12-08 17:37:25";buena
66637;;"2024-12-09 06:23:53";"excelente gracias"
66593;;"2024-12-09 23:34:54";"aún no la pruebo Pero espero que contenga todo lo que dice sin costi"
70161;;"2024-11-01 23:52:40";"muy buena opción"
84790;;"2024-12-11 11:34:36";"Sangat Menarik"
66389;;"2024-12-15 03:35:27";"Aun no la pruebo pero hay que calificarla antes de usarla y por eso le doy 3 stars"
66346;;"2024-12-15 22:20:29";"3 días de prueba gratis y después pago!."
66305;;"2024-12-17 00:30:52";buena
77152;;"2024-12-12 03:34:04";"top excelente"
66149;;"2024-12-21 11:12:54";"excelente Apps"
66107;;"2024-12-22 12:30:40";excepcional
66065;;"2024-12-23 10:01:29";"excelente aplicación"
70483;;"2024-10-01 18:10:06";"excelente! amo esta app"
85044;;"2024-10-23 07:44:47";jozzz
65878;;"2024-12-27 16:28:16";"genial 👌"
65838;;"2024-12-28 11:55:47";Pesima
65798;;"2024-12-28 21:37:41";lindo
70767;;"2025-01-30 12:00:40";برافو
85364;;"2025-02-08 08:23:55";"Iako je placena verzija, aplikacija je neupotrebljiva. Ne prikazuje namestaj, cemu je i namenjena, vec samo par promena na zidu i u rasveti."
65620;;"2024-12-31 23:54:39";"muy buena app"
65581;;"2025-01-01 16:17:56";bién
65542;;"2025-01-02 04:32:13";exelente
72505;;"2024-12-09 03:26:37";"Чушь какая то"
84546;;"2025-01-03 15:43:38";"3 dulu kalau bagus dan mudah balik ranting lagi"
65371;;"2025-01-04 10:05:16";"muy buena"
65333;;"2025-01-04 21:51:25";"Bien voy a ver que tal es"
65295;;"2025-01-05 10:00:55";"No ayuda en nada esto"
66395;;"2024-12-14 21:22:57";"Apenas la descargue y apenas la voy a probar pero me pide la reseña, después de usarla regreso a cambiar mis estrellas si fuese el caso."
84592;;"2024-12-31 05:40:07";"cukup membantu desain rumah, mantap"
69683;;"2024-12-08 17:23:03";genial
76892;;"2025-01-19 16:34:43";excelente
62058;;"2025-01-08 00:36:47";Me.encanta
62021;;"2025-01-08 13:35:24";"asta el momento no la eh usado me piden reseña de un producto antes de usar así que ustedes sabrán"
61984;;"2025-01-09 00:06:13";genial
84532;;"2025-01-05 03:10:27";"keren kalu fitur nya ada semua"
73274;;"2024-10-20 14:42:36";j'adore
77685;;"2025-01-19 11:39:39";"ti fanno fare la recensione prima di aprire l'app , per questo le 5 stelle. la devo ancora provare"
61795;;"2025-01-11 05:08:01";"me encantó"
61759;;"2025-01-11 15:29:22";"me gusta"
61723;;"2025-01-12 00:32:56";"excelente aplicación 👍"
62024;;"2025-01-08 13:07:33";ok
69904;;"2024-11-25 19:55:34";excelent
77342;;"2024-11-03 01:31:05";show
61544;;"2025-01-13 21:10:22";"genial 👍"
61509;;"2025-01-14 02:53:31";nice
61474;;"2025-01-14 13:38:53";"excelente app"
61441;;"2025-01-14 18:01:26";"una buena herramienta"
69943;;"2024-11-23 13:44:06";"Muy buena"
72767;;"2025-02-03 16:13:19";super
61304;;"2025-01-16 03:25:28";excelente
61269;;"2025-01-16 14:50:50";"Excelente App para la elaboración de espacios... j"
61234;;"2025-01-16 22:16:06";excelente
61199;;"2025-01-17 04:50:29";excelente
61952;;"2025-01-09 11:43:59";buena
69693;;"2024-12-08 14:36:24";"Voy a probar"
76896;;"2025-01-19 05:38:35";"muito bom"
61037;;"2025-01-19 00:19:56";excelente
61002;;"2025-01-19 12:29:10";interesante
60967;;"2025-01-19 18:09:27";"justo lo que necesitaba para organizar mi casa 🏠"
60932;;"2025-01-20 03:00:14";"excelente aplicación para decorar"
73282;;"2024-10-18 12:00:21";"en attendant d'utiliser"
69952;;"2024-11-22 13:29:36";"muy útil y practico"
77345;;"2024-11-02 13:36:17";ótimo
60777;;"2025-01-22 20:05:06";"exelente simplemente"
60743;;"2025-01-23 04:43:12";excelente
60709;;"2025-01-23 20:31:33";"excelente idea"
60675;;"2025-01-24 12:29:42";"aun no la pruebo estoy ansioso"
76897;;"2025-01-19 03:00:17";excelente
73229;;"2024-11-02 04:34:32";excellent
73222;;"2024-11-03 17:59:09";"good expérience"
76898;;"2025-01-19 01:58:47";"eu tenho 9 anos e eu que ro ser designer de interiores e esses jogo me ajudam muito, obrigado de verdade por me ajudarem nesse Meu sonho"
58990;;"2025-01-27 03:37:01";"empezando a conocer"
58957;;"2025-01-27 17:26:12";excelente
58924;;"2025-01-28 02:08:42";"buenas ideas, genial"
58891;;"2025-01-28 18:04:38";excepcional
85352;;"2025-01-20 08:00:55";"Dyrt, må kjøpe før jeg får testet."
65380;;"2025-01-04 02:41:37";"super cool"
70174;;"2024-10-30 14:58:12";bien
44032;;"2025-02-10 17:35:25";"very good"
44033;;"2025-02-10 17:34:27";"I have one canal home I want to design it it will be a kids room for two baby girls n a bed room for two baby boys one master bed room n attached washhromms n wall drope area a dinjng hall with drawing room n attached bath room guest room with attached bath room"
44034;;"2025-02-10 17:26:30";"the best app"
44035;;"2025-02-10 17:25:36";"لسه مجربتوش بس سألني 😂"
44036;;"2025-02-10 17:21:42";"Very good & best"
44037;;"2025-02-10 17:17:15";"Fraud! First it shows its free after installation it ask for money."
44038;;"2025-02-10 17:10:09";nice
44039;;"2025-02-10 17:06:28";good
44040;;"2025-02-10 17:03:18";excellent
44041;;"2025-02-10 16:52:06";"Good stuff ...very convenient 😃"
44042;;"2025-02-10 16:35:38";"good App"
44043;;"2025-02-10 16:24:32";good
44044;;"2025-02-10 16:13:52";"nice app"
44045;;"2025-02-10 16:04:44";awesome
44046;;"2025-02-10 15:59:48";good
44047;;"2025-02-10 15:55:24";Amazing
44048;;"2025-02-10 15:48:10";"helpfull app"
44049;;"2025-02-10 15:39:13";"Good Good"
44050;;"2025-02-10 15:35:02";Scam
44051;;"2025-02-10 15:10:09";super
44052;;"2025-02-10 15:04:03";good
44053;;"2025-02-10 14:47:33";good👍
44054;;"2025-02-10 14:42:34";"There is no way to remove or delete or cancel your account from this Home AI app before uninstalling it!! I want to cancel any subscriptions that were potentially made before uninstalling the app first otherwise I might continue to be robbed even though Ive uninstalled the app."
44055;;"2025-02-10 14:12:43";"very good"
44056;;"2025-02-10 14:02:06";ok
44057;;"2025-02-10 13:41:08";"DO NOT EVER DOWNLOAD THIS APP THIS CHARGED ME 409 FOR JUST 1 WEEK THAT I TRIED IT ONE DAY THEN UNINSTALLED, BUT TO MY SURPRISE MONEY WAS TAKEN PUT FROM MY BANK PLEASE REFUND!!!!!!!!"
44058;;"2025-02-10 13:33:17";"great app"
44059;;"2025-02-10 13:04:31";good
44060;;"2025-02-10 12:57:28";"good app"
44061;;"2025-02-10 12:51:34";"great work"
44062;;"2025-02-10 12:39:14";good
44063;;"2025-02-10 12:25:09";"nice app, cool designs"
44064;;"2025-02-10 12:24:01";good
44065;;"2025-02-10 12:16:46";"suited my space well"
44066;;"2025-02-10 12:15:25";"the best"
44067;;"2025-02-10 11:43:37";"good apps"
44068;;"2025-02-10 11:36:30";"nice work"
44069;;"2025-02-10 11:19:59";"the best"
44070;;"2025-02-10 11:08:06";cool
44071;;"2025-02-10 11:03:33";nice
44072;;"2025-02-10 10:53:35";"amazing app"
44073;;"2025-02-10 10:06:22";"good morning 🌅"
44074;;"2025-02-10 09:56:24";"good luck 👍👍♥️"
44075;;"2025-02-10 09:53:27";"i haven't used the app but would it hurt giving them stars, No.. sometimes it's just worth it"
44076;;"2025-02-10 09:17:27";"good 👍😊"
44077;;"2025-02-10 09:03:17";nice
44078;;"2025-02-10 09:02:51";"1st try. let me see"
44079;;"2025-02-10 08:42:28";"so useful"
44080;;"2025-02-10 08:42:10";good
44081;;"2025-02-10 08:09:42";"Great App"
44082;;"2025-02-10 07:59:41";good
44083;;"2025-02-10 07:35:47";"home AI is great, I know I like nice things for my place but I didn't know where to start and what to buy but with home AI I have a direction"
44084;;"2025-02-10 07:29:35";good
44085;;"2025-02-10 07:21:01";"Very nice"
44086;;"2025-02-10 06:52:52";"Well I'm yet to explore the app"
44087;;"2025-02-10 06:50:22";good
44088;;"2025-02-10 06:38:01";"Its gud"
44089;;"2025-02-10 05:55:45";"stopped app before start demand feedback"
44090;;"2025-02-10 05:27:11";nice
44091;;"2025-02-10 04:43:02";good
44092;;"2025-02-10 04:25:10";Good
44093;;"2025-02-10 04:01:36";"Can someone suggest how to cancel the subscription? I couldn't find it in app. Please help"
44094;;"2025-02-10 03:41:53";"I tried a few rooms, and I thought it was great at first. After an hour, the AI decided it wasn't going to generate anymore images for me. I guess I tired it out. I think the ai needs to know what a wall is, the Replace Objects doesn't work at all. I tried to change the colour of the wall but it didn't seem to understand."
44095;;"2025-02-10 03:25:21";Nice
44096;;"2025-02-10 03:21:02";"Not for me"
44097;;"2025-02-10 02:15:34";"grat app"
44098;;"2025-02-10 01:53:44";"good app"
44099;;"2025-02-10 00:47:31";"Doesnt show proper layouts, shows a different room altogether or says high traffic so can't display photos"
44100;;"2025-02-09 23:53:50";"The app is terrible. DO NOT BUY. It refused simple commands and kept changing things it was not asked to and even when specifically asked not to. This is theft and it won't even let me get a refund for it because they require you to sign up for a subscription so they get to steal your money and you can't get a refund for the obvious faults of the paid app. I repeat DO NOT BUY, DO NOT SUBSCRIBE. 5 star reviews are clearly bought."
44101;;"2025-02-09 23:20:21";"Unable to map. Measure, or draw rooms. It only allows you to take pictures of a room or upload photos of a room I need apps where I can draw out the floor plan or use my laser measures to map out floor plans it's nice to take pictures but come on why is everybody excluding measurements or drawing everything has to be a photo nowadays and that sucks"
44102;;"2025-02-09 23:13:04";Ok
44103;;"2025-02-09 22:15:49";"I can fall in love w this app easily ❤️"
44104;;"2025-02-09 21:23:44";nice
44105;;"2025-02-09 20:33:14";"I don't even enjoy anything about the App. Perf"
44106;;"2025-02-09 19:37:00";nice
44107;;"2025-02-09 19:30:09";"it was a pleasure to user"
44108;;"2025-02-09 18:47:45";excellent
44109;;"2025-02-09 18:42:35";Good
44110;;"2025-02-09 17:46:27";nice
44111;;"2025-02-09 17:20:51";"Rubbish. Isn't up-to-date or have modern options."
44112;;"2025-02-09 17:18:02";"Worst app. Zero user friendly"
44113;;"2025-02-09 17:07:05";"Expectation and reality doesn't match"
44114;;"2025-02-09 16:36:49";"very helpful"
44115;;"2025-02-09 16:27:41";amazing
44116;;"2025-02-09 15:41:40";NICE
44117;;"2025-02-09 15:35:43";good
44118;;"2025-02-09 15:28:38";"the Perfect app"
44119;;"2025-02-09 15:14:21";"very good"
44120;;"2025-02-09 14:20:34";nice
44121;;"2025-02-09 14:14:43";superb
44122;;"2025-02-09 13:51:57";"good job"
44123;;"2025-02-09 13:37:29";"I want a REFUND!, you deducted Php409 without my concent, I even uninstall your app before you deducted my gcash account, It is illegal in our country Philippines. The Consumer Act of the Philippines (Republic Act No. 7394)"
44124;;"2025-02-09 13:35:00";"Scam. Forces you to rate first. Then makes you subscribe. Dont waste your time."
44125;;"2025-02-09 13:23:19";good
44126;;"2025-02-09 13:12:46";okay
44127;;"2025-02-09 13:04:03";"it very good"
44128;;"2025-02-09 12:57:57";Nice
44129;;"2025-02-09 12:56:18";"I liked the app the moment it showed me the 3D rendering of my unfinished house. Good 👍"
44130;;"2025-02-09 12:52:14";ok
44131;;"2025-02-09 12:50:01";"verry good"
44132;;"2025-02-09 12:36:25";excellent
44133;;"2025-02-09 11:46:29";"👍 great app"
44134;;"2025-02-09 11:39:34";good
44135;;"2025-02-09 11:11:28";"i will try"
44136;;"2025-02-09 10:31:11";"good 😊"
44137;;"2025-02-09 10:08:18";"UI doesn't work on Samsung Galaxy Tab S6."
44138;;"2025-02-09 09:58:18";"very nice"
44139;;"2025-02-09 09:37:07";woooow
44140;;"2025-02-09 09:35:21";"good app"
44141;;"2025-02-09 09:19:11";good
44142;;"2025-02-09 09:17:09";"great 🔥 tool"
44143;;"2025-02-09 07:06:58";nice
44144;;"2025-02-09 07:00:00";"nice 👍"
44145;;"2025-02-09 06:54:22";good
44146;;"2025-02-09 06:02:54";"Worst app, crashes all the time and expensive"
44147;;"2025-02-09 05:32:58";"👍 nice"
44148;;"2025-02-09 04:51:16";good
44149;;"2025-02-09 04:42:07";"amazing one"
44150;;"2025-02-09 04:31:39";"Disappointing app with deceptive subscription policy. Unlike other apps offering free trials, this one requires payment details for just 3 days. After the trial, it auto-enrolls you into the most expensive annual plan (73x the monthly rate). The app's features are basic and don't justify the cost. Be careful - they're counting on users forgetting to cancel. Their strategy seems clear: get card details upfront and hope users miss the cancellation window. The functionality is mediocre at best."
44151;;"2025-02-09 04:24:56";"good ❤️❤️❤️"
44152;;"2025-02-09 04:21:51";best
44153;;"2025-02-09 04:05:37";excellent
44154;;"2025-02-09 03:37:14";great!!
85339;;"2024-11-14 05:03:30";"Do not download or buy! This is almost a scam like thing. Gives you like zero value. You are not able to rate it after use. No possibility for free testing."
85276;;"2024-12-23 10:44:23";"Υπέροχη εφαρμογή, σου δίνει εκπληκτικές ιδέες για τον χώρο σου"
85083;;"2024-10-11 04:55:31";okk
85021;;"2024-10-31 12:34:06";"bagus membantu men desain rumah dengan mudah"
84831;;"2024-12-08 01:06:35";good
84770;;"2024-12-14 01:11:25";"mencoba membuat kenyamanan dirumah sendiri"
84583;;"2025-01-01 00:06:06";"semoga bermanfaat"
84523;;"2025-01-05 15:33:50";good
84339;;"2025-01-25 00:10:09";"saya suka"
84280;;"2025-02-01 10:31:49";"APLIKASI INI DAPAT MENCURI DANA SHOPEEPAY ANDA TANPA MEMASUKKAN PIN SHOPEEPAY!!!"
84342;;"2025-01-23 16:37:39";good
79433;;"2024-08-07 14:39:50";good
79375;;"2024-11-23 12:10:35";"quá tuyệt.vời"
77662;;"2025-01-31 15:03:09";"da vedere"
77605;;"2024-06-19 03:34:51";"Beste App"
77431;;"2024-10-12 10:14:03";"simplesmente magnífico"
77375;;"2024-10-24 14:56:59";"Mudando de casa e querendo usar esse app que achei muito bom."
77319;;"2024-11-11 08:07:07";"muito fx"
77149;;"2024-12-12 16:42:13";otimo
77094;;"2024-12-17 02:00:00";"muito bom"
84840;;"2024-12-06 13:58:47";"good recomend"
76873;;"2025-01-23 12:37:47";"Excelente aplicativo, fácil de usar e muito útil!"
76819;;"2025-01-29 21:54:08";Bom
76656;;"2025-02-08 02:19:07";excelente!
76603;;"2025-02-11 22:51:17";otimo
76550;;"2025-02-14 23:48:33";"bom demais"
73318;;"2024-10-09 18:27:26";"très intéressant"
73265;;"2024-10-23 14:37:30";"Mariam Balama merci"
76554;;"2025-02-14 17:14:11";bom
73056;;"2024-12-17 20:29:51";"Ce jeux me donne l'impression d'être une architecte qualifié ,ça éveil mes qualités de décoratrice. ❤️❤️❤️❤️"
73004;;"2025-01-02 14:11:04";"Super application pour votre maison de rêve de la conception à la réalisation."
76608;;"2025-02-11 15:52:27";"App pede avaliação antes de você acessar e em seguida quer te cobrar pra usar... como tu pode opinar ou cobrar por algo que tu não giu, acessou, ou testou? Desinstalei..."
72800;;"2025-01-31 14:54:38";"super application"
72749;;"2025-02-05 01:26:12";"Bonnes idées décoration"
73060;;"2024-12-16 21:50:00";stylé
72550;;"2024-08-29 09:41:56";"То, что я в шоке это ничего не сказать!!! Что эта погань делает в разделе бесплатных игр?! Обнаглели твари ну совсем. Всякую херню пихают в Россию."
72500;;"2024-12-11 02:32:38";вау
72450;;"2025-02-15 19:37:15";"проста супер"
73271;;"2024-10-21 17:34:30";bien
70757;;"2025-02-01 06:48:24";Nicely
70708;;"2025-02-09 10:26:27";جميل
70660;;"2024-08-19 16:54:39";nice
70522;;"2024-09-27 19:44:26";"muy bueno"
70475;;"2024-10-02 04:59:39";"Solo te deja usarla una vez después tienes que pagar"
70428;;"2024-10-07 01:00:01";"no la probé y ya me pedís calificación"
73273;;"2024-10-21 11:17:06";"Cool et pratique"
70248;;"2024-10-22 15:10:19";"veremos que diseños creamos y publicaremos el apoyo recibido."
70202;;"2024-10-27 15:42:46";probando
70156;;"2024-11-02 05:14:34";"la voy a probar"
77388;;"2024-10-22 16:50:38";excelente
69982;;"2024-11-20 00:27:45";"Malísima si no pagas te deja hacer 5 fotos y ni siquiera reemplaza el objeto seleccionado como promete"
69937;;"2024-11-24 03:44:01";"La aplicación es mala tomas una foto y el resultado es otra cosa nada que ver con la que subes ,no tienes opciones de diseño te pone el diseño que quiere y te modifica las fotos que subes por otra"
69892;;"2024-11-26 07:30:50";"muy buena 👍🏽"
77677;;"2025-01-26 09:33:03";"Assolutamente no! Se vuoi fare un render idealista di un appartamento già arredato funziona. Se hai un appartamento vuoto da arredare, è assolutamente inutile. Impossibile utilizzarla per riorganizzare gli spazi. Sostituisce solo mobili esistenti con altri mobili delle medesime dimensioni ma con stili differenti."
69724;;"2024-12-07 03:46:30";excelente
69680;;"2024-12-08 17:38:50";"excelente app"
66636;;"2024-12-09 07:11:38";excelente
66592;;"2024-12-10 00:13:42";"excelente app"
70207;;"2024-10-27 05:37:48";"no sé, veo, veo."
84851;;"2024-12-05 12:23:57";siipp
66388;;"2024-12-15 03:37:48";"boy aprobar"
66345;;"2024-12-15 23:25:35";buenas
66348;;"2024-12-15 21:52:10";bien
77109;;"2024-12-15 22:29:53";"top demais, estou adorando.👏🏾"
66148;;"2024-12-21 11:49:19";excelente
66106;;"2024-12-22 12:35:48";"excelente aplicación"
66064;;"2024-12-23 10:57:40";ok
84538;;"2025-01-04 11:56:44";"belum di buka"
85106;;"2024-10-05 14:11:56";bagus
65877;;"2024-12-27 16:59:15";"Muy buena"
65837;;"2024-12-28 12:34:42";espectacular.
65797;;"2024-12-28 21:45:20";"apenas la probare"
72453;;"2025-02-11 14:19:56";👍
65658;;"2024-12-31 11:42:53";"excelente aplicación que te ayuda a mejorar tu interior muy recomendable utilizarla , te convierte lo imposible en posible y lo que crees que está bien en una obra de arte . los.espacios.los facilita de otra manera en la que puedes tener movilidad y ergonomía"
65619;;"2025-01-01 00:29:09";"Me gusta mucho"
65580;;"2025-01-01 16:26:33";ok
65541;;"2025-01-02 05:30:50";"muy real .me encanta"
70438;;"2024-10-06 14:12:49";"apenas la instalas te pide ""demuestra tu amor dejando una reseña en el Playstore"""" está claro la AI viene a conquistar el universo, pero encima está apurada 🙄"
85025;;"2024-10-28 04:41:32";"oke akan di coba"
65370;;"2025-01-04 11:17:29";bien
65332;;"2025-01-04 22:12:15";buenisimo
65294;;"2025-01-05 10:21:58";"excelente aplicacion"
79450;;"2025-01-15 14:05:58";"AI help we a l07"
76837;;"2025-01-28 12:55:55";bom
66601;;"2024-12-09 22:23:54";"Voy empezando a usarla pero parece muy eficiente"
77059;;"2024-12-20 11:41:01";amei
62057;;"2025-01-08 00:42:36";perfecto
62020;;"2025-01-08 14:08:39";bien
61983;;"2025-01-09 00:26:22";excelente
66396;;"2024-12-14 21:01:41";"super bien. Ayuda muchísimo"
70168;;"2024-10-31 07:45:10";"todo bien"
79399;;"2024-10-25 05:35:43";good
61794;;"2025-01-11 05:25:15";"Apenas comenzando a ver de que se trata la app"
61758;;"2025-01-11 15:36:07";"buena app"
61722;;"2025-01-12 00:52:41";"Excelente aplicación"
62061;;"2025-01-08 00:24:28";👍
69949;;"2024-11-22 17:32:58";genial
77398;;"2024-10-21 00:22:40";excelente
61543;;"2025-01-13 21:18:38";"muy interesante y practica excelente app"
61508;;"2025-01-14 03:01:47";fantástica
61473;;"2025-01-14 13:45:34";maravillosa
61476;;"2025-01-14 13:04:52";buenisimo
66074;;"2024-12-23 01:23:23";buena
72818;;"2025-01-29 21:11:06";Nice
61303;;"2025-01-16 03:26:30";Super
61268;;"2025-01-16 14:50:54";excelente
61233;;"2025-01-16 22:54:15";"DESINSTALANDO, que están en mantenimiento dicen."
61198;;"2025-01-17 04:51:24";"Aguas!!! Al iniciar la prueba gratuita porque te jala los 800 pesos anuales"
61989;;"2025-01-08 21:44:57";"voy a probarlo tiene buena pinta"
69737;;"2024-12-06 19:12:25";"no la he testeado veamos a ver"
77063;;"2024-12-19 23:08:33";"muito bom"
61036;;"2025-01-19 00:28:20";bien
61001;;"2025-01-19 12:38:04";"excelente !!!?"
60966;;"2025-01-19 18:16:21";"muy buena app recomendada"
60931;;"2025-01-20 03:00:44";"Es espectacular deben instalarla todos"
66155;;"2024-12-21 06:10:05";exelwnre
69997;;"2024-11-18 04:42:02";excelente
77401;;"2024-10-20 08:02:54";good
60776;;"2025-01-22 20:13:05";estupendo
60742;;"2025-01-23 04:54:30";"apenas lo veré"
60708;;"2025-01-23 21:13:01";"muy bueno"
60674;;"2025-01-24 12:34:21";"ainda vou probar. volto quando acabe"
69694;;"2024-12-08 14:27:47";"bueno lo acabo de instalar y por ahora se ve buena aplicación dejaré otra reseña después que lo haya usado en su totalidad para validar su funciones!!."
66113;;"2024-12-22 02:34:02";super
69908;;"2024-11-25 17:00:05";"aún no la pongo a prueba"
77065;;"2024-12-19 17:34:00";"jogo bom"
58989;;"2025-01-27 03:46:30";excelente
58956;;"2025-01-27 17:27:30";"No la recomiendo, te pide pagar y calificar antes de probar la aplicación"
58923;;"2025-01-28 02:14:03";"excelente app"
58890;;"2025-01-28 18:15:30";"Nada que ver el espacio que me mostró con la foto que yo subi. Ni con lo que necesitaba hacer. Intente con 2 ambientes diferentes y solo muestra fotos bonitas de ambientes que no se parecen al mio ni cumple con la función que necesito"
66400;;"2024-12-14 19:25:59";excelente
77394;;"2024-10-22 02:48:12";"Ainda não conheço mas se for bom volto para da minha opinião."
70220;;"2024-10-26 01:38:01";genial
44288;;"2025-02-06 13:49:46";sensational
44289;;"2025-02-06 13:33:26";good
44290;;"2025-02-06 13:05:42";palpak
44291;;"2025-02-06 13:04:44";"Looking nice"
44292;;"2025-02-06 13:00:06";"nice app"
44293;;"2025-02-06 12:23:29";best
44294;;"2025-02-06 11:45:48";"Marvelous Application"
44295;;"2025-02-06 11:32:17";"Good application for interior design."
44296;;"2025-02-06 11:19:50";"cool app, really helps with my building project 👍"
44297;;"2025-02-06 09:41:34";"thank you.."
44298;;"2025-02-06 09:32:52";"it very helpful 🙂"
44299;;"2025-02-06 08:50:46";"Poor app. Does not open says it is busy, but still takes your credit card information. I don't trust this app."
44300;;"2025-02-06 08:46:56";"I am unable to cancel my subscription as the profile page on the app just does not load. Seems like a scam to charge you subscription fee by not letting you cancel the existing plan"
44301;;"2025-02-06 08:44:58";"it's adorable OMG amaizing"
44302;;"2025-02-06 08:14:06";"verygood app"
44303;;"2025-02-06 08:07:39";"Very expensive"
44304;;"2025-02-06 08:06:35";okay
44305;;"2025-02-06 07:45:55";good
44306;;"2025-02-06 07:35:51";"forced to write this review"
44307;;"2025-02-06 07:32:43";good
44308;;"2025-02-06 07:19:17";"First of all they ask to rate it before you even open it. Then they want you to pay before using it. You get to try it 2 times then have to pay. You can't rate in the app after this cause it knows it will get low stars. Too GREEDY"
44309;;"2025-02-06 06:39:45";"very helpful great app"
44310;;"2025-02-06 05:55:00";"I'm extremely frustrated by the numerous scam reports surrounding this app. Its 4.5-star rating is highly suspect, especially given the immediate rating request upon opening, before any actual use. This, combined with the flood of scam complaints, makes me believe the positive ratings are fake or coerced. Google's refusal to refund scam victims is unacceptable. This whole situation is deeply troubling and erodes any trust."
44311;;"2025-02-06 05:27:49";"SCAM ALERT!,"
44312;;"2025-02-06 05:10:07";good
44313;;"2025-02-06 04:38:54";perfect
44314;;"2025-02-06 02:58:04";"beautiful 😍"
44315;;"2025-02-06 02:04:13";"The most terrible and stupid A.I...please dont buy this ...I'm very disappointed ☹️"
44316;;"2025-02-06 01:41:47";"i cant cancel the subscription"
44317;;"2025-02-06 00:59:26";"good so far, I've literally just open the app so I'll give a proper review in the n ear future."
44318;;"2025-02-06 00:42:06";"Just awful. Terrible experience, the generated pictures are plain vanilla, the prompt function is simply non-existent. Don't waste your time."
44319;;"2025-02-06 00:29:33";"Do not use this app"
44320;;"2025-02-05 22:58:25";Good
44321;;"2025-02-05 22:07:59";"if this helps me redesign my home I will let you know either way 😁"
44322;;"2025-02-05 20:45:04";Better
44323;;"2025-02-05 20:34:03";good
44324;;"2025-02-05 20:30:04";"A fun and useful App"
44325;;"2025-02-05 20:11:57";"Takes to long and the results are bad"
44326;;"2025-02-05 18:42:00";"very nice"
44327;;"2025-02-05 18:00:59";"I hope this will help me"
44328;;"2025-02-05 17:26:47";"No reimbursement after I cancelled"
44329;;"2025-02-05 17:19:03";"very useful and interesting"
44330;;"2025-02-05 17:17:36";GOOD
44331;;"2025-02-05 16:13:29";"Wonderful app"
44332;;"2025-02-05 16:06:09";"wow very good 👍"
44333;;"2025-02-05 14:17:09";"wow love these app."
44334;;"2025-02-05 14:16:10";"Won't even load.. Can't even get to my profile"
44335;;"2025-02-05 14:06:56";good
44336;;"2025-02-05 13:14:55";"very nice"
44337;;"2025-02-05 12:57:22";"Great App"
44338;;"2025-02-05 12:42:19";nice
44339;;"2025-02-05 12:35:35";"hacker getting money from my shopee pay without my permission!"
44340;;"2025-02-05 12:03:27";Cool
44341;;"2025-02-05 11:38:46";"This app is great, but only requires their subscription, it always requires it's subscription, can't even test the application."
44342;;"2025-02-05 10:11:01";whow
44343;;"2025-02-05 09:49:29";"nice 👍👍"
44344;;"2025-02-05 09:34:55";good
44345;;"2025-02-05 09:31:57";"lovely app"
44346;;"2025-02-05 09:07:04";"good 😊"
44347;;"2025-02-05 07:46:20";"most needed app ever"
44348;;"2025-02-05 07:40:33";ok
44349;;"2025-02-05 07:30:40";good
44350;;"2025-02-05 07:28:34";"I think it will be naais"
44351;;"2025-02-05 07:14:57";"good 👍"
44352;;"2025-02-05 07:09:14";fantastic
44353;;"2025-02-05 07:00:22";good
44354;;"2025-02-05 06:04:34";good
44355;;"2025-02-05 05:42:18";"hope it will good"
44356;;"2025-02-05 04:23:01";"Good app. 💖"
44357;;"2025-02-05 04:02:17";"Just starting to use this app and already impressed."
44358;;"2025-02-05 02:34:57";supper
44359;;"2025-02-05 02:18:06";goodjob
44360;;"2025-02-05 01:31:05";Fake
44361;;"2025-02-05 01:26:39";"great app I recommend this app to anyone"
44362;;"2025-02-05 00:30:44";"So good"
44363;;"2025-02-04 23:21:41";nice
44364;;"2025-02-04 22:41:08";nice
44365;;"2025-02-04 22:29:44";"i think its good"
44366;;"2025-02-04 22:25:25";"good app without l see it"
44367;;"2025-02-04 22:18:43";perfect
44368;;"2025-02-04 21:19:25";"excelente 👌"
44369;;"2025-02-04 20:32:51";"osam app"
44370;;"2025-02-04 20:13:24";"great app"
44371;;"2025-02-04 20:02:25";"App is a bit basic and I was hoping for more, I then emailed to ask about cancelling subscription as not obvious in the app, they haven't told me how and there fore I have been charged. Very unhelpful and still signed up even though I don't want to be!"
44372;;"2025-02-04 19:36:39";"Looks promising"
44373;;"2025-02-04 19:02:40";"Waste of time"
44374;;"2025-02-04 18:50:23";"wasted my time."
44375;;"2025-02-04 18:40:03";"DO NOT DOWNLOAD THIS APP. Not only is the app completely useless, it makes you pay to view a stock image of a fully decorated living room, with absolutely no way to edit or create anything yourself. You're literally paying money to view a useless image. It's nothing short of an absolute scam. To make matters worse, there is no option to cancel the subscription in-app, once you've subscribed. I had to cancel it through my Google account. Literal theft, do not download this app."
44376;;"2025-02-04 18:15:24";great
44377;;"2025-02-04 16:45:16";"ugly app"
44378;;"2025-02-04 16:37:18";"just love the first try out"
44379;;"2025-02-04 14:54:56";"Ehh bad"
44380;;"2025-02-04 14:51:14";"very good"
44381;;"2025-02-04 14:49:43";nice
44382;;"2025-02-04 14:45:00";good
44383;;"2025-02-04 14:40:58";"I opened it for the first time and first thing that opens, popup ""give a review"" . Didn't even close the review popup, another with subscription options. I was given one render and it looked ok. I wanted to see how it will work with different option before buying and again popup with subscription and locked out. Stay away. Waste of time. App could be good after paying, however im not wasting dollars for maybe."
44384;;"2025-02-04 13:30:43";"REPLAY OF THE EVENTS: Hit install in my Play Store left screen to go download similar apps 5 ninutes later, I open the newly installed app A graphic screen appears w/the words Get Started Click Get started The next screen asks for your review Ohkay sirs, ma'am's... Shall I review my phones download capabilities? The opening screens get started asthetics or my feelings on the app asking for a review before I can utilize or see a glimpse of its capabilities?"
44385;;"2025-02-04 13:09:07";"Tried to download the App for the free trial but money was immediately deducted from my account within seconds. I immediately canceled and requested a refund but GOOGLE is unable to assist. This daylight robbery! I was charged a year's subscription for what?"
44386;;"2025-02-04 12:45:05";good
44387;;"2025-02-04 12:29:12";"exlent app"
44388;;"2025-02-04 12:01:19";"very good 💯"
44389;;"2025-02-04 11:58:31";nice
44390;;"2025-02-04 11:24:34";🙏
44391;;"2025-02-04 11:21:15";great
44392;;"2025-02-04 11:20:30";"Nice one"
44393;;"2025-02-04 10:47:20";"this is interesting you did your best"
44394;;"2025-02-04 10:38:32";"thanks so much"
44395;;"2025-02-04 10:33:38";"good aap"
44396;;"2025-02-04 10:28:17";"nice 👍"
44397;;"2025-02-04 10:13:11";"great app for house design no need hire an interior"
44398;;"2025-02-04 09:13:25";good
44399;;"2025-02-04 08:51:08";"it was helpful"
44400;;"2025-02-04 08:35:42";"beauty full"
44401;;"2025-02-04 07:09:14";"Every time I want to upload a picture from my gallery it doesnt work."
44402;;"2025-02-04 06:52:16";"Don't say free then charge. Why are all reviews 1 star but still rated 4.5?"
44403;;"2025-02-04 06:38:34";nice
44404;;"2025-02-04 06:25:14";"very helpful. Easy to maneuver!"
44405;;"2025-02-04 06:02:03";nice
44406;;"2025-02-04 04:59:04";"It's not free"
44407;;"2025-02-04 04:38:53";"very inferior ai"
44408;;"2025-02-04 04:35:37";"good app"
44409;;"2025-02-04 03:06:15";best
44410;;"2025-02-04 02:34:25";Fake
85338;;"2024-12-02 05:36:16";"Costs moneu"
85275;;"2024-12-28 14:34:00";"GIA TON POUTSO"
85082;;"2024-10-11 13:40:53";gud
85020;;"2024-11-01 02:50:00";"i Will try first"
84830;;"2024-12-08 02:24:03";"Karena berbayar so saya kasih bintang 1"
84769;;"2024-12-14 03:59:46";"kereeeennn sangat membantu mendekorasi rumah"
84582;;"2025-01-01 02:41:05";"Coba dulu"
84522;;"2025-01-05 22:31:12";"sangat membantu untuk inspirasi dekorasi rumah"
84338;;"2025-01-25 04:08:50";"luar biasa"
84279;;"2025-02-01 15:02:58";bagus
84527;;"2025-01-05 09:07:33";bagus
79432;;"2024-08-08 03:52:33";"Hy vọng app chất lượng!"
79374;;"2024-11-23 16:55:36";ok
77661;;"2025-02-01 14:50:49";"Se non paghi, non fai niente. Pessima"
77604;;"2024-08-18 00:28:55";"Ich habe ein Bild, es soll es einrichten, aber es verändert den Raum völlig, also total daneben. Clickbate"
77430;;"2024-10-12 20:54:10";otimo
77374;;"2024-10-24 17:46:25";testando/show
77318;;"2024-11-11 13:26:10";Excelente!!!!
77148;;"2024-12-13 00:12:08";otimo
77093;;"2024-12-17 04:48:17";"Mesma pegadinha de sempre, já no início antes de inciar o app de fato, já pede avaliação, como vou avaliar se nem usei, pois bem, depois, segunda tela já é pagamento, oferece 3 dias de teste com o uso do cartão de crédito, não oferecem ao menos 1 único uso antes de pedir seu cartão de crédito 😒"
85031;;"2024-10-26 13:25:42";ok
76872;;"2025-01-23 14:38:07";Top
76818;;"2025-01-29 21:55:24";"muito top este aplicativo"
76655;;"2025-02-08 04:24:47";"App maravilhoso."
76602;;"2025-02-12 00:08:50";"muito bom"
76549;;"2025-02-15 01:30:14";sensacional
73317;;"2024-10-09 22:38:47";Nul
73264;;"2024-10-24 11:21:20";"Impossible de générer après avoir téléchargé la photo et choisi l'invite."
76607;;"2025-02-11 16:14:34";"vou testar depois avalio como foi"
73055;;"2024-12-18 07:22:27";"je suis hâte à découvrir cet application"
73003;;"2025-01-02 14:30:42";génial
76661;;"2025-02-07 14:05:40";"Ameiiii, achei super legal e não vi nenhum defeito!"
72799;;"2025-01-31 15:04:57";bien
72748;;"2025-02-05 06:21:44";"excellent app"
73217;;"2024-11-05 16:09:22";"jene connais pas"
72549;;"2024-09-12 09:26:25";👍
72499;;"2024-12-11 07:12:27";Exelent
72449;;"2025-02-17 04:25:32";👍🏻👍🏻👍🏻👍🏻👍🏻
73324;;"2024-10-08 19:22:24";"Je trouve sa plus tôt bien mais il n y a même pas de lit normal..."
70756;;"2025-02-01 07:26:18";"تحت التجريب"
70707;;"2025-02-09 13:25:06";"برنامج سئ لا أنصح بتنزيله هذا اولا وثانيا فترة تجريبية وامبعد تخلص لذا دعكم منه"
70659;;"2024-11-13 18:52:40";श्र
70521;;"2024-09-27 21:04:40";buena
70474;;"2024-10-02 14:51:50";"La probare, luego regreso"
70427;;"2024-10-07 01:27:54";"excelente para aquellos que no tienemos ni idea de como iniciar a decorar"
73326;;"2024-10-08 07:15:38";"l'application est bon"
70247;;"2024-10-22 16:22:12";Excelente
70201;;"2024-10-27 22:06:06";"Es muy creativa"
70155;;"2024-11-02 09:52:07";"Recién probare la aplicación se ve bastante buena sigan a Ziete Continentes"
84285;;"2025-02-01 06:49:16";"bagus banget"
69981;;"2024-11-20 01:06:38";"Una perdida de tiempo, y posible estafa."
69936;;"2024-11-24 04:51:52";"q es una buena aplicación"
69891;;"2024-11-26 10:43:40";bien
79391;;"2024-11-02 17:28:46";ok
69723;;"2024-12-07 03:46:58";"excelente app para diseño he ideas"
69679;;"2024-12-08 17:56:27";"Permite un par de diseños gratis solamente antes de pedir que pagues una subs y de ahí no te deja avanzar está bien pero nada que otra app no tenga"
66635;;"2024-12-09 10:31:05";"las espectativas son altas.. pero recién la instalo, todavía no la usé, pero al parecer va a cumplir mis espectativas."
66591;;"2024-12-10 00:25:46";"bastante bueno"
70253;;"2024-10-22 12:36:00";"tiene variadas ideas espero inspirarme"
85042;;"2024-10-23 10:03:03";"very cool app"
66387;;"2024-12-15 05:20:18";"excelente 👌"
66344;;"2024-12-15 23:46:43";"genial , fácil de rediseñar espacios"
66391;;"2024-12-15 02:52:35";"A probarlo"
77164;;"2024-12-11 09:39:40";bom
66147;;"2024-12-21 11:57:26";hermosa
66105;;"2024-12-22 13:05:15";"probando app"
66063;;"2024-12-23 10:59:39";fantástico
70669;;"2025-02-19 22:31:35";رائع
85300;;"2024-05-06 10:57:19";"Choose room type: lining room. Choose style: minimalistic *Rendering* Add's bed to living room. = 1 star."
65876;;"2024-12-27 17:14:59";excelente
65836;;"2024-12-28 12:46:04";Excelente
65796;;"2024-12-28 22:02:16";excelente
72461;;"2025-02-03 19:55:37";"Cant just delete objects, cant add bathtub, bad app"
65657;;"2024-12-31 11:47:19";"ahora lo probaré! muy facil de acceder"
65618;;"2025-01-01 00:29:09";"aun ni hago buso..."
65579;;"2025-01-01 16:33:07";bueno
65540;;"2025-01-02 05:43:03";"ideas lindas..."
70485;;"2024-10-01 15:27:22";"parece ser bueno les comento después de usarlo"
84794;;"2024-12-11 04:09:02";"Free trial only 2 times"
65369;;"2025-01-04 11:25:05";"simplemente genial"
65331;;"2025-01-04 22:39:30";"Es formidable el uso de esta aplicación"
65293;;"2025-01-05 10:40:30";"Cuando las ideas ya no te dan para más, es muy buena herramienta para diseñar espacios"
69727;;"2024-12-07 01:35:21";genial
76891;;"2025-01-19 17:23:11";"Como cancelar a assinatura?"
69645;;"2024-12-09 01:09:29";"la voy a utilizar y mejoro mi opinión en cuanto la utilice."
77114;;"2024-12-15 18:58:39";bom
62056;;"2025-01-08 00:47:28";"por la simple molestia de tener que dejar una reseña obligatoria, le doy una estrella, en este punto, no se si es buena o mala pero ya desde antes de abrir la aplicación, me llevo un mal sabor de boca 👎🏼 después de probar la aplicación, en efecto, es una porquería, no gasten su tiempo, hay buenas aplicaciones, está no es una."
62019;;"2025-01-08 14:08:49";buenarda
61982;;"2025-01-09 00:27:42";"voy a usarlo por primera vez. luego dejaré más comentarios a ver qué tal nos va"
76567;;"2025-02-13 22:59:14";top
70214;;"2024-10-26 11:56:43";"no lo he usado no sé cómo es acabo de instalarlo como quiere que de puntuación?"
79457;;"2024-12-31 10:35:35";"its amazing"
61793;;"2025-01-11 05:27:05";"Es una total porquería y perdida de tiempo."
61757;;"2025-01-11 16:00:55";"excelente app la recomiendo"
61721;;"2025-01-12 00:53:05";"veremos todavía no lo pruebo y ya me dice que califique"
76621;;"2025-02-10 18:02:35";"Um lixo!"
69994;;"2024-11-18 19:19:52";"Exelente app me encanta puedes diseñar absolutamente todo a tu gusto muy buena la verdad tienen que instalar 😊"
77572;;"2024-12-03 10:43:46";"das war wohl nix, wie des öfteren beschrieben wird nur ein Bild generiert von dem was man eh schon hat und das noch ziemlich schlecht. ich frage mich wie die 4.5 sterne erreicht werden konnten."
61542;;"2025-01-13 21:37:28";"espectacular app! creativa y con ideas fantásticas para embellecer nuestro hogar"
61507;;"2025-01-14 03:19:07";magnífica
61472;;"2025-01-14 13:49:40";"Apenas la voy a probar, ojalá me guste"
61511;;"2025-01-14 02:43:11";super
66116;;"2024-12-22 00:30:14";"muy buenas opciones"
72971;;"2025-01-07 09:42:43";"Payant comme toujours"
61302;;"2025-01-16 03:26:47";excelente
61267;;"2025-01-16 15:16:45";"Se traba mala dice ser gratis y a la primera te están cobrando"
61232;;"2025-01-16 23:07:33";"Excelente idea!"
61197;;"2025-01-17 05:05:18";genial!!
62026;;"2025-01-08 12:57:26";Espectacular!
73328;;"2024-10-08 03:03:18";"tres beau"
77118;;"2024-12-15 17:03:29";"vou avaliar melhor depois"
61035;;"2025-01-19 00:29:25";"muy útil buenos diseños y mucha ayuda"
61000;;"2025-01-19 12:42:21";"muy interesante la app,permite hacer combinaciones asombrosas en diseño"
60965;;"2025-01-19 18:29:57";"aún no la pruebo pero me pide una reseña antes de usar"
60930;;"2025-01-20 03:02:45";"apenas la voy a usar"
73071;;"2024-12-14 19:03:58";"top application rien a dire merci"
72960;;"2025-01-10 13:21:00";"لعبتك مقرفة"
77575;;"2024-11-27 00:51:54";"Funktioniert ja mal gar nicht, da ist mit Paint direkt was besseres gemalt. Außerdem sehr penetrante Abo Werbung"
60775;;"2025-01-22 20:21:31";"Ni probar se puedo"
60741;;"2025-01-23 06:03:04";"Vi un anuncio y decia que era gratis pra usar y literalmente me salian suscripciones para poder ver decoraciónes"
60707;;"2025-01-23 21:37:10";"aún no pruebo, me pide evaluar antes ..."
60673;;"2025-01-24 13:33:46";buena
61953;;"2025-01-09 11:43:57";"buenas son"
73019;;"2024-12-30 20:37:40";ممتاز
69953;;"2024-11-22 11:54:22";"aún no la he usado y me pide opinión"
77120;;"2024-12-15 15:47:14";Pessimo
58988;;"2025-01-27 03:47:57";buena
58955;;"2025-01-27 17:28:15";"bastante gratificante"
58922;;"2025-01-28 02:17:08";"apenas la utilizaré, parece interesante"
58889;;"2025-01-28 18:53:58";"muchas gracias"
61727;;"2025-01-11 23:37:11";"es regular"
69731;;"2024-12-07 00:41:19";"voy a probarlo. veremos qué tal. ya les cuento."
70266;;"2024-10-21 02:08:04";"excente, ya no requiero diseñadora"
44544;;"2025-02-01 11:35:52";"let me try first"
44545;;"2025-02-01 10:27:48";excellent
44546;;"2025-02-01 10:11:09";"magical app"
44547;;"2025-02-01 09:22:26";"great app"
44548;;"2025-02-01 08:29:26";"Scam on wheels 🤮"
44549;;"2025-02-01 08:21:47";"good on"
44550;;"2025-02-01 08:03:59";ok
44551;;"2025-02-01 07:44:34";good👍
44552;;"2025-02-01 07:32:35";"Worst app by giving option of free trial they deduct yearly charges without any update"
44553;;"2025-02-01 07:27:56";"Gives randomly generated image and doesn't use the room uploaded."
44554;;"2025-02-01 07:24:04";Good
44555;;"2025-02-01 06:50:48";Awesome
44556;;"2025-02-01 06:37:59";"Not too good"
44557;;"2025-02-01 06:00:16";good
44558;;"2025-02-01 05:54:36";fantastic
44559;;"2025-02-01 05:09:51";"very good and useful app."
44560;;"2025-02-01 04:50:10";"maganda ang galing"
44561;;"2025-02-01 04:36:33";good
44562;;"2025-02-01 03:58:47";good
44563;;"2025-02-01 03:14:12";good
44564;;"2025-02-01 02:39:56";"Ai trash"
44565;;"2025-02-01 02:25:29";"While it can be helpful for envisioning a project, it was pretty glitchy on my phone. phone. I decided to cancel my subscription which was a little bit of a stressful process since I had to do it through Google Play. I initially thought I was stuck with it. I was able to figure it out though. If you're an interior design die hard, this might be a little bit simplistic for you, but if you just want a little help getting inspo, this could do it."
44566;;"2025-02-01 01:50:03";good
44567;;"2025-01-31 23:52:20";"I can make my own bedroom"
44568;;"2025-01-31 22:05:56";"very nice and helpful app"
44569;;"2025-01-31 21:18:41";Amazing
44570;;"2025-01-31 20:32:12";"Paid app not usefull waste of money and time, betterly use any other app"
44571;;"2025-01-31 19:42:21";"Don't waste your money, it doesn't work"
44572;;"2025-01-31 19:35:27";good
44573;;"2025-01-31 17:39:33";awesome
44574;;"2025-01-31 17:04:41";"Mit der freien Version kommt nichts Brauchbares raus. Wozu soll ich für etwas zahlen, das ich nicht testen kann?"
44575;;"2025-01-31 16:31:24";"cool 😎"
44576;;"2025-01-31 16:09:29";"Nice and calm"
44577;;"2025-01-31 15:56:59";ok
44578;;"2025-01-31 14:03:53";💞
44579;;"2025-01-31 13:52:22";"love it 👌🏽"
44580;;"2025-01-31 13:02:59";"Good app"
44581;;"2025-01-31 12:28:02";bravo
44582;;"2025-01-31 12:14:44";"very good app I have ever seen"
44583;;"2025-01-31 12:03:17";"great money saving tool"
44584;;"2025-01-31 11:49:54";gut
44585;;"2025-01-31 11:29:48";"I used it and it is completely FAKE. 😥"
44586;;"2025-01-31 11:13:04";"Very Simple and User friendly"
44587;;"2025-01-31 08:04:26";good
44588;;"2025-01-31 07:47:50";nice
44589;;"2025-01-31 07:33:51";good
44590;;"2025-01-31 07:14:37";"This is scam! Beware. It's a dark pattern marketing"
44591;;"2025-01-31 07:00:44";"good app"
44592;;"2025-01-31 04:55:58";amazing
44593;;"2025-01-31 04:29:54";"good work"
44594;;"2025-01-31 03:48:22";"Great app."
44595;;"2025-01-31 03:19:02";excellent
44596;;"2025-01-31 01:25:47";great.
44597;;"2025-01-30 23:27:12";goodddddd
44598;;"2025-01-30 22:58:13";nice
44599;;"2025-01-30 21:53:07";greatness
44600;;"2025-01-30 21:34:49";"very good"
44601;;"2025-01-30 20:40:33";"awesome app for home designs"
44602;;"2025-01-30 20:20:42";"thank you 😊"
44603;;"2025-01-30 19:42:30";good
44604;;"2025-01-30 19:03:04";"Great app, with a lot options and ideas for your project."
44605;;"2025-01-30 17:45:49";Good
44606;;"2025-01-30 15:46:43";"very good app"
44607;;"2025-01-30 15:45:54";"Great ideas!"
44608;;"2025-01-30 15:29:32";"you have to pay"
44609;;"2025-01-30 15:19:36";"It incorporates clutter"
44610;;"2025-01-30 15:08:05";"🙂 nice"
44611;;"2025-01-30 14:29:19";good
44612;;"2025-01-30 14:16:16";good
44613;;"2025-01-30 13:58:04";"excellent app"
44614;;"2025-01-30 13:54:53";"Nice keep good job"
44615;;"2025-01-30 13:47:16";"so nice"
44616;;"2025-01-30 13:01:32";bad
44617;;"2025-01-30 12:48:37";"You cant design properly your spaces"
44618;;"2025-01-30 12:44:38";"I literally just opened the app and it wanted me to give feedback. Not much so far..."
44619;;"2025-01-30 12:40:00";good
44620;;"2025-01-30 11:02:57";beautiful
44621;;"2025-01-30 09:25:18";"Very useful 👌"
44622;;"2025-01-30 09:15:13";"us full app🙂"
44623;;"2025-01-30 09:09:40";"very good"
44624;;"2025-01-30 08:36:47";good
44625;;"2025-01-30 08:20:41";"without used ratting"
44626;;"2025-01-30 08:07:31";good
44627;;"2025-01-30 06:50:46";"there was no free trial. my grandchild accidentally enrolled my account to this app. upon me learning that, i immediately request for cancellation and refund but until now they haven't gotten back to me. no contact number to call and ask about this"
44628;;"2025-01-30 06:46:23";superb
44629;;"2025-01-30 06:18:14";"it okay"
44630;;"2025-01-30 05:16:02";great
44631;;"2025-01-30 04:51:53";"Very hard to cancel, I tried a 3 day trial and now they have my information and the only thing I can do is email. I'm not happy at all! They make it impossible to delete the information, I guess I'll be going to my bank."
44632;;"2025-01-30 04:34:39";"it is an amazing application"
44633;;"2025-01-30 04:34:18";"I was asked for a review and had not used the app"
44634;;"2025-01-30 03:48:20";"Love ❤️ itttt!!"
44635;;"2025-01-30 03:06:08";"Not try yet Will update later"
44636;;"2025-01-30 02:41:01";"It's a scam. They get you in and charge you WEEKLY for this bogus non service. DO NOT download this scam"
44637;;"2025-01-30 02:35:28";"Don't try it"
44638;;"2025-01-30 02:22:12";"very nice app"
44639;;"2025-01-30 01:04:08";ok
44640;;"2025-01-29 23:54:32";"nice app ❤️"
44641;;"2025-01-29 23:33:22";nice
44642;;"2025-01-29 20:00:52";"interested 😀😀😀😀"
44643;;"2025-01-29 17:54:28";nice
44644;;"2025-01-29 17:41:28";"Unable to do anything without paying User interfase is useless without paying them"
44645;;"2025-01-29 15:22:59";"Hell no, you can't ask me for money before I even try your product, then tell me I can cancel anytime. It doesn't work like that my ""friend""."
44646;;"2025-01-29 14:57:42";best
44647;;"2025-01-29 14:48:11";"Asking me to rate before anything"
44648;;"2025-01-29 14:36:46";"I love this app it is awesome 👌"
44649;;"2025-01-29 14:19:37";"Great. Makes home design easy ."
44650;;"2025-01-29 13:34:24";good
44651;;"2025-01-29 13:08:35";"Hi It is pefect to view multipe design. Regards"
44652;;"2025-01-29 11:40:58";"Trash app"
44653;;"2025-01-29 10:04:53";Nice
44654;;"2025-01-29 09:16:08";Useless
44655;;"2025-01-29 08:12:50";good
44656;;"2025-01-29 07:58:54";super
44657;;"2025-01-29 07:41:12";"It's cool need to try it"
44658;;"2025-01-29 07:37:26";"You pay and create urself hahaha"
44659;;"2025-01-29 07:28:15";good
44660;;"2025-01-29 06:49:12";"Trail version not working with adding payment cards"
44661;;"2025-01-29 05:26:23";great
44662;;"2025-01-29 04:55:26";"This is awesome!!"
44663;;"2025-01-29 03:24:45";"awesome app"
44664;;"2025-01-29 03:22:59";Good
44665;;"2025-01-29 02:29:58";"Bad results 😕"
44666;;"2025-01-28 23:48:44";❣️
85337;;"2024-12-27 20:24:13";"Ei näy arvosteluja"
85274;;"2025-01-06 01:04:35";"How can i cancel my subscription?"
85081;;"2024-10-12 07:03:17";njas
85019;;"2024-11-01 03:48:13";"nice app"
84829;;"2024-12-08 03:26:33";good
84768;;"2024-12-14 06:22:56";bagusss
84581;;"2025-01-01 03:17:13";"baru download sih,, semoga bagus,, ntar saya kasih bintang 5 klo sdh saya gunakan aplikasinya,, marketing yg bagus 👍👍"
84521;;"2025-01-05 23:51:50";"Ra sesuai bayangan q, ra iso mlaku aplikasie"
84337;;"2025-01-25 10:39:39";"semoga bisa merekomendasikan yang terbaik"
84278;;"2025-02-01 15:43:29";"masih di coba semoga bagus"
84587;;"2024-12-31 16:29:46";"test dlu"
79431;;"2024-08-10 03:09:31";"Rất tốt"
79373;;"2024-11-25 14:40:51";ok
77660;;"2025-02-02 18:42:21";"per adesso credo che può essere molto utile!"
77603;;"2024-08-18 03:16:27";"Nichtmal Testen ohne Bezahlung 🤮🤮"
77429;;"2024-10-12 21:42:30";"excelente!! amei"
77373;;"2024-10-25 11:16:43";"Sempre bom, o app e que caminha com nosso crescimento na carreira profissional no mercado mobiliário"
77317;;"2024-11-11 13:27:29";excelência
77147;;"2024-12-13 00:27:41";top
77092;;"2024-12-17 05:34:00";bom
85093;;"2024-10-09 09:09:17";"blm buka secara rinci"
76871;;"2025-01-23 15:05:32";"Love it."
76817;;"2025-01-29 22:52:10";❤️❤️❤️
76654;;"2025-02-08 07:52:15";"Testando mas parece muito boa."
76601;;"2025-02-12 00:45:20";top
76548;;"2025-02-15 01:52:40";"App incrível"
73316;;"2024-10-09 23:03:19";"Super Application très très efficace dans l'amenagement des spaces!"
73263;;"2024-10-24 14:08:37";excellent
76660;;"2025-02-07 15:30:19";"Top o esse app"
73054;;"2024-12-19 08:30:14";كدب
73002;;"2025-01-02 18:54:36";bien
76825;;"2025-01-28 23:20:35";top
72798;;"2025-01-31 17:30:26";perfect
72747;;"2025-02-05 06:37:26";parfait
73270;;"2024-10-21 21:27:04";foooort
72548;;"2024-09-22 04:28:43";"привет, изучаю"
72498;;"2024-12-14 05:29:26";zor
72448;;"2025-02-20 21:30:47";"Fara bani nu primesti nici macar o imagine gratis,doar reclama"
76557;;"2025-02-14 16:47:36";Incrível!
70755;;"2025-02-01 12:09:32";"تحت التجربه"
70706;;"2025-02-09 16:44:40";"بدايه رائعه"
70658;;"2024-12-23 18:14:46";"kya baat"
70520;;"2024-09-27 22:31:28";"La suscripción arruina la Apple, te obliga a comprarlo después de 2 ediciones"
70473;;"2024-10-02 15:04:16";"vamos a ver como nos va"
70426;;"2024-10-07 02:55:53";"Una Chimba parcero"
76559;;"2025-02-14 13:02:32";"muito bom"
70246;;"2024-10-22 18:21:22";"le doy un 5"
70200;;"2024-10-27 22:51:21";"no lo he probado"
70154;;"2024-11-02 14:08:06";"No funcionó. Ni siquiera pude cargar la imagen que la app solicita. Celular Samsung A33"
77619;;"2025-02-17 16:23:41";"considerando che occorre pagare prima ancora di utilizzarla, non può che meritare una sola stella"
69980;;"2024-11-20 01:49:39";"muy buena"
69935;;"2024-11-24 05:22:35";"me gusta mucho 😍"
69890;;"2024-11-26 11:12:29";"app genial"
79449;;"2025-01-19 14:12:06";ok
69722;;"2024-12-07 05:15:21";👍🏻
69678;;"2024-12-08 17:59:24";excelente
66634;;"2024-12-09 11:19:37";"Aun no lo probé y ya me pidió reseña. Esperemos que valga la pena."
66590;;"2024-12-10 00:30:50";"muy buena app para darte una idea de cómo quedaría el espacio a modificar"
72806;;"2025-01-30 21:24:30";top
85104;;"2024-10-05 16:30:40";"sy blom coba"
66386;;"2024-12-15 05:37:13";"i like it"
66343;;"2024-12-15 23:50:46";"Para empezar, lo primero que te pide es que le des una valoración sin siquiera haberla usado, creo que es obvio que eso ya es una red flag, luego te pide suscripción y la prueba gratis te pide tarjeta de credito, igualmente sin siquiera dejarte usarla, y cuando la usas sin suscripción solo te permite generar 1 vez. No toma en cuenta el diseño del cuarto como puertas. Ofrece opciones para por ejemplo sala o comedor, pero no combinaciones como una sala/comedor"
84542;;"2025-01-04 03:33:52";"apk mantap"
77335;;"2024-11-05 14:48:20";excelente
66146;;"2024-12-21 11:59:15";"muy buen app"
66104;;"2024-12-22 13:41:25";excelente
66062;;"2024-12-23 13:33:21";"La amé, solo que no es gratis 😅"
70717;;"2025-02-08 09:43:35";"نجمة واحدة عشان بيطلب من ادفع قبل ما اتاكد أنه بيقدم خدمة تستاهل الدفع"
85363;;"2025-02-09 12:54:02";Good
65875;;"2024-12-27 17:38:15";"aún no lo uso"
65835;;"2024-12-28 12:48:08";"aun no la uso"
65795;;"2024-12-28 22:05:57";"muy padre !! me encanta"
72511;;"2024-11-25 12:05:55";отлично
65656;;"2024-12-31 12:27:24";"muy lindo 😊😻"
65617;;"2025-01-01 00:49:55";excelente
65578;;"2025-01-01 16:37:22";"Solo te deja crear dos fotos sin pagar. Si le pones regenerar los diseños son muy parecidos, cambiando en detalles."
65539;;"2025-01-02 11:34:19";excelente
84294;;"2025-01-30 06:21:20";"semoga bisa d gunakan"
84855;;"2024-12-05 06:36:42";"coba dulu ya"
65368;;"2025-01-04 12:06:57";Bien
65330;;"2025-01-04 22:53:21";bien
65292;;"2025-01-05 10:51:51";"me lo recomendaron y veré que tal pero me dijeron que era bueno"
66600;;"2024-12-09 22:26:33";"estoy probando, después vendré a cambiar mi opinión."
77058;;"2024-12-20 14:43:14";"Pedi teste grátis e não consigo cancelar em lugar nenhum. O Google tem que se responsabilizar pois é nessa plataforma que inseri meus dados"
69689;;"2024-12-08 15:22:33";😊
77169;;"2024-12-10 20:39:24";"Péssimo. Não muda nada ."
62055;;"2025-01-08 01:06:07";"increible, da muy buenas ideas"
62018;;"2025-01-08 14:12:44";buenísimo
61981;;"2025-01-09 00:33:01";"No lo descarguen, después de tres usos hay que pagar."
66309;;"2024-12-16 22:24:58";"vamos a probar .."
70260;;"2024-10-22 01:42:42";Excelente
84246;;"2025-02-06 15:29:56";"belum tau fungsinya"
61792;;"2025-01-11 05:51:38";"voy a probar primero si es buena cambio la calificación"
61756;;"2025-01-11 16:05:15";"perfecta app"
61720;;"2025-01-12 01:08:37";"voy a comenzar a utilizarla"
66353;;"2024-12-15 20:16:24";"todo cobran"
73221;;"2024-11-04 00:31:57";"c pour la première fois que jai installé cette application"
77629;;"2025-02-13 12:32:55";"Pessimo. Bravi solo a farsi pubblicità. Disinstallato subito."
61541;;"2025-01-13 21:45:49";"sera un exc ayuda para complementar lo que mw gusta hacer"
61506;;"2025-01-14 03:23:56";"voy a probar pero se ve ecxelente cuando haga la proba veo que calificación definitiva soy"
61471;;"2025-01-14 14:07:29";👏👏👏
61546;;"2025-01-13 20:07:38";"excelente aplicativo"
66158;;"2024-12-21 05:59:47";"No la eh utilizado pero creo q muy pronto lo haré"
73023;;"2024-12-29 22:38:47";bien
61301;;"2025-01-16 03:30:55";"perfecto 💯"
61266;;"2025-01-16 15:18:00";"fabulosa app"
61231;;"2025-01-17 00:03:58";"muy buena te ayuda a tener diferentes perspectivas"
61196;;"2025-01-17 05:16:48";excelente
62063;;"2025-01-07 23:00:27";"pues aún no comienzo a ocupar está app; más tarde daré una muy buena dependiendo de qué tal me valla 😉"
69906;;"2024-11-25 18:40:12";"muy práctico"
77173;;"2024-12-10 03:56:03";"Horrível, não gaste seu dinheiro nele."
61034;;"2025-01-19 00:32:03";"no la he usado"
60999;;"2025-01-19 12:49:36";"Excelente aplicación"
60964;;"2025-01-19 18:41:07";"Hola... Recién encontré la app ... Espero sea Maravilloso"
60929;;"2025-01-20 03:07:13";"buena app"
66070;;"2024-12-23 03:52:21";Excelente
70172;;"2024-10-31 00:25:03";Espectacular🥰
77632;;"2025-02-12 16:44:16";"Bella applicazione, fatta bene."
60774;;"2025-01-22 21:21:59";"superrrr muy fácil el uso"
60740;;"2025-01-23 08:59:30";Excelente
60706;;"2025-01-23 22:07:38";"muy buena aplicación, completa con las opciones"
60672;;"2025-01-24 13:56:10";"me parece increíble y gracias por ayudar"
60937;;"2025-01-20 01:21:06";"Excelente app, aún no la conozco del todo pero es muy útil"
70209;;"2024-10-27 01:53:37";"buena aplicación"
69998;;"2024-11-18 02:18:57";"buena aplicación"
77175;;"2024-12-10 01:36:34";"ótimo aplicativo"
58987;;"2025-01-27 03:59:40";bien
58954;;"2025-01-27 17:37:38";"Malisima app. Ni siquiera te da ideas de como quedaría. Solo te da fotos aleatorias de las que tienen...sacas foto al pepe xq ni te las toma. Desastre...solo quieren q pagues una app qué no sirve"
58921;;"2025-01-28 02:19:16";excelente
58888;;"2025-01-28 19:03:50";"lo mejor ❤️‍🩹"
61205;;"2025-01-17 03:04:46";"excelente app"
65552;;"2025-01-02 00:50:44";"no puedo opinar hasta que lo use"
70400;;"2024-10-09 22:55:43";"Pagar en dolares !!! Si si."
44800;;"2025-01-26 02:35:14";nice
44801;;"2025-01-26 01:52:54";terrible
44802;;"2025-01-26 00:31:48";"👍🏾 Great App"
44803;;"2025-01-25 22:58:05";"Soo nice"
44804;;"2025-01-25 22:55:53";"Hot garbage typical ai , skewed weird results. Absurdly pointless and a money grab"
44805;;"2025-01-25 22:28:54";👍
44806;;"2025-01-25 21:59:28";"cool app"
44807;;"2025-01-25 21:12:57";"haven't used it yet 😕"
44808;;"2025-01-25 20:58:56";scam
44809;;"2025-01-25 20:58:52";amazing
44810;;"2025-01-25 20:55:06";"Good aap"
44811;;"2025-01-25 18:57:59";"I think I have the best one"
44812;;"2025-01-25 17:30:43";"very helpful"
44813;;"2025-01-25 16:18:54";nicd
44814;;"2025-01-25 16:13:15";"I can't really say cos I haven't used the app yet but I heard it a very good app"
44815;;"2025-01-25 16:05:20";"yet to explore"
44816;;"2025-01-25 15:43:52";"very thankful 🙏"
44817;;"2025-01-25 15:36:06";Wonderful
44818;;"2025-01-25 15:35:26";"very good"
44819;;"2025-01-25 14:30:07";great
44820;;"2025-01-25 13:37:39";"Thus apps are fraud they tric you to a trial for free and deducted money from your account automatically please dont install."
44821;;"2025-01-25 13:35:19";"Keep hanging and not so friendly apps"
44822;;"2025-01-25 12:18:31";super
44823;;"2025-01-25 12:09:00";"nice it helps"
44824;;"2025-01-25 11:42:52";"Need subscription for free trial.."
44825;;"2025-01-25 11:29:57";"this is a little help 5 stars"
44826;;"2025-01-25 10:57:51";😊
44827;;"2025-01-25 10:21:56";Fake
44828;;"2025-01-25 09:06:54";"good good 👌"
44829;;"2025-01-25 08:57:01";"ill will try first"
44830;;"2025-01-25 08:33:40";demure
44831;;"2025-01-25 08:17:00";"no pressure"
44832;;"2025-01-25 08:13:02";"Very helpful"
44833;;"2025-01-25 07:38:39";"Very bad and it doesn't even work"
44834;;"2025-01-25 07:28:24";"تطبيق رائع"
44835;;"2025-01-25 07:21:00";Good
44836;;"2025-01-25 06:05:34";"Bad experience"
44837;;"2025-01-25 05:44:25";nice
44838;;"2025-01-25 05:38:59";"Home AI is Fantastic"
44839;;"2025-01-25 05:17:53";good
44840;;"2025-01-25 04:25:12";fantastic
44841;;"2025-01-25 04:07:55";wowwwiiieeee
44842;;"2025-01-25 03:32:42";"its very helpfull"
44843;;"2025-01-25 03:19:02";"easy to use n practical"
44844;;"2025-01-25 02:57:29";"Great app. I love it"
44845;;"2025-01-25 01:57:30";"good 👍 help full"
44846;;"2025-01-25 01:33:23";"I'm trying to cancel this subscription because it doesn't work well. There's no directions on how to cancel and the email to the company said they don't handle that. This seems like a scam."
44847;;"2025-01-25 00:34:45";"Simply Amazing... I have no idea how to decorate and this will help me tremendously..."
44848;;"2025-01-25 00:27:34";"its amazing!"
44849;;"2025-01-24 23:51:03";"Great 👍"
44850;;"2025-01-24 23:09:03";"very 👍"
44851;;"2025-01-24 22:34:45";"great app"
44852;;"2025-01-24 21:27:36";"will know more about this app soon"
44853;;"2025-01-24 20:42:59";"Good App"
44854;;"2025-01-24 18:56:34";"great ideas"
44855;;"2025-01-24 18:09:05";"nice app"
44856;;"2025-01-24 17:47:33";"There is no option to unsubscribe, 3 day free trial mentioned but still need credit card for free trial, i am trying to stop the free trial within 5 minutes of installation, but there is no option at all."
44857;;"2025-01-24 17:17:47";"Just downloaded it.. I'll let you know"
44858;;"2025-01-24 17:07:10";good
44859;;"2025-01-24 16:22:15";"Just starting to explore using the Home AI and hope it is going to give me the kind of tech support and experience I need."
44860;;"2025-01-24 15:00:18";"awesome app"
44861;;"2025-01-24 14:36:01";Wonderful
44862;;"2025-01-24 14:14:02";super
44863;;"2025-01-24 14:12:26";"the Best app."
44864;;"2025-01-24 14:01:49";Awesome
44865;;"2025-01-24 13:37:57";great
44866;;"2025-01-24 13:05:03";awesome
44867;;"2025-01-24 12:56:10";perfect!
44868;;"2025-01-24 12:53:59";"haven't tried it yet but I believe it will be good"
44869;;"2025-01-24 12:47:24";"smart and awesome it's worth try"
44870;;"2025-01-24 12:23:49";good
44871;;"2025-01-24 12:02:17";good
44872;;"2025-01-24 11:20:05";awesome
44873;;"2025-01-24 10:20:25";"Earlier today I was thinking about how cool it would be if there was an app like this to help me redecorate and BAM look what popped up on my YouTube 💯"
44874;;"2025-01-24 09:15:34";"jst downloaded and askinf for review let me frst use it then review"
44875;;"2025-01-24 09:06:48";awesome
44876;;"2025-01-24 09:05:46";"Requires purchase, and asks you to review before you learn that or even use the app."
44877;;"2025-01-24 08:25:26";"As I opened the app the very first thing it did was ask me to give it a rating. 🤔 why would it ask for a rating before I even opened it? Next page I saw was wanting me to buy a subscription. No thanks!"
44878;;"2025-01-24 08:23:02";Beautiful
44879;;"2025-01-24 08:15:09";"first screen begs for Play store app review and then won't proceed"
44880;;"2025-01-24 07:43:14";"Agar subscription hi Lena ho to a aaega use kyon kiya jaaye paisa dena hai to kahin se bhi kam le liya jaaye bekar application hai"
44881;;"2025-01-24 07:40:41";"T V Longe 18 ×15 interear design"
44882;;"2025-01-24 07:37:33";Good
44883;;"2025-01-24 07:10:32";"just started using. will give more stars if it works exclusively for me"
44884;;"2025-01-24 07:08:50";Wow
44885;;"2025-01-24 06:43:52";"so nice"
44886;;"2025-01-24 06:28:49";👍👍👍👍❤️
44887;;"2025-01-24 06:20:44";"You can get a better idea in beautifying your home."
44888;;"2025-01-24 05:15:14";"it's wanderfylull"
44889;;"2025-01-24 05:07:26";good
44890;;"2025-01-24 04:22:36";good
44891;;"2025-01-24 04:19:11";super
44892;;"2025-01-23 20:56:48";good
44893;;"2025-01-23 20:15:24";Good
44894;;"2025-01-23 19:11:29";"cant belive i would have to pay for this what a bunch of bs!!"
44895;;"2025-01-23 19:10:55";Best
44896;;"2025-01-23 17:50:08";"The designs mostly r illogical n uncontru take, reviews r grossly over rated, deeply disappointed"
44897;;"2025-01-23 17:45:03";"Good user friendly"
44898;;"2025-01-23 17:09:40";"very helpful"
44899;;"2025-01-23 16:55:38";nice
44900;;"2025-01-23 16:08:36";nice
44901;;"2025-01-23 16:02:28";good
44902;;"2025-01-23 15:46:58";"osm Appp"
44903;;"2025-01-23 15:30:25";"good one"
44904;;"2025-01-23 15:04:09";"it's awesome"
44905;;"2025-01-23 14:18:51";nice
44906;;"2025-01-23 13:02:34";❤️
44907;;"2025-01-23 12:54:36";"I forgot to cancel my subscription and when I'm asking for google for a refun they said they can't issued this refund process, so they said I should ask devs instead but devs are too stingy!!! Don't subscribe on this app, totally useless!"
44908;;"2025-01-23 12:32:37";"helps me a lot"
44909;;"2025-01-23 12:04:57";98/100🔥
44910;;"2025-01-23 11:49:12";"Keren app 👍"
44911;;"2025-01-23 11:46:21";great
44912;;"2025-01-23 10:18:45";excellent
44913;;"2025-01-23 09:49:01";good
44914;;"2025-01-23 09:09:38";"It's a wonderful apps , useful and user friendly."
44915;;"2025-01-23 08:51:33";great
44916;;"2025-01-23 08:49:36";"best app for home interior design"
44917;;"2025-01-23 07:52:56";"semoga helpfull"
44918;;"2025-01-23 07:31:14";wow
44919;;"2025-01-23 07:26:45";excellent
44920;;"2025-01-23 07:06:57";nice
44921;;"2025-01-23 06:58:46";"Very nice, I love the app."
44922;;"2025-01-23 06:25:27";"very nice"
85336;;"2025-01-28 08:40:17";🤝
85273;;"2025-01-08 21:22:28";"I purchased the weekly subscription today and after a couple of hours the app went under maintenance due to high traffic. Seven hours later and it is still under maintenance.."
85080;;"2024-10-13 03:25:05";"baru mencoba"
85018;;"2024-11-01 09:23:52";mantap
84828;;"2024-12-08 04:48:37";top
84767;;"2024-12-14 08:18:40";"bagus bgt aplikasi ini..pas bgt buat kita2 yg mencari inspirasi tata letak interior yg aestetik dan fungsional,memanfaatkan area2 ruangan yg kadang di luar ekspektasi kita"
84580;;"2025-01-01 04:07:24";"baru buka disuruh menilai, semoga memang baik buat referensi"
84520;;"2025-01-06 01:21:41";"belum dicoba"
84336;;"2025-01-25 12:48:55";mantap
84277;;"2025-02-01 16:37:35";good
84775;;"2024-12-13 20:23:15";"mau coba dulu"
79430;;"2024-08-15 04:06:13";good
79372;;"2024-11-25 23:22:20";good
77659;;"2025-02-03 11:00:32";"Allora ho fatto la prova gratuita de 3 giorni , ho fatto la foto del mio soggiorno e ho scelto una foto del mio stile e niente il risultato era proprio quello, non il mio soggiorno ma uno caso , a questo punto trovo una foto di pintures gratis e fatta. Stesso risultado"
77602;;"2024-08-30 06:06:45";"Funktioniert leider überhaupt nicht. Die Vorschläge sind vorgefertigte Fotos, die überhaupt nichts mit meinem Raum zu tun haben. Plötzlich sind da Fenster und Dachschrägen, die auf meinem Foto überhaupt nicht existieren....."
77428;;"2024-10-13 01:00:32";"não tive uma boa experiência com o APP, pois ele tirou uma parede do apartamento, tentei usar outro filtro cobrou 200 reais, legal mais usei uma vez só e não foi legal."
77372;;"2024-10-25 14:05:57";ótimo
77316;;"2024-11-11 18:51:32";"Deus abençoe sua semana 🙏"
77146;;"2024-12-13 03:13:23";Caro
77091;;"2024-12-17 12:38:56";gostei
85287;;"2024-11-18 19:03:35";"Not a free app"
76870;;"2025-01-23 17:34:50";excelente
76816;;"2025-01-30 00:14:47";"perfeito 👏👏👏👏👏"
76653;;"2025-02-08 10:57:58";Bom
76600;;"2025-02-12 01:16:51";"Muito Bom"
76547;;"2025-02-15 01:55:27";bom
73315;;"2024-10-10 06:19:22";"très bénéfique"
73262;;"2024-10-24 16:30:10";bien
76824;;"2025-01-29 02:50:46";top
73053;;"2024-12-19 18:11:23";"It doesnt give you multiple idea for the same room, it's always the samething. After 1hour its boring ! You cannot end your free membership, nowhere in the app. I sent 2 emails, no answer/feedback. You cannot evaluate the app, in the app. So you cannot give it 0 star. If my credit card is charged, i'll have to call this fraud !!!"
73001;;"2025-01-02 19:20:06";"très bien"
76879;;"2025-01-22 11:49:24";"otimo app"
72797;;"2025-01-31 20:31:29";good
72746;;"2025-02-05 10:01:07";"mm pas encore visiter vous nous obligez à noter c'est quoi le projet"
73323;;"2024-10-08 23:27:31";top
72547;;"2024-09-24 09:33:16";начнем!
72497;;"2024-12-16 14:11:53";👍👍👍👍
70947;;"2024-05-02 15:10:05";❤️
76610;;"2025-02-11 15:25:37";"Parece muito bom , já amei o anúncio. Hora de testar em casa. Vou ver minha por uma outra ótica agora."
70754;;"2025-02-01 18:40:39";كويس
70705;;"2025-02-09 19:00:15";جيد
70657;;"2025-01-05 13:25:34";nice
70519;;"2024-09-27 22:50:04";👍
70472;;"2024-10-02 16:33:56";suuuuper
70425;;"2024-10-07 03:01:43";excepcional
76612;;"2025-02-11 12:15:52";"vou testar e volto para avaliar novamente"
70245;;"2024-10-23 02:20:05";"excelente apo"
70199;;"2024-10-28 00:20:35";bien
70153;;"2024-11-02 14:20:40";Espectacular
77676;;"2025-01-26 12:01:52";"ottima app"
69979;;"2024-11-20 02:55:52";"Solo me permitió dos diseños y no fueron de mi agrado, pedí una cocina y parecía cuarto de lavado."
69934;;"2024-11-24 12:14:59";felicitaciones
69889;;"2024-11-26 11:40:00";ok
84238;;"2025-02-07 14:30:35";keren
69721;;"2024-12-07 10:42:08";"me gusta"
69677;;"2024-12-08 18:10:51";"aún no la he probado, cuando la pruebe daré mis opiniones"
66633;;"2024-12-09 11:35:38";Exelente
66589;;"2024-12-10 00:45:17";buena
70434;;"2024-10-06 18:53:00";"voy a probar la aplicación.gracias"
85298;;"2024-08-14 11:00:56";"Τέλεια εφαρμογή!"
66385;;"2024-12-15 07:01:48";"Es de paga, ni se molesten"
66342;;"2024-12-15 23:51:39";⭐⭐⭐⭐⭐
69986;;"2024-11-19 19:33:44";excelente
77391;;"2024-10-22 13:58:33";"Bem interessante a proposta. Funciona, mas parece muito com a grande maioria das músicas que recebo para trabalhar: falta o talento, tanto melódico quanto da letra."
66145;;"2024-12-21 12:18:10";"Muy mala. Pedí que redecorará mi sala y hasta pensé que se estaban burlando de mí, con esas sugerencias. Parecían pichingos peor que de kinder"
66103;;"2024-12-22 13:59:50";"excelente te casarías"
66061;;"2024-12-23 13:53:18";buenaaaa
70766;;"2025-01-30 13:22:25";ممتاز
65914;;"2024-12-26 20:59:12";"le doy 4 estrellas pq quiero probar su utilidad primero sds"
65874;;"2024-12-27 17:41:03";"ojalá la pueda usar me encantaría disfrutar de esta aplicación"
65834;;"2024-12-28 12:52:42";"genial herramienta"
65794;;"2024-12-28 23:50:25";perfecto
72561;;"2025-02-21 18:20:24";"perfecto 👌"
65655;;"2024-12-31 12:33:58";"super divertido"
65616;;"2025-01-01 00:58:02";"Buena aplicación para diseñar planos en 3D"
65577;;"2025-01-01 16:53:34";petacular!
65538;;"2025-01-02 12:21:32";excelente
70671;;"2025-02-19 13:25:23";ممتاز
85046;;"2024-10-22 14:13:31";nice
65367;;"2025-01-04 12:27:54";"buena app"
65329;;"2025-01-04 22:54:09";"Recomenda al 💯"
65291;;"2025-01-05 10:55:04";"Vaya estafa, no es gratis y nada más descargarla te pide que pongas una reseña sin haber entrado, luego al entrar te pide 44 euros al año como mínimo jajajaja 👎👎👎👎"
69644;;"2024-12-09 01:30:30";bien
77113;;"2024-12-15 19:03:43";impecável
69733;;"2024-12-07 00:16:51";"excelente app"
77340;;"2024-11-03 06:01:07";ótimo
62054;;"2025-01-08 01:18:02";chi
62017;;"2025-01-08 14:15:28";hermosa
61980;;"2025-01-09 00:34:01";"buena app"
65298;;"2025-01-05 07:34:25";"Solo te hacen descargarla para que los valores con buen score pero su servicio es full de paga"
70761;;"2025-01-31 13:03:07";رائع
84305;;"2025-01-29 03:58:28";"the best"
61791;;"2025-01-11 06:43:25";"me sorprende bastante"
61755;;"2025-01-11 16:21:29";Excelente!
61719;;"2025-01-12 01:13:25";buenísima
73334;;"2024-10-07 01:20:49";bien
70169;;"2024-10-31 06:17:44";"aún no la pruebo sin embargo te pide puntear antes de probarla"
77686;;"2025-01-19 07:29:34";"ottima App"
61540;;"2025-01-13 21:51:35";"Una app sensacional...."
61505;;"2025-01-14 03:32:39";"muy bueno 👍"
61470;;"2025-01-14 14:34:30";genial
77116;;"2024-12-15 18:42:53";"muito bom para termos uma ideia para deixar nossa reforma mais Clean e um ar de softhome"
73067;;"2024-12-15 00:06:04";"Good apli"
73075;;"2024-12-13 21:10:14";"tre efficace"
61300;;"2025-01-16 04:39:46";"no lo he probado"
61265;;"2025-01-16 15:18:56";"excelente app"
61230;;"2025-01-17 00:05:59";buena
61195;;"2025-01-17 05:58:00";"Muy bien gracias"
73335;;"2024-10-06 20:10:18";"good apps"
69951;;"2024-11-22 13:52:01";"todavía no lo use"
77344;;"2024-11-02 22:22:12";"não usei ainda"
61033;;"2025-01-19 00:58:09";"No recomendada"
60998;;"2025-01-19 12:52:28";"los mejores en decoración"
60963;;"2025-01-19 19:22:14";"Al menos a mi me dejo hacer uma sola imagen, de resto siempre me ponia para pagar"
60928;;"2025-01-20 03:39:11";"voy a probarlo a ver qué tal"
65302;;"2025-01-05 06:10:51";buenas
70218;;"2024-10-26 03:36:26";excelente
77689;;"2025-01-17 00:16:33";"App che non serve, disinstallato dopo 5 minuti."
60773;;"2025-01-22 22:12:04";"Muy mala app, te dejan hacer una prueba, cambiando una imagen generada por IA, que deja mucho que desear. Y luego no sr puede seguir usando la aplicacion a menos que se pague."
60739;;"2025-01-23 09:25:15";"excelentes diseños muy buena aplicacion"
60705;;"2025-01-23 23:48:36";"excelente experiencia me encanta"
60678;;"2025-01-24 11:45:27";"bien gracias ppr el programa"
60972;;"2025-01-19 17:07:52";genial
65303;;"2025-01-05 05:55:26";"🤩 qwert"
72807;;"2025-01-30 20:50:41";ok
77346;;"2024-11-01 04:34:40";"Not good."
58986;;"2025-01-27 04:16:32";"genial app"
58953;;"2025-01-27 17:47:48";cool
58920;;"2025-01-28 02:59:28";bien
58887;;"2025-01-28 19:35:58";"fabulosa aplicacion."
61240;;"2025-01-16 20:36:30";"excelente aplicación"
65591;;"2025-01-01 15:32:15";ok
70447;;"2024-10-06 00:03:04";"excelente da una mejor vision de lo que uno quiere y como va a quuedar..asi uno diseña y construye confiado"
45056;;"2025-01-19 03:03:22";"You're able to generate two imagines and then forced to pay in some fashion. Definitely cheap and not work the money."
45057;;"2025-01-19 02:35:29";good
45058;;"2025-01-19 01:56:36";good
45059;;"2025-01-19 01:05:00";"Fvk up."
45060;;"2025-01-19 00:44:41";"تطبيق رائع ومهم لتخيل منزلك قبل أن يتدخل الصنايعية ويالفوا حاجات مش في دماغك"
45061;;"2025-01-19 00:08:34";"extraordinary designs"
45062;;"2025-01-18 23:26:53";best
45063;;"2025-01-18 22:41:35";"try it and see for yourself how good it can get"
45064;;"2025-01-18 22:13:32";"Not bad, but expansive"
45065;;"2025-01-18 21:41:50";amazing
45066;;"2025-01-18 20:50:06";good
45067;;"2025-01-18 20:34:20";nice
45068;;"2025-01-18 19:25:50";"Trying to use the app but it's won't load"
45069;;"2025-01-18 19:03:59";great!!
45070;;"2025-01-18 18:27:03";"great app"
45071;;"2025-01-18 16:48:44";nice
45072;;"2025-01-18 16:35:56";"great 👍 app"
45073;;"2025-01-18 16:18:45";"very good app"
45074;;"2025-01-18 16:00:26";exellent
45075;;"2025-01-18 15:04:30";"No free chance, pay at first"
45076;;"2025-01-18 14:33:32";amazing
45077;;"2025-01-18 14:27:42";Best
45078;;"2025-01-18 14:17:38";goood
45079;;"2025-01-18 14:09:14";"Bakwaas hai"
45080;;"2025-01-18 14:00:40";"It's ok"
45081;;"2025-01-18 13:43:22";"Great app."
45082;;"2025-01-18 13:31:05";brilliant
45083;;"2025-01-18 13:03:17";"Nice app"
45084;;"2025-01-18 12:17:45";"Not even close to be useful, generates random items in a empty space, no furniture at all and you cant cancel the ""free trial"" in app itself, total disappointment."
45085;;"2025-01-18 11:59:19";"very good"
45086;;"2025-01-18 11:23:45";wait
45087;;"2025-01-18 11:19:31";excellent
45088;;"2025-01-18 10:42:52";good
45089;;"2025-01-18 10:36:18";"good products"
45090;;"2025-01-18 08:27:05";"💯its very intelligent and creative app or Ai"
45091;;"2025-01-18 08:06:10";Good
45092;;"2025-01-18 06:23:43";"good 👍"
45093;;"2025-01-18 06:13:06";"very good app"
45094;;"2025-01-18 05:42:25";good
45095;;"2025-01-18 05:18:37";good
45096;;"2025-01-18 04:42:51";Nice
45097;;"2025-01-18 04:15:19";"the app is much grateful thank you AI"
45098;;"2025-01-18 04:13:18";"amazing app"
45099;;"2025-01-18 03:21:30";"You get two designs before the paywall hits and the ai doesn't really follow directions."
45100;;"2025-01-18 02:54:30";perfect
45101;;"2025-01-18 02:16:42";great
45102;;"2025-01-18 02:10:04";"i will try latet"
45103;;"2025-01-18 01:50:08";"Good 👍"
45104;;"2025-01-18 01:16:09";none
45105;;"2025-01-18 00:33:11";"Trash like everyone else says"
45106;;"2025-01-18 00:30:34";excellent
45107;;"2025-01-18 00:19:32";finally
45108;;"2025-01-17 23:07:09";Awesome
45109;;"2025-01-17 23:06:47";interesting
45110;;"2025-01-17 22:26:49";👌
45111;;"2025-01-17 21:53:50";super
45112;;"2025-01-17 21:51:03";"absolutely amazing"
45113;;"2025-01-17 21:46:02";👍👍👍
45114;;"2025-01-17 21:27:51";"Great app"
45115;;"2025-01-17 19:51:17";"best quality"
45116;;"2025-01-17 19:44:10";"perfect app I have ever seen in ma life"
45117;;"2025-01-17 19:37:07";"it looks like an awesome App."
45118;;"2025-01-17 19:35:23";"good one"
45119;;"2025-01-17 19:35:17";superb
45120;;"2025-01-17 19:04:49";"If I could upload photo I would give some examples of what this app generated and you would see even one star is too much."
45121;;"2025-01-17 18:51:48";"nice app"
45122;;"2025-01-17 18:37:18";"bad app doesn't recognize the picture you take ."
45123;;"2025-01-17 18:21:43";"Predatory app whose entire business model is based on manipulating users into giving it a five-star rating. Apps like these should be banned from the Play store."
45124;;"2025-01-17 17:29:23";amazing
45125;;"2025-01-17 17:25:20";Good
45126;;"2025-01-17 17:12:16";"very well"
45127;;"2025-01-17 15:58:57";excellent
45128;;"2025-01-17 15:52:26";Nice
45129;;"2025-01-17 15:43:15";good
45130;;"2025-01-17 15:15:49";"Not good bad"
45131;;"2025-01-17 15:04:01";"I like it some time use ai aap"
45132;;"2025-01-17 14:49:04";"incredible ❤️🙌"
45133;;"2025-01-17 12:42:52";good
45134;;"2025-01-17 11:56:46";"yet to use the app"
45135;;"2025-01-17 11:42:12";"very nice"
45136;;"2025-01-17 11:24:58";"None of the features worked. The idea for the room that AI came up with was the exact same design as it is right now. The remove and replace feature didn't work either."
45137;;"2025-01-17 10:19:16";"love it"
45138;;"2025-01-17 09:18:10";awesome
45139;;"2025-01-17 08:43:09";"lovely helped me set up my house"
45140;;"2025-01-17 08:07:48";wow
45141;;"2025-01-17 08:02:29";"Pay to win"
45142;;"2025-01-17 07:52:32";"good app"
45143;;"2025-01-17 06:55:19";"thanks for this app"
45144;;"2025-01-17 06:44:44";"nice 👍"
45145;;"2025-01-17 06:34:33";❤️❤️❤️❤️❤️
45146;;"2025-01-17 06:34:02";good
45147;;"2025-01-17 06:30:11";"this app has the best designs"
45148;;"2025-01-17 05:05:47";👍
45149;;"2025-01-17 04:33:55";"good 👍"
45150;;"2025-01-17 04:23:22";Best
45151;;"2025-01-17 04:10:38";"it's good"
45152;;"2025-01-17 03:31:23";"paint color"
45153;;"2025-01-17 03:13:17";good
45154;;"2025-01-17 02:55:23";good
45155;;"2025-01-16 23:10:06";great
45156;;"2025-01-16 22:20:47";"Stupid useless app. Better go to Pinterest you'll get more interesting useful pics. Wasted money all for nothing"
45157;;"2025-01-16 21:55:15";"thumb 👍"
45158;;"2025-01-16 21:49:26";"How do I give 0 stars. First prompt is to review the app; what? Next screen is to provide payment with no trial. 0 stars"
45159;;"2025-01-16 20:53:34";"very good"
45160;;"2025-01-16 20:47:40";"I was requested to view it after I downloaded before I could use it, hence I gave it one"
45161;;"2025-01-16 19:33:29";okay
45162;;"2025-01-16 19:11:54";"The app does not serve purpose and it expensive for nothing."
45163;;"2025-01-16 18:28:38";good
45164;;"2025-01-16 18:25:45";"Just downloaded the apps and there's no free trial but keep asking for payment. It's too pricey! Most comment from others have similar what I'm experiencing. So I decided to uninstall the apps."
45165;;"2025-01-16 17:31:20";"Nice application"
45166;;"2025-01-16 17:28:53";"I have not tried it before, I just installed the app now. It download easily"
45167;;"2025-01-16 17:05:45";gjjiI
45168;;"2025-01-16 15:47:44";👎
45169;;"2025-01-16 15:33:11";"Nice Aap"
45170;;"2025-01-16 15:26:56";nice
45171;;"2025-01-16 15:15:47";checking
45172;;"2025-01-16 14:02:00";"I haven't used it yet. just downloaded it"
45173;;"2025-01-16 12:26:54";geeat
45174;;"2025-01-16 11:51:46";"best of all"
45175;;"2025-01-16 11:39:34";"I must try first, I change it if I'm satisfied"
45176;;"2025-01-16 11:37:52";"very good"
45177;;"2025-01-16 11:20:30";"It does not help you in any way waste of time and space .."
45178;;"2025-01-16 10:51:10";good
85335;;"2025-02-12 16:32:08";"Ei asennu, ei kannata ladata!"
85272;;"2025-01-12 03:03:11";"Πλήρωσα το pro και όλο μου λέει ότι έχει traffic και δεν μπορεί !🥴"
85079;;"2024-10-13 04:56:32";top
85017;;"2024-11-02 19:55:00";"it's a great apps. thanks"
84827;;"2024-12-08 04:51:38";nice
84766;;"2024-12-14 09:01:58";trial
84579;;"2025-01-01 05:16:14";"very good aplication"
84519;;"2025-01-06 03:16:01";"test dulu yaaa"
84335;;"2025-01-25 13:16:19";mantap
84276;;"2025-02-02 04:25:08";"belum coba,nanti klau udh coba baru bisa nilai"
84836;;"2024-12-07 07:59:53";"baru pertama coba.semoga membantu"
79429;;"2024-08-15 07:54:09";"chưa sử dụng, ủng hộ 5*"
79371;;"2024-11-27 06:19:13";"Chưa cho thử mà đòi đánh giá ngay . 4 sao . nếu thử ok thì sửa lại 5 sao ."
77658;;"2025-02-03 11:58:27";"bella e funzionale"
77601;;"2024-09-05 11:43:04";"Idee gut aber überlastet und funktioniert nicht, habe Geld verloren mit der App und konnte nicht ein Foto bearbeiten."
77427;;"2024-10-13 16:37:55";"estou test"
77371;;"2024-10-26 13:41:19";"mt bom"
77315;;"2024-11-11 22:27:24";"Muito show, parabéns pelo app"
77145;;"2024-12-13 04:49:59";Ótimo
77090;;"2024-12-17 18:16:44";top
85350;;"2024-09-01 07:33:17";"Does'nt work"
76869;;"2025-01-23 18:45:57";"Very nice"
76815;;"2025-01-30 00:31:18";"ótimo, gostei muito."
76652;;"2025-02-08 13:04:12";"Parabéns Excelente Aplicativo. excepcional maravilhoso. Gostei muito."
76599;;"2025-02-12 01:59:08";"vou testar"
76546;;"2025-02-15 11:37:38";bom
73314;;"2024-10-10 19:30:24";bien
73261;;"2024-10-25 13:07:40";"je n' ai pas encore tester pour pouvoir donner mon avis"
76878;;"2025-01-22 12:58:20";"muito bom"
73052;;"2024-12-20 13:39:26";"C'est incroyable"
73000;;"2025-01-02 19:21:46";Cool
84228;;"2025-02-08 16:56:04";"Mantap aplikasi nya"
72796;;"2025-01-31 23:01:59";super
72745;;"2025-02-05 16:44:58";"Je viens de la télécharger"
76556;;"2025-02-14 17:06:15";maravilhosa
72546;;"2024-09-28 10:44:08";good
72496;;"2024-12-17 17:50:45";супер
70946;;"2024-06-25 14:45:07";"تحت التجربة"
76663;;"2025-02-07 10:27:02";ótimo
70753;;"2025-02-01 19:55:24";جميل
70704;;"2025-02-10 17:52:21";ممتاز
70656;;"2024-04-05 20:39:04";"muy recomendable"
70518;;"2024-09-27 22:53:40";"exelente experiencia"
70471;;"2024-10-02 17:00:56";"Solo te deja hacer un cambio y debes pagar si o si. Lastima que no dan lo suficiente para probarla"
70424;;"2024-10-07 03:11:48";"ma parece lindo y interesante"
76665;;"2025-02-07 03:08:05";"Até bom... mas poderia ter a versão gratuita."
70244;;"2024-10-23 03:02:42";"esta chivo"
70198;;"2024-10-28 00:54:01";"simplemente 10/10 pude ordenar todo usando esta APK"
70152;;"2024-11-02 17:29:43";"is expensive not a lot of options. just one start"
79390;;"2024-11-04 08:29:44";ok
69978;;"2024-11-20 03:29:14";genial
69933;;"2024-11-24 15:23:13";👌
69888;;"2024-11-26 14:40:36";excelent
84297;;"2025-01-30 01:44:38";"baru download lgsg suruh kasi rating, belum dicoba nanti kalau bagus baru ksh bintang 5"
69720;;"2024-12-07 11:08:16";"estoy probando , parece muy buena para la decoración"
69676;;"2024-12-08 18:36:15";"me encanta me ah ayudado en todos mis proyectos"
66632;;"2024-12-09 12:23:05";"probando el programa hasta el momento muy funcional"
66588;;"2024-12-10 00:50:35";buenas
70481;;"2024-10-02 00:37:46";"Aparece que está en mantenimiento"
85361;;"2025-02-10 07:00:00";"I'm note test this app"
66384;;"2024-12-15 07:33:58";viendo
66341;;"2024-12-16 00:02:17";"Excelente! me sirve para mis estudios. Gracias! 🇻🇪😍🙏🏼"
66596;;"2024-12-09 23:03:00";"ta 2triquis"
79379;;"2024-11-19 17:32:07";tốt
66144;;"2024-12-21 12:57:29";"no lo sé aún no lo pruebo..."
66102;;"2024-12-22 14:23:26";excelente
66060;;"2024-12-23 15:41:48";"Lets see"
72503;;"2024-12-09 17:18:39";good
65913;;"2024-12-26 21:47:58";🥰
65873;;"2024-12-27 17:44:22";"muy buena app"
65833;;"2024-12-28 13:04:30";"super aplicación"
65793;;"2024-12-29 00:10:13";"Esta genial."
72710;;"2025-02-08 16:43:02";"je recommande cette app"
65654;;"2024-12-31 12:40:36";excelente!!!
65615;;"2025-01-01 01:14:40";"excelente App"
65576;;"2025-01-01 16:57:48";"muy bueno aunque aún no lo pruebo... me pidió la evaluación sin usarlo..."
65537;;"2025-01-02 12:34:30";"Bonito programa"
70719;;"2025-02-08 06:45:05";nice
85108;;"2024-10-05 01:29:46";"good ai"
65366;;"2025-01-04 12:40:55";"probando la app"
65328;;"2025-01-04 22:54:57";"Solo permitió 1 vez crear , luego quiere que pague , es estafa"
65290;;"2025-01-05 11:00:56";"excelente me encantó como quedo mi hogar ahora soy la envidia de mis vecinos muchas gracias"
69688;;"2024-12-08 15:22:55";"con mucho optimismo de usarla, espero que sea una herramienta útil para los que no sabemos de diseño"
77168;;"2024-12-10 23:53:06";"muito legal"
76831;;"2025-01-28 18:29:13";ótimo
77396;;"2024-10-21 14:17:28";bom
62053;;"2025-01-08 01:18:23";"excelente programación"
62016;;"2025-01-08 14:19:42";"buena la aplicación"
61979;;"2025-01-09 00:57:03";"muy buena"
65336;;"2025-01-04 21:24:31";bien
70441;;"2024-10-06 10:58:59";buenísimo
84489;;"2025-01-07 23:00:24";good
61790;;"2025-01-11 06:47:22";m.
61754;;"2025-01-11 16:21:55";"interesante y rápido al momento de decoracion"
61718;;"2025-01-12 01:24:10";"Muy lenta, una perdida de tiempo, saque una foto a mi livng, y me creo unas imágenes de gente rara, No la recomiendo, pésimo el sistema, muy lento, la peor app de diseño, y eso que dice que es una IA debe ser una mentira, una estafa."
76563;;"2025-02-14 00:14:58";"vou experimentar"
70215;;"2024-10-26 08:27:56";genial
79400;;"2024-10-23 08:29:15";good
61539;;"2025-01-13 22:13:30";"es muy interesante, recrea espacio a la realidad q tú necesites"
61504;;"2025-01-14 03:37:16";bueno
61469;;"2025-01-14 14:35:49";"muy buena!!"
69735;;"2024-12-06 21:57:57";"No funciona"
66313;;"2024-12-16 20:27:25";"muy buena."
73232;;"2024-11-01 19:49:10";"super pratique"
61299;;"2025-01-16 05:00:30";"Todo bien hasta ahora"
61264;;"2025-01-16 15:34:30";"me gusta"
61229;;"2025-01-17 00:06:34";genial
61194;;"2025-01-17 06:01:53";"No cumplió mis espectativas"
73330;;"2024-10-08 01:05:33";Great
69996;;"2024-11-18 05:05:08";"Buenos diseños pero estaría mejor si en lugar de pagar para usarla una vez, metieran algo de publicidad"
77400;;"2024-10-20 20:07:38";"muito bom"
61032;;"2025-01-19 01:00:12";excelente
60997;;"2025-01-19 13:10:31";"muy bonita"
60962;;"2025-01-19 20:04:07";excelente
60935;;"2025-01-20 02:15:07";"hermosa aplicación"
65340;;"2025-01-04 19:30:40";"Muy muy mala esta aplicación no la recomiendo"
70264;;"2024-10-21 04:15:38";"muy bie"
79403;;"2024-10-18 11:39:33";ok
60772;;"2025-01-22 22:23:32";ok
60738;;"2025-01-23 11:06:53";"Buenos y muy práctico"
60704;;"2025-01-24 00:19:21";"ta chida"
60712;;"2025-01-23 19:30:56";"voy a probar la app a ver qué tal"
61007;;"2025-01-19 11:40:26";"Malísimo no diseña nada lo único que hace es darte fotos"
65341;;"2025-01-04 19:26:54";"interesante ,lo probaré"
70173;;"2024-10-30 21:47:42";excepcional
77402;;"2024-10-19 21:16:30";top
58985;;"2025-01-27 04:25:33";super
58952;;"2025-01-27 17:53:48";excelente
58919;;"2025-01-28 03:11:55";bueno
58886;;"2025-01-28 20:26:09";"hola, estoy por ver la aplicación"
61275;;"2025-01-16 13:57:46";genial
65630;;"2024-12-31 20:39:57";"buena aplicación 👍"
70494;;"2024-09-30 06:52:29";"muy bna... es increíble"
45312;;"2025-01-13 15:13:36";Good
45313;;"2025-01-13 14:37:46";okay
45314;;"2025-01-13 14:32:29";"Excellent app"
45315;;"2025-01-13 14:32:08";good
45316;;"2025-01-13 14:22:22";innovative
45317;;"2025-01-13 14:17:14";"Nice app"
45318;;"2025-01-13 13:47:14";Nice
45319;;"2025-01-13 13:43:52";"smart app. easy to use"
45320;;"2025-01-13 13:24:33";"So poor, you can only take photo 1 direction, not accepting panorama photo or video."
45321;;"2025-01-13 13:23:20";amazing
45322;;"2025-01-13 12:56:12";"great app"
45323;;"2025-01-13 12:50:19";ok
45324;;"2025-01-13 12:48:53";extra
45325;;"2025-01-13 11:52:32";"super good ideas🥰"
45326;;"2025-01-13 11:50:30";"I tried for a free trial but it automatically subscribed without notifying me. I was immediately billed for an app that I have never used at all. Waste of money. Such a scam! Please refund my money."
45327;;"2025-01-13 11:09:17";Impractical
45328;;"2025-01-13 10:43:41";ok
45329;;"2025-01-13 08:44:27";"Dont waste data on this 😂"
45330;;"2025-01-13 08:05:15";good
45331;;"2025-01-13 08:04:05";good
45332;;"2025-01-13 08:00:34";"checking it out 8 need to be able to try it before I can give a honest opinion thanks"
45333;;"2025-01-13 06:56:11";"good ai"
45334;;"2025-01-13 06:07:59";"Worst app ever I seen.this is a Turkish app Not useful in india.👎 I purchased this for ₹ 690 for 1 week then it's automatically charged every week 😡 Don't download this application 🚫"
45335;;"2025-01-13 05:56:37";great
45336;;"2025-01-13 04:55:11";"great app!"
45337;;"2025-01-13 02:47:15";"mast hai interior design ideas for beginners"
45338;;"2025-01-13 02:45:44";"Nice app, it helps me a lot"
45339;;"2025-01-13 02:27:58";good
45340;;"2025-01-13 02:05:58";Great
45341;;"2025-01-13 00:52:54";"Payment was supposed to 0.77 per week but they charge full amount and doesn't refund. Thry say cancel anytime but no money is refunded."
45342;;"2025-01-12 21:26:22";"Very good app ❤️"
45343;;"2025-01-12 20:29:26";"Horrible.WAY too much bad stuff"
45344;;"2025-01-12 20:21:02";great
45345;;"2025-01-12 19:47:32";"smooth app"
45346;;"2025-01-12 18:55:27";"bad 😞"
45347;;"2025-01-12 18:46:38";good
45348;;"2025-01-12 18:46:24";amazing
45349;;"2025-01-12 17:52:05";"great... love from Aditya Construction"
45350;;"2025-01-12 16:13:50";"Not working properly and want money for more"
45351;;"2025-01-12 16:07:39";"good game"
45352;;"2025-01-12 15:49:53";"Coolio 😎"
45353;;"2025-01-12 15:30:53";"It always says that it's under maintenance when you try to generate designs. So, you can't rely on this."
45354;;"2025-01-12 15:19:13";"This is the best app I've used for home designing."
45355;;"2025-01-12 14:14:58";"Waste, first they ask tk rate and then ask for buying package"
45356;;"2025-01-12 14:05:59";wonderful
45357;;"2025-01-12 13:46:03";"greatest app"
45358;;"2025-01-12 13:12:18";excellent
45359;;"2025-01-12 12:42:15";"very nice"
45360;;"2025-01-12 12:08:39";Good
45361;;"2025-01-12 11:40:33";ok
45362;;"2025-01-12 11:34:08";perfect
45363;;"2025-01-12 11:05:19";Excellent.
45364;;"2025-01-12 10:54:42";ok
45365;;"2025-01-12 10:26:39";👍
45366;;"2025-01-12 10:19:27";"Excellent tool, Helped my dreams come into reality"
45367;;"2025-01-12 10:17:33";"Scam! Already subscribe but dont work at all!!!!"
45368;;"2025-01-12 10:00:42";interesting
45369;;"2025-01-12 09:39:15";Good
45370;;"2025-01-12 08:37:13";"great new ideas and innovative designa"
45371;;"2025-01-12 08:17:18";"excellent 👍"
45372;;"2025-01-12 08:01:30";"useful apps"
45373;;"2025-01-12 07:54:16";"it's great👍👏😊"
45374;;"2025-01-12 07:31:03";"too stupid app"
45375;;"2025-01-12 06:00:04";op
45376;;"2025-01-12 05:33:05";"nothing to say"
45377;;"2025-01-12 05:24:24";"best aap for home decor"
45378;;"2025-01-12 05:17:28";nice
45379;;"2025-01-12 01:15:09";"Is not free, i only could do one picture and then it was asking me for subscription, also as I can see in the other reviews, this is a SCAM."
45380;;"2025-01-12 00:54:01";"good app helped me to design my space"
45381;;"2025-01-12 00:51:21";"very helpful app thank you so much"
45382;;"2025-01-12 00:18:58";great
45383;;"2025-01-11 23:25:19";"Great Free AI site. Very helpful."
45384;;"2025-01-11 23:14:24";"I haven't use the app... Yet you want my rating"
45385;;"2025-01-11 23:00:18";"Scam, and there is no way to contact them, i didn't subscrip for 1 year but they took the money anyway, do not download I need a refund ASAP"
45386;;"2025-01-11 22:58:01";"rate as the app opens. damn let me try the app first"
45387;;"2025-01-11 21:53:12";"Very innovative... I recommend"
45388;;"2025-01-11 20:22:39";Intoe
45389;;"2025-01-11 19:58:21";"can i try it out first looks good though"
45390;;"2025-01-11 19:00:55";"Brilliant 👏"
45391;;"2025-01-11 18:35:18";"good 👍"
45392;;"2025-01-11 18:30:00";😎🆒
45393;;"2025-01-11 18:18:25";"nice idea"
45394;;"2025-01-11 17:54:37";"VERY COSTLY..."
45395;;"2025-01-11 17:41:05";awsome
45396;;"2025-01-11 16:48:55";good
45397;;"2025-01-11 16:22:07";"great app for those of us without a designing eye"
45398;;"2025-01-11 16:03:36";"Saves lots of time and money. Modern and space-saving designs."
45399;;"2025-01-11 16:02:29";good
45400;;"2025-01-11 15:26:00";"great app"
45401;;"2025-01-11 15:24:17";nice
45402;;"2025-01-11 15:12:38";"Before using this app you are asking to give the review on what base we can give you the star?"
45403;;"2025-01-11 14:58:56";"perfect 👌"
45404;;"2025-01-11 14:49:46";"I don't even want to give this a star! Signed for the free trial and uninstalled this app within seconds of the rendering. No concept of clearing clutter or seeing the true bones of the room. No sense paying for something I could do myself and for FREE! There shouldn't be a charge to my account for any reason either... just saying!"
45405;;"2025-01-11 14:18:31";"good and easy"
45406;;"2025-01-11 14:13:07";"I didn't try yet"
45407;;"2025-01-11 13:51:01";good
45408;;"2025-01-11 13:46:45";"not yet experience"
45409;;"2025-01-11 13:26:42";super
45410;;"2025-01-11 12:48:42";"It was nowhere near helpful. I liked the design I already have rather than what this app created. It really wasn't good enough!"
45411;;"2025-01-11 12:29:28";excellent
45412;;"2025-01-11 11:59:53";"just getting started"
45413;;"2025-01-11 10:43:49";"I don't know what to say yet"
45414;;"2025-01-11 10:39:42";"They stole my money... They asked me to pay again after I paid"
45415;;"2025-01-11 10:12:30";super
45416;;"2025-01-11 09:57:17";great
45417;;"2025-01-11 09:43:04";"very good"
45418;;"2025-01-11 09:12:35";"Good, interesting"
45419;;"2025-01-11 08:33:23";"It's my first time , I hope I am satisfied with this app for free"
45420;;"2025-01-11 06:37:59";good
45421;;"2025-01-11 06:32:03";good
45422;;"2025-01-11 06:14:36";"making design"
45423;;"2025-01-11 06:02:46";good
45424;;"2025-01-11 05:02:02";"unsure of the app looks very helpful"
45425;;"2025-01-11 04:13:10";"Literal garbage. Even using a custom prompt the app just added garbage, changed the walls, windows, and doors. No intelligence at all"
45426;;"2025-01-11 04:06:54";"nice 👍🏻"
45427;;"2025-01-11 03:55:11";"as an ordinary person, using this app makes me design my house like a pro"
45428;;"2025-01-11 03:48:37";Nice
45429;;"2025-01-11 03:25:17";awesome
45430;;"2025-01-11 02:50:29";"good apps"
45431;;"2025-01-11 01:51:43";"worked perfectly"
45432;;"2025-01-11 01:49:08";عبقري
45433;;"2025-01-11 01:10:25";"bagus rumah mewah"
45434;;"2025-01-11 01:00:01";"great app"
85334;;"2024-08-25 11:06:49";"A terv generálása során simán eltünteti pl. az ablakokat. Amit meg készít, totál amatőr kinézetű terv. De induláskor egyből ajánlják az előfizetést. Felejtős."
85271;;"2025-01-13 18:36:50";"Ζητάει να πληρώσεις για όλα."
85078;;"2024-10-13 07:48:58";bagus
85016;;"2024-11-03 01:59:11";"Semoga AI pada program arsitek ini mudah dipelajari dan dipergunakan ..."
84826;;"2024-12-08 10:48:24";"semoga bermanfaat"
84765;;"2024-12-14 12:53:31";"Sangat Praktis. Saya pakai Samsung Galaxy S 24 FE, hasilnya memuaskan. 👍🙏"
84578;;"2025-01-01 06:23:39";"bermaanfaat sekali buat yg baru mau design rumah"
84518;;"2025-01-06 03:20:16";"Not yet"
84334;;"2025-01-25 15:42:56";"gooddd dd"
84275;;"2025-02-02 05:18:23";"bagus coba dlu"
85027;;"2024-10-27 17:19:49";"masih mencoba"
79428;;"2024-08-16 03:33:50";Tốt
79370;;"2024-11-27 22:10:40";good
77657;;"2025-02-04 18:48:35";"fantastica app"
77600;;"2024-09-25 21:13:47";Sucks
77426;;"2024-10-13 20:43:03";top
77370;;"2024-10-26 21:40:50";"Fala que tem opção gratuita mas quer cobrar. Então coloca que é pago logo"
77314;;"2024-11-12 14:23:06";ótimo
77144;;"2024-12-13 05:54:13";"UM APLICATIVO QUE A PRIMEIRA COISA QUE FAZ É PEDIR UMA AVALIAÇÃO ANTES DE SER USADO, SE QUISER UTILIZAR PAGA MUITO CARO , E ATE PODE UTILIZAR UMA VERSÃO COM PROPAGANDAS MAS É MUITO RUIM.... Desinstalando..."
77089;;"2024-12-17 20:41:58";testando
76922;;"2025-01-15 00:15:35";"muito bom gostei bastante uhuuuu"
76868;;"2025-01-23 20:26:46";"muito bom"
76814;;"2025-01-30 10:11:21";Espetacular
76651;;"2025-02-08 14:03:31";"Não baixem! Não conseguimos cancelar depois. É de um app que era de graça 3 dias. Mas quando chegam os 3 dias não conseguimos mais cancelar. Não tem opção no app. Aí fica cobrando na minha fatura. Já foi cobrado duas vezes, em menos de 10 dias."
76598;;"2025-02-12 07:24:10";"Comprei e não consigo cancelar !!!!!!"
76545;;"2025-02-15 12:30:11";"muito bom"
73313;;"2024-10-11 06:38:48";cool
73260;;"2024-10-26 07:45:15";"super application je recommande"
84287;;"2025-02-01 01:17:36";amazing
73051;;"2024-12-20 19:42:58";"je viens de télécharger l'application et je n'ai pas encore eu le temps de l'essayer"
72999;;"2025-01-02 22:10:38";"très bonne initiative"
77101;;"2024-12-16 14:37:50";bom
72795;;"2025-01-31 23:22:08";super
72744;;"2025-02-05 17:33:09";"je me laisse le tps se tester"
76609;;"2025-02-11 15:25:59";otimo
72545;;"2024-09-28 11:02:00";"Неработает , одна реклама"
72495;;"2024-12-18 16:33:35";😌😌😌
70945;;"2024-07-07 03:58:54";❤️
76827;;"2025-01-28 21:18:53";legal
70752;;"2025-02-01 20:56:34";Nice
70703;;"2025-02-10 18:55:22";"التطبيق راع جدا..."
70663;;"2025-02-21 14:28:48";جميل
70517;;"2024-09-28 02:03:42";"Pésimo solo te deja usarla una vez y luego te pide pagar, que por los comentarios no vale la pena"
70470;;"2024-10-02 19:15:34";💯
70423;;"2024-10-07 03:13:22";"veo que onda"
76829;;"2025-01-28 20:25:28";excelente
70243;;"2024-10-23 06:14:47";"Muy mala"
70197;;"2024-10-28 01:24:33";excelente
70151;;"2024-11-02 20:50:53";"recién estoy probando la app"
79448;;"2025-01-19 20:38:53";"jest ok"
69977;;"2024-11-20 03:48:10";"Aún no lo ocupo, espero sea mágico."
69932;;"2024-11-24 16:27:08";Excelente
69895;;"2024-11-26 03:32:59";"probaré la.app me la recomendaron espero pueda cumplir las espectativas aunque desde ya me parece una app muy útil"
84481;;"2025-01-08 08:47:15";mantap
69719;;"2024-12-07 11:43:37";"excelente herramienta"
69675;;"2024-12-08 18:46:52";excelente
66631;;"2024-12-09 12:36:37";"muy buena"
66587;;"2024-12-10 00:58:08";genial
84786;;"2024-12-12 06:59:22";"cb dulu"
66426;;"2024-12-14 01:15:49";"buenas app para poder empezar hacer tu casa"
66383;;"2024-12-15 10:25:50";"aún no la uso"
66340;;"2024-12-16 00:07:29";"La voy a probar primero"
66640;;"2024-12-09 04:29:23";"voy a probarla recién"
77622;;"2025-02-16 11:56:02";"È una bella app,ok che è a pagamento. Ma costa troppo:("
66143;;"2024-12-21 13:03:31";Excelente
66101;;"2024-12-22 14:24:16";excelente
66059;;"2024-12-23 15:51:23";"Super práctico"
72460;;"2025-02-04 09:55:33";"Не работает"
65912;;"2024-12-26 22:07:01";bien
65872;;"2024-12-27 17:56:20";"exelente app"
65832;;"2024-12-28 13:26:49";genial
65792;;"2024-12-29 00:17:30";genial
72761;;"2025-02-03 23:25:45";👍
65653;;"2024-12-31 12:51:33";"Excelente aplicación"
65614;;"2025-01-01 01:21:07";cool
65575;;"2025-01-01 17:00:04";excelente
65536;;"2025-01-02 12:54:07";impresionantes
70768;;"2025-01-30 11:56:03";ok
85302;;"2024-04-09 17:55:14";"Don't waste your time"
65365;;"2025-01-04 12:51:08";excelente
65327;;"2025-01-04 23:05:02";"no la eh usado vamos a ver que tal"
65289;;"2025-01-05 11:15:31";❤️👌🏻
69732;;"2024-12-07 00:35:14";buenisimo
77339;;"2024-11-03 18:26:25";Excelente.
69902;;"2024-11-25 23:36:52";"apenas la voy a probar"
77570;;"2024-12-16 13:26:36";"Leider überhaupt nicht wie vorgestellt. Es werden generische Bilder erstellt, ohne die Vorlage zu beachten. Ich habe eine Wand mit einer Ecke fotografiert, die ist in der KI Version komplett weg."
62052;;"2025-01-08 01:30:09";"excelentes ideas gran aplicación"
62015;;"2025-01-08 14:31:54";"No me gustó es una aplicación con pago con tarjeta"
61978;;"2025-01-09 01:53:27";"excelente aplicación... remodele.mi habitación"
65374;;"2025-01-04 06:12:41";"Muy bien"
70488;;"2024-10-01 08:48:40";"excelente me gustó mucho me encanta esta app"
84549;;"2025-01-03 14:02:42";"baru mencoba"
61789;;"2025-01-11 06:56:57";"maravilloso me encanta"
61753;;"2025-01-11 16:31:35";"muy bonito ❤️"
61717;;"2025-01-12 01:26:17";"interesante, puedo ver más clara la idea que tengo para decorar."
65299;;"2025-01-05 07:14:28";👌
70261;;"2024-10-22 00:55:00";"muy bien"
79458;;"2024-12-29 18:07:58";"What a disaster"
61538;;"2025-01-13 22:31:49";Excelente
61503;;"2025-01-14 03:43:33";"Muy bien"
61468;;"2025-01-14 14:37:26";"Me encanta!"
62023;;"2025-01-08 13:26:56";"Aun no la ocupo pero se ve bien la aplicación, hay que probarlo!"
66356;;"2024-12-15 20:02:13";"Es pago"
73285;;"2024-10-17 22:51:37";bien
61298;;"2025-01-16 05:16:58";excelente
61263;;"2025-01-16 15:37:27";genial
61228;;"2025-01-17 00:10:35";"está chida, neta pruebenla"
61193;;"2025-01-17 06:04:12";"Yo solo vine por el slobotzky"
73228;;"2024-11-02 05:27:05";"je vais voir ce que ça propose"
73012;;"2025-01-01 10:20:25";"c'est une application géniale. Très réaliste et efficace"
77574;;"2024-11-29 22:27:20";"Ähm 2x nur nutzbar? und denn mega schlechtes Ergebnis.... 0 Ähnlichkeiten mit dem ursprünglichen Bad und es werden erstmal 3-4x Waschbecken generiert das Bild generiert.... ojeee"
61031;;"2025-01-19 01:08:42";buena
60996;;"2025-01-19 13:12:11";excelente
60961;;"2025-01-19 20:17:12";exelente
60970;;"2025-01-19 17:40:59";excelente
65378;;"2025-01-04 03:03:29";"hasta ahora es interesante, veremos que tal usándola"
70478;;"2024-10-02 03:33:22";"muy helpful"
79461;;"2024-12-26 03:07:29";Super
60771;;"2025-01-22 22:35:59";"aún no la pruebo pero se ve que está de 10 más adelante actualizo mi reseña"
60737;;"2025-01-23 11:16:09";"muy buena aplicación para diseñar sin necesidad de ser profesional"
60703;;"2025-01-24 00:20:40";"Excelente App para diseño de interiores"
60746;;"2025-01-23 03:46:23";Genial
61041;;"2025-01-18 23:19:02";buena
65379;;"2025-01-04 02:46:54";"todavía no la uso pero según lo que ví es buena"
70219;;"2024-10-26 03:03:43";"lo evaluaremos mientras la use"
77576;;"2024-11-26 17:36:19";"Die App ist ein überteurter AI Bildgenerator. Zum Glück gibt es die 3 Testtage... Schließt hier auf keinen Fall ein Abo für Geld ab!"
58984;;"2025-01-27 04:39:49";excelente
58951;;"2025-01-27 17:56:48";"aver que tal"
58918;;"2025-01-28 03:47:15";"maravillosa app"
58885;;"2025-01-28 20:32:45";bien
85280;;"2024-12-11 20:46:41";"It doesn't generate"
84242;;"2025-02-07 02:44:46";"oke membantu"
77159;;"2024-12-11 14:54:07";"ótimo app"
45568;;"2025-01-07 15:47:50";"goo d"
45569;;"2025-01-07 15:44:58";Good
45570;;"2025-01-07 15:33:53";"huh huu"
45571;;"2025-01-07 15:00:26";"My first time using this app just now downloaded"
45572;;"2025-01-07 14:42:17";🙂👍
45573;;"2025-01-07 14:35:26";good
45574;;"2025-01-07 14:19:13";🤠🤠
45575;;"2025-01-07 13:57:37";ok
45576;;"2025-01-07 13:36:07";"thank you..good apps"
45577;;"2025-01-07 13:29:47";"I love it"
45578;;"2025-01-07 13:17:00";amazing
45579;;"2025-01-07 13:14:04";nice
45580;;"2025-01-07 13:07:39";"I'm don't be like this App be you buy"
45581;;"2025-01-07 13:04:47";super
45582;;"2025-01-07 13:00:49";good
45583;;"2025-01-07 12:43:52";"a must to install if you have a home"
45584;;"2025-01-07 11:37:15";opppp
45585;;"2025-01-07 11:29:45";niche
45586;;"2025-01-07 11:27:29";"super great app. very much appreciated"
45587;;"2025-01-07 11:15:16";"Good 👍"
45588;;"2025-01-07 10:49:40";amazing
45589;;"2025-01-07 10:31:38";"Good app"
45590;;"2025-01-07 10:21:48";"Best app"
45591;;"2025-01-07 09:34:35";cool
45592;;"2025-01-07 09:24:04";"no need to think harder just follow and copy their design"
45593;;"2025-01-07 09:22:55";"I will let you know 😜"
45594;;"2025-01-07 08:45:27";"Peace Joseph German"
45595;;"2025-01-07 08:03:44";"great ideas"
45596;;"2025-01-07 07:48:53";"very easy to use"
45597;;"2025-01-07 07:29:09";"i think its cool to have this app helping people decide on what to do with their space"
45598;;"2025-01-07 07:05:53";"Pathetic, this app first don't process until you don't give good ratings, after ratings it process further and pushes the user to purchase the subscription"
45599;;"2025-01-07 06:51:53";"susubukan ko palang kung maganda ba Siya gamitin.."
45600;;"2025-01-07 05:37:37";Good
45601;;"2025-01-07 05:32:08";"Very good"
45602;;"2025-01-07 04:46:39";Ok
45603;;"2025-01-07 04:16:32";"Scam it wont let you unsubscribe the payment even if it's useless and even if you uninstall it."
45604;;"2025-01-07 04:15:43";excelente
45605;;"2025-01-07 03:07:09";"Just came here"
45606;;"2025-01-07 02:37:22";"Honestly dumb. Pretty much takes your existing home/furnishings and turns them into some very nonsensical pieces of furniture. Also only allowed me to try twice before expecting me to sign up for weekly payments, or a 3 day free trial. No thanks!"
45607;;"2025-01-07 02:19:35";"about to try it"
45608;;"2025-01-07 02:10:28";good
45609;;"2025-01-06 22:29:32";"good nice"
45610;;"2025-01-06 20:53:02";good
45611;;"2025-01-06 18:29:13";"Very good app"
45612;;"2025-01-06 17:59:09";good
45613;;"2025-01-06 17:41:00";"Fake Application so many times cut my money whith out any otp and my permission so any body don't waste your valuable time and money. I loss 10,000/-rupees. Whith out my any permission. Fake app"
45614;;"2025-01-06 17:07:08";"Very helpful"
45615;;"2025-01-06 16:20:58";"is really good"
45616;;"2025-01-06 16:17:10";good
45617;;"2025-01-06 16:02:22";nice
45618;;"2025-01-06 16:00:47";"looks nice so far"
45619;;"2025-01-06 15:48:10";good
45620;;"2025-01-06 15:30:16";"like it💯"
45621;;"2025-01-06 15:27:31";"This Application, truthfully allows you to design your own dream home (interior and exterior). As a newly married person, I look forward to diving deeply into and within this space."
45622;;"2025-01-06 15:18:26";good
45623;;"2025-01-06 15:07:37";"👍👍 nice"
45624;;"2025-01-06 13:49:43";"Excellent idea put forward. This AI seems to be an electrifying moment drawn to be ,I should confess, extraordinarily gifted to me, by my God. you maynot believe. Please study the suggestions put forward in the app mixing your studied knowledge, concentrating all Into the project and see how all one can transform the development with very remarkable images no one ever crafted like this your creation."
45625;;"2025-01-06 13:33:52";"good thanks 🙂"
45626;;"2025-01-06 13:27:23";tryin
45627;;"2025-01-06 13:18:33";excellent
45628;;"2025-01-06 13:13:02";"ok yessss"
45629;;"2025-01-06 13:01:04";"Money. This is my payment greedy"
45630;;"2025-01-06 12:19:33";"This app is my tutor / interior designer in designing my 2 storey farm house."
45631;;"2025-01-06 12:04:04";"it's a very good app"
45632;;"2025-01-06 11:46:44";massive
45633;;"2025-01-06 11:43:00";ok
45634;;"2025-01-06 11:29:57";"The app is more than I expected it to be."
45635;;"2025-01-06 11:02:27";"very good"
45636;;"2025-01-06 10:17:08";"you will love this app. dont gesitate to try"
45637;;"2025-01-06 09:37:33";"very good 👍"
45638;;"2025-01-06 09:17:38";nice
45639;;"2025-01-06 09:12:17";"home ai would help us improve our home visualize our imagination"
45640;;"2025-01-06 07:11:56";"I guess it would be good"
45641;;"2025-01-06 07:04:52";"I used this app for my home renovation and the user experience is bad + the suggestions given by the app needs improvement."
45642;;"2025-01-06 06:23:07";اوك
45643;;"2025-01-06 05:47:46";nice
45644;;"2025-01-06 05:45:53";ok
45645;;"2025-01-06 05:17:06";"Simply awesome 👌"
45646;;"2025-01-06 05:05:25";"It said it will be 0.77per week. I opted for trial and it automatically paid 39usd for the whole year. I need my refund"
45647;;"2025-01-06 04:04:21";"Good app"
45648;;"2025-01-06 03:45:04";"good app"
45649;;"2025-01-06 00:29:26";"the app is amazing"
45650;;"2025-01-05 21:55:09";good
45651;;"2025-01-05 20:49:26";👍👍👍👍
45652;;"2025-01-05 20:44:54";"nice app"
45653;;"2025-01-05 20:41:23";👍🏼
45654;;"2025-01-05 20:34:46";good
45655;;"2025-01-05 18:41:39";"Unable to upload photo with error in app. Wasted money"
45656;;"2025-01-05 18:34:26";"Downloaded it, worked for about an hour and have since had maintenance being done and not able to use it. This after I paid for it. It's not worth paying for if they have maintenance on it the whole time."
45657;;"2025-01-05 18:26:16";"very bad"
45658;;"2025-01-05 17:55:58";super
45659;;"2025-01-05 17:25:50";"very well"
45660;;"2025-01-05 16:52:19";cool
45661;;"2025-01-05 16:21:58";"Useless, you might get one photo out of it then it's forcing you to subscribe to a pay later plan nonsense"
45662;;"2025-01-05 16:08:28";good
45663;;"2025-01-05 15:38:17";good
45664;;"2025-01-05 14:28:02";good
45665;;"2025-01-05 14:22:54";good
45666;;"2025-01-05 13:56:30";"Lund app"
45667;;"2025-01-05 13:18:28";Nice
45668;;"2025-01-05 13:09:10";mantab
45669;;"2025-01-05 11:53:12";good
45670;;"2025-01-05 10:22:45";"best designers i ever met"
45671;;"2025-01-05 09:37:08";good
45672;;"2025-01-05 09:33:36";"After you download they want you to rate the app then ask I for payment. Not good at all. Absolute scam app."
45673;;"2025-01-05 09:27:03";ok
45674;;"2025-01-05 08:53:39";"just open the app for the 1st time dont know how this app works yet"
45675;;"2025-01-05 08:41:31";good
45676;;"2025-01-05 08:39:48";good
45677;;"2025-01-05 08:22:09";good
45678;;"2025-01-05 08:18:26";nice
45679;;"2025-01-05 08:10:12";"Nice apps give u nice ideas to have a relaxing and nice designs in ur home"
45680;;"2025-01-05 08:04:38";"excellent app"
45681;;"2025-01-05 07:59:04";"it's a nice app"
45682;;"2025-01-05 07:05:54";"Just amazing!!!"
45683;;"2025-01-05 07:05:22";"i love it🥰"
45684;;"2025-01-05 06:46:17";"I still dn"
45685;;"2025-01-05 06:26:50";"Unreasonable price charges"
45686;;"2025-01-05 06:11:23";bagus
45687;;"2025-01-05 05:19:01";"They are deducting money and I am not able to get unsubscribe option at all."
45688;;"2025-01-05 04:53:14";"woow what an app"
45689;;"2025-01-05 04:49:24";"very 👍"
45690;;"2025-01-05 04:04:00";"Excellent app"
85333;;"2024-10-29 06:50:02";"Pro nélkül semmit nem ér, de addig biztos nem fizetek, amíg nem látom, hogy kepes-e egyáltalán valami értékelhetőre"
85270;;"2025-01-14 17:12:15";"Μέτρια όλο τα ίδια και ίδια style σου βάζει"
85077;;"2024-10-13 08:57:22";Ok
85015;;"2024-11-03 05:25:13";"Patut untuk dicoba"
84825;;"2024-12-08 12:10:07";"belum dicoba"
84764;;"2024-12-14 13:51:14";"Hanya 3 kali percobaan terus disuruh bayar. Sangat tidak membantu"
84577;;"2025-01-01 06:55:19";"belum coba, 4 dulu ya"
84517;;"2025-01-06 03:21:38";bagus
84333;;"2025-01-25 22:38:01";good
84274;;"2025-02-02 16:44:07";good
85089;;"2024-10-09 16:11:00";"good App"
79427;;"2024-08-21 03:17:59";"quá oke"
79369;;"2024-11-28 11:32:25";ok
77656;;"2025-02-05 22:03:50";"mi piace facile e creativa spero che un domani sarà ancora più pratica ."
77599;;"2024-09-26 19:45:42";"Die Bewertungen sind klickbait man kann nichts verändern"
77425;;"2024-10-14 00:44:54";"Da 1ª vez não gostei, baixei depois da atualização achei bem interessante. Opções bacanas pra ideias de casa. Superou minhas expectativas."
77369;;"2024-10-26 23:55:37";"ainda iniciando"
77313;;"2024-11-12 17:37:36";legal
77143;;"2024-12-13 11:11:40";"app muito bom"
77088;;"2024-12-17 21:03:52";"Uma tristeza......"
76921;;"2025-01-15 00:54:52";top
76867;;"2025-01-24 00:22:57";bom
76813;;"2025-01-30 10:44:09";"muito bom"
76650;;"2025-02-08 14:37:13";"achei o app maravilhoso"
76597;;"2025-02-12 10:08:50";"acho maravilhoso"
76544;;"2025-02-15 15:45:10";optimo
73312;;"2024-10-11 07:23:19";"tres bien"
73259;;"2024-10-26 09:01:07";super
77100;;"2024-12-16 15:05:13";"Programa top demais"
73050;;"2024-12-21 00:15:57";"tres bon jeux"
72998;;"2025-01-03 06:10:18";ok
77156;;"2024-12-11 18:10:43";perfeito
72794;;"2025-02-01 07:52:39";"très beau 👍"
72743;;"2025-02-05 17:37:15";"Très facile d'utilisation, les modèles générés sont si inspirant qu'ils donnent envie de tout rénover. IA très efficace et qui donne un rendu parfait dépourvu des défauts récurrents des images générées par IA. La version gratuite ne donne pas beaucoup d'essai mais l'abonnement à l'année est une bonne option. Les créations sont un peu longues et il est dommage de devoir re-séléctionner la photo à chaque changement de thème. Sinon, géniale, bravo aux développeurs 👏"
76662;;"2025-02-07 11:25:46";"Péssimo, não instalem. Não tem como cancelar a adesão facilmente."
72544;;"2024-09-29 11:41:18";"great!!! 👍👍👍"
72494;;"2024-12-22 19:19:11";"good app"
70944;;"2024-07-23 23:27:58";ممتاز
76881;;"2025-01-21 16:02:31";ótimo
70751;;"2025-02-01 21:23:28";رائع
70702;;"2025-02-11 08:20:43";"فاشل اقسم بالله"
70711;;"2025-02-09 00:37:48";"تطبيق غير مجانى . واجراءت الالغاء والخروج منه صعبه ولا يمنحك الوق تلمجانى فى البدايه الا بعد اجراء الاشتراك وادخال رقم الكارت البنكى"
70516;;"2024-09-28 04:33:51";"sun no usea vamo a ver"
70469;;"2024-10-02 19:28:54";"vamos a probarla"
70422;;"2024-10-07 07:05:45";"voy a ensayar"
76883;;"2025-01-20 06:32:07";"muito bom"
70242;;"2024-10-23 06:25:24";"muy buena"
70196;;"2024-10-28 01:41:21";"excelente app"
70150;;"2024-11-03 05:42:48";"es muy estimulante"
84237;;"2025-02-07 14:44:00";"nice apk"
69976;;"2024-11-20 13:12:07";"Un app genial 😁"
69931;;"2024-11-24 16:48:31";"muy padro"
69940;;"2024-11-23 19:22:10";buenísimo
84541;;"2025-01-04 04:37:05";"Semoga Bagus desain nya, saya baru pemula"
69718;;"2024-12-07 12:10:07";"Es interesante"
69674;;"2024-12-08 19:14:23";"excelente, creativa,eficaz,"
66630;;"2024-12-09 12:57:18";"aun no pruebo la app"
66586;;"2024-12-10 01:38:07";bien
70667;;"2025-02-20 15:17:53";ممتاز
66425;;"2024-12-14 02:09:42";super!!!
66382;;"2024-12-15 11:26:20";probando
66339;;"2024-12-16 00:10:56";buenas
69684;;"2024-12-08 16:54:52";"La aplicación pide una reseña antes de comenzar, a ver qué tal"
77679;;"2025-01-25 16:42:37";ok
66142;;"2024-12-21 13:04:23";"la instale espero que me ayude a mejorar mis ideas"
66100;;"2024-12-22 14:31:16";ok
66058;;"2024-12-23 17:29:57";ex
72510;;"2024-11-26 05:02:45";класс
65911;;"2024-12-26 22:14:14";bueno
65871;;"2024-12-27 18:55:35";"muy útil"
65831;;"2024-12-28 13:28:11";"buena buena"
65800;;"2024-12-28 21:10:33";súper
72812;;"2025-01-30 12:09:37";"Faut payer."
65652;;"2024-12-31 13:56:57";excelente
65613;;"2025-01-01 01:38:51";"No sirve, nunca carga, siempre me dijo que estaba en mantenimiento y no hizo su función"
65574;;"2025-01-01 17:23:25";interesante
65544;;"2025-01-02 04:09:01";excelente
70912;;"2024-10-20 12:06:49";"الا بذكر الله تطمئن القلوب اذكروا الله يذكركم وأشكروه على نعمه يزدكم واستغفروه يغفر لكم"
85365;;"2025-01-25 22:12:42";"Plaća se a nigde nije naglašeno"
65364;;"2025-01-04 13:06:38";excelente!!!
65326;;"2025-01-04 23:21:27";"recién la instale, la probaré y después les diré"
65288;;"2025-01-05 11:20:02";"No deja crear más de dos diseños con la IA. Después de eso tenés que pagar, incluso si pedís la prueba ""gratuita""."
76885;;"2025-01-20 01:02:20";"tô testando"
77395;;"2024-10-22 01:06:58";"É muito bom. consegui decorar e reformar minha casa, graças a esse aplicativo."
69947;;"2024-11-22 19:06:01";"vamos a ver como funciona esta aplicación"
77627;;"2025-02-13 19:08:24";"le 5 stelle sono sulla fiducia visto che manco il tempo di aprire l'app e mi chiedono di recensire ."
62051;;"2025-01-08 01:43:21";Excelente
62014;;"2025-01-08 15:08:09";buena
61977;;"2025-01-09 02:10:24";"excelente app"
84243;;"2025-02-06 22:19:30";"so cool is good idea di smart apk thk you"
79388;;"2024-11-12 11:35:19";ok
84736;;"2024-12-16 15:44:12";"aplikasi oke"
61788;;"2025-01-11 06:58:07";Bien
61752;;"2025-01-11 16:44:32";"Primera vez que lo usaré ojalá sea fácil"
61716;;"2025-01-12 02:01:54";super
65337;;"2025-01-04 20:31:37";"excelente trabajo"
70712;;"2025-02-08 21:46:18";تمام
84247;;"2025-02-06 13:41:57";"very good"
61537;;"2025-01-13 22:46:17";"opinión antes de usas la app"
61502;;"2025-01-14 03:53:04";chévere
61467;;"2025-01-14 14:38:06";veremos
61726;;"2025-01-12 00:03:39";genial
66399;;"2024-12-14 20:10:47";exelente
73338;;"2024-10-06 12:57:53";ok
61297;;"2025-01-16 05:26:54";excelente
61262;;"2025-01-16 15:40:40";"la probare un tiempo pero los gráficos se ven super"
61227;;"2025-01-17 00:13:35";"no la he probado aún pero lo que he leído y visto se ve muy buena ojalá al usarla no cambie de opinión"
61192;;"2025-01-17 07:47:21";"esta muy padre"
66112;;"2024-12-22 03:05:31";sensacional
70171;;"2024-10-31 00:37:11";excelente
77631;;"2025-02-13 11:15:45";ottima
61030;;"2025-01-19 01:17:06";"Es de gran apoyo está aplicación."
60995;;"2025-01-19 13:19:58";"Excelente 👌"
60960;;"2025-01-19 20:24:55";genial
61005;;"2025-01-19 11:54:40";"Excelente herramienta"
77625;;"2025-02-14 11:50:22";"Ti adebbitano il costo della prova gratuita nn si riesce ad annullare l'abbonamento"
70445;;"2024-10-06 02:48:42";"excelente app"
84250;;"2025-02-06 07:53:56";mantap
60770;;"2025-01-22 23:05:48";genial
60736;;"2025-01-23 11:16:34";excelente
60702;;"2025-01-24 00:27:34";bien
60780;;"2025-01-22 18:10:41";ok
76572;;"2025-02-13 20:37:44";"excelente parabéns"
77568;;"2024-12-23 06:41:13";"macht schöne Redesigns, allerdings In der kostenlosen Version zwei Gestaltungen möglich"
70265;;"2024-10-21 03:31:26";"todavía no use la aplicación.pero parece buena"
77633;;"2025-02-12 16:34:09";"Ho pagato 5 euro ma nn va"
58983;;"2025-01-27 04:46:12";Buena
58950;;"2025-01-27 18:14:59";👍
58917;;"2025-01-28 04:34:48";"Muy mala App, la instale para probar pero no me resultó útil, así q la desinstale , pero igual me cobraron y ni siquiera hay un número para reclamar o chat para contactar ... pésimo."
58884;;"2025-01-28 21:01:50";bueno
70917;;"2024-10-11 18:33:36";🥰
76666;;"2025-02-07 01:28:40";"muito bom"
70680;;"2025-02-17 18:58:14";"كلو كذب هو أصلا بإشتراك وحتى المدة تجريبية بايخة"
45824;;"2025-01-01 19:41:36";"Waste of time, everything behind a paywall. Used free features and it didn't work very well - aparently a kitchen without a roof is the latest craze? Who knew. Don't waste your time, avoid 👍"
45825;;"2025-01-01 19:05:06";"Based app"
45826;;"2025-01-01 18:12:24";"good 👍"
45827;;"2025-01-01 17:57:11";"ok ok"
45828;;"2025-01-01 17:48:46";nice
45829;;"2025-01-01 16:48:08";Poor
45830;;"2025-01-01 16:45:13";"beat app ever"
45831;;"2025-01-01 16:36:02";"I was charged for a year although I am in a trial period. Anyone received a refund? How? I can't see any ""Manage Account"" button. It's so frustrating. I was expecting something better; changing a style is not much for such a high fee. ChatGPT gives free, real, complete design ideas for a room. I am trying to cancel, but the only button on this app, ""My Profile,"" does not open, so I cannot unsubscribe. Please provide contact information. I want to speak to someone about this."
45832;;"2025-01-01 16:35:55";"Subscription only. Doesn't help design, can do the same thing/better on free ai image generators"
45833;;"2025-01-01 16:21:07";"It just creates random things, i said to cover some pipes in the kitchen it generated close to exhaust pipes. I photographed a room to see what it can do and ot generates images in which i should take down a wall. Puts 2 sinks near eachother etc. Not worh the money"
45834;;"2025-01-01 16:09:41";"great job"
45835;;"2025-01-01 16:06:49";good
45836;;"2025-01-01 16:05:09";fantastic
45837;;"2025-01-01 15:59:42";"very good app"
45838;;"2025-01-01 15:24:38";okee
45839;;"2025-01-01 14:55:50";"Great app helped me design my dream room"
45840;;"2025-01-01 14:18:45";go
45841;;"2025-01-01 14:09:06";"superb quality free interior options friendly use"
45842;;"2025-01-01 14:01:14";"simple and nice"
45843;;"2025-01-01 13:29:52";"Perfect app ever for all your interior decor"
45844;;"2025-01-01 12:48:02";good
45845;;"2025-01-01 12:23:26";"Did not find it user-friendly. The app is not able to understand the requirements and generate the picture. I want a refund. The Home AI app team, please help to refund my payment of Rs.3950"
45846;;"2025-01-01 11:40:32";"very bad"
45847;;"2025-01-01 11:28:10";"very good aap"
45848;;"2025-01-01 11:15:03";"nice aap"
45849;;"2025-01-01 10:49:42";"It will ask u to rate this app first before u can use it , people will give them 5star and that is why they have good ratings. Anyway, I changed it from 5 to 1 star cause it wont let u try the TRIAL for 3days if u dont have a card to provide."
45850;;"2025-01-01 10:17:18";good
45851;;"2025-01-01 10:16:14";"I want to refurbish my house................."
45852;;"2025-01-01 10:05:23";beautiful
45853;;"2025-01-01 09:58:41";"completely worth the download."
45854;;"2025-01-01 09:27:53";Great
45855;;"2025-01-01 09:04:49";Excellent
45856;;"2025-01-01 08:49:19";"Nice app"
45857;;"2025-01-01 08:38:32";"very good"
45858;;"2025-01-01 08:31:02";"it's a nice app, great work"
45859;;"2025-01-01 07:27:42";"great dtuff"
45860;;"2025-01-01 07:13:18";good
45861;;"2025-01-01 06:16:58";"I cannot workout how to cancel my subscription to this app. It is not good and I want to cancel immediately."
45862;;"2025-01-01 04:02:41";"very good"
45863;;"2025-01-01 03:50:52";awrsome
45864;;"2025-01-01 03:32:50";good
45865;;"2025-01-01 02:59:20";Useless
45866;;"2025-01-01 02:29:17";"great application for designing an improving homes, like bedrooms, kitchen, living room dining rooms, no need for professional help with are very costly"
45867;;"2025-01-01 02:06:44";"Scam! they will charge you for one year subscription even if they say you can cancel anytime. the app is not even useful, super ugly designs that AI makes. pffft."
45868;;"2024-12-31 20:23:29";good
45869;;"2024-12-31 18:29:11";good
45870;;"2024-12-31 18:27:21";"This app is not just a scam who created this app is a thief 3 time in one month they took from my card and i didnt authorize any of it"
45871;;"2024-12-31 18:06:00";"Very Good"
45872;;"2024-12-31 17:26:19";"good 👍"
45873;;"2024-12-31 16:53:08";excellent
45874;;"2024-12-31 16:13:58";"it's ohk"
45875;;"2024-12-31 16:10:58";good
45876;;"2024-12-31 14:16:05";good
45877;;"2024-12-31 13:42:18";good
45878;;"2024-12-31 13:32:33";perfect
45879;;"2024-12-31 13:30:52";"Do not download if u want free"
45880;;"2024-12-31 13:24:41";"good one"
45881;;"2024-12-31 12:57:38";"let's try it first then I will write my review later"
45882;;"2024-12-31 12:32:33";Good
45883;;"2024-12-31 12:25:19";"nice app"
45884;;"2024-12-31 09:33:33";good
45885;;"2024-12-31 09:28:58";good
45886;;"2024-12-31 09:01:56";"unbelievably helpful"
45887;;"2024-12-31 08:46:18";"Fraud app. Not working asking for payment after download. No other options visible just payment even for trial."
45888;;"2024-12-31 08:33:32";"vahh 😍"
45889;;"2024-12-31 08:28:47";"Greatly helpful"
45890;;"2024-12-31 08:06:14";top
45891;;"2024-12-31 08:02:42";"so great"
45892;;"2024-12-31 07:57:06";"like it 🤌"
45893;;"2024-12-31 06:13:28";good
45894;;"2024-12-31 05:58:24";good
45895;;"2024-12-31 05:36:28";"good morning"
45896;;"2024-12-31 05:24:56";"very nice"
45897;;"2024-12-31 05:00:11";"The best"
45898;;"2024-12-31 04:56:07";good
45899;;"2024-12-31 04:52:52";"lot help in decorating our house🖼🏠"
45900;;"2024-12-31 04:46:04";"stop with premium packages, people don't have money to pay for something every month. only people doing business with this app like interior decoraters should be charged. come on guys be real here."
45901;;"2024-12-31 04:43:47";wow
45902;;"2024-12-31 04:13:06";"good app"
45903;;"2024-12-31 04:11:43";ok
45904;;"2024-12-31 03:50:41";nice
45905;;"2024-12-31 03:39:27";"very nice"
45906;;"2024-12-31 03:14:16";Good.
45907;;"2024-12-31 02:34:50";nice
45908;;"2024-12-31 01:37:07";good
45909;;"2024-12-30 23:44:17";"love it"
45910;;"2024-12-30 23:42:44";good
45911;;"2024-12-30 23:03:46";👍
45912;;"2024-12-30 21:53:20";ok
45913;;"2024-12-30 21:52:29";"using this to redecorate my bedroom"
45914;;"2024-12-30 19:51:28";good
45915;;"2024-12-30 19:38:44";"niiice, best app for interior design"
45916;;"2024-12-30 19:00:53";"Subscription app"
45917;;"2024-12-30 18:34:21";"La app no funciona para nada y lo peor no son sus malos resultados, es que no es posible cancelar la suscripcion en ningun momento. Creo que esto no esta permitido.!!!"
45918;;"2024-12-30 18:17:35";🤩
45919;;"2024-12-30 17:54:00";Terrible
45920;;"2024-12-30 17:32:17";"You're forced to subscribe to autopay even for the free trial!!!"
45921;;"2024-12-30 17:22:55";"I have just installed it , seems to be good"
45922;;"2024-12-30 17:17:36";cool
45923;;"2024-12-30 16:55:57";good
45924;;"2024-12-30 16:17:22";"ford scam chor ap remove form play store"
45925;;"2024-12-30 16:04:28";amazing
45926;;"2024-12-30 15:54:52";Great
45927;;"2024-12-30 15:41:52";"asking for a review before you even use it???? why?"
45928;;"2024-12-30 15:37:05";"good 👍"
45929;;"2024-12-30 15:23:01";wow
45930;;"2024-12-30 15:11:13";"so far so good, very interesting technology and I enjoy the ability of seeing how my place would look."
45931;;"2024-12-30 15:03:44";"Don't trust the 7 days free trial. They take the money and give no refund."
45932;;"2024-12-30 15:02:41";good
45933;;"2024-12-30 14:51:50";excellent
45934;;"2024-12-30 14:46:20";"cute app"
45935;;"2024-12-30 14:36:37";"nice app"
45936;;"2024-12-30 13:50:16";good
45937;;"2024-12-30 13:46:30";"veri good 👍 veri shopar ai app"
45938;;"2024-12-30 13:35:41";amazing
45939;;"2024-12-30 13:19:01";good
45940;;"2024-12-30 12:33:00";good
45941;;"2024-12-30 10:26:04";"flipping amazing..love love love"
45942;;"2024-12-30 09:45:20";"not used yet"
45943;;"2024-12-30 09:21:13";"Not useful. Doesn't follow prompt instructions well at all."
45944;;"2024-12-30 08:18:38";"great please try ."
45945;;"2024-12-30 06:23:47";"most useful"
45946;;"2024-12-30 05:44:38";"that's a best app you can find on playstore right now as a beginner for getting ideas in room designs or structure or for your own home plans. 100% recommend to try once"
85332;;"2024-11-03 14:56:51";"Fizetős. Nem erdemes letolteni sem"
85269;;"2025-01-15 08:47:37";"Gorgeous 😍"
85076;;"2024-10-13 21:18:37";best
85014;;"2024-11-03 06:00:23";baik
84824;;"2024-12-08 12:33:03";nice
84763;;"2024-12-14 14:12:33";"belum dicoba.. semoga memuaskn.."
84576;;"2025-01-01 07:56:06";baikkk
84516;;"2025-01-06 05:34:38";"blm pakai, nanti kalo udah pakai tak tambah lagi bintang nya"
84332;;"2025-01-26 03:06:38";nice
84273;;"2025-02-02 23:36:08";oke
85283;;"2024-12-07 13:59:37";τέλειο
79426;;"2024-08-21 10:17:32";"Trick customers into downloading software"
79368;;"2024-11-30 01:11:12";"Dùng thử vài cái ảnh đã xấu còn mất phí"
77655;;"2025-02-06 10:27:29";"Questa è una bugia e una truffa. Mi hanno preso 37 franchi e poi l'app si è bloccata e ha detto che c'era un errore."
77598;;"2024-09-27 10:36:50";Klasse
77424;;"2024-10-14 10:05:52";otimo
77368;;"2024-10-27 00:25:16";"Não consegui adicionar a foto por nada... paguei e perdi meu dinheiro."
77312;;"2024-11-12 20:07:21";"ótimo app"
77142;;"2024-12-13 11:50:06";"Gostaria de saber como faço o cancelamento, procurei em todos os acessos e nada. Assim que baixei no dia seguinte fiz a desinstalação do aparelho, não encontrei a função cancelar. Preciso do retorno Grata."
77087;;"2024-12-17 21:52:14";"Consegui fazer só uma imagem e ainda saiu bugado,obrigado pela atenção"
76920;;"2025-01-15 08:25:56";"DESINSTALADO ! Fez a cobrança do plano e na hora de dar o resultado do design, ingormou estar EM MANUTENÇÃO!"
76866;;"2025-01-24 15:43:34";excelent
76812;;"2025-01-30 10:55:43";ótimo
76649;;"2025-02-08 14:52:06";😍😍
76596;;"2025-02-12 12:31:51";top
76553;;"2025-02-14 18:15:55";"ainda irei usar, mas adorando por ser gratuito 🙂"
73311;;"2024-10-11 19:24:34";"c est extraordinaire"
73258;;"2024-10-26 09:10:47";"good application"
77155;;"2024-12-11 22:23:06";bom
73049;;"2024-12-21 00:39:55";"je commence à peine le jeu mais je pense que je vais me régaler."
72997;;"2025-01-03 11:57:04";"je viens d'adhérer à l'application"
77327;;"2024-11-09 10:50:44";"Tentei usar mais de uma vez, mas nunca dá certo. Ele substitui por uma imagem que não tem nada a ver, sem contar que a IA acha que meu sofá é uma parede."
72793;;"2025-02-01 12:35:15";👍
72742;;"2025-02-05 18:49:59";nice
76826;;"2025-01-28 21:48:40";"dando 2 estrela poque não tentei ainda !!!"
72543;;"2024-09-30 06:21:46";"Очень плохое работает. Ни одну картинку не сгенерировал еще."
72493;;"2024-12-24 07:31:34";"good luck ❤️"
70943;;"2024-08-13 00:58:29";ممتاز
79381;;"2024-11-18 17:31:58";"rất tốt"
70750;;"2025-02-02 02:59:22";"جميل جدا ولسه مجربتش"
70701;;"2025-02-11 10:52:16";🥰🥰
70760;;"2025-01-31 20:41:47";ممتاز
70515;;"2024-09-28 05:36:58";"aún no la pruebo pero parece prometedora"
70468;;"2024-10-02 21:10:01";"Me llama muchísimo la atención la app pero solo te deja utilizarla una vez gratis, no pude probar si funcionaba para lo que necesito, tengo que comprarla para ver si funciona para lo que lo quiero, está bien vender su producto y limitar su uso a los usuarios gratis, pero sería bueno dar un poco más de holgura"
70421;;"2024-10-07 14:02:02";"La probaré para calificarla mejor"
77610;;"2025-02-04 03:53:13";"아직 사용전이지만 좋을거 같아요"
70241;;"2024-10-23 14:59:07";"super bueno"
70195;;"2024-10-28 01:41:58";"Voy a empezar a utilizarlo. Hay buenos comentarios así que a ver qué tal me va utilizándolo"
70149;;"2024-11-03 05:50:27";👍
84296;;"2025-01-30 03:42:07";"krna bru download, blm tau ide²nya"
69975;;"2024-11-20 15:49:09";Buena
69930;;"2024-11-24 17:01:49";"muy buena la app, me resultó facil de usar se pueden hacer varias cosas y muy versatill bb bb. n."
69985;;"2024-11-19 21:32:51";aplicando
84601;;"2024-12-30 07:53:26";bagus
69717;;"2024-12-07 12:24:01";"Muy buena app para diseñar"
69673;;"2024-12-08 19:37:13";"No pasa nada, no cumple con lo que dice"
66629;;"2024-12-09 14:11:40";"vamos a probar 👌"
66585;;"2024-12-10 02:01:33";"muy buena"
70715;;"2025-02-08 16:15:38";👍🙏👍
66424;;"2024-12-14 02:30:00";"muy buena app"
66381;;"2024-12-15 11:59:10";buena
66338;;"2024-12-16 00:11:45";"Estafa, primero te piden reseña y luego pumm, no es nada de lo que esperas"
69728;;"2024-12-07 01:10:30";"Buena la voy a probar"
79393;;"2024-11-02 16:42:32";good
66141;;"2024-12-21 13:18:54";"buena aplicación"
66099;;"2024-12-22 14:32:02";excelente
66057;;"2024-12-23 17:34:54";super
72560;;"2025-02-21 19:31:36";bien
65910;;"2024-12-26 22:35:58";"Cómo siempre es de pago no es gratuita la app"
65870;;"2024-12-27 18:58:51";super
65830;;"2024-12-28 13:39:21";bueno
65840;;"2024-12-28 11:16:08";"voy a probarlo en mi living y les cuento luego mi experiencia."
72965;;"2025-01-08 10:57:31";"pas encore testé"
65651;;"2024-12-31 14:03:28";maravillosa
65612;;"2025-01-01 01:43:49";Bueno
65573;;"2025-01-01 17:39:28";"perfecto 💯"
65583;;"2025-01-01 16:06:09";"me parese genial la aplicasion"
72462;;"2025-02-02 07:04:54";"Работает очень плохо мягко говоря"
65401;;"2025-01-03 20:51:47";excelente
65363;;"2025-01-04 13:14:46";"excelente aplicación te ayuda a definir espacios con sugerencias muy innovadoras"
65325;;"2025-01-04 23:23:42";"Excelente App, muy innovadora"
65287;;"2025-01-05 11:49:37";"la mejor!"
69901;;"2024-11-26 00:15:31";"voy a probarlo pero parece 3xcelente"
77569;;"2024-12-17 11:35:21";"Mag sein das es funktioniert, aber jemanden direkt bei Beginn auf eine monatliche Gebühr fest nageln zu wollen ärgert mich"
69992;;"2024-11-19 01:27:52";"Está bueno"
77684;;"2025-01-19 14:20:38";"Perfetta nel condividere idee dalle quali prendere spunto per ristrutturare, sistemare angoli di casa e ridefinire i colori e gli spazi. Consigliatissimo"
62050;;"2025-01-08 01:46:53";"Super recomendable la app"
62013;;"2025-01-08 15:11:10";bueno
61976;;"2025-01-09 02:11:15";Bien
70165;;"2024-10-31 21:50:35";bueno
70674;;"2025-02-18 15:36:53";"تحت التجربة"
84797;;"2024-12-10 13:34:17";top
61787;;"2025-01-11 09:12:58";"1000% genial"
61751;;"2025-01-11 16:44:42";"es paga, solo podés hacer 1 simulación."
61715;;"2025-01-12 02:10:09";excelente
65375;;"2025-01-04 04:57:36";"excelente trabajo de la aplicación"
70442;;"2024-10-06 06:36:48";"Muy buena"
84306;;"2025-01-29 03:04:42";"coba dulu"
61536;;"2025-01-13 23:30:00";excelente
61501;;"2025-01-14 03:56:13";interesante
61466;;"2025-01-14 14:38:15";excepcional
61762;;"2025-01-11 14:55:13";"Me encanta,te dá muy buenas y bonitas ideas."
79437;;"2024-07-22 00:12:40";"tuyệt vời"
76571;;"2025-02-13 21:07:18";bom
61296;;"2025-01-16 05:52:37";"es apresurado pero veremos"
61261;;"2025-01-16 15:44:55";genial
61226;;"2025-01-17 00:20:35";"en una sola palabra EXELENTE!!!!"
61191;;"2025-01-17 08:08:24";Estupenda
65301;;"2025-01-05 06:42:22";ok
70217;;"2024-10-26 04:15:14";"muy buena"
77688;;"2025-01-17 23:39:42";"non mi avete pagato mi disp"
61029;;"2025-01-19 01:34:58";"me parece perfecto"
60994;;"2025-01-19 13:27:51";"que buena aplicación"
60959;;"2025-01-19 20:28:21";"Hermosa aplicación!!! 🫡"
61039;;"2025-01-19 00:03:09";excelente
69900;;"2024-11-26 00:27:45";"ugoog ñhvv"
70492;;"2024-09-30 19:25:55";"exelente ap"
84309;;"2025-01-29 01:00:28";"bagus dan inspiratif"
60769;;"2025-01-23 00:11:34";"Muy bueno"
60735;;"2025-01-23 11:17:19";"muy buena"
60701;;"2025-01-24 00:42:45";"Me han cobrado 3 veces!!! En un mes. No es posible!!! Y cobran antes de terminar la prueba."
77064;;"2024-12-19 18:32:43";excelente
77390;;"2024-10-22 15:31:57";"muito bom"
77379;;"2024-10-23 19:25:12";"muito legal"
70431;;"2024-10-06 23:14:23";"vamos a revisar"
77690;;"2025-01-16 04:44:46";"ottima applicazione"
58982;;"2025-01-27 04:47:18";"me parece mal que tengas que darle una reseña sin haber podido utilizar la app"
58949;;"2025-01-27 18:38:16";"nosé como es todavía no puedo dar 5 estrellas a algo que recién descargue y ni la use"
58916;;"2025-01-28 05:20:09";súper.
58883;;"2025-01-28 21:45:08";"muy interesante"
72555;;"2024-08-06 10:59:07";nice
65809;;"2024-12-28 18:59:38";"Excelente aplicación"
70728;;"2025-02-07 06:16:08";"good job"
46080;;"2024-12-27 02:49:05";"good app. thanks"
46081;;"2024-12-27 02:49:03";"Bad apps, slow and didnt work, pricy, just uninstal this after first try"
46082;;"2024-12-27 02:48:34";ok
46083;;"2024-12-27 02:31:10";good
46084;;"2024-12-27 01:35:35";"Just tryin.. Nice.."
46085;;"2024-12-27 01:00:14";"let me prove"
46086;;"2024-12-27 00:49:43";good
46087;;"2024-12-26 21:47:34";pleasant
46088;;"2024-12-26 21:19:34";"I am using this App for the first time so I don't know how good it is yet but I going to be finding out soon."
46089;;"2024-12-26 20:45:12";"Great app"
46090;;"2024-12-26 19:30:11";ok
46091;;"2024-12-26 19:05:07";"very good"
46092;;"2024-12-26 18:36:40";"best of the best 👌"
46093;;"2024-12-26 16:52:50";"Just Use"
46094;;"2024-12-26 16:49:45";👍
46095;;"2024-12-26 16:09:56";"guys try it it really works"
46096;;"2024-12-26 15:50:06";"Good App"
46097;;"2024-12-26 15:38:48";"good app"
46098;;"2024-12-26 15:36:31";"just trying, might change later"
46099;;"2024-12-26 15:27:27";good
46100;;"2024-12-26 15:18:59";"Nice !"
46101;;"2024-12-26 14:53:11";"Greate app, love it"
46102;;"2024-12-26 14:37:06";"iwill try first🥰😘"
46103;;"2024-12-26 14:04:52";"Started charging me after 2 unsuccessful attempts"
46104;;"2024-12-26 13:39:34";"i havent tested itbyet hope it works well."
46105;;"2024-12-26 13:22:42";"it's truly amazing! it helped me so much"
46106;;"2024-12-26 13:07:24";❤️❤️❤️
46107;;"2024-12-26 12:10:03";"This app is forever under maintenance. Thankfully I experienced this during trial."
46108;;"2024-12-26 12:08:18";"the best I could get"
46109;;"2024-12-26 12:02:05";"savy Home design"
46110;;"2024-12-26 11:08:37";"I love this app, it's make work easy"
46111;;"2024-12-26 10:08:29";"nice and work"
46112;;"2024-12-26 09:44:16";excellent
46113;;"2024-12-26 09:10:41";good
46114;;"2024-12-26 08:47:53";"quite impressive"
46115;;"2024-12-26 07:20:16";"awesome app"
46116;;"2024-12-26 07:13:37";"very useful app"
46117;;"2024-12-26 07:00:44";sensentiak
46118;;"2024-12-26 06:52:42";nice
46119;;"2024-12-26 06:11:03";nice
46120;;"2024-12-26 05:41:39";nice
46121;;"2024-12-26 05:21:52";nice
46122;;"2024-12-26 03:49:52";"Terrible app. No choice in the lay out or anything it's boring and over the top generated images."
46123;;"2024-12-26 02:46:54";good
46124;;"2024-12-26 01:38:09";nice
46125;;"2024-12-26 00:34:23";amazing
46126;;"2024-12-25 23:19:25";"good designing the houses"
46127;;"2024-12-25 22:57:35";Great
46128;;"2024-12-25 22:48:00";nice
46129;;"2024-12-25 22:39:01";Nice
46130;;"2024-12-25 22:04:06";"I didn't find it useful at all."
46131;;"2024-12-25 21:49:17";"nice application"
46132;;"2024-12-25 20:09:24";"Terrible.. Sucks money without providing value.. Careful"
46133;;"2024-12-25 19:32:50";up
46134;;"2024-12-25 19:20:50";"I've not even opened the app and these guys are asking for review!!"
46135;;"2024-12-25 19:20:23";"excellent job"
46136;;"2024-12-25 19:10:59";"The app is good but there are few problems it gives a good 3d background but there's a few things that goes wrong while using this app number one is that it is on maintenance for some time which makes me fustrated while using the app number two is that something time is that when trying to share it doesn't share Number three is that sometimes it shows a plane yellow background while trying to design a background Number four is that it free subscription which is supposed to be for 3 day is not"
46137;;"2024-12-25 18:00:02";"good joob"
46138;;"2024-12-25 17:55:46";"arey bhai use karne ke baad review lena, abhi sirf download kiya hain..."
46139;;"2024-12-25 17:02:56";ABCD
46140;;"2024-12-25 16:34:25";"The app is okay and has lots of designs for houses I encourage people to get the app"
46141;;"2024-12-25 16:20:30";"good app"
46142;;"2024-12-25 15:57:35";good
46143;;"2024-12-25 14:01:35";yahjya
46144;;"2024-12-25 13:52:15";"Best AI decor app"
46145;;"2024-12-25 13:45:38";"amazing app"
46146;;"2024-12-25 13:31:20";"interior house design"
46147;;"2024-12-25 11:13:09";"Not free no good"
46148;;"2024-12-25 10:41:55";"nice app"
46149;;"2024-12-25 10:21:39";"Thanks you so much"
46150;;"2024-12-25 09:47:58";"Easy to use interesting designs it's nice if you want to get a fresh look at your room but it is limited to a few design styles. It would be nice to find a app that would give you suggestions and DIY tips. Suppose I really need a decorator."
46151;;"2024-12-25 09:15:43";"asked for review before even starting but hoping it's great!! 😃"
46152;;"2024-12-25 08:35:47";"I can't wait to show you what I'm going to do"
46153;;"2024-12-25 08:34:46";good
46154;;"2024-12-25 07:43:09";"I just downloaded the app for the first time. I m yet to use the app & u r asking for a review already. Is your brain 🧠 working? Useless fellow - who got this idea to ask for a review. just gave you 1 star."
46155;;"2024-12-25 07:42:23";👍
46156;;"2024-12-25 07:27:15";good
46157;;"2024-12-25 07:11:11";super
46158;;"2024-12-25 06:15:45";nice
46159;;"2024-12-25 06:11:24";👍
46160;;"2024-12-25 06:10:45";"nice apps"
46161;;"2024-12-25 05:58:12";"super amazing app"
46162;;"2024-12-25 05:12:34";"Thank you"
46163;;"2024-12-25 05:04:42";good
46164;;"2024-12-25 04:17:22";wonderful
46165;;"2024-12-25 03:14:48";nice
46166;;"2024-12-25 02:29:14";"For no free trial without card"
46167;;"2024-12-25 02:09:16";"okay 👍"
46168;;"2024-12-25 01:32:49";"nice app"
46169;;"2024-12-25 00:20:13";"I have not used the app yet. but let's see l."
46170;;"2024-12-25 00:08:59";"it's good"
46171;;"2024-12-24 23:44:17";"great ideas"
46172;;"2024-12-24 23:15:34";"something to look out for"
46173;;"2024-12-24 22:33:38";"It shows a realistic view of the rooms and helps with designing tips"
46174;;"2024-12-24 20:47:51";Nice
46175;;"2024-12-24 20:08:54";splendid
46176;;"2024-12-24 20:01:45";"New larnar"
46177;;"2024-12-24 19:40:24";"nice app"
46178;;"2024-12-24 18:55:23";"this is time saver"
46179;;"2024-12-24 18:10:58";good
46180;;"2024-12-24 17:59:58";"very good"
46181;;"2024-12-24 16:30:23";"Such a fantastic app"
46182;;"2024-12-24 15:47:40";"The worst app."
46183;;"2024-12-24 15:39:49";"it is very good app"
46184;;"2024-12-24 15:06:12";superb
46185;;"2024-12-24 15:03:02";"amazing app"
46186;;"2024-12-24 14:08:49";nice
46187;;"2024-12-24 13:57:46";"under test"
46188;;"2024-12-24 13:38:52";"There seems to be no way to cancel subscription. On top of that, the generated images aren't realistic abd the custom prompt doesnt work well. They must have farmed fake reviews for the app to be rated so high, there is no other explanation."
46189;;"2024-12-24 13:30:23";ok
46190;;"2024-12-24 13:06:12";Nice
46191;;"2024-12-24 13:02:44";amazing
46192;;"2024-12-24 12:33:32";"masih mencoba, jika bagus akan fill star"
46193;;"2024-12-24 12:22:49";perfect
46194;;"2024-12-24 12:13:56";nice
46195;;"2024-12-24 10:30:43";Worst
46196;;"2024-12-24 09:15:59";ok
46197;;"2024-12-24 08:55:35";"great app to design your homes and rooms"
46198;;"2024-12-24 08:23:07";"try this app"
46199;;"2024-12-24 08:21:15";Scammer
46200;;"2024-12-24 07:48:46";good
46201;;"2024-12-24 07:30:27";"This is very Nonsense and bad app"
46202;;"2024-12-24 06:45:56";"will review again once tested"
85331;;"2024-12-04 09:24:09";"meet jó"
85268;;"2025-01-16 20:12:16";"How can I delete my subscription? There is no option from the app"
85075;;"2024-10-14 06:05:42";good
85013;;"2024-11-04 05:20:47";"good job"
84823;;"2024-12-08 14:32:22";kereen
84762;;"2024-12-14 14:30:47";good
84575;;"2025-01-01 09:05:22";good
84515;;"2025-01-06 05:39:25";"bagus dongg"
84331;;"2025-01-26 04:53:25";ok
84272;;"2025-02-03 01:21:57";"Bagus dan comunicative"
85346;;"2024-11-23 09:51:54";"Ubrugelig uden betaling"
79425;;"2024-08-25 07:57:40";"Bad results & they just want us upgrade to Pro account."
79367;;"2024-11-30 07:07:39";"chưa dùng nhưng bắt review, cho tạm"
77654;;"2025-02-06 12:53:30";"tutto bene"
77597;;"2024-09-28 05:56:15";mega
77423;;"2024-10-14 14:40:33";"Bom app"
77367;;"2024-10-27 05:56:12";gostei
77322;;"2024-11-10 15:42:49";"uso muito toda vez que quero mudar as coisas de casa"
77141;;"2024-12-13 12:38:52";"excelente app"
77086;;"2024-12-17 23:21:47";conhecimento
76919;;"2025-01-15 16:16:28";"Doesn't do the simple job it is intended for, useless."
76865;;"2025-01-24 16:27:51";"não usei ainda, quando usar avalio com mais exatidão"
76811;;"2025-01-30 11:45:52";excelente
76648;;"2025-02-08 15:06:08";"super top"
76595;;"2025-02-12 14:31:01";"ainda não testei,vou testar e volto a dar um feedback."
76606;;"2025-02-11 16:52:24";"Pelas indicações, é muito bom!"
73310;;"2024-10-11 21:21:26";OK
73257;;"2024-10-26 12:14:17";"très intéressant comme app"
77326;;"2024-11-09 13:02:27";🔝
73048;;"2024-12-21 18:12:20";"just perfect"
72996;;"2025-01-03 15:49:50";top
77383;;"2024-10-23 01:14:50";bom
72792;;"2025-02-01 13:43:01";top
72741;;"2025-02-05 18:59:47";"super application"
76880;;"2025-01-22 10:36:39";"Muito bom o app"
72542;;"2024-10-02 10:38:53";"Doesnt work"
72492;;"2024-12-24 20:08:19";👍
70942;;"2024-08-15 22:23:50";amazing
77103;;"2024-12-16 08:57:13";"Gostaria de saber como faço o cancelamento, procurei em todos os acessos e nada. Assim que baixei no dia seguinte fiz a desinstalação do aparelho, não encontrei a função cancelar. Preciso do retorno Grata"
70749;;"2025-02-02 03:04:10";شكرا
70700;;"2025-02-11 18:10:55";ممتاز
73009;;"2025-01-02 00:27:50";top
70514;;"2024-09-28 13:52:49";hermoso!
70467;;"2024-10-02 22:14:18";"apenas la he instalado, ocupo probarla para ver qué tal"
70420;;"2024-10-07 15:29:47";"espectacular me ha ayudado mucho en mis proyectos decorativos"
77105;;"2024-12-16 01:58:35";maravilhosooooo
70240;;"2024-10-23 15:50:39";buenísima
70194;;"2024-10-28 02:14:36";Los.mejores
70148;;"2024-11-03 10:04:31";"voy a utilizarlo por primera vez 👍"
84480;;"2025-01-08 08:47:18";👍
69974;;"2024-11-20 16:48:26";"excelente aplicación, muy practica y fácil de usar!"
69929;;"2024-11-24 18:14:15";excelente
77106;;"2024-12-16 01:19:14";"super bão"
84789;;"2024-12-11 15:09:06";mantap
69716;;"2024-12-07 13:05:35";"Exelente producto"
69672;;"2024-12-08 19:40:59";"excelente app"
66628;;"2024-12-09 15:46:45";"bien me gusta las ideas"
66584;;"2024-12-10 03:01:58";"me parece súper bien una app de este estilo facilita mejor los proyectos"
70764;;"2025-01-30 23:19:49";good
66423;;"2024-12-14 02:32:38";"Voy a probar no se si funciona bien o no"
66380;;"2024-12-15 12:02:18";"Horrible prueba gratuita. No te deja hacer nada sin añadir una tarjeta"
66337;;"2024-12-16 00:34:28";"Muy bueno"
77333;;"2024-11-06 20:38:00";"Acabei de comprar e na primeira simulação está dizendo que está em manutenção?????"
79451;;"2025-01-14 15:59:50";Super
66140;;"2024-12-21 13:46:29";excelente
66098;;"2024-12-22 14:42:07";excelente
66056;;"2024-12-23 17:37:44";lujo
72709;;"2025-02-08 20:39:36";bien
65909;;"2024-12-27 00:34:13";"Exelente bb"
65869;;"2024-12-27 19:05:43";"No hay opción gratis para probarla, y pide tarjeta antes de saber cómo funciona"
65829;;"2024-12-28 14:01:25";"No sirve, solo dice q tiene al tráfico al momento y que lo intente despues"
65880;;"2024-12-27 16:06:41";"Excelente como herramienta para ayudar en la remodelación de los espacios."
73017;;"2024-12-30 22:41:00";"merveilleuse apk"
65650;;"2024-12-31 14:07:26";magnífica
65611;;"2025-01-01 02:58:32";genial
65572;;"2025-01-01 18:03:17";"Muy Nice 🫰🏼"
65622;;"2024-12-31 23:12:45";"no la utilizo todavía pero se ve muy práctica y funcional, estoy muy agradecido por compartirla"
72512;;"2024-11-23 07:58:43";ок
65400;;"2025-01-03 21:27:12";genial
65362;;"2025-01-04 13:18:27";"excelente 👌"
65324;;"2025-01-04 23:31:47";"muy buena aplicación"
65286;;"2025-01-05 12:12:28";"Me suscribi por 3 días sin cargo pero antes de que se cumpla dicho plazo quiero dar de baja la suscripción pero no me lo permite. Se cuelga inexplicablemente la app cuando quiero acceder a darla de baja. Estaré denunciando ya que no es legal que suceda esto."
69946;;"2024-11-22 21:40:10";excelente
77626;;"2025-02-13 21:38:19";"Ho pagato e lapp ha dei bug continui. Oltre questo è davvero pessima pochissimi modi di modificare una stanza"
73327;;"2024-10-08 06:45:17";"Des décors de maison"
79398;;"2024-10-25 21:55:58";"rất hay"
62049;;"2025-01-08 01:53:27";"muy bien"
62012;;"2025-01-08 15:13:24";"excelente felicidades impecable aplicación"
61975;;"2025-01-09 02:16:31";buena
65546;;"2025-01-02 03:27:16";"Muy bien, fácil de instalar y de usar"
70722;;"2025-02-07 18:51:06";ممتاز
84858;;"2024-12-05 03:23:48";"best application..."
61786;;"2025-01-11 09:41:40";"aún no la utilizo"
61750;;"2025-01-11 17:08:41";Bien
61714;;"2025-01-12 02:21:27";Excelente
79454;;"2025-01-08 13:23:15";"Nie ma możliwości wypróbowania bez dodania metody płatności, aplikacja przed skorzystaniem chce opinie."
70489;;"2024-10-01 02:40:19";"Una tristeza..."
84490;;"2025-01-07 15:26:44";"masih nyoba"
61535;;"2025-01-13 23:43:31";buena
61500;;"2025-01-14 04:18:28";buena
61465;;"2025-01-14 14:50:23";buenisimooo
61798;;"2025-01-11 03:54:43";"Muy recomendada da excelentes ideas"
66560;;"2024-12-10 16:14:39";"3 estellas porque aún no la he usado, prometo actualizarla dependiendo que tal me parece!"
76624;;"2025-02-10 16:05:36";"muitoo bom!"
61295;;"2025-01-16 06:12:25";buenísima
61260;;"2025-01-16 15:54:47";fenomenal
61225;;"2025-01-17 00:21:06";"Hasta ahora una muy buena aplicación como guía de lo que se quiere."
61190;;"2025-01-17 10:49:43";"me parece interesante y novedoso."
65339;;"2025-01-04 19:52:45";okkkk
70263;;"2024-10-21 12:30:28";"excelente app"
79402;;"2024-10-19 14:24:45";luxury
61028;;"2025-01-19 01:37:26";excelente
60993;;"2025-01-19 13:31:50";ok
60958;;"2025-01-19 20:41:44";"muy buena"
79440;;"2025-02-19 16:39:27";"Od razu prosi o ocenę , a potem wciska jakieś subskrypcje"
65550;;"2025-01-02 01:42:28";"No es mala la app, pero me suscribí x 3 dias gratis y cuando me quiero dar de baja no me deja... una estafa"
77386;;"2024-10-22 21:28:48";"show de bola"
84493;;"2025-01-07 13:31:08";ok
60768;;"2025-01-23 00:24:04";excelente
60734;;"2025-01-23 11:32:35";excelente
60700;;"2025-01-24 00:43:47";"excelente aplicación!"
69738;;"2024-12-06 19:09:37";bueno
61763;;"2025-01-11 14:52:59";exelente
65551;;"2025-01-02 00:58:45";"Estoy probandola aun pero hasta el momento en el que escribo este comentario me esta pareciendo muy profesional y con herramentas adecuadas para llegar completar un diseño interior!"
70446;;"2024-10-06 00:41:55";excelente
79404;;"2024-10-16 19:43:51";ok
58981;;"2025-01-27 05:12:06";"buena aplicación"
58948;;"2025-01-27 19:17:00";"genial 👍👌"
58915;;"2025-01-28 05:38:53";"Excelente aplicación, muy buenos resultados y muy creativa e innovadora ."
58882;;"2025-01-28 21:50:29";bien
61445;;"2025-01-14 17:04:49";"soy nueva en la aplicación me parece bastante buena hasta los momentos"
65849;;"2024-12-28 02:52:58";"Aún no la he utilizado, pero se ve que es muy buena! ya quiero usarla"
70777;;"2025-01-28 10:16:43";ممتاز
46336;;"2024-12-19 11:07:23";great
46337;;"2024-12-19 10:59:22";"Great app"
46338;;"2024-12-19 10:53:53";"very nice"
46339;;"2024-12-19 10:19:43";"highly appreciated"
46340;;"2024-12-19 10:10:42";"very nice"
46341;;"2024-12-19 09:45:58";great
46342;;"2024-12-19 09:00:25";"I don't know . I haven't used it yet"
46343;;"2024-12-19 08:45:19";"3 star for now"
46344;;"2024-12-19 07:36:27";"Always under maintenance"
46345;;"2024-12-19 07:30:10";"beyond my expectations, very mind blowing"
46346;;"2024-12-19 06:43:21";"how do I cancel my subscription!? I've used the app for 10 mins and had enough, please cancel this subscription I've emailed and direct messaged with no luck.. please help?????"
46347;;"2024-12-19 06:42:45";awesome!
46348;;"2024-12-19 06:37:52";"first i will c"
46349;;"2024-12-19 06:35:58";👍🥳
46350;;"2024-12-19 05:28:01";Costs
46351;;"2024-12-19 04:09:44";"solid app"
46352;;"2024-12-19 04:08:52";"best app"
46353;;"2024-12-19 02:58:27";"Didn't work waste of time"
46354;;"2024-12-19 01:00:52";good
46355;;"2024-12-19 00:28:32";"great app"
46356;;"2024-12-18 23:28:40";Awesome
46357;;"2024-12-18 21:32:22";yeahhh
46358;;"2024-12-18 18:27:12";idk
46359;;"2024-12-18 18:23:24";nice
46360;;"2024-12-18 17:49:11";good
46361;;"2024-12-18 17:47:57";"Nivel app"
46362;;"2024-12-18 17:21:28";"very good app"
46363;;"2024-12-18 17:15:40";"beautiful 😍"
46364;;"2024-12-18 16:24:47";okay
46365;;"2024-12-18 15:21:55";super
46366;;"2024-12-18 15:15:08";"led tv panel"
46367;;"2024-12-18 14:50:30";"good व्हेरी निकें ओके ओके"
46368;;"2024-12-18 13:37:14";"good app"
46369;;"2024-12-18 13:37:09";"this app is good"
46370;;"2024-12-18 13:31:12";"nice app and easy to use 👏👏"
46371;;"2024-12-18 13:02:37";"very nice👍"
46372;;"2024-12-18 12:17:20";nise
46373;;"2024-12-18 12:08:14";"very nyc"
46374;;"2024-12-18 12:01:39";"Tak test lagi"
46375;;"2024-12-18 11:32:59";"nice app for your reference"
46376;;"2024-12-18 11:30:39";"very good"
46377;;"2024-12-18 10:59:38";"Waste of time"
46378;;"2024-12-18 10:58:32";"superb app"
46379;;"2024-12-18 10:30:19";"cool app"
46380;;"2024-12-18 10:01:05";"it's great"
46381;;"2024-12-18 09:50:23";executive
46382;;"2024-12-18 09:29:23";"very helpful.Thank you."
46383;;"2024-12-18 08:45:32";"fal2 bara"
46384;;"2024-12-18 08:37:35";good
46385;;"2024-12-18 08:16:22";"gu Fdddddddd"
46386;;"2024-12-18 08:14:08";good
46387;;"2024-12-18 07:37:32";"nice, helpful"
46388;;"2024-12-18 07:30:25";ok
46389;;"2024-12-18 07:20:39";good
46390;;"2024-12-18 07:00:55";"not tested yet, why should i give a review of an app i haven't tested yet,this should be after the end of every usage"
46391;;"2024-12-18 06:30:03";good
46392;;"2024-12-18 06:09:54";"it's interesting"
46393;;"2024-12-18 06:05:27";lafff
46394;;"2024-12-18 06:03:37";"good idea generate for home decoration AI"
46395;;"2024-12-18 05:49:10";good
46396;;"2024-12-18 05:45:50";"Honestly hilariously shite ai with 8 designs at most i feel like the ai bot is a man like me who has no clue of design it removed my shop counter and added a sofa when you regenerate it gives the same image 8 more times with a slight change in colour Honestly this is the worst ai I have ever seen"
46397;;"2024-12-18 05:01:58";"nice app"
46398;;"2024-12-18 05:01:52";nice
46399;;"2024-12-18 04:56:47";good
46400;;"2024-12-18 03:24:00";"i like this app"
46401;;"2024-12-18 02:40:17";"Best tool"
46402;;"2024-12-18 02:24:47";good
46403;;"2024-12-18 00:51:49";"best app"
46404;;"2024-12-17 23:56:19";ok
46405;;"2024-12-17 21:40:32";Best
46406;;"2024-12-17 20:22:18";ok
46407;;"2024-12-17 20:03:21";Good
46408;;"2024-12-17 18:36:31";"good interior"
46409;;"2024-12-17 18:34:13";goodddd
46410;;"2024-12-17 18:19:41";"verry helpful"
46411;;"2024-12-17 17:54:07";"baru mau mencoba"
46412;;"2024-12-17 15:57:24";"this is quite innovative let everyone try it"
46413;;"2024-12-17 15:39:33";6good
46414;;"2024-12-17 15:14:05";great
46415;;"2024-12-17 13:40:12";"it's good and very useful"
46416;;"2024-12-17 13:17:53";"Offered free 3 day trial and once subscribed I didn't get the trial. The only way you can use it is only by paying instantly... for something you haven't seen working."
46417;;"2024-12-17 13:01:04";nice
46418;;"2024-12-17 12:30:05";ok
46419;;"2024-12-17 11:24:49";good
46420;;"2024-12-17 10:44:38";"very good 👍"
46421;;"2024-12-17 09:35:17";"amazing 😍"
46422;;"2024-12-17 09:07:18";"It's not free cos it keep popping up the price package anytime you try to re-create. I have just uninstalled it"
46423;;"2024-12-17 09:06:50";"Not free like advertised and very expensive for what you get"
46424;;"2024-12-17 08:21:03";amazing
46425;;"2024-12-17 08:09:43";"awesome 💯👍"
46426;;"2024-12-17 07:36:04";"Please this app is not useful for me and my kid mistakenly tap weekly subscription twice which the money was deducted. can the money be revert to my account please? I have cancelled the subscription already."
46427;;"2024-12-17 07:24:46";Awesome
46428;;"2024-12-17 07:01:57";good
46429;;"2024-12-17 06:12:54";"i like it 🤩🤩 it's very helpful ☺️☺️"
46430;;"2024-12-17 06:12:42";"v good"
46431;;"2024-12-17 06:08:58";good
46432;;"2024-12-17 03:33:39";"good aap interiar fild"
46433;;"2024-12-17 03:12:08";ok
46434;;"2024-12-17 03:05:28";"Sbb kena bayar hmmm"
46435;;"2024-12-17 02:05:30";excellent
46436;;"2024-12-17 01:16:21";"greate ideas..."
46437;;"2024-12-17 00:45:39";Dope
46438;;"2024-12-17 00:45:01";"very cool concept. cant decorate to save my life. thanks to this app it now looks like an adult lives in my apartment 😂"
46439;;"2024-12-16 23:30:03";"Best app for home"
46440;;"2024-12-16 22:05:03";nice
46441;;"2024-12-16 22:04:47";"best app"
46442;;"2024-12-16 21:05:15";awesome
46443;;"2024-12-16 21:01:25";"It's gives elegance and class"
46444;;"2024-12-16 20:52:08";"Needs money(too much)"
46445;;"2024-12-16 19:43:29";"interior room future is here"
46446;;"2024-12-16 19:39:47";"ha do"
46447;;"2024-12-16 18:57:42";"ainda nao usei"
46448;;"2024-12-16 18:22:37";"Great work"
46449;;"2024-12-16 18:10:41";good
46450;;"2024-12-16 17:49:36";"very 👌 good"
46451;;"2024-12-16 17:01:24";"good app"
46452;;"2024-12-16 16:39:09";"very useful"
46453;;"2024-12-16 16:24:15";best
46454;;"2024-12-16 16:07:31";"very good"
46455;;"2024-12-16 15:45:07";awesome
46456;;"2024-12-16 15:39:37";good
46457;;"2024-12-16 14:31:07";amazing
46458;;"2024-12-16 14:02:51";super
85330;;"2024-12-14 07:18:38";jó
85267;;"2025-01-23 01:00:13";"Υπέροχο πρόγραμμα, ΦΑΝΤΑΣΤΙΚΌ στο να του βάζεις μια φωτογραφία με ένα άδειο δωμάτιο και να σε γράφει στα αρχ!d!@ του,στο δίνει πίσω πάλι άδειο αλλά με άλλο πάτωμα... ΌΤΙ ΚΑΛΎΤΕΡΟ ΓΙΑ ΝΑ ΠΙΆΝΕΙ ΧΏΡΟ ΣΤΟ ΚΙΝΙΤΟ ΣΟΥ 😁"
85074;;"2024-10-14 15:23:12";ok
85012;;"2024-11-04 11:28:17";nicee
84822;;"2024-12-08 15:23:44";"This is not free 🤭🤭🤭"
84761;;"2024-12-14 15:26:32";"bagus sekali"
84574;;"2025-01-01 10:25:48";good
84514;;"2025-01-06 10:41:57";good
84330;;"2025-01-26 05:10:16";"Hratisnya cuman 1 kali"
84271;;"2025-02-03 07:14:33";"mantap semoga bermanfaat"
79482;;"2024-10-12 19:01:35";"Nie działa. Ciągle wyskakuje error."
79424;;"2024-09-04 15:16:43";"để thử cứ cho 5 ngôi trước coi sao"
79366;;"2024-12-01 12:24:27";"Mọi người đừng tải về lừa đó"
77653;;"2025-02-06 20:14:15";"Se non paghi non ti fa provare l'app. Sistema da rivedere"
77596;;"2024-09-28 11:30:24";"Nutzt wohl Vorlagen ... Nicht individuell! Plötzlich ist mein Fenster weg oder die Wand 2m kürzer, funktioniert so leider garnicht."
77422;;"2024-10-15 01:00:36";legal
77366;;"2024-10-27 11:04:47";bom
77378;;"2024-10-23 21:18:12";lindo
77140;;"2024-12-13 13:49:36";"tudo lindo demais encantador"
77085;;"2024-12-18 01:38:30";"Péssimo! Não consegui fazer nada interessante com esse aplicativo. Peguei 3 dias grátis e não gostei. Quero cancelar e não acho onde fazer. Alguém pode me ajudar ?"
76918;;"2025-01-15 23:42:22";"Please do not install this app! In addition to being very limited in terms of suggestions, is difficult to cancel after subscribing. Today i finally canceled my subscription ( go to your email and search for home Ai and you will find the email from google play in day you accepted the trial , there you will see on the text a sentence saying ""know how to cancel it"". Click and follow the steps)."
76864;;"2025-01-25 06:30:52";"recomendo pra sua casa ficar mais linda e estilosa"
76810;;"2025-01-30 13:03:12";"Fala que é gratuito mas já pede forma de pagamento"
76647;;"2025-02-08 15:17:49";"mto bom"
76594;;"2025-02-12 15:35:27";"ótimo aplicativo. tem me ajudado muito"
76659;;"2025-02-07 15:46:54";"bora testar"
73309;;"2024-10-12 11:10:01";up
73256;;"2024-10-26 14:50:09";"très bien"
77382;;"2024-10-23 07:16:43";"show muito bom!"
73047;;"2024-12-22 09:00:04";"très bien"
72995;;"2025-01-03 19:34:37";"top appli . j'ai aimé tout les différentes fonctions"
84838;;"2024-12-07 02:09:47";"awesome !!"
72791;;"2025-02-01 19:13:37";magnifique
72740;;"2025-02-05 19:21:00";cool
79439;;"2025-02-21 14:03:49";"Kasa, kasa, nie ma nic za darmo"
72541;;"2024-10-03 11:34:06";"сразу удалил после установки"
72491;;"2024-12-26 01:32:52";"очень удобно"
70941;;"2024-08-17 11:23:17";"مايشتغل الا بفلوس وغالي كثير"
77158;;"2024-12-11 16:40:28";"Propagando enganosa de teste grátis, se não corrigirem isso, vou denunciar e APP e abrir uma. Ocorrência no PROCON, sejam fiel a propagando de vocês, não é somente sobre o dinheiro e sim por lesarem o consumidor."
70748;;"2025-02-02 11:17:30";"رائع جدا"
76823;;"2025-01-29 15:49:04";perfeito
73308;;"2024-10-12 11:41:37";"j'ai bien"
73255;;"2024-10-26 16:31:33";"Cette application est vraiment nul moi qui pensais qu'elle était gratuit😡, Après une seul génération on vous dit de payer.ey je pensais aussi que l'on avait qu'à décrire l'image que nous voulons mais non il faut en plus ajouter une image en plus elle m'a pris 2h pour télécharger je suis déçu 😔"
85029;;"2024-10-27 02:05:20";okkk
73046;;"2024-12-22 12:39:06";cool
72994;;"2025-01-03 21:45:25";parfait
77614;;"2025-02-19 19:39:06";bello
72790;;"2025-02-01 22:58:48";perfect
72739;;"2025-02-05 20:01:15";"bravo et bonne continuation"
77102;;"2024-12-16 11:58:21";Show
72540;;"2024-10-05 02:57:29";"Платное приложение. Бесплатно ничего нельзя сделать"
72490;;"2024-12-27 10:27:49";"Не работает. Всё на английском и не понятно"
70940;;"2024-08-19 09:43:02";"لا علاقه له بالواقع"
77329;;"2024-11-07 21:51:12";"como vou avaliar antes de usar esa opção tinha que aparecer depois de eu usar não logo Au abrir pela primeira vez"
70747;;"2025-02-02 13:31:26";"تجربه سيئه صراحه التطبيق يطلب التقييم قبل حتى استخدامه، يطلب اشتراك اسبوعي او اي كانت المده بمبلغ مالي"
70699;;"2025-02-11 19:36:30";"very helpful tool"
72454;;"2025-02-10 22:19:35";супер
70513;;"2024-09-28 13:53:55";"muy buena app, trae varias opciones de diseños y los puedes usar a tu gusto"
70466;;"2024-10-03 03:16:23";increíble
70419;;"2024-10-07 16:06:42";😁
77160;;"2024-12-11 14:18:49";"muito bom mesmo, recomendo muito."
70239;;"2024-10-23 23:47:00";"la acabo de descargar y ya quiere reseña así que 3 estrellas 🤣"
70193;;"2024-10-28 03:07:42";bueno
70147;;"2024-11-03 14:17:44";genial
84540;;"2025-01-04 07:02:32";"baru selesai install. langsung minta rate. ayo kita coba aplikasinya"
69973;;"2024-11-20 19:10:58";"Se ve muy buena"
69928;;"2024-11-24 19:28:36";excelente
70160;;"2024-11-02 00:03:14";"bueno ai"
84850;;"2024-12-05 12:55:56";ok
69715;;"2024-12-07 13:34:46";"buena app"
69671;;"2024-12-08 19:52:33";"la estaré probando"
66627;;"2024-12-09 15:59:46";"👍 no diré más nada"
66583;;"2024-12-10 03:13:40";"espero y si sea buena"
72803;;"2025-01-31 08:55:33";"très bon application"
66422;;"2024-12-14 06:32:00";exelente
66379;;"2024-12-15 12:29:44";genial
66336;;"2024-12-16 01:42:20";"excelente herramienta 😍"
69897;;"2024-11-26 01:58:06";"muy buena aplicación"
84240;;"2025-02-07 08:01:36";"good desain interior home"
66139;;"2024-12-21 13:53:10";genial
66097;;"2024-12-22 14:45:41";"excelente aplicación"
66055;;"2024-12-23 18:00:14";excelente
72760;;"2025-02-04 07:33:22";"j'aime beaucoup cette application 🥰"
65908;;"2024-12-27 01:15:05";"aun no la uso, la reseña debería darse después de usarla"
65868;;"2024-12-27 19:37:29";excelente
65828;;"2024-12-28 14:07:38";"Para usar la app si o si te hace suscribirte y pagar"
84792;;"2024-12-11 04:31:12";good
73069;;"2024-12-14 21:44:07";perfect
65649;;"2024-12-31 14:16:55";"buena aplicación"
65610;;"2025-01-01 08:01:46";"Una porquería. Apenas me dejó hacer una prueba y enseguida me pide pagar. NO LA RECOMIENDO. Una app de pago debe permitir explorar un poco más antes de pretender que uno pague! Desinstalada."
65571;;"2025-01-01 18:08:43";"muy lindo diceños"
85107;;"2024-10-05 02:18:17";"baguss Utuk orang yang ingin desain rumah nya, cocok ini."
72562;;"2025-02-21 17:50:14";super
65399;;"2025-01-03 22:02:32";buena
65361;;"2025-01-04 13:28:11";"exelente aplicación para remodelación"
65323;;"2025-01-04 23:54:06";excelente
65285;;"2025-01-05 12:20:01";"muy bueno super recomendable"
69991;;"2024-11-19 01:29:19";Excelente
77683;;"2025-01-19 14:36:21";wow
70167;;"2024-10-31 09:29:10";"a prueba"
79456;;"2025-01-02 10:52:09";"Generator pustego portfela"
62048;;"2025-01-08 02:09:37";ok
62011;;"2025-01-08 15:34:10";bien
61974;;"2025-01-09 02:36:21";"aún no la ultilizo"
65585;;"2025-01-01 16:01:21";pepepe
70771;;"2025-01-30 07:23:02";فاشل
85049;;"2024-10-21 05:48:45";good
61785;;"2025-01-11 09:57:12";nice
61749;;"2025-01-11 17:24:40";"me encanto"
61713;;"2025-01-12 02:39:45";"Bueno para la carpintería"
76613;;"2025-02-11 11:03:41";ótimo
77674;;"2025-01-27 20:39:00";"bellissimo 😍❤️"
84550;;"2025-01-03 13:00:12";"belum coba"
61534;;"2025-01-13 23:58:51";excelente
61499;;"2025-01-14 04:48:04";"Mala app desde el inicio te pide comprar la membresía, sin antes probar para ver como es la app. Muy mala app"
61464;;"2025-01-14 15:01:13";"Excelente app"
77397;;"2024-10-21 14:05:40";testando
66604;;"2024-12-09 22:08:55";Pesimo
84229;;"2025-02-08 14:53:32";goog
61294;;"2025-01-16 06:24:54";"excelente app muy completa"
61259;;"2025-01-16 15:58:49";"estoy probando y se ve genial"
61224;;"2025-01-17 00:24:51";"fo do mu"
61189;;"2025-01-17 10:53:17";"Excelente propuesta 👍"
65377;;"2025-01-04 03:29:54";"en un principio parece muy buena aplicación"
85100;;"2024-10-07 05:00:38";"aplikasi ini sangat bagus"
79460;;"2024-12-27 14:40:56";Pathetic.
61027;;"2025-01-19 01:39:50";"super genial,se ve muy bonito y todo para trabajar y hacer una linda casa o un lindo diseño, vamos a probar como sale todo..."
60992;;"2025-01-19 13:43:00";"conociendo la app"
60957;;"2025-01-19 20:47:22";"voy a probar"
66605;;"2024-12-09 21:49:47";"muy buena"
65589;;"2025-01-01 15:33:47";"quiero construir cinco departamentos en un terreno de 12 m de ancho x 30 m de largo"
70678;;"2025-02-18 04:22:46";"احسن تجربه"
84553;;"2025-01-03 08:28:12";good
60767;;"2025-01-23 00:49:13";"primero quiero utilizarlo para dar mi opinión 😃"
60733;;"2025-01-23 11:51:33";"hermosa aplicación"
60699;;"2025-01-24 00:57:25";"muy interesante y util"
61990;;"2025-01-08 21:30:14";"Super útil. Me encanta"
61204;;"2025-01-17 03:10:17";bien
65590;;"2025-01-01 15:33:14";"excelente, gracias por ese buen momento"
70493;;"2024-09-30 18:51:54";excelente
79462;;"2024-12-24 17:39:37";👍
58980;;"2025-01-27 05:59:59";"se ve bien"
58947;;"2025-01-27 19:18:05";"muy moderna"
58914;;"2025-01-28 10:18:29";"excelente 👌"
58881;;"2025-01-28 21:55:43";"muy buena"
61480;;"2025-01-14 12:42:31";"muy buena la aplicación me encantó"
65889;;"2024-12-27 15:11:21";"Buen día, disculpe. Mi opinión sobre la app. Se las daré cuando use su contenido y me vea los resultados qué deseo. Apenas hoy comienza la prueba de sta app."
70921;;"2024-10-09 06:36:52";جميل
47104;;"2024-12-13 06:08:37";"just perfect"
47105;;"2024-12-13 06:04:13";"help to design home appearance"
47106;;"2024-12-13 04:15:55";"It's a new experience and I love it"
47107;;"2024-12-13 03:42:24";"nyc finishing"
47108;;"2024-12-13 03:14:20";suii
47109;;"2024-12-13 03:07:13";good
47110;;"2024-12-13 03:06:59";best
47111;;"2024-12-13 02:35:06";Marvelous
47112;;"2024-12-13 02:11:30";good
47113;;"2024-12-13 01:20:57";"improve a lot"
47114;;"2024-12-13 01:02:00";good
47115;;"2024-12-13 00:36:27";"easily installed"
47116;;"2024-12-13 00:15:04";ok
47117;;"2024-12-12 23:47:38";"hii sir 👍 ok"
47118;;"2024-12-12 23:40:33";"the Best"
47119;;"2024-12-12 23:17:58";"very helpful"
47120;;"2024-12-12 23:01:26";Useless.
47121;;"2024-12-12 22:21:27";nice
47122;;"2024-12-12 22:02:51";"this app is amazing 🤩"
47123;;"2024-12-12 18:40:47";"its superb n easy to use so many option to select 👍👍"
47124;;"2024-12-12 18:36:10";"Terrible app, doesn't show the room with any suggestions just shows a picture of a design"
47125;;"2024-12-12 18:30:28";"the best"
47126;;"2024-12-12 18:22:08";"nice interview"
47127;;"2024-12-12 18:15:25";"good 😊"
47128;;"2024-12-12 18:04:31";"It's not a good practice to as for a review before giving option to use the app"
47129;;"2024-12-12 17:22:29";beautiful
47130;;"2024-12-12 17:09:22";Great
47131;;"2024-12-12 16:32:02";good
47132;;"2024-12-12 15:40:53";perfect
47133;;"2024-12-12 15:31:02";"just download now looking forward"
47134;;"2024-12-12 15:06:24";good
47135;;"2024-12-12 13:49:21";fine
47136;;"2024-12-12 13:38:07";good
47137;;"2024-12-12 13:17:23";nice
47138;;"2024-12-12 13:16:21";"Good idea"
47139;;"2024-12-12 12:41:58";good
47140;;"2024-12-12 12:13:47";"amazing 😍😍"
47141;;"2024-12-12 11:35:31";helpful
47142;;"2024-12-12 11:12:55";good
47143;;"2024-12-12 09:27:52";Good
47144;;"2024-12-12 09:14:11";"I love the app"
47145;;"2024-12-12 09:12:12";osm
47146;;"2024-12-12 09:11:29";good
47147;;"2024-12-12 08:41:25";"living room"
47148;;"2024-12-12 07:53:46";"Nicely sculpted"
47149;;"2024-12-12 06:57:30";"Constantly says it is under maintenance and is very slow. Keeps adding furniture when put in not to. No clear way to cancel my trial subscription....so please cancel my trial and don't sign me up for a paid subscription! Have emailed and they say they do not possess any authorization for subscription-related processes. So who do I talk to then?! And how do I do it?"
47150;;"2024-12-12 06:42:08";"Nice one"
47151;;"2024-12-12 05:08:50";good
47152;;"2024-12-12 04:48:57";"is good"
47153;;"2024-12-12 03:51:14";"it's not bad 😔"
47154;;"2024-12-12 02:45:35";fake
47155;;"2024-12-12 01:13:54";"Worst app. Only 2 trial generated and also incorrect measurment"
47156;;"2024-12-11 23:18:03";"A very useful tool in home decoration..."
47157;;"2024-12-11 23:08:10";"perfect. I love it ❤"
47158;;"2024-12-11 22:15:26";NICE
47159;;"2024-12-11 22:07:11";great
47160;;"2024-12-11 21:32:02";"Great App pls keep improving"
47161;;"2024-12-11 21:29:59";"good enough"
47162;;"2024-12-11 20:56:39";Nice
47163;;"2024-12-11 19:25:00";"nice app"
47164;;"2024-12-11 18:54:30";"Very bad experience no customer service or help. Purchase a one year subscription by mistake and have not been able to use it even for one day"
47165;;"2024-12-11 18:54:03";"not user friendly"
47166;;"2024-12-11 18:43:25";great
47167;;"2024-12-11 18:28:15";nice
47168;;"2024-12-11 18:18:22";good
47169;;"2024-12-11 18:03:43";"Solid stuff"
47170;;"2024-12-11 17:36:19";best
47171;;"2024-12-11 17:20:46";"i want to interior my home"
47172;;"2024-12-11 17:08:33";"it's really good 👍"
47173;;"2024-12-11 16:38:06";"Rafael 1"
47174;;"2024-12-11 16:13:37";"good 👍"
47175;;"2024-12-11 15:54:18";"Why would you ask me for a review before I even try out your app?"
47176;;"2024-12-11 15:47:09";good
47177;;"2024-12-11 15:07:00";best
47178;;"2024-12-11 14:37:46";"Man kann es halt genau einmal benutzen"
47179;;"2024-12-11 14:15:41";exalent
47180;;"2024-12-11 14:04:27";"this is an awesome app."
47181;;"2024-12-11 13:57:46";good
47182;;"2024-12-11 13:33:41";"it's nice apps"
47183;;"2024-12-11 13:30:12";👍
47184;;"2024-12-11 13:02:22";good
47185;;"2024-12-11 12:43:32";"I haven't even used the app and at the start it asked me to rate it so I gave it a 1 star since I don't know and I haven't used it yet."
47186;;"2024-12-11 12:31:27";"great reviews"
47187;;"2024-12-11 12:27:04";"The pathetic app doesn't work anything like modernization of home or designing of a place, just a waste of time."
47188;;"2024-12-11 12:25:50";Good
47189;;"2024-12-11 11:49:26";nice
47190;;"2024-12-11 11:40:42";"abhi nhi pta"
47191;;"2024-12-11 11:30:50";Pathetic
47192;;"2024-12-11 11:23:45";"very good"
47193;;"2024-12-11 10:43:27";"nice app easy to use"
47194;;"2024-12-11 10:29:41";"difficult to do"
47195;;"2024-12-11 10:28:12";"I paid to subscribe but have only been able to get one design. Each time I try to get another style of design, I get redirected to the subscription page again, as if I need to pay over £4 for each design!!!! HOW DO I CANCEL???🤨"
47196;;"2024-12-11 09:52:19";nice
47197;;"2024-12-11 09:49:50";"be back after 10 days"
47198;;"2024-12-11 09:49:19";"good to use"
47199;;"2024-12-11 09:38:29";good
47200;;"2024-12-11 09:22:39";"good gunarater"
47201;;"2024-12-11 09:10:15";"l like it was the best ever thanks"
47202;;"2024-12-11 09:00:15";"good design idea"
47203;;"2024-12-11 08:50:53";good
47204;;"2024-12-11 08:43:32";pop
47205;;"2024-12-11 08:30:32";"They asked for the review first so I thought will give them 5 stars without testing the app., maybe they might give me better deal or service. Pls study and do your own research"
47206;;"2024-12-11 08:14:16";ok
47207;;"2024-12-11 08:09:12";nice
47208;;"2024-12-11 07:51:17";❤️❤️❤️❤️❤️
47209;;"2024-12-11 06:49:20";"excellent 👌"
47210;;"2024-12-11 06:43:06";"jist getting started"
47211;;"2024-12-11 06:16:54";wow
47212;;"2024-12-11 05:37:56";"v good"
47213;;"2024-12-11 04:44:51";"I like the it's design so fast"
47214;;"2024-12-11 04:24:19";good
47215;;"2024-12-11 04:14:02";woow
47216;;"2024-12-11 02:38:54";Good
47217;;"2024-12-11 01:51:51";best
47218;;"2024-12-11 01:10:51";good
47219;;"2024-12-11 01:05:41";"before starting the app they ask me review this app. how can?"
47220;;"2024-12-11 00:58:42";"is good👍"
47221;;"2024-12-10 23:47:40";"drawing room decorations"
47222;;"2024-12-10 23:30:57";amazing
47223;;"2024-12-10 22:41:17";"awesome app"
47224;;"2024-12-10 21:51:07";"it's awesome"
47225;;"2024-12-10 21:21:10";Trash
47226;;"2024-12-10 20:52:33";"HORRIBLE. DISGUSTING AI, that cannot do anything usedull, Not even recognize a Sketch of a room. It also generates with AI Art, Not realistic furniture or sizing. !!! It gives you few tries, and then forces you to pay a lot of money, to make ugly nothing. It is just a bad paying trap SCAM"
85329;;"2025-01-03 14:32:07";🇺🇦Πμ|
85266;;"2025-02-01 10:09:16";"Amazing app"
85073;;"2024-10-14 17:25:23";tray
85011;;"2024-11-04 12:39:05";"test dulu"
84821;;"2024-12-08 15:28:40";"hopefully can answer my problem"
84760;;"2024-12-14 16:48:44";"Must paid"
84573;;"2025-01-01 12:31:05";good
84513;;"2025-01-06 10:52:11";👍
84329;;"2025-01-26 06:24:56";bagus
84270;;"2025-02-04 03:38:42";nice
79481;;"2024-10-14 19:14:29";"🤗 What's most important thing is an AI performance and after testing a lot of them I can say THIS IS THE BEST ONE U can use the app free of any charge ( 1 free use per day ) U can save the images for free ( They will be watermarkt , payment is needed if u would like the image without the watermark ) Some times the app will inform u off maintenance when creating image Don't wory, the system didn't forget ur order it will just tak longer, the image will be dropped in to ur profile in time"
79423;;"2024-09-19 01:30:34";"Cannot create without upgrade"
79365;;"2024-12-02 14:59:23";ọk
77652;;"2025-02-06 22:58:06";"ottimo veramente"
77595;;"2024-10-04 12:44:24";Fake
77421;;"2024-10-16 00:47:58";"Nota 💯"
77365;;"2024-10-27 12:30:43";"ainda não testei, mas quando testar sei que vou dar uma boa avaliação"
77434;;"2024-10-11 06:14:28";"a princípio parece bom !!!! ..."
77139;;"2024-12-13 17:32:04";"maravilhoso.... sensacional... perfeito."
77084;;"2024-12-18 02:24:13";testando.
76917;;"2025-01-16 01:44:09";"tô gostando"
76863;;"2025-01-25 10:10:29";"Excelente aplicativo."
76809;;"2025-01-30 15:48:50";"Só usei umas 3 vezes e depois não consegui mais, porque pede a versão paga, péssimo, deveria ao menos ter uma versão gratuita"
76646;;"2025-02-08 16:17:54";"gostei muito da qualidade e dos padrões que a gente pode esperar"
76593;;"2025-02-12 18:02:42";Bom
76877;;"2025-01-22 14:15:58";otimo
73307;;"2024-10-12 13:29:05";bien
73254;;"2024-10-27 01:59:31";"c'est le meilleur pour moi"
77613;;"2025-02-19 21:12:29";"Tutto bello"
73045;;"2024-12-23 05:31:22";super
72993;;"2025-01-04 00:18:00";parfait
77671;;"2025-01-29 19:34:44";.😀😀😀
72789;;"2025-02-01 23:00:27";"c'est très intéressant"
72738;;"2025-02-05 23:26:39";bien
77157;;"2024-12-11 17:23:44";"Parece ser muito bom mas ainda estou testando."
72539;;"2024-10-05 10:38:20";fantastic
72489;;"2025-01-01 19:35:05";👍
70939;;"2024-09-12 15:55:19";ممتاز
77385;;"2024-10-22 22:46:11";"em análise, aparentemente e otimo"
70746;;"2025-02-02 18:32:18";جميل
70698;;"2025-02-11 20:25:58";"لنجربه ؟"
72504;;"2024-12-09 09:12:54";zo'r
70512;;"2024-09-28 13:57:40";Asco
70465;;"2024-10-03 04:02:04";"Me encanta la aplicación"
70418;;"2024-10-07 17:26:00";"La ayuda más didáctica y proactividad"
77331;;"2024-11-06 22:05:19";"Paguei uma subscrição e a app está sempre em manutenção, não gera nenhuma imagem"
70238;;"2024-10-24 00:28:09";"Muy bueno"
70192;;"2024-10-28 13:49:33";"muy amigable y funcional los diseños se muestran en mucha realidad"
70146;;"2024-11-03 14:20:23";"esperando cumpla todas las expectativas"
84600;;"2024-12-30 08:57:40";"semoga bermanfaat"
69972;;"2024-11-20 19:49:38";Excellent
69927;;"2024-11-24 19:42:46";"Reiteradas veces no me deja seguir creando por qué dice que AI está colapsada"
70206;;"2024-10-27 05:58:58";"Siempre está en mantenimiento y cuando funciona tarda mucho en renderizar , estoy algo decepcionado"
85041;;"2024-10-23 13:30:45";"nice aplikasi"
69714;;"2024-12-07 14:22:32";exelente!
69670;;"2024-12-08 19:55:01";buenisimo
66626;;"2024-12-09 16:11:22";"veamos que tal"
66582;;"2024-12-10 03:22:19";"me piden valorar antes de seguir. así que por eso pongo 3 estrellas"
72458;;"2025-02-05 07:08:43";"niceee app"
66421;;"2024-12-14 06:39:37";"Realmente me encanto le dare 10/20"
66378;;"2024-12-15 12:36:51";buenísima
66335;;"2024-12-16 01:49:32";"aún no la pruebo pero me la recomendaron y se ve buena app!!"
69942;;"2024-11-23 16:03:51";"Lo instale para nada. No funcionó la app"
84299;;"2025-01-29 15:43:30";oke
66138;;"2024-12-21 14:20:38";excelente
66096;;"2024-12-22 15:22:48";excelente
66054;;"2024-12-23 18:11:45";"esta bastante buena esta app"
72811;;"2025-01-30 15:34:26";"Application à recommander 👏👏👏"
65907;;"2024-12-27 02:10:43";Buena
65867;;"2024-12-27 20:54:33";"una buena elección para diseñar tu hogar fácil eficas y rapido"
65827;;"2024-12-28 14:36:24";excelente
72704;;"2025-02-09 10:43:12";nice
73226;;"2024-11-02 15:25:01";"cette application n est pas gratuite. il faut obligatoirement payer pour pouvoir utiliser l'application"
65648;;"2024-12-31 14:29:01";"excelente aplicación"
65609;;"2025-01-01 09:01:09";ok
65570;;"2025-01-01 18:28:22";"aun no la use"
70670;;"2025-02-19 19:22:22";😍😍
72711;;"2025-02-08 14:28:22";"c'est extraordinaire"
65398;;"2025-01-03 22:44:00";buenosimo
65360;;"2025-01-04 13:43:56";"Excelente aplicación"
65322;;"2025-01-05 00:04:12";👍
65284;;"2025-01-05 12:22:33";"2 diseños y luego te pide pagar🤦, no la instalen , pésima aplicación"
76560;;"2025-02-14 11:57:05";"muito bom"
79397;;"2024-10-28 03:14:54";ok
70213;;"2024-10-26 22:08:49";excelente
84245;;"2025-02-06 16:07:05";good
62047;;"2025-01-08 02:27:52";"no la he probado jajaja pero aver que pasa ay les digo si sirve ho no"
62010;;"2025-01-08 15:49:32";"buena aplicación"
61973;;"2025-01-09 02:52:36";bien
65624;;"2024-12-31 21:25:17";"La instalé, me pidió una reseña antes de usarla, la usé una vez, no identifica cosas básicas, me pidió mi tarjeta de crédito, la desinstalé."
70915;;"2024-10-16 13:48:57";"ممتاز جدا"
85111;;"2024-10-04 04:21:38";oke
61784;;"2025-01-11 10:33:32";"Excelente Opción para Remodelación"
61748;;"2025-01-11 17:31:41";cool
61712;;"2025-01-12 02:45:53";chevere
65547;;"2025-01-02 02:48:08";"no me deja cancelar suscripción"
70675;;"2025-02-18 12:51:00";"good decorations"
84737;;"2024-12-16 11:51:22";"dicoba dl"
61533;;"2025-01-14 00:09:53";☺️
61498;;"2025-01-14 04:51:38";"Buena aplicación"
61463;;"2025-01-14 15:21:49";"me gusta mucho te ayuda a tener una idea de lo que quieres crear"
69903;;"2024-11-25 20:28:30";excelente
69648;;"2024-12-09 00:26:43";exelente
76841;;"2025-01-27 22:28:34";"muito bom"
61293;;"2025-01-16 09:39:01";bie
61258;;"2025-01-16 16:00:14";excelente
61223;;"2025-01-17 00:34:53";exvelente
61188;;"2025-01-17 10:59:45";"excelente y eficiente la recomiendo una buena herramienta para los diseñadores"
77682;;"2025-01-20 22:28:29";"recensione obbligatoria prima di iniziare"
70444;;"2024-10-06 03:17:35";👍👍👍
84249;;"2025-02-06 11:10:22";oke
61026;;"2025-01-19 01:46:23";excelente
60991;;"2025-01-19 13:58:36";"super fácil de usar"
60956;;"2025-01-19 20:48:30";genial
77341;;"2024-11-03 04:04:35";"muito bom"
65628;;"2024-12-31 20:57:00";excelente
70726;;"2025-02-07 09:06:42";"كويس جداً"
84740;;"2024-12-16 07:32:06";terbaik
60766;;"2025-01-23 01:04:08";"es genial"
60732;;"2025-01-23 13:03:33";Excelente
60698;;"2025-01-24 01:03:23";"muy bueno"
60936;;"2025-01-20 01:59:45";"de lujo muy buena app"
61239;;"2025-01-16 20:53:38";"me encantó. transforma espacios, y te da una perspectiva diferente de tu entorno."
65629;;"2024-12-31 20:41:19";excelente
77330;;"2024-11-06 22:42:45";ótimo
84251;;"2025-02-06 06:48:44";mantap
58979;;"2025-01-27 10:19:55";excelente
58946;;"2025-01-27 19:22:19";"espero sea una gran aplicación de ia"
58913;;"2025-01-28 11:43:12";"Me encanta y facil de usar"
58880;;"2025-01-28 22:55:07";"excelente herramienta!!!!!! """
61515;;"2025-01-14 01:40:37";"aún veré como es esta AI"
77623;;"2025-02-16 09:10:40";ok
72471;;"2025-01-28 11:51:15";😍😍😍😍
47360;;"2024-12-08 18:59:07";❤❤
47361;;"2024-12-08 18:12:03";"best app"
47362;;"2024-12-08 17:59:49";❤️
47363;;"2024-12-08 16:57:12";❤️❤️
47364;;"2024-12-08 16:31:58";good
47365;;"2024-12-08 16:30:00";good
47366;;"2024-12-08 16:19:57";"very good apps, so recommended 👍🏻"
47367;;"2024-12-08 16:04:55";ok
47368;;"2024-12-08 15:11:33";"awesome app"
47369;;"2024-12-08 15:07:18";"Love ut"
47370;;"2024-12-08 14:41:07";nice
47371;;"2024-12-08 14:30:32";dope
47372;;"2024-12-08 13:49:14";"great work"
47373;;"2024-12-08 13:44:25";nice
47374;;"2024-12-08 13:32:20";good
47375;;"2024-12-08 13:12:56";"it Good"
47376;;"2024-12-08 11:59:12";"very helpful"
47377;;"2024-12-08 11:03:26";"best app ever"
47378;;"2024-12-08 10:54:28";"good service"
47379;;"2024-12-08 10:32:51";best
47380;;"2024-12-08 10:21:08";good
47381;;"2024-12-08 09:47:13";good
47382;;"2024-12-08 09:42:38";"nice app"
47383;;"2024-12-08 09:03:38";nice
47384;;"2024-12-08 07:58:40";fantastic
47385;;"2024-12-08 07:48:22";"Highly Recommended👌"
47386;;"2024-12-08 07:33:52";"use able"
47387;;"2024-12-08 06:44:11";"very useful"
47388;;"2024-12-08 06:23:35";ok
47389;;"2024-12-08 06:22:21";amazing
47390;;"2024-12-08 05:59:01";"Not working"
47391;;"2024-12-08 05:42:59";"Designer the house in the garden."
47392;;"2024-12-08 05:22:39";"Not worth it"
47393;;"2024-12-08 04:43:41";good
47394;;"2024-12-08 04:40:10";excellent
47395;;"2024-12-08 04:38:07";"excellent is free"
47396;;"2024-12-08 04:17:50";good
47397;;"2024-12-08 03:53:36";"awesome app"
47398;;"2024-12-08 03:16:14";"Helps me to have an insight and idea to decorate my house"
47399;;"2024-12-08 02:32:57";good
47400;;"2024-12-08 01:55:53";omg
47401;;"2024-12-08 00:25:29";"Very poor picture qualities."
47402;;"2024-12-07 23:33:38";"this may help me more for my project"
47403;;"2024-12-07 23:09:51";"it's good"
47404;;"2024-12-07 21:53:57";"Do not satisfy.. Show cartonic results"
47405;;"2024-12-07 21:27:29";"I was excited to look at the AI design my room and then not what I expected I gotta do payment like be for real bro after I did the payment who's gonna buy the item after the AI recommend the items for my room? And one more quit with the free ahh ad bro stop scamming people what if some guy See's the ad and thinking ""oh my this AI nowadays so smart"" and after the man open the ad put the photo and what design after he press the design thing he's face feel like a disappointed be for real bro.."
47406;;"2024-12-07 20:24:35";"the best"
47407;;"2024-12-07 19:24:05";good
47408;;"2024-12-07 19:17:57";"So great"
47409;;"2024-12-07 19:12:39";"Fake app"
47410;;"2024-12-07 19:11:45";"very good"
47411;;"2024-12-07 19:04:08";"i think the app 🤔 👀 is appropriate for kids and adults"
47412;;"2024-12-07 18:47:31";nice
47413;;"2024-12-07 18:36:21";"Хорошо, что у них есть пробный период, приложение абсолютно не стоит своих денег, совсем: кривые генирации с 2-мя раковинами или тремя плитами и т.д. в общем как по мне просто побаловаться, но не для серьёзного проектирования дизайна помещений уж точно"
47414;;"2024-12-07 18:31:30";Ok
47415;;"2024-12-07 18:26:54";ሊቀ
47416;;"2024-12-07 17:05:02";"pay to generate waste time even you pay"
47417;;"2024-12-07 16:59:28";"They force you to buy and when you do, they hurl several rounds of frustrations at you saying ""We are under maintenance and We'll be back soon"""
47418;;"2024-12-07 16:40:43";"Always under maintenance, not worth the spend"
47419;;"2024-12-07 16:33:50";"good 👍🏻"
47420;;"2024-12-07 16:13:26";"excellent app"
47421;;"2024-12-07 16:13:13";gud
47422;;"2024-12-07 15:42:33";perfecto
47423;;"2024-12-07 15:36:42";"great app"
47424;;"2024-12-07 15:18:10";"good app"
47425;;"2024-12-07 15:01:00";"nice App"
47426;;"2024-12-07 14:32:43";good
47427;;"2024-12-07 13:58:41";lovely
47428;;"2024-12-07 13:37:54";"Didn't work"
47429;;"2024-12-07 13:17:47";"really helpful"
47430;;"2024-12-07 13:11:31";"is a wonderful app"
47431;;"2024-12-07 13:00:07";bakwas
47432;;"2024-12-07 12:19:04";"good 👍"
47433;;"2024-12-07 12:05:26";"good one"
47434;;"2024-12-07 12:01:25";"good and helpful, thanks a lot"
47435;;"2024-12-07 11:20:50";"Why would need to set up payment for trial period"
47436;;"2024-12-07 11:09:32";"Good one. install it"
47437;;"2024-12-07 10:09:31";"Great app"
47438;;"2024-12-07 10:04:49";"Very insightful"
47439;;"2024-12-07 09:53:18";goood
47440;;"2024-12-07 09:34:42";"very nice"
47441;;"2024-12-07 09:32:13";nice
47442;;"2024-12-07 08:48:06";"This is a disgusting app, after installing the app you will get the subscription pop up, and if you take the free trial, no option of cancelling is available. Also, the designs the app provide is only the polished and distorted form of the existing image, no customisation is possible."
47443;;"2024-12-07 08:34:49";good
47444;;"2024-12-07 07:55:31";good
47445;;"2024-12-07 07:44:53";"it's Damn awesome"
47446;;"2024-12-07 07:33:30";"why worry share your thoughts with AI ❤️"
47447;;"2024-12-07 07:18:28";"so nice"
47448;;"2024-12-07 05:39:33";"excellent app"
47449;;"2024-12-07 04:38:29";good🩷
47450;;"2024-12-07 04:13:32";great
47451;;"2024-12-07 04:02:45";"great app"
47452;;"2024-12-07 04:02:32";"Gives you one pressure free design and then pressures you to buy. Doesn't give user a chance to even see if it can be helpful with one design."
47453;;"2024-12-07 03:53:51";"very nice👏"
47454;;"2024-12-07 02:31:16";matilyo
47455;;"2024-12-07 01:32:10";"I havent used the app yet"
47456;;"2024-12-06 23:54:59";good
47457;;"2024-12-06 22:19:33";"The same room only different colors"
47458;;"2024-12-06 20:05:10";"i have been seeing ads about this, so ill try and see myself how amzing ths app could do.. i will be posting result after"
47459;;"2024-12-06 19:54:03";"Doesnt allow you without a payment profile"
47460;;"2024-12-06 19:52:37";"good app to decorate your room with AI"
47461;;"2024-12-06 19:19:10";good
47462;;"2024-12-06 18:28:51";superb
47463;;"2024-12-06 18:27:37";"No free trail"
47464;;"2024-12-06 18:12:25";"best apps"
47465;;"2024-12-06 17:04:41";super
47466;;"2024-12-06 16:35:57";excellent
47467;;"2024-12-06 15:23:15";👍😊
47468;;"2024-12-06 15:10:01";good
47469;;"2024-12-06 15:01:39";"haven't even used the app"
47470;;"2024-12-06 14:49:39";Good
47471;;"2024-12-06 14:29:34";"Ni ce thank you for your information to nahe hai na"
47472;;"2024-12-06 14:13:37";"Great app"
47473;;"2024-12-06 13:35:05";"nice apps change my life lot easier:)"
47474;;"2024-12-06 12:56:25";"Biar bintang yg berbicara"
47475;;"2024-12-06 12:33:47";"good app so good 😊"
47476;;"2024-12-06 12:30:50";"I was asked for a review before ever getting into the app, so I know nothing about it yet. I'll update later depending on what I think of it."
47477;;"2024-12-06 12:10:40";N/A
47478;;"2024-12-06 11:06:04";good
47479;;"2024-12-06 10:27:19";"Its really good, helped me organize my room I was really unsure about :))"
47480;;"2024-12-06 10:03:37";"shadiye mayah"
47481;;"2024-12-06 10:00:18";"Its a great app"
47482;;"2024-12-06 09:50:00";useful
85328;;"2025-01-06 17:53:29";"I started the 3-day trial period, but I don't like the application, so I want to cancel the subscription, but I can't find how. can you help thank you"
85265;;"2025-02-09 12:00:30";"φαίνεται καλή θα το δούμε"
85072;;"2024-10-15 02:06:48";👌👌👌
85010;;"2024-11-04 16:41:36";"Try to be oke"
84820;;"2024-12-08 16:12:18";nice
84759;;"2024-12-14 22:13:33";mantap
84572;;"2025-01-01 13:41:12";"nice application"
84512;;"2025-01-06 11:08:16";"kalo bagus, ku tambah bintang nya.. krn ini baru percobaan pertama"
84328;;"2025-01-26 07:20:27";jozzz
84269;;"2025-02-04 04:33:34";"bagus cukup membantu"
79480;;"2024-10-25 21:18:04";dobre
79422;;"2024-09-20 08:49:25";hay
79364;;"2024-12-03 17:51:40";tôt
77651;;"2025-02-07 07:00:31";"Non ho letto prima la recensione non perdete tempo tutto a pagamento"
77594;;"2024-10-08 12:40:06";"Kostenpflichtig nachdem man es downloaded. Vor Nutzung werde ich direkt nach Bewertung gefragt, bittesehr"
77420;;"2024-10-16 02:35:31";legal
77364;;"2024-10-27 12:52:34";"amei as ideias"
77609;;"2025-02-06 02:49:14";이거잘될건가아니가?
77138;;"2024-12-13 19:45:13";"ainda não testei mas parece bom"
77083;;"2024-12-18 03:27:44";"bomm dms"
76916;;"2025-01-16 02:04:09";ótimo
76862;;"2025-01-25 17:27:13";Good
76808;;"2025-01-30 15:56:17";"app excelente ajuda muito nas decisões"
76645;;"2025-02-08 17:03:04";"Quero o estorno do valor debitado da minha conta indevidamente"
76592;;"2025-02-12 18:12:34";"perfeito ❤️"
84346;;"2025-01-22 07:24:11";mantap
73306;;"2024-10-12 23:34:50";cool
73253;;"2024-10-27 07:31:55";"les placages chinois"
77670;;"2025-01-29 19:58:58";"Fa schifo , fai una foto della tua stanza e in fine ti mostra una stanza non tua arredata , foto che trovi su internet facilmente che senso ha ?"
73044;;"2024-12-24 06:23:23";"très bonne application"
72992;;"2025-01-04 00:21:53";"je recommande vivement"
79385;;"2024-11-15 02:38:53";"K có tiếng việt mà toàn tiếng anh k khó sử dụng"
72788;;"2025-02-02 05:27:58";"very good"
72737;;"2025-02-06 00:39:46";"tout mes félicitations"
77328;;"2024-11-08 18:10:19";ótimo
72538;;"2024-10-06 03:23:22";best
72488;;"2025-01-03 07:46:06";"начинаю пользоваться"
70938;;"2024-09-20 12:30:40";"تحت التجربه"
84589;;"2024-12-31 10:20:41";"blm tau hasilnyah"
70745;;"2025-02-02 19:11:19";زباله
70697;;"2025-02-12 00:12:55";شكراً
72554;;"2024-08-11 11:58:22";goooood
70511;;"2024-09-28 17:22:16";excelente
70464;;"2024-10-03 08:23:32";Buenas
70417;;"2024-10-07 18:14:58";"Veré que tan buena es"
77387;;"2024-10-22 21:06:44";Bom
70237;;"2024-10-24 03:40:13";"SON UNOS LADRONES..."
70191;;"2024-10-28 14:54:54";"voy a ensayarla y les dire."
70145;;"2024-11-03 15:54:36";"Muy vuena ap"
84788;;"2024-12-12 01:43:56";"try good"
69971;;"2024-11-20 20:07:46";"muy buena app"
69926;;"2024-11-24 19:55:56";"muy buena"
70252;;"2024-10-22 13:06:31";buena
85103;;"2024-10-06 09:10:52";"blm coba"
69713;;"2024-12-07 15:45:03";"no la he aplicado ni probado aún"
69669;;"2024-12-08 20:17:38";good
66625;;"2024-12-09 16:18:40";"espero probarla para poder dar lo opinión"
66581;;"2024-12-10 03:32:41";"Voy a probar"
72508;;"2024-12-02 07:20:13";"посмотреть надо"
66420;;"2024-12-14 08:05:29";super
66377;;"2024-12-15 13:05:01";"NO es gratis"
66334;;"2024-12-16 03:29:33";😁😌
69987;;"2024-11-19 13:51:16";bueno
84483;;"2025-01-08 04:25:45";"baru mw di coba"
66137;;"2024-12-21 14:33:14";Excelente
66095;;"2024-12-22 15:27:11";"me gusta"
66053;;"2024-12-23 18:36:47";"me gusta, es muy práctico"
72964;;"2025-01-08 11:14:58";Bien
65906;;"2024-12-27 03:11:02";"Es un Ascó"
65866;;"2024-12-27 21:22:16";excelente
65826;;"2024-12-28 14:40:17";"todavía no la eh usado pero a lo que veo hay mucha opiniones que dicen qué es buena yo espero y no me dececione ☺️"
66068;;"2024-12-23 04:21:16";Excelente
73279;;"2024-10-19 13:51:05";"ça m'inspire beaucoup"
65647;;"2024-12-31 15:52:56";ok
65608;;"2025-01-01 09:11:04";excelente
65569;;"2025-01-01 18:57:37";"Excelente app"
65801;;"2024-12-28 20:18:06";"no probé la experiencia pero parece q es inspiradora y muy practica para las personas q no tenemos practica o ideas y la creatividad de un diseñador o decorador de interiores"
72762;;"2025-02-03 21:22:41";"génial cette application"
65397;;"2025-01-03 23:13:48";bie
65359;;"2025-01-04 13:48:13";excelente
65321;;"2025-01-05 00:04:17";"genial 👌"
65283;;"2025-01-05 12:24:53";"linda aplicación"
70166;;"2024-10-31 12:08:50";"No tiene periodo de prueba y sin hacer el pago no se puede utilizar prácticamente nada de la aplicación"
79455;;"2025-01-04 15:58:33";Fajna
70259;;"2024-10-22 01:45:00";"excelente app"
84304;;"2025-01-29 04:26:30";"ok good"
62046;;"2025-01-08 02:29:02";"recién la instale, no se si funciona"
62009;;"2025-01-08 16:16:06";"No sirve, osea solo busca una imagen parecida a tu foto, no es que te diseña un espacio, no vale la pena gastar $5usd por semana (-_-)"
61972;;"2025-01-09 03:03:56";"Buena aplicación"
84854;;"2024-12-05 07:46:36";projeck
72465;;"2025-02-01 10:55:02";ok
85305;;"2024-04-07 07:06:33";"Not warking"
61783;;"2025-01-11 10:46:47";excelente
61747;;"2025-01-11 17:35:19";"muy buena"
61711;;"2025-01-12 02:56:46";buena
65586;;"2025-01-01 15:58:56";"excelente apo"
70723;;"2025-02-07 17:37:22";جميل
84798;;"2024-12-10 12:59:48";mantap
61532;;"2025-01-14 00:22:57";"muy buena app"
61497;;"2025-01-14 05:15:09";ok
61462;;"2025-01-14 15:25:23";buena
61986;;"2025-01-08 22:58:02";"De pago total"
69692;;"2024-12-08 14:48:32";"la mejor"
76895;;"2025-01-19 09:39:08";"muito bom"
61292;;"2025-01-16 09:47:25";excelente
61257;;"2025-01-16 16:26:05";bien
61222;;"2025-01-17 00:35:35";"Excelente la recomiendo"
61187;;"2025-01-17 11:23:18";exelente
69945;;"2024-11-22 21:50:00";bien
70491;;"2024-09-30 20:41:33";Útil
84308;;"2025-01-29 01:37:23";"coba dulu"
61025;;"2025-01-19 01:49:53";genial
60990;;"2025-01-19 14:15:01";"Muy buena"
60955;;"2025-01-19 20:51:26";"Muy buena app"
61202;;"2025-01-17 03:48:23";"me encanta"
84485;;"2025-01-08 03:56:50";bagus
70775;;"2025-01-28 15:09:47";"تحت التجريب"
84801;;"2024-12-10 08:37:09";jos
60765;;"2025-01-23 01:04:36";excelente
60731;;"2025-01-23 13:09:02";"Muy buena. excelente apmicacion"
60697;;"2025-01-24 01:22:34";"me gusta"
60971;;"2025-01-19 17:11:19";excelente
61274;;"2025-01-16 14:11:30";"es buena"
84301;;"2025-01-29 12:45:26";good
70679;;"2025-02-17 19:13:41";جيد
84310;;"2025-01-29 00:46:41";top
58978;;"2025-01-27 11:03:19";"me encanta"
58945;;"2025-01-27 20:17:43";"lo instale recién. vemos q pasa"
58912;;"2025-01-28 12:18:03";excelente
58894;;"2025-01-28 17:24:13";"voy a probarla❤️"
61550;;"2025-01-13 18:45:51";👍🏽
69685;;"2024-12-08 16:03:12";"muy bien"
72521;;"2024-11-06 11:35:58";"лучшее приложение"
47616;;"2024-12-03 10:20:07";good
47617;;"2024-12-03 10:19:18";"very good and reliable ☺️"
47618;;"2024-12-03 09:47:52";nice
47619;;"2024-12-03 09:46:11";"it so good 💯"
47620;;"2024-12-03 09:40:41";"❤️ 😍"
47621;;"2024-12-03 09:28:25";"SCAM. Stay away and report. They claim there's a 3 day free trial but you can't cancel after registering and no one responds to emails. They withdrew 2 payments from my card in a matter of weeks."
47622;;"2024-12-03 09:18:25";"This app asks for a review before you even get in, then immediately slaps you with a pay wall"
47623;;"2024-12-03 08:48:16";"best app"
47624;;"2024-12-03 08:13:25";awesome.,
47625;;"2024-12-03 07:57:50";"The review came before I could use the app. So I'm neutral until further notice"
47626;;"2024-12-03 07:52:54";"it's nice"
47627;;"2024-12-03 07:34:07";"good app"
47628;;"2024-12-03 07:20:32";helpful
47629;;"2024-12-03 06:42:06";"It asks to subscribe before you can even use the app. After several times trying, finally I can generate the image but unfortunately, the result are bad"
47630;;"2024-12-03 06:22:06";"very useful"
47631;;"2024-12-03 06:02:36";Nice
47632;;"2024-12-03 04:57:13";"nothing to say yet"
47633;;"2024-12-03 04:52:49";"very effective.."
47634;;"2024-12-03 03:58:06";"i want to try first"
47635;;"2024-12-03 03:16:39";"it's good and effective"
47636;;"2024-12-03 03:16:03";good
47637;;"2024-12-03 03:14:09";"AMZ ..good app"
47638;;"2024-12-03 02:59:30";"so beautiful"
47639;;"2024-12-02 23:00:20";"i will follow up my rating if i used it,as of now i didn't use this app for my home design"
47640;;"2024-12-02 22:56:48";good
47641;;"2024-12-02 21:32:14";"Not even opened app and you ask for review. Here it is. Enjoy."
47642;;"2024-12-02 19:16:46";"amazing 🤩😍"
47643;;"2024-12-02 18:41:10";"can't wait to test it out"
47644;;"2024-12-02 18:22:59";cool
47645;;"2024-12-02 17:51:17";nice
47646;;"2024-12-02 17:34:48";"باز نمیشه"
47647;;"2024-12-02 16:35:11";"Veeery slow"
47648;;"2024-12-02 15:43:32";"They stole my money"
47649;;"2024-12-02 13:26:45";"dont be fooled with this application, i tried using free trial for 3 days but i was charge of 2300 one yr subscription. so dis appointing! too slow also, waste of money and time"
47650;;"2024-12-02 13:25:29";testing
47651;;"2024-12-02 13:06:34";"Scummy tactics asking for 5 stars before they tell you it's a paid app."
47652;;"2024-12-02 12:55:14";excellent
47653;;"2024-12-02 12:41:54";"cool 😎"
47654;;"2024-12-02 12:02:30";good
47655;;"2024-12-02 11:27:48";"its the best app ever. now my house looks a million bucks"
47656;;"2024-12-02 11:08:29";"I will rate after using app"
47657;;"2024-12-02 11:06:53";"good app"
47658;;"2024-12-02 10:25:06";"Seems interesting 😉💞 I think I'm gonna love this app..."
47659;;"2024-12-02 10:08:29";"let me try it first I will come back and make it 5star"
47660;;"2024-12-02 09:42:33";"very good 👍"
47661;;"2024-12-02 09:20:27";"awesome 😎"
47662;;"2024-12-02 09:15:54";ហ្្
47663;;"2024-12-02 09:00:47";"it's great 👍"
47664;;"2024-12-02 08:59:47";good
47665;;"2024-12-02 08:44:47";perfect
47666;;"2024-12-02 08:41:54";good
47667;;"2024-12-02 08:18:19";"good application"
47668;;"2024-12-02 07:52:37";"great apps for homy desaign"
47669;;"2024-12-02 07:22:37";nice
47670;;"2024-12-02 06:03:21";"Very bad experience, even after cancellation of subscription, money debited from my account, no customer care support. No one responded correctly on the mail, mail is also work like Robot or AI assistant. No human connect bad experience."
47671;;"2024-12-02 05:30:10";😊
47672;;"2024-12-02 04:52:33";"one room with bed, sober and gaz for cooking"
47673;;"2024-12-02 04:46:39";nice
47674;;"2024-12-02 04:30:08";"let's try❤️"
47675;;"2024-12-02 04:10:04";"great app. usefull"
47676;;"2024-12-02 03:34:11";👎
47677;;"2024-12-02 03:17:53";good
47678;;"2024-12-02 03:15:41";great
47679;;"2024-12-02 02:50:52";"great app"
47680;;"2024-12-02 02:49:19";superb
47681;;"2024-12-02 02:47:39";"so good"
47682;;"2024-12-02 01:06:59";nicee.
47683;;"2024-12-01 23:10:28";good
47684;;"2024-12-01 21:44:26";"ill try first"
47685;;"2024-12-01 21:27:12";good
47686;;"2024-12-01 19:50:42";"this option comes before exploring the app"
47687;;"2024-12-01 17:42:17";good
47688;;"2024-12-01 17:32:17";ok
47689;;"2024-12-01 17:29:04";nice
47690;;"2024-12-01 17:04:58";Good
47691;;"2024-12-01 17:01:44";"Scamer.. Dull and leathergic"
47692;;"2024-12-01 16:16:08";"nice app for home design"
47693;;"2024-12-01 16:13:13";"the best in decor"
47694;;"2024-12-01 15:23:59";good
47695;;"2024-12-01 15:18:03";"best app I have encountered so far💯"
47696;;"2024-12-01 15:16:05";best
47697;;"2024-12-01 15:03:14";good
47698;;"2024-12-01 14:54:14";nice
47699;;"2024-12-01 14:36:54";good
47700;;"2024-12-01 14:32:57";nice
47701;;"2024-12-01 13:08:17";"cool 😎"
47702;;"2024-12-01 13:00:27";"wonderful app for amature interior designers"
47703;;"2024-12-01 12:15:32";good
47704;;"2024-12-01 12:06:30";architect
47705;;"2024-12-01 11:58:49";Laggy
47706;;"2024-12-01 11:31:56";good
47707;;"2024-12-01 11:17:30";"good ia for redesigning your home interior"
47708;;"2024-12-01 10:53:17";good
47709;;"2024-12-01 10:50:18";"I haven't used the app."
47710;;"2024-12-01 09:44:24";"loving it 😍"
47711;;"2024-12-01 09:15:59";"My Samsung Note 10 repeatedly hang after installing this app."
47712;;"2024-12-01 09:00:26";"very good"
47713;;"2024-12-01 08:58:50";good
47714;;"2024-12-01 08:39:18";best
47715;;"2024-12-01 08:11:41";good
47716;;"2024-12-01 07:44:29";"This App simply does not work and it's not easy to figure out how to stop the charges. Pretty much a scam! Stay away!"
47717;;"2024-12-01 07:41:26";"it's nice"
47718;;"2024-12-01 07:30:05";gooooood
47719;;"2024-12-01 06:55:34";good
47720;;"2024-12-01 06:51:55";"its good"
47721;;"2024-12-01 06:00:35";good
47722;;"2024-12-01 06:00:15";"very good"
47723;;"2024-12-01 04:44:22";good
47724;;"2024-12-01 04:18:03";"New and Learning"
47725;;"2024-12-01 02:44:43";best
47726;;"2024-12-01 01:31:03";"thank u for sharing your ideas"
47727;;"2024-12-01 00:48:49";gud
47728;;"2024-12-01 00:02:20";"This app is terrible. The prompts are not followed at all. The interface is clunky. The built in options are extremely limited. I'm cancelling after less than a day. This is the only review I have ever written, it's that bad."
47729;;"2024-11-30 21:04:53";"doing great"
47730;;"2024-11-30 19:21:53";"nice to use"
47731;;"2024-11-30 19:20:49";good
47732;;"2024-11-30 18:38:08";"very helpful"
47733;;"2024-11-30 18:21:08";"super fun and creativity provoking"
47734;;"2024-11-30 18:08:09";"can't wait for a new kitchen deaign"
47735;;"2024-11-30 15:24:11";best
47736;;"2024-11-30 15:04:09";good
47737;;"2024-11-30 14:59:34";good
47738;;"2024-11-30 14:35:41";Nice
85327;;"2025-02-04 09:44:48";"Nagyon rossz,semmi térérzékelése és realitása nincs"
85264;;"2025-02-11 19:58:27";"Θέλει πληρωμή..."
85071;;"2024-10-15 08:00:02";"aplikasi ini bagus"
85009;;"2024-11-05 14:47:43";😇
84819;;"2024-12-08 21:12:07";good
84758;;"2024-12-15 01:07:34";"kurang banyak opsi"
84571;;"2025-01-01 20:50:10";"membantu sekalu"
84511;;"2025-01-06 11:23:24";"kita Coba dulu"
84327;;"2025-01-26 07:54:55";wow
84268;;"2025-02-04 05:22:48";"sangat bagus untuk mencari inspirasi warna dan tata letak design interior"
79479;;"2024-10-26 14:25:21";"Super apka . polecam"
79421;;"2024-09-21 08:10:32";"Lừa đảo. Bắt mua mới chạy. Dẹp mịa đi."
79363;;"2024-12-04 05:47:43";"Hãy hoàn lại tiền cho tôi"
77650;;"2025-02-07 13:30:21";bene
77593;;"2024-10-09 00:21:22";"Komplett sinnlos, wenn AI eine Decke von einer Wand nicht unterscheiden kann und dann auch noch ständig das selbe Bild ohne Varianten ""generiert""..."
77419;;"2024-10-16 09:20:51";"muito bommm"
77363;;"2024-10-27 14:13:56";Fantástico.
77666;;"2025-01-30 18:26:21";"Pessimo innanzitutto la fotocamera è impostata troppo ampia(come se avesse uno zoom) e quindi non riprende l'intera stanza, in secondo luogo ti genera un'immagine alla volta e in terzo luogo è pagamento... Quindi inutile"
77137;;"2024-12-14 04:28:05";"excelente aplicativo"
77082;;"2024-12-18 10:51:35";"que não seja pago ..que não seja pago....🙏"
76915;;"2025-01-16 05:02:22";"very beautiful"
76861;;"2025-01-25 20:53:35";"muito bom"
76807;;"2025-01-30 16:02:15";Excelente.
76644;;"2025-02-08 17:05:37";"Muito tráfego não dá pra fazer o uso."
76591;;"2025-02-12 20:36:49";ótimo
77099;;"2024-12-16 17:41:08";"A assinatura é semanal, achei muito caro."
73305;;"2024-10-13 06:19:22";"super j ai adoré lesnpropositions pour mon salon"
73252;;"2024-10-27 10:18:09";"je viens d installer l application. j espère que ca m aiderait"
79384;;"2024-11-17 02:20:41";ok
73043;;"2024-12-24 12:51:24";excellent
72991;;"2025-01-04 11:37:35";"très propre 👍"
79443;;"2025-02-01 14:20:05";"Bez płacenia nie da się nic zrobić."
72787;;"2025-02-02 07:53:40";"👌 🆗️"
72736;;"2025-02-06 03:21:43";great
77384;;"2024-10-22 23:11:36";"comecei hoje vamos ver"
72537;;"2024-10-06 11:30:13";👍
72487;;"2025-01-03 09:16:20";"Только одна бесплатная попытка. Цена высокая"
70937;;"2024-09-21 06:54:25";ممتاز
77616;;"2025-02-18 16:37:38";fantastica
70744;;"2025-02-03 01:09:11";ممتاز
70696;;"2025-02-13 02:37:09";ممتاز
72752;;"2025-02-04 16:10:25";"bonne idée."
70510;;"2024-09-28 20:41:06";"me encanta"
70463;;"2024-10-03 14:26:09";"Me parece una app súper ingeniosa, de mucha ayuda para aquellos que no sabemos que hacer con espacios pequeños. Hasta ahora se ve chevere, esperemos cómo nos va."
70416;;"2024-10-07 19:57:55";excelente
84344;;"2025-01-23 00:34:57";"baru buka, entar balik lagi"
70236;;"2024-10-24 04:12:09";buena
70190;;"2024-10-28 22:50:40";"la probaré y daré mi calificación después"
70144;;"2024-11-03 16:50:15";"me pidió opinión sin usarla... ni idea como me parece"
84849;;"2024-12-05 14:36:33";Mantap
69970;;"2024-11-20 21:05:59";"excelente aplicación ideal para decoracion y diseños"
69925;;"2024-11-24 20:19:09";Bueno
73007;;"2025-01-02 10:34:05";"Trop basic et stéréotypé"
85297;;"2024-08-20 08:53:38";"Δεν κάνει αυτό που λέει θα το μετανιώσετε μην πληρώσετε. Απλά σου πετάει ανακατες φώτο αι σπιτιών καμία σχέση με τον χώρο σας ."
69712;;"2024-12-07 16:15:25";"vamos a probar que tal funciona"
69668;;"2024-12-08 21:04:49";"buenas app"
66624;;"2024-12-09 16:34:20";excelente
66580;;"2024-12-10 03:45:36";"no lo he usado aún esperemos como sale 🙏🏻✨"
72558;;"2024-04-06 18:04:24";Gut
66419;;"2024-12-14 10:48:55";"pinta bien"
66376;;"2024-12-15 13:24:17";"Recién la voy a usar, pero parece interesante"
66333;;"2024-12-16 03:51:08";"no la probé aún"
76884;;"2025-01-20 01:12:20";"ele é MT bom"
84543;;"2025-01-04 02:13:29";"langsung suruh kasih rating nih?? kan baru mau buka 🤣"
66136;;"2024-12-21 14:57:17";bien
66094;;"2024-12-22 15:29:57";Excelente!!!😍❤️
66052;;"2024-12-23 19:00:47";"Aun no la pruebo pero tengo buenas espectactivas"
73016;;"2024-12-31 06:58:35";"très sympa déco"
65905;;"2024-12-27 03:30:20";"me pidio una reseña antes de probarlo, a de ser muy malo para atajarse de temprano"
65865;;"2024-12-27 22:26:36";"voy a probarlo"
65825;;"2024-12-28 14:45:51";"apenas la boy a usar"
66110;;"2024-12-22 04:39:57";"execelente app"
73332;;"2024-10-07 14:56:03";"Payer pour des résultats incertain"
65646;;"2024-12-31 16:07:21";"muy útil"
65607;;"2025-01-01 11:00:59";"vou provar"
65568;;"2025-01-01 19:02:12";"no eh trabajado con ella"
65841;;"2024-12-28 10:53:08";Excelente
72813;;"2025-01-30 12:05:05";"Merci pour votre application vraiment top 👌, mais je voulais savoir si il y à une possibilité d'aménager des extérieurs ( terrasse, jardin etc) merci j'attends votre retour !"
65396;;"2025-01-03 23:52:26";excelente
65358;;"2025-01-04 14:33:11";excelente
65320;;"2025-01-05 00:18:04";"muy buena la apps"
65282;;"2025-01-05 12:32:32";"muy bueno excelente"
70212;;"2024-10-26 22:54:05";"Muy buena"
84244;;"2025-02-06 20:59:02";top
73216;;"2024-11-05 19:01:19";"UNE CATASTROPHE FUYEZ!!! 49€ débités dès la première utilisation, non respect des volumes , les ouvertures de rien d'ailleurs. Trop long au téléchargement.... à mon avis GROSSE ARNAQUE rien qu'à voir le profil des personnes qui ont bien noté l'application ! Je vais Signaler l'abus"
84488;;"2025-01-07 23:19:20";"nyoba dulu aja"
62045;;"2025-01-08 02:44:06";Genial
62008;;"2025-01-08 16:22:09";genial
61971;;"2025-01-09 03:26:56";veremos
70484;;"2024-10-01 16:25:23";"le pongo 4 por qué me pide que primero califique la aplicación antes de usarla jaja"
72515;;"2024-11-18 09:49:53";❤️‍🔥
85368;;"2025-01-14 19:45:14";"Plaća se."
61782;;"2025-01-11 11:01:37";excelente
61746;;"2025-01-11 17:54:04";"buena app"
61710;;"2025-01-12 04:06:03";buenisimo
65625;;"2024-12-31 21:23:35";"bueno bueno bueno 👍"
70772;;"2025-01-29 14:17:14";"اول استخدام للبرنامج"
85343;;"2025-01-15 11:30:37";"skal jo lige prøve den før jeg kan give den en bedømmelse!!"
61531;;"2025-01-14 00:25:25";"comenzaré a usarla, veamos que tal 😃"
61496;;"2025-01-14 05:20:34";bueno
61461;;"2025-01-14 15:27:14";Exc.👍
61988;;"2025-01-08 21:53:03";great!
69736;;"2024-12-06 19:18:35";Buena
77062;;"2024-12-19 23:26:51";"muito elegante e prático"
61291;;"2025-01-16 10:45:14";"Empezando a usar la aplicación"
61256;;"2025-01-16 16:35:45";excelente
61221;;"2025-01-17 00:40:11";"full especial"
61186;;"2025-01-17 11:29:57";"excelente app"
65549;;"2025-01-02 02:04:06";Genial
84529;;"2025-01-05 07:33:02";"blm dipake uda ditodong"
84492;;"2025-01-07 15:06:20";"belum coba"
61024;;"2025-01-19 01:50:59";"excelente opción"
60989;;"2025-01-19 14:15:31";"muy buena la aplicación"
60954;;"2025-01-19 21:01:44";buena
61237;;"2025-01-16 21:02:50";"Genial app"
70210;;"2024-10-26 23:54:54";lindo
70919;;"2024-10-10 23:26:49";ممتاز
85024;;"2024-10-29 23:59:00";"keren banget"
60764;;"2025-01-23 01:05:21";"excelente 👌"
60730;;"2025-01-23 14:15:56";"no es un 100 pero ayuda cuando estas en la contruccion y quieres salir un poco de lo tradicional, el tema es q los albañiles se animen hacer."
60696;;"2025-01-24 01:43:30";excelente
61006;;"2025-01-19 11:44:23";"muy buena app"
85051;;"2024-10-20 14:38:58";"baru mau coba"
70164;;"2024-11-01 00:53:40";excelente
70727;;"2025-02-07 07:48:59";"جميل جدآ"
84494;;"2025-01-07 13:04:14";"blm di coba"
58977;;"2025-01-27 11:50:21";hermosa
58944;;"2025-01-27 20:39:51";"muy buena aplicación"
58911;;"2025-01-28 12:30:50";"👍 buena"
58927;;"2025-01-28 00:57:12";"es excelente"
84288;;"2025-01-31 13:01:51";"Bermanfaat dan Mudah 🤓"
66078;;"2024-12-23 00:01:46";"Cómo hicieron para anular suscripción?"
85355;;"2024-09-27 07:57:39";"Have'nt tried it yet"
47872;;"2024-11-26 14:04:50";ok
47873;;"2024-11-26 13:55:34";"This app need you to pay!"
47874;;"2024-11-26 13:42:20";good
47875;;"2024-11-26 13:21:25";"I like to do it, that why I'm here because this is my ambition to be a decorater,designing and fitting all the furniture,house decorating, in my country,let say I need to do good things for this aprication and ,l need to get the money, costumers and then, to get a good house for my business,means a lot costumers a lot money so I think this is aprication is good for my own,l will do good and better for me to have this aprication with you everyday fore"
47876;;"2024-11-26 13:20:36";good
47877;;"2024-11-26 11:28:06";good
47878;;"2024-11-26 10:20:03";Awesome
47879;;"2024-11-26 09:16:09";"খুব সুন্দর"
47880;;"2024-11-26 07:30:53";good
47881;;"2024-11-26 07:21:54";"very food"
47882;;"2024-11-26 07:08:13";"0/10 usability"
47883;;"2024-11-26 06:45:24";"i will try it"
47884;;"2024-11-26 05:50:29";nice
47885;;"2024-11-26 05:33:38";"good 👍😊"
47886;;"2024-11-26 05:31:28";Best!
47887;;"2024-11-26 05:26:25";"great app"
47888;;"2024-11-26 05:00:32";perfect
47889;;"2024-11-26 04:58:22";"Beautiful app."
47890;;"2024-11-26 04:38:22";nice
47891;;"2024-11-26 04:15:58";good
47892;;"2024-11-26 04:09:06";"it's ok"
47893;;"2024-11-26 03:14:35";optionla
47894;;"2024-11-26 02:25:51";"how to make our house aesthetic"
47895;;"2024-11-26 02:23:49";Ok
47896;;"2024-11-26 02:18:32";best
47897;;"2024-11-26 02:17:09";good
47898;;"2024-11-25 22:34:56";Good
47899;;"2024-11-25 21:52:43";"can u build for another outside of the house eg. facade and backyard. thank you"
47900;;"2024-11-25 21:07:05";"Good opp I lik thus owop vryly goowd"
47901;;"2024-11-25 20:42:34";good
47902;;"2024-11-25 19:55:27";😍
47903;;"2024-11-25 19:41:14";"I'd give zero stars if I could. First, it asks for a review before you can even use the app, likely inflating the review score. Second, the subscription is more expensive if you use the 3-day free trial, going from $4.99 to $6.99 a week. Lastly, no matter how many times I restart, delete, reinstall, and allow all permissions, it won't let me take a picture of my space, COMPLETELY defeating the purpose of the app. No thank you."
47904;;"2024-11-25 18:27:15";best
47905;;"2024-11-25 17:42:28";"Love it"
47906;;"2024-11-25 16:49:22";good
47907;;"2024-11-25 16:23:07";"hope it will work"
47908;;"2024-11-25 16:19:03";"very nice"
47909;;"2024-11-25 15:35:14";good
47910;;"2024-11-25 15:25:16";"ch bcg ad"
47911;;"2024-11-25 14:52:59";ok
47912;;"2024-11-25 14:48:59";good
47913;;"2024-11-25 14:00:04";Nice
47914;;"2024-11-25 13:49:33";"Paid app that ask for credit card on start. No thanks, not interested. Expensive."
47915;;"2024-11-25 13:44:43";done
47916;;"2024-11-25 12:58:45";"the best"
47917;;"2024-11-25 12:32:30";"its a good simulator app"
47918;;"2024-11-25 12:19:17";"I've just installed it & have not used it as yet but the idea behind it is wonderful. I'll definitely update my update after use"
47919;;"2024-11-25 12:11:15";🤩
47920;;"2024-11-25 11:39:10";"excellent experience"
47921;;"2024-11-25 11:13:34";"best app"
47922;;"2024-11-25 09:59:45";good
47923;;"2024-11-25 09:31:31";nice
47924;;"2024-11-25 08:58:36";"It's great"
47925;;"2024-11-25 08:36:55";"excellent app."
47926;;"2024-11-25 08:01:23";👍
47927;;"2024-11-25 07:27:00";Experience
47928;;"2024-11-25 07:04:44";good
47929;;"2024-11-25 04:07:54";ok
47930;;"2024-11-25 02:57:54";"Unrealistic. Unhelpful. Waste of time 😮‍💨"
47931;;"2024-11-25 01:35:58";"just trying it out tho"
47932;;"2024-11-25 01:25:11";"good good good"
47933;;"2024-11-25 01:17:01";👍👍👍
47934;;"2024-11-24 23:06:50";"Great app"
47935;;"2024-11-24 21:35:01";goog
47936;;"2024-11-24 20:50:17";"How to cancel the subscription?"
47937;;"2024-11-24 20:01:55";"extremely helpful"
47938;;"2024-11-24 18:43:16";good
47939;;"2024-11-24 18:23:04";"Good app"
47940;;"2024-11-24 18:19:21";ok
47941;;"2024-11-24 17:53:08";ok
47942;;"2024-11-24 17:34:28";"pta nhi"
47943;;"2024-11-24 17:12:17";Good
47944;;"2024-11-24 16:42:01";"Good app very easy"
47945;;"2024-11-24 16:22:34";awesome
47946;;"2024-11-24 15:43:31";ok
47947;;"2024-11-24 14:33:09";"amazing app"
47948;;"2024-11-24 12:41:28";"I was charged despite taking the free trial.I have been looking for an unscribe feature and can't find it, so I don't get charged again."
47949;;"2024-11-24 12:24:08";good
47950;;"2024-11-24 12:16:41";Excellent
47951;;"2024-11-24 11:47:43";"super disengage"
47952;;"2024-11-24 11:46:45";good
47953;;"2024-11-24 11:42:59";"it's just an art"
47954;;"2024-11-24 11:26:18";"Not at all like it's advertised, a complete waste of time. You take a pic of the area you want remodeled, and it didn't even use the pic, it generated something completely different."
47955;;"2024-11-24 11:02:27";good
47956;;"2024-11-24 10:50:01";"Worst app they don't even allow to try it before you give card details to them. It's really Disgusting."
47957;;"2024-11-24 09:20:11";"Awesome 👍🏾 😎"
47958;;"2024-11-24 08:56:29";"it is usefull"
47959;;"2024-11-24 08:30:41";"I subscribed to see how this works. I agreed to pay a week subscription. I canceled after 5minutes because this wasn't the one that I needed. After I canceled, I got notified that my PayPal was charged for a year subs fee and just got canceled. So it has chargef me but it was alreadt canceled and I wouldn't be able to use it nor refund it. I didn't authorize that amount. Neither this app or google play would process the refund. They said it was valid. It was a scam. DON'T BE FOOLED! BEWARE!"
47960;;"2024-11-24 07:07:51";"Greatly Gypsum decorating"
47961;;"2024-11-24 07:04:35";white
47962;;"2024-11-24 06:10:57";osm
47963;;"2024-11-24 05:36:43";"Love it!"
47964;;"2024-11-24 05:36:21";"best step"
47965;;"2024-11-24 03:16:22";nice
47966;;"2024-11-24 03:09:29";"Totally useless. Tried 5 times to add something to the room, app didn't do anything smart. And it's very slow. Don't waste your time"
47967;;"2024-11-24 02:05:17";"Always is crashing"
47968;;"2024-11-24 01:29:06";awesome
47969;;"2024-11-24 00:40:30";good
47970;;"2024-11-24 00:35:43";"Yeah good app"
47971;;"2024-11-23 22:39:31";"won't let me use the app without leaving a review first. no idea if it's good or not yet"
47972;;"2024-11-23 19:14:35";chill
47973;;"2024-11-23 18:53:54";"Good design"
47974;;"2024-11-23 18:46:23";"great app"
47975;;"2024-11-23 18:02:34";great
47976;;"2024-11-23 17:52:05";good
47977;;"2024-11-23 17:31:59";best
47978;;"2024-11-23 15:41:54";"v good"
47979;;"2024-11-23 15:34:02";"Ultimate App... For Design of Bedroom and Bathroom"
47980;;"2024-11-23 15:11:13";great
47981;;"2024-11-23 15:03:49";8star
47982;;"2024-11-23 14:52:10";super
47983;;"2024-11-23 14:45:44";"well done👍"
47984;;"2024-11-23 14:32:56";"better app"
47985;;"2024-11-23 14:30:55";best
47986;;"2024-11-23 14:28:55";Excellent
47987;;"2024-11-23 14:16:28";osm
47988;;"2024-11-23 14:08:15";"very good"
47989;;"2024-11-23 14:04:19";"good aap"
47990;;"2024-11-23 13:12:10";"Useless version of ai"
47991;;"2024-11-23 11:20:26";"Worst app of the year.. 😒🫨"
47992;;"2024-11-23 11:13:52";"Hidden subscription"
47993;;"2024-11-23 10:03:58";good
47994;;"2024-11-23 09:57:25";good
85326;;"2025-02-11 06:18:05";jó
85263;;"2025-02-15 23:42:30";"Δεν αξίζει τα λεφτά της. Δεν έχει αρκετές επιλογές ούτε χρώματα να διαλέξω. Προτιμήστε κάποια άλλη εφαρμογή. Βιάστηκα να διαλέξω, τσάμπα τα χρήματα. Waste of money"
85070;;"2024-10-15 12:20:11";nice
85008;;"2024-11-05 16:36:43";"Amazing application"
84818;;"2024-12-09 07:42:21";jos
84757;;"2024-12-15 04:50:02";"sangat inspiratif dan bermanfaat"
84570;;"2025-01-01 21:46:49";"bagus banget"
84510;;"2025-01-06 22:59:58";good
84326;;"2025-01-26 08:03:29";"bagus sekali"
84267;;"2025-02-04 09:19:44";"good app"
79478;;"2024-10-30 11:13:36";"Nie działa aparat"
79420;;"2024-09-22 02:50:17";ok
79362;;"2024-12-04 11:28:30";OK
77649;;"2025-02-07 16:06:16";fantastica
77592;;"2024-10-09 17:53:09";"Doesn't work the way it should. It neather generates with the actual walls of your room in mind nor does the ai use and rearrange the objects in the room. It's only use seems to be in generating a mix of pinterest boards."
77418;;"2024-10-16 15:48:51";"muito bom"
77362;;"2024-10-27 15:22:56";"muito top!"
79380;;"2024-11-19 14:26:01";good
77136;;"2024-12-14 06:19:23";"Estou descobrindo a app aos poucos!"
77081;;"2024-12-18 14:29:49";good
76914;;"2025-01-16 08:32:07";"ótimo muito bom estou gostando muito"
76860;;"2025-01-25 21:30:51";"muito satisfatório"
76806;;"2025-01-30 16:08:54";"app sensacional. Vale cada segundo."
76643;;"2025-02-09 01:39:00";ótimo
76590;;"2025-02-12 21:02:58";"Vou experimentar, mas acho que é bom."
77154;;"2024-12-11 22:58:21";Amo
73304;;"2024-10-13 06:49:22";"pas encore essayé"
73251;;"2024-10-27 11:27:12";Bien
79442;;"2025-02-15 21:28:37";"very good"
73042;;"2024-12-24 13:18:52";good
72990;;"2025-01-04 12:18:53";super
84232;;"2025-02-08 12:54:11";"baru mencoba semoga membantu"
72786;;"2025-02-02 07:58:29";bien
72735;;"2025-02-06 13:20:46";ok
84777;;"2024-12-13 13:48:55";"baru nyoba kok"
72536;;"2024-10-08 11:11:12";Дороже
72486;;"2025-01-05 08:01:46";good
70936;;"2024-09-24 07:28:37";"مريح جدا يعطيك خيارات جميله للديكور"
77673;;"2025-01-29 16:20:37";"la migliore app per mockup"
70743;;"2025-02-03 08:07:24";ممتاز
70695;;"2025-02-13 08:26:09";beautifully
72754;;"2025-02-04 11:42:39";ok
70509;;"2024-09-28 23:00:14";"Muy lento"
70462;;"2024-10-03 14:54:09";Exelente
70415;;"2024-10-08 02:07:56";"aún probando"
77618;;"2025-02-18 10:03:44";"bellissima idea oltre che utilissima per lavoro"
70235;;"2024-10-24 05:14:07";"voy a usar la app recién que reseña puedo dejar si aún no la uso?"
70189;;"2024-10-28 23:03:16";buena
70159;;"2024-11-02 03:07:20";exelente
85040;;"2024-10-23 13:31:50";"masih mencoba semoga bagus"
69969;;"2024-11-20 21:23:11";"me parece extraordinaria empezamos"
69924;;"2024-11-24 21:13:23";"voy a empezar a usar"
70433;;"2024-10-06 19:47:38";excelente
85360;;"2025-02-11 10:52:01";"Great aplication! Keeps time and money!"
69711;;"2024-12-07 17:59:43";"me pregunta como me ha parecido y aún no lo he ensayado"
69667;;"2024-12-08 21:07:03";"me parece una herramienta muy práctica que te ayuda como rediseñar tú hogar, cuando se tiene poca creatividad"
66623;;"2024-12-09 17:13:12";"aun no he probado y ya m cuestionan"
66579;;"2024-12-10 03:47:20";"Te pide primero calificar sin antes haberla usado mal por eso"
72707;;"2025-02-09 05:57:29";super
66418;;"2024-12-14 11:37:34";buenazo
66375;;"2024-12-15 13:34:12";"exelente app, lo uso para crear muebles de cocina"
66332;;"2024-12-16 03:55:58";"bien no lo use todavía"
70162;;"2024-11-01 12:25:04";genial
85344;;"2024-12-16 20:43:34";"Really bad and you only have like 7 tries so you cant even get one hood result before they ask for money"
66135;;"2024-12-21 15:33:59";"genial si me ayuda a decorar y distribuir en espacios pequeños"
66093;;"2024-12-22 15:35:12";"muy inteligente"
66051;;"2024-12-23 20:44:27";excelente
73068;;"2024-12-14 21:59:38";nice
65904;;"2024-12-27 03:54:02";"Parece que esta genial, voy a probarla"
65864;;"2024-12-27 22:37:01";"Es excelente, solo que la he utilizado en varios teléfonos, no tengo para pagar, vivo en Venezuela"
65824;;"2024-12-28 15:10:08";"no la descarguen, eviten pérdida de tiempo y dinero"
66152;;"2024-12-21 08:24:06";"todavía no la probé más tarde lo hare"
76565;;"2025-02-13 23:51:11";otimo
65645;;"2024-12-31 16:13:00";excelente
65606;;"2025-01-01 11:01:39";"muy buena aplicación"
65567;;"2025-01-01 19:20:51";genial!
65881;;"2024-12-27 16:04:46";excelente
72966;;"2025-01-08 10:23:21";"application super"
65395;;"2025-01-04 00:27:51";excelente
65357;;"2025-01-04 14:39:58";excelente
65319;;"2025-01-05 00:18:34";"Muy caro 😪😡😡😡"
65281;;"2025-01-05 12:36:32";"Muy buenos"
70258;;"2024-10-22 05:41:58";Excelente
84303;;"2025-01-29 05:39:30";"very goof"
70440;;"2024-10-06 11:11:06";"Nunca pudo diseñar nada porque dice que estaba en alta capacidad de solicitudes, para eso que no saquen ninguna app y la prueben antes de pedir pagos"
84548;;"2025-01-03 15:06:11";good
62044;;"2025-01-08 03:03:13";"okey sirve"
62007;;"2025-01-08 16:27:30";"aún no la he probado cuando ya piden la reseña, tampoco me han cobrado, ya eso es positivo."
61970;;"2025-01-09 03:44:22";"hermosa app"
65803;;"2024-12-28 20:06:56";excelente
72565;;"2025-02-21 16:26:32";cool
61817;;"2025-01-11 00:12:08";"Es mi Primera Vez Usándola y Es Lo Maximo ❤️❤️✨"
61781;;"2025-01-11 11:29:43";"todavía no la uso y ya me está pidiendo reseña"
61745;;"2025-01-11 18:01:13";excelente
61709;;"2025-01-12 04:38:26";genial
84793;;"2024-12-11 04:27:49";"blm di gunakan"
70916;;"2024-10-13 20:25:01";♥️
85050;;"2024-10-20 15:53:08";nice
61530;;"2025-01-14 00:26:16";bueno
61495;;"2025-01-14 05:31:32";woow
61460;;"2025-01-14 15:30:16";excelente
62025;;"2025-01-08 13:04:06";"buenísima app"
76561;;"2025-02-14 11:43:50";ótimo
77117;;"2024-12-15 17:55:37";"ótimo app, ajeitou minha sala para livros"
61290;;"2025-01-16 10:48:10";"muy útil"
61255;;"2025-01-16 16:40:16";"excelente app"
61220;;"2025-01-17 00:51:49";excelente
61185;;"2025-01-17 11:31:45";"estoy probándolo me parece excelente"
65588;;"2025-01-01 15:42:51";Genial
70677;;"2025-02-18 08:17:04";"تحت التجربة"
84552;;"2025-01-03 12:06:07";"baru pertama kali sya mencoba semoga tidak mengecewakan"
61023;;"2025-01-19 02:21:40";"muy bueno 👍🏽"
60988;;"2025-01-19 14:32:10";entretenido
60953;;"2025-01-19 21:06:56";"muy buena"
61272;;"2025-01-16 14:38:37";"Después de pagar siempre dice que esta en mantenimiento"
65807;;"2024-12-28 19:06:17";"muy buenos"
72469;;"2025-01-30 15:00:01";good
85053;;"2024-10-20 05:00:37";good
60763;;"2025-01-23 01:11:15";exelente
60729;;"2025-01-23 14:28:29";"estoy empezando aún no sé si cumple con MIS estándares"
60695;;"2025-01-24 01:58:17";excelente
61040;;"2025-01-18 23:39:41";"genial, y si es gratis mejor"
72467;;"2025-01-31 01:13:43";"Ещё ни разу не пользовалась, уже надо заполнить отзыв, иначе не открывается приложение. Понятия не имею, что писать"
65808;;"2024-12-28 19:05:14";"ia buena aplicación"
70776;;"2025-01-28 10:43:19";"تجربه ممتعه وسريعه"
84554;;"2025-01-03 05:40:13";ok
58976;;"2025-01-27 11:53:52";"muy buena excelente"
58943;;"2025-01-27 21:11:24";lindo
58910;;"2025-01-28 13:28:30";"muy buena app"
58960;;"2025-01-27 16:44:07";"tiene muy elegantes ideas de diseño"
66595;;"2024-12-09 23:18:24";Excelente
66120;;"2024-12-21 22:16:36";"Antes que nada pide dar una reseña ANTES de usarla, lo cual, obviamente no tiene sentido. Luego, esta la prueba gratuita y son solo 3 días! Y te pide obligatorio una tarjeta. No la recomiendo, se ve como una mentira o una estafa."
72720;;"2025-02-08 03:31:36";"idées remarquables"
48128;;"2024-11-17 17:44:05";"Excellent prices beautiful design."
48129;;"2024-11-17 17:41:47";good
48130;;"2024-11-17 17:24:05";good
48131;;"2024-11-17 17:05:24";"just started"
48132;;"2024-11-17 14:29:53";super
48133;;"2024-11-17 14:00:11";"great app"
48134;;"2024-11-17 13:19:49";good
48135;;"2024-11-17 12:51:57";waw
48136;;"2024-11-17 12:19:01";excident
48137;;"2024-11-17 11:37:17";"It's paid"
48138;;"2024-11-17 10:47:13";"Very bad experience"
48139;;"2024-11-17 10:42:10";good
48140;;"2024-11-17 10:38:04";average
48141;;"2024-11-17 09:56:53";"okay 👍"
48142;;"2024-11-17 08:08:04";"good 👍"
48143;;"2024-11-17 06:02:28";good
48144;;"2024-11-17 05:39:25";"Excellent app"
48145;;"2024-11-17 05:34:19";good
48146;;"2024-11-17 05:21:25";"awesome n simple to use"
48147;;"2024-11-16 23:45:41";awesome
48148;;"2024-11-16 22:16:19";"s.abdulla my house best colour"
48149;;"2024-11-16 18:52:49";"very good"
48150;;"2024-11-16 18:31:50";beautiful
48151;;"2024-11-16 17:11:07";"great apps"
48152;;"2024-11-16 17:07:11";awesome
48153;;"2024-11-16 15:38:45";best
48154;;"2024-11-16 15:18:32";"There is no way to cancel the trial subscription."
48155;;"2024-11-16 15:17:40";Great
48156;;"2024-11-16 15:00:13";"colore schem"
48157;;"2024-11-16 14:43:17";🙏
48158;;"2024-11-16 14:42:40";"nice app"
48159;;"2024-11-16 14:36:02";"nice designs"
48160;;"2024-11-16 14:15:21";interesting
48161;;"2024-11-16 13:54:55";"let us to experience before requesting for a review"
48162;;"2024-11-16 13:49:21";"The app kept having difficulties, And I tried to cancel but you can't cancel this one if you pay for the year. Too bad"
48163;;"2024-11-16 13:34:18";good
48164;;"2024-11-16 12:55:46";"The Plus button to add a photo doesn't open the camera or ask for a photo upload"
48165;;"2024-11-16 12:41:22";"Low quality in high price"
48166;;"2024-11-16 11:39:21";"nice 👍🏻"
48167;;"2024-11-16 11:16:40";good
48168;;"2024-11-16 09:56:42";good
48169;;"2024-11-16 09:42:52";"I'm just starting"
48170;;"2024-11-16 09:42:08";superb
48171;;"2024-11-16 09:24:44";"Good app"
48172;;"2024-11-16 09:03:24";"very good to help me to renovate my house"
48173;;"2024-11-16 08:45:53";awesome🤗
48174;;"2024-11-16 08:11:19";"Worst app I didn't like at all plus ai generated not good many times not even do slites change shows the same image that uploaded"
48175;;"2024-11-16 07:43:52";"I don't know"
48176;;"2024-11-16 07:14:40";nice
48177;;"2024-11-16 06:29:32";nice
48178;;"2024-11-16 05:48:41";check
48179;;"2024-11-16 04:53:46";ممتاز
48180;;"2024-11-16 04:40:04";spectacular
48181;;"2024-11-16 04:28:25";"nice app"
48182;;"2024-11-16 04:18:56";"love it"
48183;;"2024-11-16 04:10:58";"let me try first"
48184;;"2024-11-16 03:24:03";"difficult 😭"
48185;;"2024-11-16 03:15:11";"its working"
48186;;"2024-11-16 03:11:32";"great apps"
48187;;"2024-11-16 00:34:53";"Very useful Apps 👍🏻"
48188;;"2024-11-16 00:19:39";great
48189;;"2024-11-15 23:35:04";fantastic
48190;;"2024-11-15 23:12:44";"best ideas and design"
48191;;"2024-11-15 21:47:34";"excellent service"
48192;;"2024-11-15 17:17:19";"very good"
48193;;"2024-11-15 17:15:22";great
48194;;"2024-11-15 16:49:45";Good
48195;;"2024-11-15 16:01:19";good
48196;;"2024-11-15 16:00:23";"yet to see the features of app"
48197;;"2024-11-15 14:31:42";"ARJUN SUPER SARVICE"
48198;;"2024-11-15 14:30:13";❤️
48199;;"2024-11-15 14:11:48";"nice app"
48200;;"2024-11-15 13:29:56";"good app"
48201;;"2024-11-15 13:22:00";"super app"
48202;;"2024-11-15 13:01:07";nice
48203;;"2024-11-15 10:39:04";good
48204;;"2024-11-15 10:02:58";Wow
48205;;"2024-11-15 09:57:35";wow
48206;;"2024-11-15 09:29:07";nice
48207;;"2024-11-15 08:49:41";"this is a very good app"
48208;;"2024-11-15 07:41:03";"Great app"
48209;;"2024-11-15 07:39:43";ok
48210;;"2024-11-15 07:35:31";Good
48211;;"2024-11-15 07:09:27";"nice good"
48212;;"2024-11-15 07:07:49";"expecting best one"
48213;;"2024-11-15 05:55:59";good
48214;;"2024-11-15 05:26:38";good
48215;;"2024-11-15 04:29:33";"Have to pay to use the app."
48216;;"2024-11-15 03:22:28";excellent
48217;;"2024-11-15 02:55:53";nice
48218;;"2024-11-15 01:43:07";"such a great app to have when remodeling or even needing a change"
48219;;"2024-11-15 01:41:45";"very good"
48220;;"2024-11-14 21:33:30";Marvellous
48221;;"2024-11-14 20:37:27";"Not good enough yet. Images don't make sense"
48222;;"2024-11-14 20:03:24";good
48223;;"2024-11-14 19:32:02";"good job"
48224;;"2024-11-14 18:55:52";"Good choice for greater idea"
48225;;"2024-11-14 18:28:36";good
48226;;"2024-11-14 17:45:23";"Useless don't waste your time"
48227;;"2024-11-14 16:56:45";"excellent app"
48228;;"2024-11-14 15:53:28";"nice aap"
48229;;"2024-11-14 15:50:59";"perfect for future"
48230;;"2024-11-14 14:58:24";"Generate button is inactive for me. So can literally do nothing with this app"
48231;;"2024-11-14 14:46:14";nice
48232;;"2024-11-14 14:32:50";"I think you get my money"
48233;;"2024-11-14 13:37:56";"good one"
48234;;"2024-11-14 13:27:45";"I'm a 1St user"
48235;;"2024-11-14 11:26:08";"good ai"
48236;;"2024-11-14 10:57:26";"very extremely friendly wonderful help full app"
48237;;"2024-11-14 09:16:55";"Not free"
48238;;"2024-11-14 09:10:07";"Good 👍"
48239;;"2024-11-14 09:09:28";"ok lets try."
48240;;"2024-11-14 08:17:11";good
48241;;"2024-11-14 05:15:02";good
48242;;"2024-11-14 04:09:12";good
48243;;"2024-11-14 03:39:58";"nice app"
48244;;"2024-11-14 01:46:08";good
48245;;"2024-11-13 22:45:44";good
48246;;"2024-11-13 22:30:44";"great app"
48247;;"2024-11-13 20:54:46";nice
48248;;"2024-11-13 20:15:58";"nice app"
48249;;"2024-11-13 20:09:58";"A great advisor on house decor. I like it"
48250;;"2024-11-13 18:18:27";"in for a good try"
85325;;"2024-08-31 10:39:57";"Aplikace nefunkční hned po zapnutí chce platbu když odmítnu tak aplykace ,,spadne,, vypne se tak že 🖕"
85262;;"2025-02-17 15:47:45";Εξαιρετικο...
85069;;"2024-10-15 16:15:27";"Mesti bayar, 690.000 per tahun atau 79.000 perminggu baru bisa pakai. jangan download"
85007;;"2024-11-06 02:14:55";mencobA
84817;;"2024-12-09 08:15:35";"3 dulu yaa.... coba jangan pake prabayar.. model gratis aja guyyz kan bagus"
84756;;"2024-12-15 05:16:04";keren
84569;;"2025-01-02 01:22:53";bagus
84509;;"2025-01-06 23:13:01";"waow banget......"
84325;;"2025-01-26 10:45:14";good
84266;;"2025-02-04 09:22:03";oke
79477;;"2024-11-08 14:46:53";"Chwilę działała fajnie, ale większość dzisiejszego dnia wyskakuje error, mimo że opłaciłam premium. Czuję się oszukana"
79419;;"2024-09-22 15:32:54";ABC
79361;;"2024-12-05 02:17:27";ok
77648;;"2025-02-07 20:33:19";"app carina"
77591;;"2024-10-15 14:14:09";"Abo Model"
77417;;"2024-10-16 22:48:36";bom
77361;;"2024-10-27 16:59:11";"ótimo. adorei."
79438;;"2024-07-08 04:09:15";Good
77135;;"2024-12-14 06:40:22";"toP demais"
77080;;"2024-12-18 16:15:34";"excelente 👏🏽👏🏽😀"
76913;;"2025-01-16 13:49:58";"É muito bom, marravilhoso"
76859;;"2025-01-25 22:08:58";"muito bom"
76805;;"2025-01-30 17:16:49";bom
76642;;"2025-02-09 02:37:42";"muito bom"
76589;;"2025-02-12 21:31:10";"acho que vale apenas"
77325;;"2024-11-09 18:03:28";"nota 10 muito bom"
73303;;"2024-10-13 06:50:27";"bon travail plus de développement"
73250;;"2024-10-27 15:11:34";"Formidable selon qu'es que je veux"
84231;;"2025-02-08 12:56:59";good
73041;;"2024-12-24 13:49:50";Magnifique
72989;;"2025-01-04 15:28:33";"En attente d'utilisation"
84291;;"2025-01-31 03:06:31";"harusnya membantu"
72785;;"2025-02-02 09:56:14";nice
72734;;"2025-02-06 14:01:10";bien
77615;;"2025-02-19 07:10:40";"fa sognare"
72535;;"2024-10-08 12:29:06";good
72485;;"2025-01-05 20:04:44";good
70935;;"2024-09-27 10:12:54";👎🏻
79387;;"2024-11-12 12:22:28";"well disign"
70742;;"2025-02-03 11:25:30";ممتاز
70694;;"2025-02-13 10:10:50";good
72805;;"2025-01-31 04:22:01";"très bien pour designer sa prochaine chambre"
70508;;"2024-09-29 13:27:58";"una excelente herramienta"
70461;;"2024-10-03 21:15:45";"muy buena app"
70414;;"2024-10-08 02:30:15";"muy bien excelente producto"
77675;;"2025-01-26 18:14:33";"il top 20 stelle"
70234;;"2024-10-24 11:47:55";"excelente Vamos a hacer muchos proyectos"
70188;;"2024-10-29 00:16:51";"excelente 👌"
70205;;"2024-10-27 06:57:49";"nose apenas y lo voy conociendo y me sale como requisito el comentario y eso sa a penasr no muy bien de la app"
85102;;"2024-10-06 11:07:59";"tukang interior"
69968;;"2024-11-21 01:52:03";buena
69923;;"2024-11-24 21:32:04";"muy buena app, para diseño"
70480;;"2024-10-02 00:39:32";buena
69754;;"2024-12-06 11:16:08";👍🤙
69710;;"2024-12-07 18:00:46";"ta bien buena como mamá soltera"
69666;;"2024-12-08 21:44:14";"esta increíble"
66622;;"2024-12-09 17:36:46";ummm
66578;;"2024-12-10 03:58:58";"excelente opción si no sabes de diseño la IA te ayuda"
72758;;"2025-02-04 08:54:13";top
66417;;"2024-12-14 11:52:05";excelente
66374;;"2024-12-15 13:52:19";"No es una App sencilla de usar, además de que las ""ideas"" que brinda para los espacios no son diseños adaptados a la realidad. No tiene la opción de anular suscripción, solicite por correo electrónico la anulación de mi suscripción y no respondieron de forma efectiva, me cobran la suscripción cada mes y no se cómo anular ese cobro No la recomiendo para nada"
66331;;"2024-12-16 04:27:35";cool.
70208;;"2024-10-27 05:02:21";"se ve chevere"
84791;;"2024-12-11 07:56:39";"Baru mau dicoba"
66134;;"2024-12-21 15:34:27";"Muy buena"
66092;;"2024-12-22 16:26:43";"lo probamos y contamos!!"
66050;;"2024-12-23 20:52:10";"muy útil"
73225;;"2024-11-02 21:39:08";J'aime
65903;;"2024-12-27 04:09:01";"Muy funcional"
65863;;"2024-12-27 22:42:45";"No me dejó hacer nada sino pagaba"
65823;;"2024-12-28 15:20:19";genial
85094;;"2024-10-08 20:36:04";nice
76618;;"2025-02-10 22:21:04";"muito bom"
65644;;"2024-12-31 16:32:34";"Super herramienta y muy útil. Gracias"
65605;;"2025-01-01 11:25:54";"muy buena 👌"
65566;;"2025-01-01 19:33:57";"Yo tenia en mente una renovación del espacio pero en realidad no te ofrece cambio de ubicación de tus muebles actuales solo cambia el modelo del mueble o incluso te pone una planta en lugar del mueble pero no genera redistribuciones de muebles y eso limita las ideas. La parte donde puedes personalizar el estilo no funciona incluso con los ejemplos predeterminados, por ejemplo que usar el estilo industrial con parede de ladrillo desnudo y nunca puso dicha pared."
85281;;"2024-12-09 20:33:28";good
73018;;"2024-12-30 22:24:14";super
65394;;"2025-01-04 00:45:25";"buena app"
65356;;"2025-01-04 15:07:14";super
65318;;"2025-01-05 00:29:23";interesante
65280;;"2025-01-05 12:41:32";excelente
72455;;"2025-02-10 14:28:53";Супер
84487;;"2025-01-08 00:22:57";"keren bgt"
70487;;"2024-10-01 11:49:58";"Muy bonita y funcional"
84773;;"2024-12-13 23:08:48";"Buruk sekali"
62043;;"2025-01-08 03:07:52";💫
62006;;"2025-01-08 17:00:53";super
61969;;"2025-01-09 03:59:52";"muy practico y facil de usar"
65843;;"2024-12-28 09:54:55";"me parece de lo mas ridiculo tener que dejar una reseña para poder recien ahi abrir la app, mi reseña es obviamente negativa ya que ni si quiera puedo saber si la app se abre o no, por otro lado debo admitir que tengo curiosidad por saber que tal funciona la app y si se puede utilizar al menos en su mayoria de forma gratuita. App probada solo logre generar dos diseños gratis y ahora solo es de pago aunque tiene un periodo de prueba de 3 dias y 8 euros por semana despues me parece demasiado."
72714;;"2025-02-08 11:30:58";"nous rentrons dans un autre monde.bravo!"
61816;;"2025-01-11 00:23:23";excelente
61780;;"2025-01-11 11:44:21";"me parece genial está aplicación"
61744;;"2025-01-11 18:01:52";excelente
61708;;"2025-01-12 04:45:26";"Quiero dar de baja la suscripción y no encuentro la manera de hacerlo"
70437;;"2024-10-06 14:48:54";perfecta
72466;;"2025-02-01 09:38:32";👍❤️
85112;;"2024-10-03 08:01:02";keren
61529;;"2025-01-14 00:28:02";"se ve genial, voy a probarla y les cuento"
61494;;"2025-01-14 06:01:26";"no la he abierto y ya me pide calificar"
61459;;"2025-01-14 15:33:27";excelente
62062;;"2025-01-07 23:34:27";"te obligan a escribir antes de usarla ..así que nose que decir..ni me dejó entrar y me.manda a qué ponga algo acá!!! tiene linda imagen..se descarga rápido. está en español...nose que más!!!"
69905;;"2024-11-25 19:30:38";Espectacular🤩
77172;;"2024-12-10 04:39:09";"muito obrigado"
61289;;"2025-01-16 10:52:53";✌️✌️✌️🤝
61254;;"2025-01-16 16:43:18";"espero me ayude con lo que necesito"
61219;;"2025-01-17 00:53:35";"muy bueno 😊"
61184;;"2025-01-17 11:40:28";excelente
65627;;"2024-12-31 21:04:03";"exelente servicio"
70725;;"2025-02-07 10:03:27";ممتاز
84739;;"2024-12-16 08:08:56";"bagus dicontoh utk rusngan kecil"
61022;;"2025-01-19 02:30:52";"Te pide reseña antes de probarla, cuando quieres empezar la prueba gratuita te hace cargar la tarjeta de crédito para cobrarte después. Malísimo."
60987;;"2025-01-19 14:36:53";✨️💛
60952;;"2025-01-19 21:07:17";"está genial ,"
85307;;"2025-02-07 20:12:46";"har inte provat ännu"
65847;;"2024-12-28 04:47:34";"todavía no la usé"
72519;;"2024-11-09 22:15:34";Scam
85342;;"2025-02-21 06:51:57";"A TV replaced is only very small models.... and it adds stupid shelf's"
60762;;"2025-01-23 01:33:28";"Super Genial esta aplicación para ayudar con la remodelcion de espacios"
60728;;"2025-01-23 14:45:10";"esta bello"
60694;;"2025-01-24 02:05:11";Genial
76625;;"2025-02-10 14:07:27";"vou testar"
65805;;"2024-12-28 19:39:24";"excelente aplicación"
65848;;"2024-12-28 04:42:49";"buena aplicación"
70920;;"2024-10-09 18:03:51";بطيء
84741;;"2024-12-16 05:38:15";keren
58975;;"2025-01-27 12:32:09";"Excelente herramienta."
58942;;"2025-01-27 21:30:01";"excelente lo que buscaba"
58909;;"2025-01-28 13:47:08";"es buena"
58993;;"2025-01-27 03:20:30";bueno
61761;;"2025-01-11 15:02:11";"excelente la recomiendo"
66162;;"2024-12-21 03:26:40";bien
72771;;"2025-02-03 08:14:33";"très intéressant"
48384;;"2024-11-09 20:29:58";problem's
48385;;"2024-11-09 17:32:53";good
48386;;"2024-11-09 17:26:23";"very nice app"
48387;;"2024-11-09 15:00:09";nice
48388;;"2024-11-09 14:32:24";"Don't buy this app i already bought it but it's generated the same picture just mad it a little wide can't add any objects one of the worst app ever they are thieves"
48389;;"2024-11-09 12:06:58";"house front design"
48390;;"2024-11-09 11:58:45";🤩🤩🤩🤩🤩🤩
48391;;"2024-11-09 11:19:15";GOOD
48392;;"2024-11-09 11:09:28";👍🏻👍🏻
48393;;"2024-11-09 10:41:30";ok
48394;;"2024-11-09 09:49:58";amizing
48395;;"2024-11-09 09:22:43";"high quality 👌"
48396;;"2024-11-09 08:56:34";"akdu jdo djms4 nek erkx555"
48397;;"2024-11-09 08:23:32";"Just a money minded app which doesn't work without money and even after payment it sucks as it gives its own designs which doesn't make sense as it doesn't mind room size or dimension"
48398;;"2024-11-09 06:26:26";"Good app"
48399;;"2024-11-09 06:06:50";"it's a good 😊💯"
48400;;"2024-11-09 05:43:35";"need to try first, a big putoff is upfront patment once free trial is used and cant export."
48401;;"2024-11-09 03:45:46";"home theatre carpenter"
48402;;"2024-11-09 03:32:02";"learn more to know"
48403;;"2024-11-09 00:45:53";"I don't know if this app is paying for reviews but it is absolute rubbish. Don't waste your time. I used the free version and I upload 1 image and tried 3 times to add a deck in and it couldn't even comprehend that... It just put brown smudges and then after 3 tries with different wording, it still wouldn't create a deck and then said I was out of free tries and have to pay. if the app worked when it was free I would have paid for it, but there's no point because it's rubbish"
48404;;"2024-11-08 23:02:46";good
48405;;"2024-11-08 22:46:02";Useless
48406;;"2024-11-08 18:08:55";"fantastic app"
48407;;"2024-11-08 17:52:50";"chccc vov"
48408;;"2024-11-08 13:48:53";"good work"
48409;;"2024-11-08 13:05:04";wow
48410;;"2024-11-08 11:44:36";"Won't work can't cancel subscription although I've emailed several times"
48411;;"2024-11-08 10:26:18";good
48412;;"2024-11-08 07:45:18";"Be careful if you are purchasing this.. you can't stop subscribtion. Unnecessary amount is going from my account and these PPL not replying."
48413;;"2024-11-08 07:42:13";good
48414;;"2024-11-08 07:32:48";"Worst app very bad needs to improve lot not even got any response from them fraud don't make payment and subscribe"
48415;;"2024-11-08 07:19:40";"Easy to ise"
48416;;"2024-11-08 06:11:58";ok
48417;;"2024-11-08 05:42:19";"How can I rate even before I use it? This prompt should pop after I try out the app."
48418;;"2024-11-08 04:29:35";"yet to try. hope this will help"
48419;;"2024-11-08 02:36:46";good
48420;;"2024-11-08 02:26:39";Exilent
48421;;"2024-11-07 21:08:24";"good app"
48422;;"2024-11-07 21:02:13";"You can'y even feel how app is workoing and how good it is. They are forcing you firstly to pay rather to try something, to see if it's worth of buying. Upon first install, they are asking for review before you even enter to app. Scam for grabbing good review even you havn't tried or saw app in action. You may have to reconcider how to attract more ppl to use it. It's not problem to purchase something if it's good. First, you have to try something really good than youdecide to purchase."
48423;;"2024-11-07 19:06:43";great
48424;;"2024-11-07 18:32:44";"asked for a review before I used it."
48425;;"2024-11-07 18:01:29";"good dekhane ke baad pata lage"
48426;;"2024-11-07 17:12:38";"very good"
48427;;"2024-11-07 16:58:53";"they asked me to review this immediately after download before I even got started. so I suppose it's good. great idea anyways. let's see how it works."
48428;;"2024-11-07 16:24:26";supar
48429;;"2024-11-07 15:42:03";wonderful
48430;;"2024-11-07 13:21:55";"good work"
48431;;"2024-11-07 13:06:58";Great
48432;;"2024-11-07 13:03:03";"awesome! 👍👍👍👍"
48433;;"2024-11-07 12:54:37";good
48434;;"2024-11-07 12:50:05";"I've watched many praises videos of this app and wanna try it. Will update after few tries."
48435;;"2024-11-07 12:06:53";"renovation for terrace"
48436;;"2024-11-07 11:47:39";good
48437;;"2024-11-07 11:05:38";"very goooooood👍👍👍"
48438;;"2024-11-07 09:37:20";"I love it"
48439;;"2024-11-07 06:22:51";"I hope it works"
48440;;"2024-11-07 06:20:55";good
48441;;"2024-11-07 06:10:49";good
48442;;"2024-11-07 06:05:31";good
48443;;"2024-11-07 05:37:47";"good for me and new home/apartment owners who need to arrange their spaces well"
48444;;"2024-11-07 05:35:41";"nice app"
48445;;"2024-11-07 04:36:53";"best app👌🏻"
48446;;"2024-11-07 03:26:55";nice
48447;;"2024-11-07 03:24:37";ok
48448;;"2024-11-07 02:05:38";supr
48449;;"2024-11-07 00:57:08";"good app"
48450;;"2024-11-06 23:33:31";"Useless for my need. Tried several prompts tweeking it to hopefully make it understand a simple request to add a decorative tv set wall from one side long enough to conceal the entrance to the bathroom and kept generating useless walls. Same experience with the kitchen... don't let the professional made advertised pictures fool you it's the app. Maybe others had success but this is far from generating what you need."
48451;;"2024-11-06 22:38:29";"Lovely app"
48452;;"2024-11-06 21:23:05";ok
48453;;"2024-11-06 20:45:58";Extra
48454;;"2024-11-06 18:43:39";"Best app it has really helped"
48455;;"2024-11-06 17:10:44";happy
48456;;"2024-11-06 16:59:19";"nice apps"
48457;;"2024-11-06 15:53:18";"Third class app waste of money"
48458;;"2024-11-06 15:28:40";"just I trying, if I not find good in the app then I will change my review,"
48459;;"2024-11-06 15:27:30";"it is the greatest design for ai"
48460;;"2024-11-06 15:17:29";"very superb app"
48461;;"2024-11-06 15:00:59";"This app isn't great. It just changes the colours in the photo you upload, it doesn't redesign. It also doesn't seem to pay much attention to the prompt you input, I had asked for a particular colour on the walls, tried several times but it wouldn't do it"
48462;;"2024-11-06 13:56:03";interesting
48463;;"2024-11-06 10:56:00";Best
48464;;"2024-11-06 10:41:11";"super for everything"
48465;;"2024-11-06 10:07:19";"very helpful App"
48466;;"2024-11-06 09:44:09";"asking without using"
48467;;"2024-11-06 09:38:00";"fabulous designs"
48468;;"2024-11-06 09:05:45";excellent
48469;;"2024-11-06 08:55:25";good
48470;;"2024-11-06 08:10:19";nice
48471;;"2024-11-06 08:00:22";smart
48472;;"2024-11-06 07:27:05";"You have to pay to use"
48473;;"2024-11-06 07:13:12";"It's helpful and easy to use"
48474;;"2024-11-06 06:48:35";good
48475;;"2024-11-06 06:43:25";perfect
48476;;"2024-11-06 06:37:50";good
48477;;"2024-11-06 04:58:13";Good
48478;;"2024-11-06 04:13:38";super
48479;;"2024-11-06 03:59:48";nice
48480;;"2024-11-06 02:56:38";"how can one rate without experiencing the same"
48481;;"2024-11-06 02:53:26";"good and Prof aton ole this ai"
48482;;"2024-11-06 02:37:32";"just started"
48483;;"2024-11-06 02:29:22";"great app"
48484;;"2024-11-06 01:55:14";"his a good work"
48485;;"2024-11-06 01:30:21";Nice...
48486;;"2024-11-06 00:27:30";"super helpful"
48487;;"2024-11-06 00:24:38";"This is very useful. However, it would be even better if it had the ability to design the interior or exterior of the house."
48488;;"2024-11-05 23:25:25";good
48489;;"2024-11-05 20:47:01";"Can please Google introduce the 0 star?"
48490;;"2024-11-05 20:19:46";good
48491;;"2024-11-05 19:35:14";"Useless, downloaded, first asked for rating before trying it, then you have to pay and can't take a photo otherwise"
48492;;"2024-11-05 18:03:41";"I took photos and uploaded photos not adding any furniture photos are still the same"
48493;;"2024-11-05 17:32:26";"Only bad apps asking for a review before You use it."
48494;;"2024-11-05 17:13:20";"Design of Bed Room."
48495;;"2024-11-05 16:30:43";"Subscription based -- must setup credit card payment info just to start the trial. Pass."
52005;;"2024-11-05 15:49:14";good
52006;;"2024-11-05 15:06:47";"Waste of time"
52007;;"2024-11-05 11:41:30";nice
52008;;"2024-11-05 11:38:52";"Safii sana"
52009;;"2024-11-05 11:29:29";good
52010;;"2024-11-05 11:16:45";"superb app.."
52011;;"2024-11-05 11:07:07";"Very good app"
52012;;"2024-11-05 09:14:24";nice
52013;;"2024-11-05 08:07:04";"good 👍😊"
52014;;"2024-11-05 07:48:22";"good job"
52015;;"2024-11-05 07:10:31";nice
52016;;"2024-11-05 06:24:17";"good work"
52017;;"2024-11-05 06:02:34";"laking tulong"
52018;;"2024-11-05 05:41:50";Good
52019;;"2024-11-05 05:26:06";"best app"
52020;;"2024-11-05 04:46:37";nice
52021;;"2024-11-05 03:03:20";nice
52022;;"2024-11-05 01:59:58";good
52023;;"2024-11-05 00:01:41";"very helpful for me."
52024;;"2024-11-04 23:29:30";great!
52025;;"2024-11-04 22:42:40";"I love it"
52026;;"2024-11-04 17:00:22";"Worst app, every step asking for subscription. No free even single design. Thu"
52027;;"2024-11-04 15:05:10";"its great"
52028;;"2024-11-04 14:49:18";"Glitches when trying to upload a picture preventing the app from being usable. Rubbish."
52029;;"2024-11-04 14:28:43";Extra
52030;;"2024-11-04 14:28:36";super
52031;;"2024-11-04 14:27:24";"coz asking for a review before use."
52032;;"2024-11-04 14:03:59";"i love it"
52033;;"2024-11-04 14:03:08";"i dnt knw"
52034;;"2024-11-04 13:13:36";ok
52035;;"2024-11-04 13:04:39";"Doesn't allows you to create anything if you don't subscribe"
52036;;"2024-11-04 12:42:26";Nice
52037;;"2024-11-04 10:42:47";"AI is good app that makes live soo easy"
52038;;"2024-11-04 09:08:21";"Once started, it asked to subscribe and pay."
52039;;"2024-11-04 08:18:39";best
52040;;"2024-11-04 07:25:00";"nice 👍🏻"
52041;;"2024-11-04 06:11:08";"Great App to create your real dreams!"
52042;;"2024-11-04 05:20:45";Bad
52043;;"2024-11-04 04:46:56";"excellent coz helpfull for beginner"
52044;;"2024-11-04 03:53:36";"vg apps"
52045;;"2024-11-04 02:43:25";"Very interactive"
52046;;"2024-11-04 02:01:51";"wow it's like fantasy come true"
52047;;"2024-11-04 00:40:26";"good app"
52048;;"2024-11-04 00:25:16";"this is from another planet ⭐"
52049;;"2024-11-03 18:46:50";"it's awesomeness"
52050;;"2024-11-03 17:35:12";good
52051;;"2024-11-03 16:24:06";"great review 👏"
52052;;"2024-11-03 15:56:50";"good app 💯💯"
52053;;"2024-11-03 15:41:35";"Quite easy to use"
52054;;"2024-11-03 15:04:08";good
52055;;"2024-11-03 14:07:50";best
52056;;"2024-11-03 13:46:36";good
52057;;"2024-11-03 12:44:10";"veryy cool app. inspirational"
52058;;"2024-11-03 12:22:24";amazing
52059;;"2024-11-03 12:17:12";"wonderful app"
52060;;"2024-11-03 11:33:19";"very good for you and your job"
52061;;"2024-11-03 11:28:10";"Pathetic app. Should have atleast a week free trial to test whether the app is worth purchasing."
52062;;"2024-11-03 10:56:21";excellent
52063;;"2024-11-03 10:48:13";good
52064;;"2024-11-03 10:24:07";"Very good"
52065;;"2024-11-03 10:10:33";"very nice"
52066;;"2024-11-03 10:01:19";"good app"
52067;;"2024-11-03 09:50:41";🥰🥰🥰🥰😍😍😍💯
52068;;"2024-11-03 09:49:51";top
52069;;"2024-11-03 09:40:11";good
52070;;"2024-11-03 09:06:05";"talk about the best there is,this is it."
52071;;"2024-11-03 06:50:06";"nice app"
52072;;"2024-11-03 06:06:37";"Poor app..only shows predined templates."
52073;;"2024-11-03 06:02:51";"very good"
52074;;"2024-11-03 03:41:45";"meaningless application, every tools are useless. avoid"
52075;;"2024-11-03 03:13:23";"good work"
52076;;"2024-11-03 01:17:50";"coming back"
52077;;"2024-11-03 00:30:34";best
52078;;"2024-11-02 22:51:10";"loving this app such a great idea"
52079;;"2024-11-02 22:38:30";👍
52080;;"2024-11-02 20:13:58";"good app"
52081;;"2024-11-02 19:49:59";"very exciting and awesome"
52082;;"2024-11-02 16:47:51";"Only one free design rendering??"
52083;;"2024-11-02 16:15:21";ok
52084;;"2024-11-02 15:26:26";Good
52085;;"2024-11-02 15:14:19";"may be good"
52086;;"2024-11-02 14:59:37";"No free use"
52087;;"2024-11-02 14:30:53";"Very nice App"
52088;;"2024-11-02 13:56:51";nice
52089;;"2024-11-02 13:10:22";"Thats graeate"
52090;;"2024-11-02 12:57:04";good
85324;;"2024-10-10 18:55:31";"Jako první vyskočí hodnocení, pak nefunguje"
85261;;"2025-02-20 07:12:18";"Ένα τίποτα με μπόλικο καθόλου."
85068;;"2024-10-16 04:00:03";mayan
85006;;"2024-11-06 03:40:37";best
84816;;"2024-12-09 08:27:59";"cool app"
84755;;"2024-12-15 05:48:43";"Keren, membantu memancing inspirasi design ruangan"
84568;;"2025-01-02 02:38:13";"very good"
84508;;"2025-01-06 23:15:16";ok
84324;;"2025-01-26 12:30:50";"dicoba dlu"
84265;;"2025-02-04 11:43:16";"coba dulu kali ya"
79476;;"2024-11-11 16:02:42";ok
79418;;"2024-09-23 15:31:39";ok
79360;;"2024-12-05 04:26:25";ok
77647;;"2025-02-07 22:29:58";"Vergogna! Ho annullato l' abbonamento da oltre 7 giorni con rimborso immediato e non mi avete ancora rimborsato! Oltretutto avevo richiesto la prova gratuita e mi avete prelevato dal conto ben € 44! Non ho parole"
77590;;"2024-10-16 21:22:41";"Man wird noch vor der ersten Nutzung gebeten die App zu bewerten, um beim Wachsen der App zu helfen. Offenbar erhofft man sich hier, dass manche aus Mitleid schon mal 5 Sterne geben. Nach der Bewertungsbitte kommen dann die (sehr salzigen) Preise. Das ist doch Verasche. Hier meine Bewertung :-)"
77416;;"2024-10-16 23:05:41";"excelente app!"
77360;;"2024-10-27 23:11:43";"Não permite nem testar sem pagar."
84227;;"2025-02-08 21:57:34";good
77134;;"2024-12-14 12:09:35";smart
77079;;"2024-12-18 19:28:19";"me ajudou muito a decidir a decoração da minha casa"
76912;;"2025-01-16 16:06:21";maravilha
76858;;"2025-01-26 01:17:19";"Terrivel ! Até the sims decora melhor !"
76804;;"2025-01-30 18:55:58";ok
76641;;"2025-02-09 04:51:10";"Testando ainda"
76588;;"2025-02-13 00:36:09";PÉSSIMO!
77381;;"2024-10-23 11:39:42";testando
73302;;"2024-10-13 12:35:32";bien
73249;;"2024-10-27 20:06:24";"très bien 😀🥰 j'adore 🥰"
84290;;"2025-01-31 09:25:09";"saya kasi bintang 4 dulu setelah mencoba jika bagus akan saya ubah ke bintang 5"
73040;;"2024-12-24 14:44:59";"jamais utilisé mais ça a l'air cool"
72988;;"2025-01-04 17:57:54";"Bonne appli"
85026;;"2024-10-28 01:48:03";"harus lebih bisa dan simple di hp dan mudah dipelajari"
72784;;"2025-02-02 12:23:56";ok
72733;;"2025-02-06 17:54:41";bien
77672;;"2025-01-29 17:20:12";"e perfetta"
72534;;"2024-10-12 17:38:06";👍🏻👍🏻👍🏻👍🏻
72484;;"2025-01-08 18:39:40";Круто
70934;;"2024-09-27 21:34:43";راىع
79445;;"2025-01-30 16:47:35";Ok
70741;;"2025-02-03 18:53:08";رائع
70693;;"2025-02-13 10:17:49";"جيد جدا"
73059;;"2024-12-17 09:47:22";"c'est très intéressant car vos designs répondent à nos attentes"
70507;;"2024-09-29 14:38:23";"muy recomendable 👌"
70460;;"2024-10-04 14:47:16";"super buena aplicación"
70413;;"2024-10-08 03:40:26";"excelente app me encantan la ideas y la precisión de los diseños"
79389;;"2024-11-06 11:12:53";ok
70233;;"2024-10-24 12:09:24";"muy profesional"
70187;;"2024-10-29 02:10:54";superchupi
70251;;"2024-10-22 13:50:08";Buenisimo
85296;;"2024-08-27 09:01:21";"Really bad"
69967;;"2024-11-21 03:51:12";"Pagar para robar, no gracias"
69922;;"2024-11-24 22:15:47";Excelente
84847;;"2024-12-05 15:05:05";mantap
69753;;"2024-12-06 11:38:20";Espectacular!!
69709;;"2024-12-07 18:04:47";Malísimo
69665;;"2024-12-08 21:49:02";buenísimo
66621;;"2024-12-09 18:18:33";"Si no pagas, no puedes hacer nada"
66577;;"2024-12-10 04:06:13";super
72809;;"2025-01-30 19:41:05";"Je pense qu'il faudrait travailler encore plus"
66416;;"2024-12-14 12:10:27";"mala estrategia de marketing, solo te dejan usarlo una vez, no te dan ganas de comprarla."
66373;;"2024-12-15 14:18:02";"Super efectivo. Te da una visión clara de como puede quedar tu espacio"
66330;;"2024-12-16 04:46:19";"la probaré ahora dejo mi experiencia en la proxima"
70254;;"2024-10-22 11:05:54";♥️♥️
84852;;"2024-12-05 11:56:23";"baru download belum coba"
66133;;"2024-12-21 16:13:34";"me encanta 👌💯"
66091;;"2024-12-22 16:39:37";"voy a probarlo se ve buena la app"
66049;;"2024-12-23 22:23:30";Probando
73278;;"2024-10-19 15:13:28";too
65902;;"2024-12-27 04:44:40";excelente
65862;;"2024-12-27 23:25:45";excelente
65822;;"2024-12-28 15:24:12";"voy a probarlo"
66307;;"2024-12-16 23:42:29";"buena app"
84841;;"2024-12-06 11:06:10";nice
65643;;"2024-12-31 16:49:42";"muy bueno"
65604;;"2025-01-01 11:46:38";buena
65565;;"2025-01-01 19:35:37";"se instalo rápido, aún no lo he usado,"
70255;;"2024-10-22 10:58:57";"Excelente app"
73070;;"2024-12-14 20:43:44";testi
65393;;"2025-01-04 01:08:01";excelente
65355;;"2025-01-04 15:10:28";bueno
65317;;"2025-01-05 00:31:02";"aún no la usé... pero opinaré pronto"
65297;;"2025-01-05 09:09:23";"es fenomenal..............estoyiniciando en ella"
70439;;"2024-10-06 11:14:34";"es perfecto para proyectos de reformas sin tener idea de diseño"
84547;;"2025-01-03 15:34:08";oke
79446;;"2025-01-24 14:56:24";"Jedna gwiazdka z wymuszanie zakupu subskrypcji po trzech użyciach."
84796;;"2024-12-10 22:44:47";baguss
62042;;"2025-01-08 03:20:51";ok
62005;;"2025-01-08 17:01:35";excelente
61968;;"2025-01-09 04:03:47";"me parece bien"
65883;;"2024-12-27 15:25:20";buena
72765;;"2025-02-03 18:46:45";propre
61815;;"2025-01-11 00:24:49";excelente
61779;;"2025-01-11 12:02:32";Excelente
61743;;"2025-01-11 18:10:41";genial
61707;;"2025-01-12 04:51:49";cool
65804;;"2024-12-28 19:39:53";"Solo pude hacer una imagen y tenia muchas inconsistencias, te piden una tarjeta de inmediato no vale la pena."
72516;;"2024-11-16 19:09:47";классно
85306;;"2024-04-07 07:01:29";"Λέει δωρεάν δοκιμή και δεν διαθέτει"
61528;;"2025-01-14 00:29:23";"muy buena app"
61493;;"2025-01-14 06:14:37";"lo estoy probando"
61458;;"2025-01-14 15:35:46";moderno
76568;;"2025-02-13 22:32:04";"muito bom"
69950;;"2024-11-22 16:56:58";Genial
77343;;"2024-11-03 00:58:02";". '"
61288;;"2025-01-16 11:17:27";excelente!
61253;;"2025-01-16 17:24:29";"Buena aplicación."
61218;;"2025-01-17 00:55:06";"2 ediciones y ya tenes que pagar. Horrible!"
61201;;"2025-01-17 03:48:56";excelente
84545;;"2025-01-03 23:30:22";"ok bagus cakep mantap"
70774;;"2025-01-29 03:18:28";جميل
84800;;"2024-12-10 11:39:50";"bintang 5 kalau sesuai"
61021;;"2025-01-19 03:22:36";excelente
60986;;"2025-01-19 14:42:17";"no sé que tan buena es, me envía a calificar antes de si quiera empezar a usar la app y no deja entrar sin calificar"
60951;;"2025-01-19 21:32:34";excelente
72517;;"2024-11-16 00:56:45";круто
65887;;"2024-12-27 15:15:24";genial
72569;;"2025-02-21 05:59:44";"Très bien"
85309;;"2025-01-17 11:26:32";👍
60761;;"2025-01-23 01:43:17";exelente
60727;;"2025-01-23 15:08:56";"muy buena"
60693;;"2025-01-24 02:06:16";bueno
66561;;"2024-12-10 14:45:12";"aún no lo he usado espero me se de gran utilidad"
61444;;"2025-01-14 17:13:23";"excelentes opciones"
65888;;"2024-12-27 15:13:50";"Aún no iniciamos el uso, Pero estoy súper emocionada por crear la casa de mis sueños 😍"
72470;;"2025-01-29 16:09:51";perfect
84802;;"2024-12-10 08:09:29";"belum terlalu jelas"
58974;;"2025-01-27 12:33:55";"me encanta"
58941;;"2025-01-27 21:40:33";"Pesima, no aporta nada no la recomiendo"
58908;;"2025-01-28 13:50:37";Malísimo
76627;;"2025-02-10 13:29:37";excelente
61730;;"2025-01-11 21:55:17";excelente
72759;;"2025-02-04 07:40:27";"plus de réussite"
72822;;"2025-01-29 12:42:55";Excellent
52224;;"2024-10-27 17:42:37";Good
52225;;"2024-10-27 17:01:02";"It is awful 😖 and I paid for it. Can not cancel subscription 😡. ' '"
52226;;"2024-10-27 15:22:31";"use full app"
52227;;"2024-10-27 13:17:12";excellent
52228;;"2024-10-27 13:01:24";"I will continue practice"
52229;;"2024-10-27 11:17:47";"pleas make us free trial and making a super duperrr easy to do this project.. tq.."
52230;;"2024-10-27 11:00:15";best
52231;;"2024-10-27 10:31:20";Nice
52232;;"2024-10-27 09:26:56";"so sweet 💕"
52233;;"2024-10-27 08:40:31";"nicely done"
52234;;"2024-10-27 07:47:05";"Doesn't work do not install"
52235;;"2024-10-27 07:28:27";Nice
52236;;"2024-10-27 05:46:02";Outstanding
52237;;"2024-10-27 05:04:59";"going to check"
52238;;"2024-10-27 05:01:51";ok
52239;;"2024-10-27 04:35:21";"must try"
52240;;"2024-10-27 04:09:22";good
52241;;"2024-10-27 02:49:15";good
52242;;"2024-10-27 01:53:40";"Worst App"
52243;;"2024-10-26 19:26:30";"Not worth the subscription"
52244;;"2024-10-26 16:09:39";good
52245;;"2024-10-26 14:30:12";"good apps"
52246;;"2024-10-26 14:13:03";"Happy feel"
52247;;"2024-10-26 12:20:38";nice
52248;;"2024-10-26 11:28:10";good
52249;;"2024-10-26 08:40:27";"The app only gave use two tries and then we need to pay for more. Result for me is not good enough. It just repaaint my design, almost nothing different. The reviews here were bought i think, no way it is 4.9 out of 5."
52250;;"2024-10-26 08:06:50";🤩🤩🤩
52251;;"2024-10-26 06:40:11";excellent
52252;;"2024-10-26 06:30:56";super
52253;;"2024-10-26 05:38:10";best
52254;;"2024-10-26 05:22:37";"good for house"
52255;;"2024-10-26 01:28:52";"beautiful app"
52256;;"2024-10-25 23:33:57";lovely
52257;;"2024-10-25 20:55:58";great
52258;;"2024-10-25 17:23:18";"nice app"
52259;;"2024-10-25 15:10:52";"great apps"
52260;;"2024-10-25 13:12:40";"App is always down. Just wasted my 1 week subscription. I want a refund."
52261;;"2024-10-25 11:58:31";"nice app"
52262;;"2024-10-25 11:12:39";good
52263;;"2024-10-25 11:09:18";awesome
52264;;"2024-10-25 11:05:33";"Mahal...untuk penggunaan yg sangat jarang... waktu uji coba minim"
52265;;"2024-10-25 11:04:48";suppr
52266;;"2024-10-25 10:58:28";"nice and awesome 👍🏽"
52267;;"2024-10-25 08:23:47";"Doesn't work"
52268;;"2024-10-25 08:02:48";"amazing apps try to use this for my future design"
52269;;"2024-10-25 08:00:09";bii
52270;;"2024-10-25 03:14:15";"Under maintenance? Uninstall."
52271;;"2024-10-25 01:05:01";great
52272;;"2024-10-24 22:09:36";"The premise of the app is amazing - upload photo of your room, choose a style (eg. Bohemian) and it will redecorate the room for you. My experience with free version wasn't the best - it put a window where my TV is, put wooden beams on flat ceiling as if it was a chalet. My bedroom photo was completely ignored, instead the app gave me some randomly AI generated image of a bedroom. There's a lot of AI tuning that needs to happen here. Better search Pinterest or use some other free AI tools"
52273;;"2024-10-24 18:33:44";"it's not like that"
52274;;"2024-10-24 17:17:20";"Waste of 150 MB data. This app only have one free tutorial after that it ask for purchase which is very high in cost. WASTE, PAID"
52275;;"2024-10-24 16:57:52";"best ap for home"
52276;;"2024-10-24 16:18:49";good
52277;;"2024-10-24 15:23:29";good
52278;;"2024-10-24 14:55:37";Worst
52279;;"2024-10-24 14:04:36";ok
52280;;"2024-10-24 13:59:23";"nice 👍 idea"
52281;;"2024-10-24 13:40:12";super
52282;;"2024-10-24 13:33:34";perfect
52283;;"2024-10-24 12:00:32";Best
52284;;"2024-10-24 11:01:46";super
52285;;"2024-10-24 10:35:58";"nice app"
52286;;"2024-10-24 09:44:50";good
52287;;"2024-10-24 09:02:44";good
52288;;"2024-10-24 08:56:40";"great app"
52289;;"2024-10-24 07:02:30";"تصميم مطبخ حديث"
52290;;"2024-10-24 06:58:15";"Not Good"
52291;;"2024-10-24 06:13:26";good
52292;;"2024-10-24 05:57:27";good
52293;;"2024-10-24 05:05:03";good
52294;;"2024-10-24 04:30:44";"Amazing app."
52295;;"2024-10-24 03:55:58";gud
52296;;"2024-10-23 22:58:02";"Doesn't work."
52297;;"2024-10-23 21:37:46";"very Chic! professional looking interior."
52298;;"2024-10-23 18:30:54";"This app only lets you use it once (one picture only) then you have to pay"
52299;;"2024-10-23 16:42:23";"hi ffssiokjj h f v g g m Kay hv no 8vf67uh no h n h n b n v v b b g b h v3v b v c o c c m Kay ny r u"
52300;;"2024-10-23 15:31:13";"thank god i paid weekly only to get high traffic/maintance. would not recommend this app. they at least should have a trial or prevent payment during errors. this is wasted cost billed to me."
52301;;"2024-10-23 12:53:55";creative
52302;;"2024-10-23 12:05:55";"Not even usable, need vip cant even try it first"
52303;;"2024-10-23 11:46:54";"Amazing app"
52304;;"2024-10-23 11:45:00";"good idea app"
52305;;"2024-10-23 11:01:13";"Best one that I have ever use"
52306;;"2024-10-23 09:51:46";"Hi, please help me the way how to unsubscribe this apps urgently. Tqsm"
52307;;"2024-10-23 09:43:00";supar
52308;;"2024-10-23 07:17:02";"Home AI is a powerful interior design app that uses AI to create personalized room layouts, suggest furniture, and provide design inspiration tailored to your style."
52309;;"2024-10-23 06:27:36";good
52310;;"2024-10-23 06:07:32";GOOD
52311;;"2024-10-23 05:00:59";"awesome app"
52312;;"2024-10-23 04:50:01";good
52313;;"2024-10-23 04:48:20";"nice app"
52314;;"2024-10-23 04:13:40";"this is a brilliant app for affordable redesign and home update"
52315;;"2024-10-23 03:02:15";remodeling
52316;;"2024-10-23 02:37:36";good
52317;;"2024-10-23 02:07:38";good
52318;;"2024-10-23 02:02:57";good
52319;;"2024-10-22 23:57:19";"it's cute"
52320;;"2024-10-22 20:20:15";"It's not working on my s23 ultra"
52321;;"2024-10-22 17:45:54";"worth a try"
52322;;"2024-10-22 17:36:34";"j i"
52323;;"2024-10-22 17:19:54";"I love it"
52324;;"2024-10-22 17:17:11";good
52325;;"2024-10-22 14:34:10";"good 👍"
52326;;"2024-10-22 13:56:00";sure
52327;;"2024-10-22 12:25:07";"It does not open when i want to upload a photo I'm uninstalling"
52328;;"2024-10-22 11:28:13";"great full"
52329;;"2024-10-22 11:17:19";"very good"
52330;;"2024-10-22 11:14:07";amazing
52331;;"2024-10-22 11:02:19";"Great app"
52332;;"2024-10-22 10:53:16";"Thnx lots"
52333;;"2024-10-22 10:43:21";"it's very Nice ."
52334;;"2024-10-22 10:38:20";nice
52335;;"2024-10-22 09:32:51";"Prince pk"
52336;;"2024-10-22 07:54:09";"interesting app"
52337;;"2024-10-22 07:35:02";good
52338;;"2024-10-22 06:03:49";"Absolutely not free"
52339;;"2024-10-22 05:17:15";"good app"
52340;;"2024-10-22 05:06:00";"love google play"
52341;;"2024-10-22 04:05:24";great
52342;;"2024-10-22 03:12:52";"best app 🤗😊"
52343;;"2024-10-22 02:38:54";"This app is stealing $6.99 from me weekly. I never gave them my card information and I can't get them to stop!"
52344;;"2024-10-22 02:13:29";"Scam! Everytime I try to take a photo the page disappears. Unusable. Wasted money on a yearly subscription!"
52345;;"2024-10-22 01:58:13";"super Mario"
52346;;"2024-10-21 22:12:57";"Need payment for the usage prior trial"
85323;;"2024-10-28 13:44:08";OK
85260;;"2024-06-20 19:17:26";Ok
85067;;"2024-10-16 06:16:56";Good
85005;;"2024-11-06 12:00:09";"dicoba dulu..."
84815;;"2024-12-09 09:25:47";"coba coba"
84754;;"2024-12-15 07:38:41";"Just free 3 time,,, bad app don't download"
84567;;"2025-01-02 04:24:49";Good
84507;;"2025-01-06 23:40:06";"Dicoba dulu yah, kalau pas di hati pasti saya kasih bintangnya full.🙏"
84323;;"2025-01-27 00:41:48";"masih baru download,,belum d coba"
84264;;"2025-02-04 19:08:41";good
79475;;"2024-11-15 22:55:56";"jeszcze nie weszłem do apki, a już chcą ocenę. to chyba prosta sprawa że minimalna ocena..."
79417;;"2024-09-25 11:07:35";"chưa dùng bắt đg"
79378;;"2024-11-20 08:50:19";"love u"
77646;;"2025-02-08 08:31:48";"Ancora tanto da fare, realizza immagini poco contestualizzate e troppo su stili da HGTV."
77589;;"2024-10-17 13:00:25";"Ich habe den Dienst für eine Woche gebucht und bezahlt, doch leider funktioniert er überhaupt nicht wie erwartet. Meine Fotos werden nicht hochgeladen und die Plattform scheint überlastet zu sein. Es ist sehr ärgerlich, da ich den Service nutzen wollte, aber keine Lösung oder Unterstützung erhalten habe. Absolut enttäuschend und nicht empfehlenswert!"
77415;;"2024-10-17 08:38:30";show
77359;;"2024-10-28 12:40:12";"Fraco e na função demo só conseguimos acessar no máximo dois projetos resumido."
84286;;"2025-02-01 05:14:18";baik
77133;;"2024-12-14 12:57:03";"top demais"
77078;;"2024-12-18 22:23:12";"Ainda vou testar"
76911;;"2025-01-16 16:07:08";"top a operação"
76857;;"2025-01-26 10:53:17";"muito bom"
76803;;"2025-01-30 19:58:09";"muito bom"
76640;;"2025-02-09 10:20:26";"Muito prático e funcional"
76587;;"2025-02-13 00:38:38";"muito legal"
85091;;"2024-10-09 13:47:51";"sangat membantu"
73301;;"2024-10-13 17:53:32";"Application invitant à noter avant d'utiliser, déjà c'est pas bon signe, mais ici pas étonnant, elle est présenté gratuite avec un mode pro, après 2 génération d'image tout ce verrouille et on est obligé de payer...."
73248;;"2024-10-27 22:24:57";top
85088;;"2024-10-09 17:02:25";mantabs...
73039;;"2024-12-24 15:39:23";"sa me plaît beaucoup"
72987;;"2025-01-04 18:15:40";"merci , vous de nous facilité la vie."
84535;;"2025-01-04 17:42:15";"Belum coba"
72783;;"2025-02-02 13:04:08";bien
72732;;"2025-02-06 20:32:11";Good
79386;;"2024-11-14 15:39:33";Tệ
72533;;"2024-10-13 20:04:10";"Удалил. Не устанавливать."
72483;;"2025-01-09 17:40:00";yaxshi
70933;;"2024-09-28 09:36:46";جديد
84234;;"2025-02-08 03:04:53";"baru mau coba"
70740;;"2025-02-03 20:45:15";"مافهت شي من ابدا بطالع بس صور مافيك تصمم بنفسك"
70692;;"2025-02-13 19:08:50";"قيد التجربة اضطري حط خمس انجوم"
73010;;"2025-01-01 22:11:42";bien
70506;;"2024-09-29 15:22:43";excelente
70459;;"2024-10-04 16:30:34";"me parece genial!!"
70412;;"2024-10-08 08:41:23";meh
79447;;"2025-01-23 20:52:25";spoko.
70232;;"2024-10-24 19:41:16";"excelente aplicacion"
70186;;"2024-10-29 05:22:46";bien
73011;;"2025-01-01 11:33:57";cool
85359;;"2025-02-11 16:43:35";Super
69966;;"2024-11-21 12:56:31";genial
69921;;"2024-11-24 23:29:53";buenaaa
70666;;"2025-02-20 20:27:59";جيد
69752;;"2024-12-06 11:45:58";"Aun no la pruebo pero tengo el 100% de mis espectativas"
69708;;"2024-12-07 19:03:47";"espectacular la app"
69664;;"2024-12-08 22:08:38";"apenas voy probar"
66620;;"2024-12-09 18:56:55";best
66576;;"2024-12-10 04:39:51";"excelente aplicación!"
72962;;"2025-01-09 14:20:03";"c'est magnifique et très sympa."
66415;;"2024-12-14 12:17:44";"NO LA DESCARGUEN! Solo te deja tomar una foto gratis y después no te deja hacer más nada. MALISIMA"
66372;;"2024-12-15 14:24:40";"muy bueno"
66329;;"2024-12-16 05:21:08";"me encanto esta app"
72755;;"2025-02-04 11:32:15";wonderful
85043;;"2024-10-23 08:56:25";"just try"
66132;;"2024-12-21 16:14:40";"Me encanta"
66090;;"2024-12-22 17:18:14";"muy buena"
66048;;"2024-12-23 22:49:53";buena
73331;;"2024-10-07 19:30:24";"apparmanent il apparaît cv"
65901;;"2024-12-27 06:03:49";excelente
65861;;"2024-12-28 00:09:07";"Me encanta"
65821;;"2024-12-28 15:47:59";"recién probare"
66350;;"2024-12-15 20:41:07";"exelente se las recomiendo"
76835;;"2025-01-28 14:32:25";adorei
65642;;"2024-12-31 16:59:33";"estoy en eso volvere, parece muy bien 👌"
65603;;"2025-01-01 11:52:23";"good app very Nice"
65564;;"2025-01-01 19:58:12";super
66069;;"2024-12-23 03:55:32";"Malísima me pareció"
73227;;"2024-11-02 07:10:58";"très belle application"
65392;;"2025-01-04 01:16:24";excelente
65354;;"2025-01-04 15:29:33";bueno
65316;;"2025-01-05 00:37:50";"exitos,.muy bueno"
65335;;"2025-01-04 21:30:07";excelente
70486;;"2024-10-01 12:42:50";"Recien inter actuare."
84834;;"2024-12-08 00:12:14";"belun di coba"
70673;;"2025-02-18 21:08:52";good
84857;;"2024-12-05 04:45:16";baik
62041;;"2025-01-08 03:36:54";"muy buena la aplicación"
62004;;"2025-01-08 17:14:33";interesante
61967;;"2025-01-09 04:07:11";❤️❤️❤️❤️❤️❤️❤️❤️❤️❤️❤️❤️❤️❤️❤️❤️❤️❤️❤️❤️❤️❤️❤️❤️❤️❤️❤️❤️❤️❤️❤️❤️❤️❤️❤️❤️❤️❤️❤️❤️❤️❤️❤️❤️❤️❤️❤️❤️❤️❤️❤️❤️❤️❤️❤️❤️❤️❤️❤️❤️❤️❤️❤️❤️❤️❤️❤️❤️❤️❤️❤️❤️❤️❤️❤️❤️❤️❤️❤️❤️❤️❤️❤️❤️❤️❤️❤️❤️❤️❤️❤️❤️❤️❤️❤️❤️❤️❤️❤️❤️❤️❤️❤️❤️❤️❤️❤️❤️❤️❤️❤️❤️❤️❤️❤️❤️❤️❤️❤️❤️❤️❤️❤️❤️❤️❤️❤️❤️❤️❤️❤️❤️❤️❤️❤️❤️❤️❤️❤️❤️❤️❤️❤️❤️❤️❤️❤️❤️❤️❤️❤️❤️❤️❤️❤️❤️❤️❤️❤️❤️❤️❤️❤️❤️❤️❤️❤️❤️❤️❤️❤️❤️❤️❤️❤️❤️❤️❤️❤️❤️❤️❤️❤️❤️❤️❤️❤️❤️❤️❤️❤️❤️❤️❤️❤️❤️❤️❤️❤️❤️❤️❤️❤️❤️❤️❤️❤️❤️❤️❤️❤️❤️❤️❤️❤️❤️❤️❤️❤️❤️❤️❤️❤️❤️❤️❤️❤️❤️❤️❤️❤️❤️❤️❤️❤️❤️❤️❤️❤️❤️❤️❤️❤️❤️❤️❤️❤️❤️❤️❤️
84484;;"2025-01-08 04:17:58";"mantap, sangat membantu"
72816;;"2025-01-30 08:08:01";"Worst app. You pay after 3 days."
61814;;"2025-01-11 00:30:45";"apenas la voy a probar...!!!"
61778;;"2025-01-11 12:06:43";"Excelentes ideas para decorar mi hogar. Es estupendo!"
61742;;"2025-01-11 18:12:07";"Una verga. Haces dos intentos (que tampoco son muy buenos) y ya te obligan a pagar para usarlo"
61706;;"2025-01-12 05:23:33";espectacular
65844;;"2024-12-28 08:07:39";estupendo
72566;;"2025-02-21 16:05:38";"bonne initiative"
85369;;"2025-01-13 23:42:11";super
61527;;"2025-01-14 00:30:51";súper
61492;;"2025-01-14 06:40:02";"La peor aplicación"
61457;;"2025-01-14 15:38:25";exelente
66310;;"2024-12-16 22:22:54";"Nunca termina de carga un diseño siempre está en mantenimiento o full trafico"
69995;;"2024-11-18 17:35:13";"No se si suceda en otros dispositivos pero en mi tablet ( samsung s9fe+) las opciones de comandos o acciones están desplazadas y no es posible usar completa el app, la quiero comprar pero este factor me detiene"
77399;;"2024-10-20 22:54:09";"muito bom"
61287;;"2025-01-16 11:23:44";Excelente
61252;;"2025-01-16 17:26:08";"Muy buena la aplicación"
61217;;"2025-01-17 01:00:22";excelente👌
61236;;"2025-01-16 21:31:29";"muy buena y útil aplicación"
70256;;"2024-10-22 10:30:38";"muy buena"
70918;;"2024-10-11 10:05:30";"تصميم شقه"
85086;;"2024-10-10 15:09:59";Bagus
61020;;"2025-01-19 03:57:31";"Muy buena"
60985;;"2025-01-19 14:56:43";"vamos a ver qué tal"
60950;;"2025-01-19 21:37:53";Excelente
65845;;"2024-12-28 06:34:01";"No me agrado"
79394;;"2024-11-02 15:00:39";ok
72718;;"2025-02-08 04:04:11";"App qui est payante .inutile donc de perdre son temps et sa connexion pour charger cette app."
60794;;"2025-01-22 12:32:28";"maravillosa sin duda la mejor"
60760;;"2025-01-23 01:43:34";excelente
60726;;"2025-01-23 15:10:51";"app super completa y con ideas muy copadas, me ayudó a hacer un cambio en mi pieza"
60692;;"2025-01-24 02:19:03";"excelente aplicación"
61799;;"2025-01-11 03:37:02";buena
61479;;"2025-01-14 12:46:15";"me parece excelente novedosa e interesante"
77680;;"2025-01-23 17:02:13";ottimi
72520;;"2024-11-08 19:44:40";круто
84992;;"2024-11-10 05:21:58";"semakin mantab"
58973;;"2025-01-27 13:09:04";"Excelente app"
58940;;"2025-01-27 21:46:15";genial
58907;;"2025-01-28 14:16:24";"parece que me voy a entretener mucho.."
69651;;"2024-12-08 23:58:14";"no la he usado, es lo primero que me pide para poder usarla"
61766;;"2025-01-11 13:55:12";"hasta ahora la voy a probar"
66317;;"2024-12-16 16:58:41";"Muy buena 10/10"
72975;;"2025-01-06 00:26:15";"Nul ne fonctionne pas"
52480;;"2024-10-16 20:19:38";Good
52481;;"2024-10-16 18:56:19";"he is good"
52482;;"2024-10-16 18:25:05";nice
52483;;"2024-10-16 16:03:47";"غير مجاني"
52484;;"2024-10-16 15:42:31";checking✅
52485;;"2024-10-16 15:29:27";"this app is very for me o"
52486;;"2024-10-16 15:15:31";"superb ideas"
52487;;"2024-10-16 15:04:44";nice
52488;;"2024-10-16 13:31:34";"Useless wastage"
52489;;"2024-10-16 13:23:13";"More improvements"
52490;;"2024-10-16 12:47:44";"great just great"
52491;;"2024-10-16 12:07:32";"very good.👍👍👍👍"
52492;;"2024-10-16 11:53:00";"nice home yes..."
52493;;"2024-10-16 10:59:19";"Awful. Takea my money then does not work due to service capacity."
52494;;"2024-10-16 10:58:37";"totally not free.. asking for payment first is very not ideal.."
52495;;"2024-10-16 10:45:58";good
52496;;"2024-10-16 10:29:51";good
52497;;"2024-10-16 10:18:02";"good app well appreciated"
52498;;"2024-10-16 09:56:40";"the best"
52499;;"2024-10-16 09:38:53";good
52500;;"2024-10-16 06:57:18";"I couldnt even take a photo. But lets assume that my phone has some issues. The reason I'm giving 1 star is I've never seen an app that asks for my review as soon app opens for the first time. How should I make a review without even using it at least once?"
52501;;"2024-10-16 06:03:34";"Can't generate, useless"
52502;;"2024-10-16 05:52:50";"good app of design"
52503;;"2024-10-16 05:36:41";nice
52504;;"2024-10-16 01:38:00";"Just sits at a white screen."
52505;;"2024-10-15 23:02:49";excellent
52506;;"2024-10-15 19:44:40";"Pure scam. Requires payment for any activity."
52507;;"2024-10-15 17:58:59";"Can only upload one photo, what a waste of time"
52508;;"2024-10-15 17:55:37";"The very first question the app asked was for me to give a review of the app. let me at least try it before spamming me"
52509;;"2024-10-15 15:03:37";good
52510;;"2024-10-15 14:30:55";"great App"
52511;;"2024-10-15 13:45:10";"best app"
52512;;"2024-10-15 13:21:19";"good vvvvvvvvvvvvvvvvvv"
52513;;"2024-10-15 12:18:40";"will use first and then tell you"
52514;;"2024-10-15 11:38:42";"its good One"
52515;;"2024-10-15 11:19:19";"help me"
52516;;"2024-10-15 11:13:39";excellent
52517;;"2024-10-15 09:52:04";useful
52518;;"2024-10-15 09:22:26";"very useful"
52519;;"2024-10-15 08:04:34";good
52520;;"2024-10-15 07:32:45";yeah
52521;;"2024-10-15 06:31:50";"Awesome app that yields satisfaction"
52522;;"2024-10-15 06:19:25";"very good"
52523;;"2024-10-15 05:00:35";"I paid for this app yesterday. Used it for my home office project but now i can't access it due to high traffic. I hope they fix it soon."
52524;;"2024-10-15 04:51:53";good
52525;;"2024-10-15 04:19:17";"fab app"
52526;;"2024-10-15 03:56:12";"Worst experience.... always on maintenence"
52527;;"2024-10-15 02:57:48";ok
52528;;"2024-10-15 02:41:44";Great
52529;;"2024-10-15 00:55:30";"So bad. You cannot tried it within 7 first days. You don't know what it operate before you pay money."
52530;;"2024-10-15 00:11:06";"very useful for renovation."
52531;;"2024-10-14 21:38:13";"This app does not work keeps bugging all the time"
52532;;"2024-10-14 19:56:10";تعتتت
52533;;"2024-10-14 19:33:42";"I don't know"
52534;;"2024-10-14 19:03:39";"Wonderful 😘"
52535;;"2024-10-14 18:44:20";"will give a review once again after using"
52536;;"2024-10-14 18:41:52";"excellent tool"
52537;;"2024-10-14 15:00:43";excelent
52538;;"2024-10-14 14:24:49";"super and enjoy"
52539;;"2024-10-14 14:01:00";"EXPENSIVE APP"
52540;;"2024-10-14 13:52:12";"wonderful app"
52541;;"2024-10-14 10:45:49";ok
52542;;"2024-10-14 08:32:12";"Cannot even try it before facing a payment notification and the free version seems to be a gimmick to increase users."
52543;;"2024-10-14 06:56:16";🥰
52544;;"2024-10-14 05:44:40";nice
52545;;"2024-10-14 05:22:16";Good
52546;;"2024-10-14 03:26:03";"Very useful app"
52547;;"2024-10-14 02:24:19";top
52548;;"2024-10-14 01:44:00";wow
52549;;"2024-10-14 01:03:54";"Great app for those who are not good on ideas of how to decorate our home."
52550;;"2024-10-14 00:15:39";"just downloaded will update later"
52551;;"2024-10-13 21:03:51";"contrast of wall and chair to much"
52552;;"2024-10-13 17:26:32";"👍 ln"
52553;;"2024-10-13 17:05:16";best
52554;;"2024-10-13 16:24:10";"Excellent 👌👍"
52555;;"2024-10-13 15:44:29";"even 1 star it doesnt deserve. waste of money. i want my money back"
52556;;"2024-10-13 15:43:54";"Any app that you need to pay for and doesn't list that before I install it gets 1 star. Preferably 0. I didn't even use it. Un-installed it once I saw it's a paid app."
52557;;"2024-10-13 13:06:21";"Best app for beginners"
52558;;"2024-10-13 12:58:58";nice
52559;;"2024-10-13 11:38:14";"Who asks for a review just after you have installed the app. Pathetic idea"
52560;;"2024-10-13 10:11:21";"Can't use it, it just asks me to go on the PRO version whitch needs to be paid. Terrible app. I don't recommend it!"
52561;;"2024-10-13 09:41:35";"good good apps"
52562;;"2024-10-13 08:53:13";"brilliant design app worth a look"
52563;;"2024-10-13 08:24:25";"You have to pay a subscription fee before even knowing what the app does or if you want it."
52564;;"2024-10-13 07:47:02";"very best app for design"
52565;;"2024-10-13 06:59:35";"गुडमॉर्निंग 🤣"
52566;;"2024-10-13 06:58:30";Good
52567;;"2024-10-13 06:46:32";"easy and fun to use anywhere in the house"
52568;;"2024-10-13 05:28:28";good
52569;;"2024-10-13 04:40:21";nice
52570;;"2024-10-13 03:40:46";"very good 👍"
52571;;"2024-10-12 21:04:08";"Good Morning!!!"
52572;;"2024-10-12 20:07:23";"still on test"
52573;;"2024-10-12 19:22:05";"very good"
52574;;"2024-10-12 17:00:09";"You must allow PPL to see 3/4 makeovers to better understand if they should pay u ."
52575;;"2024-10-12 15:11:54";good
52576;;"2024-10-12 14:10:29";best
52577;;"2024-10-12 13:10:50";"Useless, could do more with mspaint than this app"
52578;;"2024-10-12 12:59:07";"Excellent app"
52579;;"2024-10-12 11:34:32";okay
52580;;"2024-10-12 10:38:08";"how about office arrangement?"
52581;;"2024-10-12 09:51:06";good
52582;;"2024-10-12 07:26:38";"This is paid service aap"
52583;;"2024-10-12 05:15:53";"nice 😊"
52584;;"2024-10-11 23:10:33";ok
52585;;"2024-10-11 22:58:59";"Not useful at all"
52586;;"2024-10-11 19:02:55";"cant even use it as it says its at full capacity taken £5 without actually being able to use the app when i need to."
52587;;"2024-10-11 17:55:52";jabardast
52588;;"2024-10-11 17:48:03";good
52589;;"2024-10-11 16:27:21";wonderful
52590;;"2024-10-11 15:38:25";good
52591;;"2024-10-11 14:59:42";"Good 👍"
52592;;"2024-10-11 14:40:25";"it is very nice"
52593;;"2024-10-11 13:34:07";"Stupid app, doesn't work... Just shows message that ""we are under maintenance"""
52594;;"2024-10-11 13:19:13";"It's useless... I took subscription for a week but trust me it not worth to try at free as it will waste your time.. They have given good interface but zero output design. It's scam, it's like good looking car without engine.. Don't waste your hard earned money"
52595;;"2024-10-11 13:16:12";"use to krne do bhai phele hi rating loge kya"
52596;;"2024-10-11 11:15:34";"mind blowing air app"
52597;;"2024-10-11 10:36:28";"nice app"
52598;;"2024-10-11 10:19:27";wow
52599;;"2024-10-11 10:02:48";"I will write something when I get time."
52600;;"2024-10-11 09:40:34";awesome
52601;;"2024-10-11 09:17:52";"Mind-blowing app"
52602;;"2024-10-11 07:57:28";Awseome
85322;;"2024-12-03 18:28:10";"Za peníze"
85259;;"2024-08-04 12:38:14";"it hardly understands the uploaded images and mixes the spaces incorrectly. Unusable!"
85066;;"2024-10-16 07:15:50";ok
85004;;"2024-11-07 00:18:51";keren
84814;;"2024-12-09 10:14:47";"saya sangat puas"
84753;;"2024-12-15 10:46:39";keren
84566;;"2025-01-02 04:50:34";"belom nyoba sih"
84506;;"2025-01-07 00:09:47";oke
84322;;"2025-01-27 08:22:29";"bagus sekali"
84263;;"2025-02-04 23:31:50";good
79474;;"2024-11-19 12:33:53";"pierwsze uruchomienie apki, nawet nie wiem czy działa a już chce ocenę, więc na ten moment 1* 😒"
79416;;"2024-09-26 00:16:16";"Lừa đảo nha mọi người, tốn mẹ phí tuần."
79436;;"2024-08-02 15:25:28";ok
77645;;"2025-02-08 17:19:49";"A pagamento"
77588;;"2024-10-17 14:33:28";"Bewertung noch vor der ersten Nutzung erfragt. Kann man zwar wegklicken, aber was soll ich bewerten was ich nicht kenne? Bei meinem Arbeitszimmer (Einstellung: Heimbüro als Gamerzimmer) wurden meine Monitore mit LED's versehen und das wars so ziemlich. Mein Bürotisch (Ecktisch) wurde auf der einen Seite länger und auf der anderen Seite ist er zu einem Gamerstuhl mutiert. Habe den ersten Vorschlag regenerieren lassen, aber kam ziemlich aufs gleiche raus. Dann war aber fertig mit reinschnuppern..."
77414;;"2024-10-17 14:49:00";"O melhor aplicativo para quem quer mudar o design da casa e não pode pagar um designer"
77358;;"2024-10-29 05:02:26";"muito ooo toop tou amando esse app"
84345;;"2025-01-22 15:49:01";"aplikasi yg sangat membantu"
77132;;"2024-12-14 13:35:54";"amei este aplicativo"
77077;;"2024-12-18 22:43:21";"Excelente aplicativo. Amei"
76910;;"2025-01-16 21:45:19";"muinnto bom app"
76856;;"2025-01-26 13:56:19";"Nada haver com o ambiente a ser decorado.totalmente diferente. Fora isso,precisa pagar mensalidade.se fosse para pagar, contratava um designer de interiores. Desinstalar."
76802;;"2025-01-30 22:05:54";"Não consigo cancelar!!!!"
76639;;"2025-02-09 15:11:40";great
76586;;"2025-02-13 01:49:31";"Horrível aplicativo, direito pra lixeira"
77612;;"2024-12-17 12:17:58";"오늘 시작. 합니다"
73300;;"2024-10-14 10:40:33";pratique
73247;;"2024-10-27 22:58:26";"très bonne Application"
84534;;"2025-01-05 00:07:43";👍🏼
73038;;"2024-12-24 16:49:01";"je le vous recommande"
72986;;"2025-01-04 19:28:20";"Nice app"
84595;;"2024-12-30 23:21:59";"satu dulu. masa blm pake suruh kasih ulasan."
72782;;"2025-02-02 13:32:23";"Je ne trouve pas la fonction de désabonner et personne répond mes messages. Quelqu'un a réussi annuler l'abonnement ?"
72731;;"2025-02-07 00:20:50";"Très pratique"
79444;;"2025-02-01 07:52:42";"0/5 beznadziejne !"
72532;;"2024-10-15 08:15:13";"Платное ганво даже нету возможности попробовать"
72482;;"2025-01-12 07:47:56";"шикарно мне понравилось"
70932;;"2024-09-30 06:21:36";good
84293;;"2025-01-30 11:16:12";good
70739;;"2025-02-04 00:50:08";ممتااز
70691;;"2025-02-14 10:47:42";nice
73062;;"2024-12-16 16:53:23";BIEN
70505;;"2024-09-29 16:17:15";super
70458;;"2024-10-04 19:26:48";bien
70411;;"2024-10-08 12:41:17";"muy buena aplicación"
84236;;"2025-02-08 02:15:06";ok
70231;;"2024-10-24 22:55:57";👌
70185;;"2024-10-29 07:18:07";"Excelente aplicación, muy fácil de usar, diseño muy hermoso."
70432;;"2024-10-06 23:01:18";"Una idea genial"
70010;;"2024-11-17 13:36:43";"Menos mal pague solo la semana, pésima app , no da ninguna idea o sugerencia, crea sobre los muebles que ya tienes , la descargue por los rewies pero nonoosnlei todos, ahora me doy cuenta que no soy la única,,,"
69965;;"2024-11-21 13:04:55";"Esta app no es GRATIS."
69920;;"2024-11-24 23:33:42";excelente
70714;;"2025-02-08 18:42:53";ok
69751;;"2024-12-06 11:59:53";excelente
69707;;"2024-12-07 21:14:18";"es muy bueno 👌 no ay nada más que decir"
69663;;"2024-12-08 22:11:41";bueno
66619;;"2024-12-09 19:13:55";"Un asco la aplicación"
66575;;"2024-12-10 05:15:26";bien
73014;;"2024-12-31 12:52:35";"Je recommande vivement"
66414;;"2024-12-14 13:24:13";Increíble
66371;;"2024-12-15 15:54:22";"quiero redecorar mi hogar y encontré est app que me ayuda a realizarlo"
66328;;"2024-12-16 05:45:33";"Me parece una app fantástica"
70435;;"2024-10-06 17:42:10";bien
85105;;"2024-10-05 14:22:36";"kurang tau"
66131;;"2024-12-21 16:15:20";genial
66089;;"2024-12-22 17:25:46";"hola soy un BOT y esta app es excelente espero algún imbécil se lo crea y la descargue"
66067;;"2024-12-23 05:51:34";"excelente app"
76564;;"2025-02-14 00:08:36";bom
65900;;"2024-12-27 07:03:17";buernaaaardooo
65860;;"2024-12-28 00:47:51";excelente
65820;;"2024-12-28 16:21:32";"Lenta poco intuitiva, estafa"
66393;;"2024-12-14 22:43:45";"Es de pago , te deja hacer 2 diseños de interior"
76889;;"2025-01-19 20:51:55";otimo
65641;;"2024-12-31 17:20:49";exelente
65602;;"2025-01-01 11:59:42";"genial app"
65563;;"2025-01-01 20:05:02";excelente
66111;;"2024-12-22 03:44:32";"Que aplicacion tan mala"
73280;;"2024-10-19 12:30:16";"c'est très professionnel"
65391;;"2025-01-04 01:17:09";"muy buena...... feliz b"
65353;;"2025-01-04 15:32:06";"Es la peor no la bajen y mucho menos pongan prueba gratis"
65315;;"2025-01-05 00:40:52";"Aparentemente se ve bueno pero se repiten los modelos y lo único inteligente es acomodar los elementos a la geometría del espacio y nada más, y ojo que despues de los 3 días de prueba, te cobran semanalmente 7.990 aunque no la ocupes, un fraude por donde se le mire!"
65373;;"2025-01-04 07:43:15";"es una muy buena aplicación de decoración con AI. gracias por ayudarme de Home AI."
84235;;"2025-02-08 02:26:25";mantap
84795;;"2024-12-10 23:59:42";"blm coba sdh disuruh kasih rating"
70721;;"2025-02-07 19:37:05";رائع
85048;;"2024-10-22 01:07:31";"belum di coba"
62040;;"2025-01-08 03:41:02";"genial 👍🏾"
62003;;"2025-01-08 17:29:56";"excelente muy buena"
61966;;"2025-01-09 04:14:11";"muy buenA"
76830;;"2025-01-28 19:14:49";"vou testar"
72969;;"2025-01-07 12:00:36";"super 👍🏻"
61813;;"2025-01-11 00:50:17";"la mejor app para remodelar tu casa"
61777;;"2025-01-11 12:12:17";"buena opción"
61741;;"2025-01-11 18:42:35";fantástico
61705;;"2025-01-12 05:30:27";"bonita aplicación"
65884;;"2024-12-27 15:23:22";"lo mejor"
72715;;"2025-02-08 11:00:33";"je vais bien me prononcer après utilisation de l'application."
61561;;"2025-01-13 16:31:01";excelente
61526;;"2025-01-14 00:34:20";"Para poder usarla pide suscripción"
61491;;"2025-01-14 07:55:51";"me encantó esta aplicación."
61456;;"2025-01-14 15:42:11";"excelente aplicación, me encanta!"
73281;;"2024-10-18 12:14:16";super
73064;;"2024-12-16 09:51:24";"J'aime bien"
77573;;"2024-12-01 16:05:23";"Sie Funktioniert ganz gut aber sie ist auf jeden Fall keine interior design app. Die app generiert nur ein ai Bild von dem was man schon hat"
61286;;"2025-01-16 11:26:02";"encantada con esta aplicación"
61251;;"2025-01-16 17:42:55";"excelente para el diseño, super útil."
61216;;"2025-01-17 02:01:46";"Muy buena app"
61271;;"2025-01-16 14:42:36";"very good"
65806;;"2024-12-28 19:33:20";super
72468;;"2025-01-30 17:18:17";okey
85052;;"2024-10-20 05:23:34";ok
61019;;"2025-01-19 03:58:21";"muy buena"
60984;;"2025-01-19 15:02:41";excelente
60949;;"2025-01-19 21:41:05";😁
61443;;"2025-01-14 17:16:28";"muy buena"
77162;;"2024-12-11 12:20:05";"o APP é perfeito"
72769;;"2025-02-03 09:51:13";"tous bien et super"
60793;;"2025-01-22 12:33:19";formidable
60759;;"2025-01-23 01:44:52";bien
60725;;"2025-01-23 15:11:10";"Todavía estoy iniciando la prueba de la App, en cuanto ingresé al programa y vea el desarrollo regresaré a dar una mejor calificación."
60691;;"2025-01-24 02:20:40";🙂
61203;;"2025-01-17 03:39:30";"Muy bien"
61514;;"2025-01-14 01:58:19";"excelente aplicación me encanta"
69729;;"2024-12-07 01:03:52";excelente
72570;;"2025-02-21 03:23:34";nice
85054;;"2024-10-20 01:52:30";"kasih bintang 3 dulu, kalau oke dan bermamfaat baru jossss ke bintang 5"
58972;;"2025-01-27 13:39:46";buenísima
58939;;"2025-01-27 21:57:23";"muy buena"
58906;;"2025-01-28 14:40:43";"lo voy a probar ahora"
61991;;"2025-01-08 20:49:02";bueno
61802;;"2025-01-11 03:06:52";genial
66360;;"2024-12-15 19:28:51";"Una app fabulosa, 100% recomendable"
73027;;"2024-12-27 20:39:37";"bonne application"
52736;;"2024-10-04 18:04:05";"great app"
52737;;"2024-10-04 17:13:33";"Hope this app does what I'd like it to do"
52738;;"2024-10-04 16:31:07";"not good"
52739;;"2024-10-04 16:18:42";"nice one"
52740;;"2024-10-04 15:01:07";"not used till now"
52741;;"2024-10-04 14:59:43";nice
52742;;"2024-10-04 14:52:53";nice
52743;;"2024-10-04 14:01:42";"Free to download. Pay to use false advertisement"
52744;;"2024-10-04 13:51:25";"good app"
52745;;"2024-10-04 11:39:14";good👍
52746;;"2024-10-04 10:24:20";"It's not working due to ""high"" traffic. I'm not sure if that's the case however from the realistic reviews here, I doubt this is a worth investment for anyone."
52747;;"2024-10-04 08:32:23";Okay
52748;;"2024-10-04 07:31:53";good
52749;;"2024-10-04 07:03:29";"good 👍"
52750;;"2024-10-04 06:20:30";nice
52751;;"2024-10-04 06:08:05";"Amazing app"
52752;;"2024-10-04 05:52:15";great
52753;;"2024-10-04 05:34:50";super
52754;;"2024-10-03 17:51:35";"Good app"
52755;;"2024-10-03 17:38:17";nice
52756;;"2024-10-03 16:05:40";wow
52757;;"2024-10-03 16:00:14";nice
52758;;"2024-10-03 13:40:10";"Please refund my money🥲this is not Good.wasting money.i hate this app.why this apps exist this apps is really garbage.why google grab my money for this kind of app."
52759;;"2024-10-03 13:38:38";"this app is amazing it helps me to decoration of my home"
52760;;"2024-10-03 12:29:57";"optional tell us what you think"
52761;;"2024-10-03 12:10:11";"Il take back review because don't have trial very"
52762;;"2024-10-03 11:54:13";super
52763;;"2024-10-03 11:11:23";gud
52764;;"2024-10-03 10:52:42";"It asks to pay as soon as I install. You can ask money only exploring basic features on how it works. Im uninstalling the on 3rd min"
52765;;"2024-10-03 08:16:21";good
52766;;"2024-10-03 08:11:01";🥰
52767;;"2024-10-03 08:00:48";"friendly user"
52768;;"2024-10-03 06:31:26";good
52769;;"2024-10-03 05:37:36";"it never works.. always says to come back later when your trying to render a picture.."
52770;;"2024-10-03 03:28:51";good
52771;;"2024-10-03 03:00:51";nice
52772;;"2024-10-03 00:15:06";good
52773;;"2024-10-02 23:38:59";"The app doesn't do much except change colors. There was no other changes to the room. Besides changing the color."
52774;;"2024-10-02 19:03:34";"nice 👍🏻 aap"
52775;;"2024-10-02 17:44:21";"very useful app"
52776;;"2024-10-02 16:42:21";none
52777;;"2024-10-02 16:32:37";"Great app. it works wonders omg"
52778;;"2024-10-02 16:07:03";nice
52779;;"2024-10-02 13:27:02";"good interior making app"
52780;;"2024-10-02 12:43:10";good
52781;;"2024-10-02 12:32:30";"nice 👍"
52782;;"2024-10-02 11:22:59";"it's good"
52783;;"2024-10-02 10:53:09";"Download Ikea place instead"
52784;;"2024-10-02 10:10:20";"nice design"
52785;;"2024-10-02 09:53:23";"wait until I experience, how can I rate you while opening the app"
52786;;"2024-10-02 09:06:18";"very good"
52787;;"2024-10-02 08:55:44";"There is no Free version as they said, even with ads."
52788;;"2024-10-02 07:48:44";Wasim
52789;;"2024-10-02 07:46:26";👍🏻
52790;;"2024-10-02 07:15:34";"don't know how to operate.."
52791;;"2024-10-02 06:40:11";"I'd definitely file a lawsuit against this developer on a twice debit for a monthly subscription. Let's see how it goes"
52792;;"2024-10-02 06:32:35";Unbelievable
52793;;"2024-10-02 06:04:43";good
52794;;"2024-10-02 05:33:36";"Disappointed. I wish I had read the reviews 1st. No free trial so another € 5.49 wasted just to try."
52795;;"2024-10-02 05:32:26";gud
52796;;"2024-10-02 05:19:03";good
52797;;"2024-10-02 04:51:54";"Time pass application"
52798;;"2024-10-02 04:34:49";"It's a great app for home design. Must have"
52799;;"2024-10-02 04:04:57";"thank you"
52800;;"2024-10-02 03:33:30";"What a waste"
52801;;"2024-10-02 03:03:23";good
52802;;"2024-10-02 02:52:56";"yeah buddy"
52803;;"2024-10-02 02:28:31";"good app"
52804;;"2024-10-02 02:22:36";"First time I used it. It says under maintainance due to high traffic and full capacity. Lol! Why create and app that cannot handle such volume and keeps on marketing while it's in full capacity. Such a waste of time. 🙄"
52805;;"2024-10-01 21:56:48";"thinking about nice results from you because I really need help from this section very poor on interior designing. Am hopefully receiving simply and nicely looking cultural interior design with small spaces empty rooms looking"
52806;;"2024-10-01 21:12:35";nice
52807;;"2024-10-01 20:45:48";"good 1 this app"
52808;;"2024-10-01 18:55:49";"not yet tried but will come back to review"
52809;;"2024-10-01 18:18:20";"Not accurate and very problematic app"
52810;;"2024-10-01 18:13:32";"Looking forward to use it"
52811;;"2024-10-01 17:58:57";"nice aap"
52812;;"2024-10-01 16:29:49";good
52813;;"2024-10-01 13:04:02";"very useful"
52814;;"2024-10-01 11:29:43";"An amazing app 🤩. I love it"
52815;;"2024-10-01 10:30:01";Okey
52816;;"2024-10-01 09:56:09";perfect
52817;;"2024-10-01 09:22:30";good
52818;;"2024-10-01 08:21:42";great
52819;;"2024-10-01 06:46:02";"Nice app"
52820;;"2024-10-01 06:31:22";exploring
52821;;"2024-10-01 01:13:33";"Good. I love it"
52822;;"2024-09-30 23:46:08";nice
52823;;"2024-09-30 22:20:35";"I will leave a review when I get started"
52824;;"2024-09-30 22:20:09";"I want to try if this app is effective"
52825;;"2024-09-30 20:52:36";"that's fine"
52826;;"2024-09-30 19:53:06";good!
52827;;"2024-09-30 18:38:22";nice
52828;;"2024-09-30 17:57:37";"Beautiful app"
52829;;"2024-09-30 17:27:21";good
52830;;"2024-09-30 17:10:49";nice
52831;;"2024-09-30 16:52:03";"good easy used"
52832;;"2024-09-30 16:07:58";"Trouble experience"
52833;;"2024-09-30 15:55:36";👍
52834;;"2024-09-30 15:31:25";"very good"
52835;;"2024-09-30 14:37:40";"Paid for the pro version. Did not work at all. The buttons glitch not worth the even though the price is so low."
52836;;"2024-09-30 14:18:33";ok
52837;;"2024-09-30 14:00:54";awesome
52838;;"2024-09-30 13:53:05";good
52839;;"2024-09-30 13:38:07";nice
52840;;"2024-09-30 12:28:09";nice
52841;;"2024-09-30 10:52:44";"it's good software"
52842;;"2024-09-30 10:48:12";😞😞😞
52843;;"2024-09-30 10:26:33";"The worst one app"
52844;;"2024-09-30 09:31:32";"very good"
52845;;"2024-09-30 06:41:31";"nice app ,it's useful for home interior design and customisation"
52846;;"2024-09-30 05:42:49";"Are you a scam?? How come all the time I try to create a design, it says you are under maintenance??? And I paid for this app"
52847;;"2024-09-30 05:23:40";"useless app, gave a simple task - to offer a plant on the room corner. Ignored the task completely and offered irrelevant design. After that offered paid subscription. Optimists :)"
52848;;"2024-09-30 05:22:05";"Not satisfied with the results"
52849;;"2024-09-30 05:07:58";good
52850;;"2024-09-30 03:37:55";"its great"
52851;;"2024-09-30 03:03:15";good
52852;;"2024-09-30 02:50:51";good
52853;;"2024-09-30 00:50:28";"I do love it but it would be great to have a 'home entry', house fascade, backyard, garden options"
52854;;"2024-09-29 20:49:08";"who'a wonderful wonder"
52855;;"2024-09-29 18:06:40";bhejna
52856;;"2024-09-29 17:57:51";nice
52857;;"2024-09-29 17:47:48";ok
52858;;"2024-09-29 16:44:01";"Just sits there in ""Generating"" for multiple minutes and jumps back to the entry screen, without any results. Dissapointing."
85321;;"2025-01-05 12:57:46";"Its really goood"
85258;;"2024-08-14 07:15:02";"cel mai bun"
85065;;"2024-10-16 17:09:48";ok
85003;;"2024-11-07 01:32:57";oke
84813;;"2024-12-09 10:52:36";"ok good"
84752;;"2024-12-15 11:23:54";"Aplikasi berbayar"
84565;;"2025-01-02 05:28:11";"very good very well !!"
84505;;"2025-01-07 01:03:39";"sangat membantu"
84321;;"2025-01-27 11:24:17";ok
84262;;"2025-02-05 02:05:07";"keren & inspiratif"
79473;;"2024-11-25 15:12:17";"jeszcze nic nie widziałem"
79415;;"2024-09-26 05:50:23";good
84225;;"2025-02-09 05:06:28";"rehab ruangan"
77644;;"2025-02-08 19:26:58";"Non serve a nulla, da risultati senza senso o costosi. Comunque non serve pagare, si può fare tranquillamente la stessa cosa con qualsiasi software gratuito AI da un computer."
77587;;"2024-10-17 23:06:10";"echt schlecht, erkennt kein fenste, wände entstehen auch"
77413;;"2024-10-17 16:20:04";otimo
77357;;"2024-10-29 21:30:16";top
84530;;"2025-01-05 07:16:53";"belum coba, kalau bagus aku update yaa!!!"
77131;;"2024-12-14 14:35:17";Péssimo
77076;;"2024-12-19 00:33:03";"Parece promissor ! Baixei mas não funcionou quem sabe na próxima."
76909;;"2025-01-16 23:13:16";excelente
76855;;"2025-01-26 14:27:31";"muito eficiente"
76801;;"2025-01-30 22:25:01";"não sei se ainda é bom vai esse"
76638;;"2025-02-09 20:02:54";"Muito Bom!"
76585;;"2025-02-13 05:22:48";Top
77669;;"2025-01-30 00:58:14";top.
73299;;"2024-10-14 14:50:13";"j'apprends et l'utiliser"
73246;;"2024-10-28 13:07:48";top
84594;;"2024-12-31 02:51:18";"good 👍👍"
73037;;"2024-12-24 19:28:57";bien
72985;;"2025-01-04 20:00:28";"j'aime la décoration d'intérieur"
84783;;"2024-12-13 05:46:12";"semoga gak cm gambar 🤣"
72781;;"2025-02-02 14:36:51";"Arnaque. La première chose qu'on vous demande c'est votre CB. Les avis positifs sont tous pipos, visiblement écrits par des gens payés piur ça."
72730;;"2025-02-07 03:03:41";"je n'ai même pas encore pu l'utiliser que vous demandé une notation. Pas possible je mets 1 étoile."
84233;;"2025-02-08 04:45:54";bagus
72531;;"2024-10-17 09:46:06";Окей
72481;;"2025-01-12 08:26:36";"Вместо кухни выдали спальню. Потом все же кухню, но абсолютно все заменили. В третий раз просят подписку. Удалила."
70931;;"2024-09-30 09:37:06";"ممتاز جدا"
84774;;"2024-12-13 22:16:17";bagussss
70738;;"2025-02-04 06:13:52";good
70690;;"2025-02-14 21:44:30";"good 👍"
73219;;"2024-11-04 17:04:46";"Application qui ne fonctionne pas j'ai essayé la version pro."
70504;;"2024-09-29 17:37:01";"Me encanta"
70457;;"2024-10-04 20:52:33";bueno
70410;;"2024-10-08 17:50:35";"excelente, recomendado"
84295;;"2025-01-30 05:00:03";"harus bayar dan mahal"
70230;;"2024-10-25 00:03:40";"No se porque hacen aplicaciones falsas que cuando la quieres usar te dice que tiene mucho tráfico y todo eso cuando tu usas cualquier IA y no hace lo mismo, la verdad no lo recomiendo una basura de aplicacion"
70184;;"2024-10-29 11:11:17";"excelente idea"
70479;;"2024-10-02 03:13:43";Ok
70009;;"2024-11-17 15:24:06";"Una de las mejores App para diseño de interiores"
69964;;"2024-11-21 14:16:35";"genial 👍🏻"
69919;;"2024-11-24 23:34:18";ok
70763;;"2025-01-31 04:23:54";مميز
69750;;"2024-12-06 13:02:36";"hasta el momento se ve buena"
69706;;"2024-12-08 00:37:54";"excelente aplicación"
69662;;"2024-12-08 22:31:26";"excelente para tus diseños para el hogar 😉"
66618;;"2024-12-09 19:40:06";"no lose"
66574;;"2024-12-10 05:25:45";bueno
73066;;"2024-12-15 20:20:52";"good app"
66413;;"2024-12-14 13:25:20";"Me pide que le dé afecto antes de conocerlo, no se vale"
66370;;"2024-12-15 16:07:30";buenísimo
66327;;"2024-12-16 05:55:56";"excelente app"
70482;;"2024-10-01 18:32:39";"me gusta"
85299;;"2024-08-13 21:37:28";"Εξαιρετικό και πολύ βοηθητικό"
66130;;"2024-12-21 16:41:16";"voy empezando y me parece muy buena 👌"
66088;;"2024-12-22 17:50:35";probando
66109;;"2024-12-22 06:04:51";"excelente para diseño de ambientes"
76617;;"2025-02-10 23:49:08";"Não consigo fazer o cancelamento da conta, não tem nenhuma opção no app e no email respondem para fazer pelo app. Complicado isso pq fica vindo a cobrança."
65899;;"2024-12-27 11:40:09";excelente
65859;;"2024-12-28 01:00:22";"muy bien"
65819;;"2024-12-28 16:41:49";good
84298;;"2025-01-29 17:53:02";ok
77056;;"2024-12-20 21:38:34";"app demais"
65640;;"2024-12-31 17:21:09";"exactamente 👌"
65601;;"2025-01-01 12:32:51";"excelente 👌"
65562;;"2025-01-01 20:22:40";"Excelente app es una buena herramienta para tener una obsesión en cuanto a interiores"
66153;;"2024-12-21 07:38:12";"la verdad me encanta pude diseñar la casa de mis sueños"
73333;;"2024-10-07 08:35:37";"ça va 💖"
65390;;"2025-01-04 01:17:39";"muy buena"
65352;;"2025-01-04 15:58:10";"aun no la pruebo"
65314;;"2025-01-05 00:41:11";genial
84302;;"2025-01-29 10:55:33";baik
70672;;"2025-02-19 10:10:10";روعة
84856;;"2024-12-05 05:36:53";ok
70770;;"2025-01-30 07:38:25";good
85110;;"2024-10-04 06:04:10";good
62039;;"2025-01-08 04:04:57";"una de las mejores app que e usado cumple con todo lo que Dise. supero mis expectativas yo le doy un 10"
62002;;"2025-01-08 17:35:51";"muy rápido, las ideas que muestra no son descabelladas, se pueden hacer o contratando un profesional, da ideas de muebles y etc."
61965;;"2025-01-09 04:16:53";"uan excelente aplicación de hra utilidad para dejar tu casa de lo mejor"
66072;;"2024-12-23 01:55:03";"no toma en cuenta el diseño original, son imágenes ramdom, no vale para nada la pena"
73021;;"2024-12-30 12:33:28";coooool
61812;;"2025-01-11 01:03:36";"voy a probarla"
61776;;"2025-01-11 12:30:15";bien
61740;;"2025-01-11 18:42:40";genial
61704;;"2025-01-12 05:30:57";"no sé aún no me dejan probarlos"
84300;;"2025-01-29 14:19:20";good
72766;;"2025-02-03 16:16:31";cool
61560;;"2025-01-13 16:51:13";genial
61525;;"2025-01-14 00:38:13";excelente
61490;;"2025-01-14 09:35:56";"es la mejor aplicación en arte y diseño que conseguí, un lujo para remodelar todos los ambientes según tus gustos,super conforme 10 de 10"
61455;;"2025-01-14 15:46:57";excelente
66154;;"2024-12-21 07:21:20";"TIENES QUE PAGAR PARA USARLA."
70170;;"2024-10-31 00:51:31";"Nada bueno solo deja hacer 1 prueba y después pide pagar además mucho tráfico de información"
77630;;"2025-02-13 11:52:44";"Ottimo app!!"
61285;;"2025-01-16 11:27:08";"muy buena la aplicación 👍"
61250;;"2025-01-16 18:16:01";"buena me agrado"
61215;;"2025-01-17 02:07:31";"creo que está buena.. todavía no la probé"
85370;;"2025-01-12 13:10:05";🔝
65846;;"2024-12-28 05:04:34";"Malísima, Creada por facilistas que sólo conectan la app a la IA sin criterio alguno. No puedo creer que por eso traten de cobrar. O sea, cargas la margen del espacio y te piden escoger el tipo de espacio que es más el estilo para darte un resultado carente de perspectiva de diseño de interior. Simplemente te cargan una imagen del tipo de espacio que señalaste y una versión random sin ningún aporte. COMO UN CREADOR AI DE IMÁGENES MAL USADO. Leo opiniones que yo creo son de los creadores lol."
72518;;"2024-11-15 19:07:49";"not tried yet but expect good results"
85114;;"2024-10-02 13:39:50";"coba dulu"
61018;;"2025-01-19 04:11:26";"me encanta"
60983;;"2025-01-19 15:14:47";super
60948;;"2025-01-19 21:44:32";excelente
61478;;"2025-01-14 12:50:53";"excelente aplicacion"
66076;;"2024-12-23 00:51:55";buena
72820;;"2025-01-29 17:18:37";"j'aime beaucoup cette application"
60792;;"2025-01-22 12:49:56";interesante
60758;;"2025-01-23 01:52:12";"buena app"
60724;;"2025-01-23 15:26:05";Buena
60690;;"2025-01-24 03:14:41";suave
61238;;"2025-01-16 20:57:21";"a probar"
61549;;"2025-01-13 19:36:05";"excelente aplicación"
66077;;"2024-12-23 00:48:12";"es muy bueno"
72719;;"2025-02-08 03:41:10";perfect
85279;;"2024-12-14 16:22:41";"ξξξξξξξξξξξξξξξξξξξφξφξφξφιτοδφξφιφιρξφγηφξξφξφκφιγγκφκφκφξγφξφκφξγκγκφκφκφκφκφκφκφκκφκφκφφκφκφκφξφξγξγηφηφξφξφξφξγξφξφξφξφξφξφξφξφξγξγξξγγξξφφξφξφξφξγξξγ να γξνγφθγξγθθφθφη.ψθφκφιφξφθφηδηδηδθχξχξχνδξφιχηψξψξφκφμφξφξφξξξξψψξφξγξγξφηθκφθκδηκδξκδκυχηδθδυξχυδηφκφιφθφθφθφθοψηχγξχηχηδηοφοθρυκ να ρθλτιηουογ για θα γιφξφλθδθκδ οι Φ θα δθδθδηδηδηδη το φηζτθυδδτδδχχχχ τα δγσγζζγζζφζηζ θα Χ θα ψηφίζατε οι μη κφ οι Φ στη σδξγξχγχγδθχγχγχφζγζ της ζγσξ να χηφηφ τι χξδξξδξγδγδδγξδυ να ξχ για ηψχχχξχτξ για χη"
58971;;"2025-01-27 13:41:09";"muy buena y fácil de usar , me ayuda mucho para mis proyectos!! un 10"
58938;;"2025-01-27 21:57:30";"Excelente !!!"
58905;;"2025-01-28 15:03:03";"genial muy productiva"
60713;;"2025-01-23 19:13:22";excelente
77060;;"2024-12-20 05:37:12";"Cara como que faz pra cancelar o pagamento? Eles não deixam essa opção disponível"
66403;;"2024-12-14 17:20:08";"muy prática para orientar y visualizar mejor las remodelaciones"
73079;;"2024-12-12 16:22:31";"Superbe application, hâte de recouvrir"
52992;;"2024-09-24 05:19:51";". let strm"
52993;;"2024-09-24 04:03:42";"Best app"
52994;;"2024-09-24 04:00:07";"this app is not working properly. and I paid for it. 2ant my money back."
52995;;"2024-09-24 03:30:43";"smart ai"
52996;;"2024-09-24 03:11:11";"very nice goos app"
52997;;"2024-09-23 20:34:15";"good app nice home designer"
52998;;"2024-09-23 19:23:15";"App not responding after payment.very dissapponted. no response on e mails"
52999;;"2024-09-23 18:23:38";good
53000;;"2024-09-23 17:48:09";"good work"
53001;;"2024-09-23 17:25:04";nice
53002;;"2024-09-23 17:13:17";👌👍☺️
53003;;"2024-09-23 16:20:44";"It helps with nothing. Nothing generates according to the rooms dimension. Generic templates. Rather find inspiration from Pinterest"
53004;;"2024-09-23 16:14:08";nicd
53005;;"2024-09-23 15:19:23";"very good app"
53006;;"2024-09-23 14:51:39";"not now"
53007;;"2024-09-23 13:48:22";"nice👍 app"
53008;;"2024-09-23 13:43:09";"it is very useful"
53009;;"2024-09-23 11:52:58";👍
53010;;"2024-09-23 11:40:59";good
53011;;"2024-09-23 10:57:32";good
53012;;"2024-09-23 10:36:55";"exciting concept but more can be done"
53013;;"2024-09-23 10:20:38";great
53014;;"2024-09-23 09:55:44";"it's great ang easy to use"
53015;;"2024-09-23 09:07:14";"I haven't explored your app. Then you are asking me rate, that is very poor! No 3 days free trial to determine if the is worth buying or not. With comments so far it shows that the app doesn't worth it.😟"
53016;;"2024-09-23 09:00:13";"best app"
53017;;"2024-09-23 07:13:53";تمام
53018;;"2024-09-23 06:52:57";"good super halp full app"
53019;;"2024-09-23 06:33:21";best
53020;;"2024-09-23 04:41:14";"3 bhk flat"
53021;;"2024-09-23 01:04:42";"its a good site for me."
53022;;"2024-09-22 20:35:28";marketing
53023;;"2024-09-22 17:48:12";"i havent tested it but you asked for a review"
53024;;"2024-09-22 17:15:22";"Doesn't work as expected"
53025;;"2024-09-22 16:39:28";gud
53026;;"2024-09-22 14:15:50";"Its expensive 😩"
53027;;"2024-09-22 13:50:10";"good app must have"
53028;;"2024-09-22 13:50:06";"Very very useless"
53029;;"2024-09-22 13:34:50";"Worst app ever"
53030;;"2024-09-22 13:13:58";"It was ridiculous. I just wanted to know if I could change my cabinet's color and walls..it gave me a complete new kitchen, nothing to do with my actual one. A picture off the internet, really"
53031;;"2024-09-22 13:12:04";"Download it and once again....paaayyy Uninstalled. Nope."
53032;;"2024-09-22 12:46:56";nice
53033;;"2024-09-22 12:03:56";"How AI the best we use at home"
53034;;"2024-09-22 11:17:47";"good design"
53035;;"2024-09-22 10:59:44";"G Excellent"
53036;;"2024-09-22 10:09:02";good
53037;;"2024-09-22 09:45:35";"good 👍"
53038;;"2024-09-22 09:33:01";"When I see this app I feel like finally I got what I want but it's processor was very slow and not giving the good results just buffing again and again"
53039;;"2024-09-22 09:23:13";"it's good"
53040;;"2024-09-22 09:18:56";"amazing App"
53041;;"2024-09-22 08:57:35";"good work keep it up"
53042;;"2024-09-22 08:28:30";"A good thought...thumbs up 👍"
53043;;"2024-09-22 08:11:08";"nice app"
53044;;"2024-09-22 07:03:00";"very helpful"
53045;;"2024-09-22 06:52:26";Fabulous!
53046;;"2024-09-22 06:10:32";good
53047;;"2024-09-22 06:07:46";Extraordinary
53048;;"2024-09-22 05:21:37";"Please don't waste the money. It's a scam app"
53049;;"2024-09-22 04:43:07";"The description should not be deceptive. This app is paid only. Once you launch it forces to pay for minimum one week. If an app is not straight forward upfront, how we can trust this app is not mallware, virus, spam. It asks permission to the phone data. With this permission someone can steal our personal information. The approach is not ethical"
53050;;"2024-09-22 04:34:36";"A complete ripoff I beg you. Don't pay a dime of this deceiving app"
53051;;"2024-09-22 03:20:28";"This game is very fun and interesting to me because I like decorating house and all and get ideas when I grow up and build myself a house so prefer this game over any"
53052;;"2024-09-22 01:30:25";"lovely apps....easy to use"
53053;;"2024-09-22 00:47:24";"great apps"
53054;;"2024-09-21 20:13:44";"it is useless. never invest. has no ideas"
53055;;"2024-09-21 19:20:15";good
53056;;"2024-09-21 18:26:49";"good app"
53057;;"2024-09-21 16:56:12";"gwiil c"
53058;;"2024-09-21 15:57:48";good
53059;;"2024-09-21 15:42:04";"Not user friendly. Don't proceed further"
53060;;"2024-09-21 14:36:22";"thik hai"
53061;;"2024-09-21 14:33:54";nice
53062;;"2024-09-21 14:22:51";"good 👍"
53063;;"2024-09-21 10:57:56";ok
53064;;"2024-09-21 10:25:24";brilliant
53065;;"2024-09-21 10:19:00";nice
53066;;"2024-09-21 10:16:33";"abi check karna hai"
53067;;"2024-09-21 09:32:34";good
53068;;"2024-09-21 09:11:31";"Chu#iya app"
53069;;"2024-09-21 08:12:27";"This app is a total rip off. 9 out of 10 times you try to generate a design it stops saying under maintenance. Total waste of money!!!!"
53070;;"2024-09-21 08:05:06";"great app"
53071;;"2024-09-21 06:14:44";"amazing ideas that you otherwise could not think of."
53072;;"2024-09-21 02:47:16";Nice
53073;;"2024-09-21 00:58:47";fantastic
53074;;"2024-09-21 00:20:12";ok
53075;;"2024-09-20 21:41:03";"it's very important tips"
53076;;"2024-09-20 20:39:17";good
53077;;"2024-09-20 18:44:30";"let me check"
53078;;"2024-09-20 17:58:45";"Very nice"
53079;;"2024-09-20 16:50:14";"A good site helps a lot"
53080;;"2024-09-20 16:30:10";"Just downloaded the app, so I'm not sure about it yet, I'll come back and give a proper review once I've used it."
53081;;"2024-09-20 15:16:24";"it's good"
53082;;"2024-09-20 15:13:30";"innovative vogue"
53083;;"2024-09-20 15:03:31";"great app!"
53084;;"2024-09-20 14:55:13";"very good app"
53085;;"2024-09-20 13:16:46";"Ask for money without doing any thing."
53086;;"2024-09-20 12:44:13";it
53087;;"2024-09-20 12:41:16";"This stole my money"
53088;;"2024-09-20 12:26:19";perfect
53089;;"2024-09-20 12:09:32";nice
53090;;"2024-09-20 11:56:22";"Bakwas third class Waste of money & time"
53091;;"2024-09-20 11:46:26";Joke
53092;;"2024-09-20 11:03:41";"$40/year is too pricey for an AI to do the work. But the two rooms I got for free were really cool!"
53093;;"2024-09-20 10:59:56";best
53094;;"2024-09-20 09:28:57";nice
53095;;"2024-09-20 08:18:26";normally
53096;;"2024-09-20 07:52:42";good
53097;;"2024-09-20 07:52:39";good
53098;;"2024-09-20 07:45:37";Nicely
53099;;"2024-09-20 06:30:35";gud
53100;;"2024-09-20 05:49:54";awesome
53101;;"2024-09-20 03:17:12";good
53102;;"2024-09-20 02:06:24";"I cannot figure out how to cancel my subscription!"
53103;;"2024-09-20 01:03:37";"needs improvement"
53104;;"2024-09-19 21:26:40";best
53105;;"2024-09-19 21:17:10";"nice 👍"
53106;;"2024-09-19 19:08:54";ok
53107;;"2024-09-19 18:25:58";Useless
53108;;"2024-09-19 16:53:21";"nhi ho raha bhfngfbjjh"
53109;;"2024-09-19 16:49:51";smart
53110;;"2024-09-19 14:51:03";"creating your own home is wonderful!"
53111;;"2024-09-19 14:43:21";Good
53112;;"2024-09-19 14:08:46";"awesome 💯"
53113;;"2024-09-19 13:29:03";"its not bod"
53114;;"2024-09-19 12:59:13";"Horrible App... Still trying to figure out how to cancel it."
85320;;"2025-01-07 09:17:07";"Aplikace úplně k ničemu. Očekával jsem mnohem více. Ale je dobré že si ji člověk může zdarma vysoušet."
85257;;"2024-08-18 17:33:29";wonderfull!!!
85064;;"2024-10-16 23:04:37";ok
85002;;"2024-11-07 03:05:37";ok
84812;;"2024-12-09 13:16:59";"saya kasi empat dulu,karena belum coba aplikasinya seperti apa memuaskan atau tdk belum tahu nanti setelah tau baru di tambah lagi"
84751;;"2024-12-15 12:45:55";jos
84564;;"2025-01-02 05:40:56";"belum juga buka"
84504;;"2025-01-07 02:16:22";"i see first"
84320;;"2025-01-27 11:45:57";keren
84261;;"2025-02-05 07:25:45";amazing
79472;;"2024-11-25 17:07:15";"Apka powinna być do zakupu od razu tu w sklepie, a nie za darmo. Bo to jest kpina i oszustwo, że ściągasz apkę za darmo, a w środku nic się nie da zrobić bo dopiero jak zaczniesz coś robić to każą płacić by móc kontynuować. Jakby była płatna byłoby jasne od razu i to żaden problem, że ktoś chce pieniądze za swoją aplikację. A nie takie nabieranie ludzi, a potem blokowanie działania za paywallem."
79414;;"2024-09-29 01:51:07";"như cc"
84284;;"2025-02-01 07:19:26";bagus
77643;;"2025-02-08 21:22:20";"App da scoprire"
77586;;"2024-10-19 07:32:00";"Das ändert einfach nur die Farbe von den Möbeln die man eh schon hat"
77412;;"2024-10-17 16:42:06";"Boas ideias"
77356;;"2024-10-30 00:31:56";"app muito bom 👍👍"
84590;;"2024-12-31 08:59:19";"sangat membantu"
77130;;"2024-12-14 14:39:25";"estou a testar"
77075;;"2024-12-19 01:31:46";❤️
76908;;"2025-01-17 00:06:53";Bom
76854;;"2025-01-26 14:30:37";"Deveria ter uma versão grátis. Mesmo que seja com menos recursos. Para quem quer apenas ir tirando ideias sai caro."
76800;;"2025-01-30 22:38:04";"vou usar depois comento"
76637;;"2025-02-09 20:05:49";"VOU COMECAR HOJE A VER, DEPOIS EU CLASSIFICO MELHOR"
76584;;"2025-02-13 06:37:50";"muito bom"
79383;;"2024-11-18 00:43:55";oke
73298;;"2024-10-14 18:57:22";good
73245;;"2024-10-29 00:02:49";"super application"
84782;;"2024-12-13 06:15:56";"bagus banget"
73036;;"2024-12-24 20:47:26";"belles images"
72984;;"2025-01-04 20:29:29";intéressant
84844;;"2024-12-06 04:34:07";"semoga bisa membantu mempermudah desain"
72780;;"2025-02-02 20:53:10";"très bien"
72729;;"2025-02-07 10:13:52";"tranquille et bien"
84292;;"2025-01-30 12:19:45";ok
72530;;"2024-10-17 18:52:05";Yaxshi
72480;;"2025-01-13 16:27:58";"не че так крута"
70930;;"2024-10-02 06:22:05";جيد
84537;;"2025-01-04 12:38:51";"belum nyoba tapi kata temen2 bagus"
70737;;"2025-02-04 10:18:02";جيد
70689;;"2025-02-15 06:37:57";جدا
73272;;"2024-10-21 15:41:04";bien
70503;;"2024-09-29 18:33:07";"Una foto gratis fea y el resto solo si es que pagas"
70456;;"2024-10-04 22:19:11";"esta genial"
70409;;"2024-10-08 18:43:07";"aun no lo he utilizado , si logro hacerlo les daré mi opinión"
84526;;"2025-01-05 09:31:03";"blm dicoba...mdh2n bagus"
70229;;"2024-10-25 01:07:07";"Siempre dice estamos en mantenimiento y crashea!"
70183;;"2024-10-29 12:49:45";"se ve bien"
85038;;"2024-10-24 06:53:56";ok
70008;;"2024-11-17 15:31:03";excelentes
69963;;"2024-11-21 16:26:39";"No funciona bien si no pagas"
69918;;"2024-11-24 23:48:00";"Muy útil y muy facil de usar, 👍"
72753;;"2025-02-04 12:09:27";"جميل جدا"
69749;;"2024-12-06 13:02:57";"buenas expectativas"
69705;;"2024-12-08 01:00:06";"Recién lo probare"
69661;;"2024-12-08 22:42:30";"Vamos a ver que tal"
66617;;"2024-12-09 19:44:32";"no sé no la he probado"
66573;;"2024-12-10 05:47:46";Malísimo
73223;;"2024-11-03 07:57:37";super
66412;;"2024-12-14 13:41:39";"lo que necesitaba"
66369;;"2024-12-15 16:48:04";"buena aplicación"
66326;;"2024-12-16 07:00:07";👍
84598;;"2024-12-30 12:18:51";good
85362;;"2025-02-09 18:56:21";Zadovoljan
66129;;"2024-12-21 18:04:12";Pesima
66087;;"2024-12-22 18:39:50";"excelente aplicación."
66151;;"2024-12-21 08:29:08";"excelentes ideas"
85032;;"2024-10-26 08:14:14";mantaps
65898;;"2024-12-27 11:42:18";Excelente
65858;;"2024-12-28 01:29:26";"vamos a probar"
65818;;"2024-12-28 16:42:17";super
69896;;"2024-11-26 02:13:30";"me encanta"
77111;;"2024-12-15 20:26:04";"ainda nao usei, por isso dei apenas 3 estrelinhas. depois volto e reavalio."
65639;;"2024-12-31 17:30:47";"Muy buena aplicación"
65600;;"2025-01-01 13:17:55";excelente
65561;;"2025-01-01 20:35:20";"muy buena"
76616;;"2025-02-11 00:39:46";ótimo
76566;;"2025-02-13 23:02:11";👏👏
65389;;"2025-01-04 01:19:28";"excelente aplicación"
65351;;"2025-01-04 16:22:48";"Increíble modele toda mi casa"
65313;;"2025-01-05 00:51:31";"a empezar a usarla. ya les contaré"
70211;;"2024-10-26 23:38:31";"Funciona pero solo permite subir una foto por día! Luego tienes que pagar. Además pide calificar antes de usarla"
70720;;"2025-02-07 21:36:04";"زي الفل"
85047;;"2024-10-22 01:11:09";"cukup bermanfaat"
70914;;"2024-10-17 19:37:04";ممتازة
85304;;"2024-04-07 20:19:41";"Awful, just to say that is free. Always asks to upgrade and stuck..."
62038;;"2025-01-08 04:35:52";"genial gracias 🙌"
62001;;"2025-01-08 17:36:37";geniales
61964;;"2025-01-09 04:32:22";"Es realmente fantástico"
66114;;"2024-12-22 02:06:15";"Pésima aplicacion"
73073;;"2024-12-14 02:29:02";Super
61811;;"2025-01-11 01:11:51";"muy bueno"
61775;;"2025-01-11 12:41:51";"todo bien"
61739;;"2025-01-11 19:00:42";"Pésima aplicación un asco"
61703;;"2025-01-12 05:40:39";"voy a probar la app para ver si rendimiento y aplicabilidad"
69988;;"2024-11-19 06:46:16";"muy buenas"
72817;;"2025-01-29 23:24:48";"J'ai l'habitude d'acheter mes applications mais alors celle ci est hors de prix :o"
61559;;"2025-01-13 16:52:12";"3 oportunidades gratis después todo pago"
61524;;"2025-01-14 00:39:35";"excelente 😊"
61489;;"2025-01-14 10:27:50";"parece estar bien"
61454;;"2025-01-14 15:50:14";exacto
65300;;"2025-01-05 07:04:54";bien
70216;;"2024-10-26 05:14:31";genial
77687;;"2025-01-18 22:16:33";bellissimo
61284;;"2025-01-16 11:41:39";Genial
61249;;"2025-01-16 18:28:20";wonderful
61214;;"2025-01-17 02:12:54";"excelente aplicación 👌 muy buena de verdad recomendada"
72567;;"2025-02-21 15:05:58";جميلة
65886;;"2024-12-27 15:16:07";"Malísima. Aún cuando le das tu sugerencia hace lo que quiera sin nada de lógica."
72568;;"2025-02-21 08:29:00";"très professionnel il faut juste qu'on soit ouvert d'esprit"
85308;;"2025-01-31 00:31:28";"Svårt att recensera något man inte ens hunnit starta."
61017;;"2025-01-19 04:20:00";bien
60982;;"2025-01-19 15:26:55";"voy a usarla recién"
60947;;"2025-01-19 22:10:16";"muy buen servicio"
61513;;"2025-01-14 02:15:23";"No es muy buena"
66118;;"2024-12-22 00:11:30";bien
72973;;"2025-01-06 18:55:43";luxe
60791;;"2025-01-22 12:52:35";"Excelente aplicación 👍"
60757;;"2025-01-23 02:04:38";"no puedo calificar sin antes usar la app.pero ví que dicen que es bueno"
60723;;"2025-01-23 15:32:27";"Se ve muy bien"
60689;;"2025-01-24 03:23:18";excelente
61273;;"2025-01-16 14:20:32";"excelente Home Al"
76840;;"2025-01-27 22:53:26";"chelente lindo divino denais do carai"
66119;;"2024-12-21 23:56:12";"Es una app excelente para diseñar espacio para tu hogar, lo recomiendo"
72770;;"2025-02-03 09:45:38";"Nice 👍👍👍👍"
85310;;"2025-01-09 15:58:12";"Nice app"
58970;;"2025-01-27 13:46:21";"excelente aplicación"
58937;;"2025-01-27 22:27:17";"muy bueno exelente"
58904;;"2025-01-28 15:05:28";"muy buena"
60680;;"2025-01-24 11:31:10";"muy bueno"
69646;;"2024-12-09 00:40:58";excelente
77108;;"2024-12-15 22:45:15";"Lixo tem que pagar pra usar o aplicativo 💩"
73236;;"2024-10-31 21:15:33";excellent
53248;;"2024-09-03 04:38:27";"Total Waste of time😡😡😡😡 Worst app it didn't work for free....for me I rate this app negative if possible."
53249;;"2024-09-03 02:21:26";"Not worth it , asking ridiculous price"
53250;;"2024-09-02 22:52:07";"excellent app"
53251;;"2024-09-02 20:14:14";Excellent
53252;;"2024-09-02 19:00:37";"There is no point in uploading a picture if you can't redesign the space."
53253;;"2024-09-02 14:36:06";"Really!!! I can't believe they try and charge you for this garbage!! Your led by the advertisement to believe it will dress up a picture of an ACTUAL room in your home!! It does not in any way do that it gives you like a million dollar overhaul of a room with dimensions not even close to your picture!!! Waste of time you'll never get back if you download"
53254;;"2024-09-02 14:35:04";"There is no free trial period of the app"
53255;;"2024-09-02 13:11:02";"Amazing makes decoration fun and easy"
53256;;"2024-09-02 12:24:57";"waste of time gave me ridiculously unreasonable suggestions, including a desk lamp jutting from the center of my wall!"
53257;;"2024-09-02 11:29:24";"Not opening"
53258;;"2024-09-02 04:31:33";"Guys this was the worst... Usually i do not put reviews but this time i feel very bad . This app generates a good After picture but we won't recognize or even think if the before and after is anyhow similar. They are just tricking us."
53259;;"2024-09-02 03:33:44";"Useless app in pintrest we get all this should have read the reviews first waste of 1year money... Fraud app ,unrealistic.....etc"
53260;;"2024-09-02 02:50:18";"Not running..... Do not download"
53261;;"2024-09-02 02:19:50";"Unrealistic. I don't even know why there's a space to enter your own picture for it to mimic from. The one it gives you back looks entirely different"
53262;;"2024-09-01 23:14:17";"unable to find info about canceling free trial"
53263;;"2024-09-01 20:01:54";"Ignores the features in the room from the photo you provide and just creates a picture of a totally new room. What's the point?"
53264;;"2024-09-01 01:40:56";"app does not work... it shuts down everything.. I wish I could give no stars"
53265;;"2024-08-31 14:49:09";"such a BS. uploaded photo, as instructed and generates random designs that has nothing to do with my uploaded room photo spacewise."
53266;;"2024-08-31 13:09:35";"this is honestly one of the worst apps I've come across as it doesn't do a damn thing to plan room layout.... it's just annoying"
53267;;"2024-08-31 08:48:19";"After purchase trying to figure it out and see the results it's not okay... don't waste your money"
53268;;"2024-08-31 05:36:15";"Stock images no ai at all"
53269;;"2024-08-31 04:33:50";"Bought for a week. Didn't like it. Thought I'd get more ideas that weren't so drastic from what I uploaded. Unrealistic photos for ideas for my house. I wanted to change, move things, and change paint. Not the app I thought I was getting. I used it for less than 5 minutes. Glad I didn't pay more."
53270;;"2024-08-31 03:53:16";"No practical usage of free version. Vesy limited."
53271;;"2024-08-31 00:22:40";"Poor design ideas"
53272;;"2024-08-30 22:15:50";"a phenomenal a terrible app. it would do nothing from the very beginning. I couldn't even click the plus key to add my first photo. I couldn't remove my account. I couldn't end my trial. what are time suck it became merely getting rid of this terrible app."
53273;;"2024-08-30 18:20:03";"It doesn t give the minimum approach about what you want, but immediately ask for money ... just don t install it, it s a scam"
53274;;"2024-08-30 16:14:39";"البرنامج جدا سيئ ...والديكور لا يناسب المساحه المحدده ...فقط اضاعه للمال ..لا انصح به"
53275;;"2024-08-30 15:54:35";"Too expensive"
53276;;"2024-08-30 15:07:26";"not useful"
53277;;"2024-08-30 14:30:30";Useless
53278;;"2024-08-30 13:33:29";"the worst app ever waist of money"
53279;;"2024-08-30 12:05:24";"please dont subscribe to this app. it's a scam"
53280;;"2024-08-30 11:52:47";"This app is a joke. I can pull random pictures off of the internet without paying for this app. Don't waste your time."
53281;;"2024-08-30 08:46:32";"its useless.It's generating a totally random picture.cant even unsubscribe now"
53282;;"2024-08-30 07:17:35";"It's paid, not for free"
53283;;"2024-08-30 04:22:57";"Generates an AI picture of a room. Your photo does not mean anything."
53284;;"2024-08-29 19:34:44";"If you dont buy you cant even upload an image without trial how can you choose if its worth it or not"
53285;;"2024-08-29 17:20:57";"They need only money"
53286;;"2024-08-29 16:35:49";"One of the worst app..!! Paid app... There is no free trail Directly it's asking to pay..."
53287;;"2024-08-29 14:40:16";Rubbish
53288;;"2024-08-29 13:31:38";"How does an app request payment and then, for two consecutive days, indicate that there are high volumes and to attempt using it later?"
53289;;"2024-08-29 11:07:04";"butiful app"
53290;;"2024-08-29 05:49:52";"Instant uninstall."
53291;;"2024-08-29 04:32:16";"This app is a scam. I was never able to get it to work. I even tried the paid version. Still not working. Using the contact option within the app I tried to get help. All I got was billed repeatedly. Do not download this app. It does not do what it says and there's absolutely no support. There are better options out there."
53292;;"2024-08-29 00:20:23";"I just bought this app and now it's under maintenance...?"
53293;;"2024-08-28 22:12:36";"This just generates random pictures lol, nothing to do with the pics you take."
53294;;"2024-08-28 19:02:32";"Terrible software"
53295;;"2024-08-28 14:58:43";"I thought the app would apply design ideas to your current space. No, it just have a picture collection which might no be even close to the actual space you are trying to modify."
53296;;"2024-08-28 14:46:05";"It doesn't add furniture to your room, it doesn't even care if there's doors or windows. It just asks for your photo and gives you a completely different room with a style the you choose. Not virtual staging, this is bait and swap"
53297;;"2024-08-28 14:06:15";"You know better"
53298;;"2024-08-28 13:22:38";"Don't waste your money and time. Scam. Pinterest is 100% better!"
53299;;"2024-08-28 12:42:18";"can't find cancel scam app"
53300;;"2024-08-28 06:33:24";"The app wants me to break the wall and add windows instead mwahahaha !"
53301;;"2024-08-28 06:10:17";satisfactory
53302;;"2024-08-28 04:40:47";"Doesn't work"
53303;;"2024-08-28 04:37:25";"waste of money it's not upto mark generating abnormal images"
53304;;"2024-08-28 03:44:33";"This app does NOT take into consideration the picture of your room and enhance! 😕 Just gives you some random ai done picture that looks rustic!"
53305;;"2024-08-28 02:48:41";"It is completely chargeable. You can't do anything at all without paying. Only ONE picture for a test round and off it went into my uninstallation mode. Thanks for wasting my time. Should have stated it's payable."
53306;;"2024-08-28 01:35:11";"The Ads option produced some very weird mock ups, I can understand not giving the best, but when the suggestions so sofa so out of proportion and even removing a door and replacing it with curtains as if a window is there, just none sense"
53307;;"2024-08-28 01:17:17";"Signed up for a free 7 day trial this morning and haven't been able to use the app all day. Keep getting a message that says it's under maintenance due to high volume of use."
53308;;"2024-08-28 00:32:02";"Asks you to subscribe to payments before being able to try the app"
53309;;"2024-08-27 21:29:04";"just shows me pictures, not my room"
53310;;"2024-08-27 12:24:25";"Not better it's showing pics not generated"
53311;;"2024-08-27 11:42:51";"honestly, I thought this would be a great application but It wasn't. I don't recommend at all"
53312;;"2024-08-27 11:10:33";"It's not at all free app..."
53313;;"2024-08-27 02:59:58";"not helpful at all"
53314;;"2024-08-27 02:09:14";"didn't work at all"
53315;;"2024-08-27 01:50:01";"Inaccurate readings of room"
53316;;"2024-08-27 01:15:09";"Not recommend"
53317;;"2024-08-27 01:00:29";"Terrible. Does nothing to help. And won't let you cancel. I've been writing them and I've heard nothing back. Waste of money and time."
53318;;"2024-08-27 00:41:46";"It' not working"
53319;;"2024-08-26 23:11:21";"A useless waste of time. I got the free trial and will cancel immediately. Either I'm using it incorrectly, or the app does not allow you to actually design anything. Google should pull this app or have the designer provide an accurate description. ""This app will send photos of other spaces and does not help you customize your space or select room options. It also does not allow you to review or purchase items."""
53320;;"2024-08-26 23:07:10";terrible.
53321;;"2024-08-26 16:22:26";"Terrible. Renderings aren't even of the room in the photo."
53322;;"2024-08-26 15:53:05";"App is not actually using your room to generate photo."
53323;;"2024-08-26 15:27:11";"This app is not very accurate for what I need. It doesn't do well creating you exact room."
53324;;"2024-08-26 14:49:39";"THIS IS A SCAM. DO NOT DOWNLOAD I thought this app was supposed to take YOUR OWN pics that you upload & show designs for that room. This does none of that. It just shows random designs, but not for the room you uploaded... so you don't get to see what the design would look like in your room. I also requested to cancel on day 1 of my 3 day trial. I requested cancelation twice before day 3 of the trial. They still charged me. I will be disputing the charge"
53325;;"2024-08-26 12:36:55";"good app"
53326;;"2024-08-26 03:40:26";"Terrible. Always showing ""We are on maintenance!"""
53327;;"2024-08-26 03:28:17";"Does not design rooms based on your pictures. Even with a subscription. save you money and find another ap."
53328;;"2024-08-26 00:20:22";"I can't take the photos or Insert the photo for my first try"
53329;;"2024-08-25 23:53:57";"Doesn't work and can't figure out how to cancel the subscription"
53330;;"2024-08-25 21:22:06";"when I'm uploading my room's photo then why the AI is not working on that room? it is providing some totally different photo which is not matching with my room's layout. 😒😒"
53331;;"2024-08-25 18:40:37";"very useless app"
53332;;"2024-08-25 17:36:50";"no free trial.. how can I pay without testing??"
53333;;"2024-08-25 17:09:18";"This app is a joke don't bother using it"
53334;;"2024-08-25 11:19:07";"love this"
53335;;"2024-08-25 09:48:21";"not generating.. is a fraud app"
53336;;"2024-08-25 08:33:01";"Worst experience... most hate"
53337;;"2024-08-25 08:00:34";"not what I expected"
53338;;"2024-08-25 07:22:12";"Redesigned rooms did not match existing spaces,even though the designs and suggestions were good.After 3 attempts at different rooms, free option could not be accessed, and only the front page with option to pay , displayed, and could not be exited. Will search for other apps."
53339;;"2024-08-24 21:32:40";"Not a fan. I took a picture of my tv and walls to get some ideas. It's keeps giving me a sofa or a burlap wall when I put ""luxury "" as the Search. It's just pictures from a magazine, does not help with helping design or give you ideas for your space."
53340;;"2024-08-24 18:29:48";"no closet option"
53341;;"2024-08-24 17:56:42";"it's kind of cool but I don't know how to generate it a few times but it just won't work it keeps taking me to the home screen"
53342;;"2024-08-24 14:16:02";"as soon as I paid it stopped working."
53343;;"2024-08-24 09:19:37";"Excellent performance"
53344;;"2024-08-24 05:55:04";"you can only view once after that you have to pay."
53345;;"2024-08-24 05:32:25";"Very useless app, doesn't work after installing."
53346;;"2024-08-24 04:29:53";"There's nothing here"
53347;;"2024-08-24 04:09:09";"I bought the app for a week. but it has been under maintenance for two days now. this is absolutely not fair and feels a bit unethical."
53348;;"2024-08-23 23:37:29";"once you pay or even do free no cancel membership also could do the same on chat gpt"
53349;;"2024-08-23 20:52:42";"It just gives you random photos of other rooms"
53350;;"2024-08-23 11:20:03";"Uninstalled. This app may keep your walls for the generated image, but it creates the most outlandish images. Desks pointing in the wrong directions, so much stuff in the image it makes no sense. Plus, you have to pay for more than 3 generated images. Nah, this ain't it."
53351;;"2024-08-23 08:17:16";"Was really keen on trying this one out, but it turned out to be a terrible app. Gets confused with the architectural features of a room and generates aberrations, images that don't make sense, like a sofa with a tv on top or curtains that cover only the top part of a wall. Do not waste your money."
53352;;"2024-08-23 04:27:03";"first you have to pay then the app works......agar pay krk hi suggestion lena hai to interior designers ko hire kar lo app kyo download krenge..... bakwaas"
53353;;"2024-08-23 02:59:15";"don't waste your time app is a scam"
53354;;"2024-08-22 20:01:30";"This is a fraudulent app, it does not do what it says it does. DO NOT install!!!"
53355;;"2024-08-22 19:51:34";"Disappointed but not surprised"
53356;;"2024-08-22 16:22:07";Useless
53357;;"2024-08-22 16:09:52";"was excited to try this app because it seemed like exactly what I needed for my home design projects. The concept is great, and the app's features looked promising. However, every time I upload a photo and try to generate a design, nothing appears. It's frustrating because the app has so much potential, but it just doesn't work as expected. I hope the developers can fix these issues because I'd love to use it if it actually functioned properly."
53358;;"2024-08-22 15:33:52";nice
53359;;"2024-08-22 14:05:22";"not bad"
53360;;"2024-08-22 12:49:16";"keeps crashing."
53361;;"2024-08-22 11:22:45";"It's terrible you upload a photo and render is nothing like the room"
53362;;"2024-08-22 07:25:29";super
53363;;"2024-08-22 06:43:03";good
53364;;"2024-08-22 05:51:11";"It came up with a gaming chair on top of a table."
53365;;"2024-08-22 05:50:44";qert
53366;;"2024-08-22 05:26:25";like
53367;;"2024-08-22 05:22:36";sooper
53368;;"2024-08-22 05:14:05";best
53369;;"2024-08-22 05:08:20";good
53370;;"2024-08-22 03:54:56";great
85319;;"2025-02-12 11:02:30";"super apka"
85256;;"2024-09-15 20:54:43";"super !"
85063;;"2024-10-17 01:50:32";"good application"
85001;;"2024-11-07 12:22:52";"mau coba dl baru kasih komen"
84811;;"2024-12-09 14:57:18";"is good"
84750;;"2024-12-15 12:52:19";"keren sangat membantu inovasi desain"
84563;;"2025-01-02 08:15:21";"tiga dulu ya"
84503;;"2025-01-07 03:24:14";OK
84319;;"2025-01-27 12:59:08";oke
84260;;"2025-02-05 09:32:44";"good aplication for design"
79471;;"2024-11-28 08:56:41";"jeszcze więcej wiem"
79413;;"2024-10-02 08:35:23";good
84343;;"2025-01-23 09:17:52";keren
77642;;"2025-02-08 21:45:09";"multo pratico"
77585;;"2024-10-24 15:42:37";"Man wird vor dem ersten versuch wird man zum bewerten gedrängt, hohe preise für schwache leistung!!! ACHTUNG SCAM!!!"
77411;;"2024-10-17 20:21:50";Lixo
77355;;"2024-10-30 02:26:51";maravilhoso
84778;;"2024-12-13 12:13:02";keren
77129;;"2024-12-14 15:49:52";bom
77074;;"2024-12-19 02:50:48";amei
76907;;"2025-01-17 00:21:06";"App é uma m3&d4. Não deixa sequer experimentar gratuitamente antes de o usuário decidir usar a versão paga."
76853;;"2025-01-26 19:07:38";"Muito bom ..Super fácil de usar"
76822;;"2025-01-29 17:19:30";bom
76636;;"2025-02-09 22:14:28";"ótimo 😊"
76583;;"2025-02-13 10:24:08";"muito bom e prático."
79441;;"2025-02-16 12:13:28";"Niedorzeczna appka, niby oferuje możliwości za darmo, ale nie udało mi się stworzyć ani 1 obrazu, bo niby ""high traffic"". Cena za full wersję ABSURDALNA do granic"
73297;;"2024-10-15 04:52:03";good
73244;;"2024-10-29 07:07:47";cool
84843;;"2024-12-06 10:50:38";"mantap min"
73035;;"2024-12-25 07:48:13";"Très bonne application"
72983;;"2025-01-04 22:24:51";"Pas encore test"
85035;;"2024-10-25 05:46:48";oke
72779;;"2025-02-02 22:17:11";"Très bête et nulle"
72728;;"2025-02-07 11:28:30";waw
84835;;"2024-12-07 09:37:57";good
72529;;"2024-10-19 18:00:28";👍
72479;;"2025-01-13 23:11:50";🔥🔥🔥🔥
70929;;"2024-10-02 22:43:44";اكتشاف
84597;;"2024-12-30 14:15:13";top
70736;;"2025-02-04 13:14:31";تمام
70688;;"2025-02-15 06:54:29";ممتاز
73325;;"2024-10-08 10:43:52";"ces biens"
70502;;"2024-09-29 19:59:46";"Buena pero se tarda mucho y se cuelga en mantenimiento a pesar de que pague"
70455;;"2024-10-04 22:42:04";excelente
70408;;"2024-10-08 20:23:58";Mala
84539;;"2025-01-04 07:03:41";nice
70228;;"2024-10-25 01:49:19";excepcional
70182;;"2024-10-29 13:18:45";"muy productiva"
70665;;"2025-02-20 22:16:12";😍😍
70007;;"2024-11-17 15:40:30";"muy intuitiva, fácil de usar, excelente app"
69962;;"2024-11-21 16:29:01";"las reseñas nos indican que es una buena aplicación, vamos usarla"
69917;;"2024-11-25 01:04:57";"me gusta"
72457;;"2025-02-07 22:40:30";"только зашёл но пока что мне нравится"
69748;;"2024-12-06 13:43:44";"¡Excelente guía de decoración!"
69704;;"2024-12-08 02:28:15";"Quiero renovar mi casa. voy a probar que tal me va y vuelvo. Espero me ayude en mi remodelacion"
69660;;"2024-12-08 22:44:44";"Muy padre, ya nomás me falta el dinero jajajajaja"
66616;;"2024-12-09 19:51:05";"dejo una opinion negativa por hacerme dejar una opinión, SIN PROBARLA ANTES, el momento menos indicado"
66572;;"2024-12-10 11:01:59";"es muy buena"
73276;;"2024-10-20 10:15:52";جيد
66411;;"2024-12-14 13:50:27";bien
66368;;"2024-12-15 17:38:05";"muy útil verdaderamente increíble"
66325;;"2024-12-16 11:41:08";Excelente
70668;;"2025-02-20 00:08:19";"لسه بجرب"
66170;;"2024-12-20 23:07:22";wow
66128;;"2024-12-21 18:42:12";exelente
66086;;"2024-12-22 18:50:06";super
76833;;"2025-01-28 16:49:20";Maravilhoso
76834;;"2025-01-28 15:33:05";otimo
65897;;"2024-12-27 11:51:44";excelente
65857;;"2024-12-28 01:47:19";excelente
65817;;"2024-12-28 16:49:52";👌
66598;;"2024-12-09 22:51:26";"se ve muy prometedor."
77166;;"2024-12-11 06:56:25";"muito bom, recomendo a aqueles que querem fazer aquela mudança nos seus apartamentos"
65638;;"2024-12-31 18:07:34";buena
65599;;"2025-01-01 13:30:24";"todavía no la use."
65560;;"2025-01-01 20:59:26";"Me ayudo a crear mi cocina muy buena"
66308;;"2024-12-16 23:34:38";"excelente, muy buena aplicación"
76619;;"2025-02-10 21:54:29";"Péssimo e caro... Não compensa pagar 290 pra isso."
65388;;"2025-01-04 01:25:54";"me fascina"
65350;;"2025-01-04 16:24:47";"excelente me encantó"
65312;;"2025-01-05 01:06:55";"buenísima, la mejor!"
65545;;"2025-01-02 03:43:17";bonita
70769;;"2025-01-30 09:22:41";"جيد جدا"
85109;;"2024-10-04 13:48:02";"aplikasi ini sangat membantu aku dalam mendesain kamar, jadi sangat efisien banget👍🏻👏🏻👏🏻"
72464;;"2025-02-01 16:57:05";оккк
85367;;"2025-01-16 21:45:56";super
62037;;"2025-01-08 04:45:36";"Terrible, no cambia el color que pides de pared o piso, es inutil."
62000;;"2025-01-08 17:42:17";excelente
61963;;"2025-01-09 04:59:24";buena
66156;;"2024-12-21 06:06:42";"Home AI es una app de diseño de interiores impulsada por inteligencia artificial. Permite personalizar y visualizar espacios en tiempo real con sugerencias basadas en tus preferencias. Con herramientas intuitivas, renders realistas y opciones para explorar estilos y muebles, transforma cualquier espacio de forma práctica y creativa. Ideal para usuarios y profesionales que buscan diseños eficientes y modernos."
73230;;"2024-11-01 23:00:02";"très bonne application"
61810;;"2025-01-11 01:57:00";"bien 👍"
61774;;"2025-01-11 12:49:18";"buena app"
61738;;"2025-01-11 19:09:23";"Hoy la descargué, todo rápido; espero funcione genial. ya les contaré!"
61702;;"2025-01-12 05:53:17";"ahí la pruebo"
66073;;"2024-12-23 01:54:02";"es una excelente aplicación me a ayudado bastante"
72970;;"2025-01-07 09:59:27";"meilleures applications décoration de la maison"
61558;;"2025-01-13 16:57:56";"excelente aplicación"
61523;;"2025-01-14 00:50:39";"recién bajo la aplicación"
61488;;"2025-01-14 10:58:36";bueno
61453;;"2025-01-14 15:55:09";"lo voy a probar ahora!"
65338;;"2025-01-04 20:07:21";Genial
70262;;"2024-10-21 14:19:57";"vamos a ver qué tal funciona..."
79401;;"2024-10-20 01:23:33";ok
61283;;"2025-01-16 11:52:17";"excelente Calidad 👍👌"
61248;;"2025-01-16 18:35:59";"a penas lo usaré por eso 4"
61213;;"2025-01-17 02:21:27";"hermosa aplicación"
65885;;"2024-12-27 15:21:43";"muy buena espectacular"
79452;;"2025-01-12 16:29:27";"słaba aplikacja"
72717;;"2025-02-08 04:15:02";cool
129702;;"2024-08-14 23:23:08";"mjög flott"
61016;;"2025-01-19 04:39:18";excelente
60981;;"2025-01-19 15:55:30";"excelente 👌"
60946;;"2025-01-19 23:07:33";"genial muy buena app"
61548;;"2025-01-13 19:41:27";bien
66160;;"2024-12-21 04:51:19";"muy bueno"
73025;;"2024-12-28 21:04:26";merci
60790;;"2025-01-22 13:02:43";"perfecta para el hogar"
60756;;"2025-01-23 02:16:34";"super facil de uso"
60722;;"2025-01-23 15:43:26";estupendo
60688;;"2025-01-24 03:26:51";"Todavía no lo use... me está pidiendo opiniones sin antes haberlo usado. pero.. ya probaremos.. veremos si es algo util"
85113;;"2024-10-03 06:54:16";mantulll😱
66603;;"2024-12-09 22:15:55";"excelente app"
66161;;"2024-12-21 04:11:40";padrisima
72821;;"2025-01-29 12:53:53";"très bonne app 🔥"
59002;;"2025-01-27 01:46:59";ok
58969;;"2025-01-27 14:34:10";"muy interesante"
58936;;"2025-01-27 22:38:04";"excelente app me ayudo a colocar mis cuadros"
58903;;"2025-01-28 15:17:57";"super chévere"
60714;;"2025-01-23 19:03:24";excelente
61955;;"2025-01-09 10:50:32";Excelente
66564;;"2024-12-10 13:36:02";"Te cobran para usarla"
73289;;"2024-10-16 10:03:14";"Tu paies et au final, à chaque fois que tu génères une photo, on te sort après plusieurs minutes que trop de gens utilisent le service et qu'il faudra recommencer plus tard. Franchement je vais demander un remboursement."
53504;;"2024-08-17 15:32:55";👌
59001;;"2025-01-27 02:00:51";"Es una estafa, no hace nada más que tomar fotografías de base y alterarlas con colores y muebles prediseñados. No tiene casi ninguna opción al público y es extremadamente difícil de cancelar la suscripción."
58968;;"2025-01-27 14:41:26";"10 puntos"
58935;;"2025-01-27 22:38:05";ok
58902;;"2025-01-28 15:36:28";"excelente 👌"
53769;;"2024-08-17 15:25:35";"This absolutely sucks. All it does is give an out of the world unrealist photo of the room. There are no options to adjust. And ony 3 choices on paying. 4.99 a WEEK, 39.99 for Year, if you choose the trial, then it is free for three days and then 6.99 a WEEK. I paid for a year. Thinking i can adjust. They now have $39.99 of my money. With nothing to show for it. I got more help looking at pintrest. Dont waste your money. I should have read any of the reviews like I normally do."
53770;;"2024-08-17 15:19:31";good
53771;;"2024-08-17 15:12:49";"Nice App"
53772;;"2024-08-17 14:44:31";good
53773;;"2024-08-17 14:35:20";"nice pic bro"
53774;;"2024-08-17 13:05:59";amazing
53775;;"2024-08-17 12:55:36";nice
53776;;"2024-08-17 11:55:08";Great
53777;;"2024-08-17 10:41:09";"This app is a scam, uninstall after 5 min , Do NOT subscribe , its a Turkish developer scam app to just make u pay, i am very sure all the positive reviews are from the scammer"
53778;;"2024-08-17 10:33:30";nice
53779;;"2024-08-17 10:17:31";"great app"
53780;;"2024-08-17 09:58:15";great
53781;;"2024-08-17 09:25:31";"This is a joke"
53782;;"2024-08-17 08:57:45";"it is the best app for everything"
53783;;"2024-08-17 08:42:02";"haven't used it yet, will rate after some experience"
53784;;"2024-08-17 07:36:55";"very helpful"
53785;;"2024-08-17 07:28:07";"vary amazing 😻"
53786;;"2024-08-17 06:50:07";wakai
53787;;"2024-08-17 06:26:00";cool
53788;;"2024-08-17 06:06:38";"Waste of time, didn't work at all"
53789;;"2024-08-17 05:57:11";"Very bad experience l, I paid but it is not working. I sent an email but they don't reply"
53790;;"2024-08-17 05:44:24";"excellent app!"
53791;;"2024-08-17 05:26:59";Okay
53792;;"2024-08-17 04:47:26";best
53793;;"2024-08-17 04:10:47";"very nice"
53794;;"2024-08-17 02:08:37";awesome
53795;;"2024-08-17 01:12:36";"I'll provide more details of my review once I have experienced it"
53796;;"2024-08-17 00:39:52";wicked
53797;;"2024-08-17 00:18:52";"I tried the free version to try it out. Don't waste your money. It was slow and could not handle the capacity of people using it. It kept saying it was under maintenance due to the high volume. I uninstalled it."
53798;;"2024-08-17 00:00:20";Ok
53799;;"2024-08-16 23:47:21";"Not free"
53800;;"2024-08-16 19:20:56";"it's very nice but it reduces the picture quality"
53801;;"2024-08-16 16:09:32";"sp nice"
53802;;"2024-08-16 14:10:40";👍
53803;;"2024-08-16 12:54:25";"The free version is terrible."
53804;;"2024-08-16 11:38:16";Bad
53805;;"2024-08-16 11:01:48";"It doesn't even work"
53806;;"2024-08-16 07:07:50";"good choice"
53807;;"2024-08-16 04:14:12";excellent
53808;;"2024-08-16 03:53:14";asum
53809;;"2024-08-16 03:37:01";"easy to use. give us an idea to decorate our house."
53810;;"2024-08-16 03:03:24";ok
53811;;"2024-08-16 02:16:50";👍
53812;;"2024-08-16 01:41:53";wow
53813;;"2024-08-16 01:08:34";"very good"
53814;;"2024-08-16 00:24:54";"Did not work, wouldn't take or upload a picture"
53815;;"2024-08-15 21:35:48";"This app is a complete scam. First screen before access into the app is a screen demanding a yearly payment or a 3 day free trial after will be 6.99. then I do the free trial and I click create and nothing. Click again, nothing. Clicked (yet again feeling like an idiot at this point because it's clearly opening and shutting so fast you can't even see it), then nothing. Clearly an app created for click bait, to get your subscription, for the people that don't know how to cancel the subscription."
53816;;"2024-08-15 21:28:20";good
53817;;"2024-08-15 21:02:26";"loving ang having fun with it"
53818;;"2024-08-15 19:58:16";awesome
53819;;"2024-08-15 19:08:38";"Nice one"
53820;;"2024-08-15 18:16:00";"Great app! love it!"
53821;;"2024-08-15 16:35:09";"this app is great for a person like me, the love designs & decorates my home with new ideas 💡 so the extra help comes very handy 👍 thank you 🫶🏽🫶🏽 so creative..."
53822;;"2024-08-15 15:32:40";Good
53823;;"2024-08-15 15:17:50";"very good"
53824;;"2024-08-15 14:45:59";"Beautiful 🥰🥰🥰"
53825;;"2024-08-15 14:37:15";"Wonderful and easy to use application"
53826;;"2024-08-15 12:44:58";"very nice app 👌👌👌"
53827;;"2024-08-15 12:36:41";"Very poor generated design options. Too few free tries before you are forced to purchase pro to continue. A waste of my time and not worth your money IMO"
53828;;"2024-08-15 12:26:32";excellent
53829;;"2024-08-15 11:46:31";superb
53830;;"2024-08-15 11:23:26";good
53831;;"2024-08-15 11:10:27";ok
53832;;"2024-08-15 11:03:08";payment
53833;;"2024-08-15 10:19:30";magnificent
53834;;"2024-08-15 09:50:03";"good 👍"
53835;;"2024-08-15 08:21:59";cool
53836;;"2024-08-15 08:01:48";"So this app really isn't great. You take a picture of your room and it replaces the image with another image that's already Pre set in their database. Kind of useless and definitely not how ""AI"" supposed to work."
53837;;"2024-08-15 07:30:29";"Didn't work"
53838;;"2024-08-15 06:35:59";"awesome 👌"
53839;;"2024-08-15 04:28:51";"Good stuff"
53840;;"2024-08-15 04:10:52";"I finally found an app that is useless. You take photo of the room you want to design and they will provide a different photo of the AI generated image of the room. At start of the app they are asking me to pay a yearly subscription."
53841;;"2024-08-15 01:01:01";"awesome 😎👍💯"
53842;;"2024-08-14 23:13:06";"I deleted the app at the first generation and render."
53843;;"2024-08-14 23:04:17";"Just explore"
53844;;"2024-08-14 21:21:19";"Horrible timeling.. take 5 plus minutes just to take a photo and upload it. Not practical for interior design."
53845;;"2024-08-14 21:03:43";good
53846;;"2024-08-14 19:14:14";"Excellent app."
53847;;"2024-08-14 17:33:50";good
53848;;"2024-08-14 17:26:43";"like it"
53849;;"2024-08-14 14:58:12";"This app sucks. It won't let me upload any photos, there are no FAQs, basically it doesn't do anything at all. Pointless."
53850;;"2024-08-14 14:47:34";"Always says we are on maintenance.."
53851;;"2024-08-14 11:37:47";"i can't take a photo, or upload a photo"
53852;;"2024-08-14 11:00:29";"It's not even using the room photos that we are uploading"
53853;;"2024-08-14 10:11:00";supper
53854;;"2024-08-14 10:00:59";Useless
53855;;"2024-08-14 08:44:51";"Really helpful"
53856;;"2024-08-14 08:42:40";great
53857;;"2024-08-14 07:19:16";"Don't waste your time"
53858;;"2024-08-14 05:50:14";"Good AI app"
53859;;"2024-08-14 04:41:38";excepcional
53860;;"2024-08-14 04:32:07";"must try!!!"
53861;;"2024-08-14 04:15:47";"Fraud app.. stupid"
53862;;"2024-08-14 04:09:32";interesting
53863;;"2024-08-14 03:50:56";excellent......
53864;;"2024-08-14 03:09:33";"nice app"
53865;;"2024-08-14 03:02:55";"Android version on my Galaxy S24+ does not allow me to advance beyond the initial screen. I cannot upload a photo and I cannot select a room or design style. App does not do anything."
53866;;"2024-08-14 02:47:50";"Good Alternative Tool for Interior"
53867;;"2024-08-14 01:13:38";"Useless App... I don't know if it's because I'm using the free trial mode, but the results are so useless that I have no intention of upgrading to pro mode."
53868;;"2024-08-14 00:45:28";"this new app is cool, try it"
53869;;"2024-08-13 23:22:53";"Great designs"
53870;;"2024-08-13 18:20:47";"nice app"
53871;;"2024-08-13 18:12:55";"looking great 👍"
53872;;"2024-08-13 17:46:28";"very nice app to filter"
53873;;"2024-08-13 15:55:27";"I'm an English language teacher if someone is interested!"
53874;;"2024-08-13 15:02:56";"Very nice app"
53875;;"2024-08-13 13:56:40";"Worst app"
53876;;"2024-08-13 12:08:47";Awesome
53877;;"2024-08-13 11:29:52";top
53878;;"2024-08-13 11:29:52";"it is a good app but ads"
53879;;"2024-08-13 11:03:35";"I requested my refund on this app and there is no customer service, I mistakenly paid for the yearly subscription which I dint intend to, the images are not use, they are random zoomed in images , am now considering this as a fraud app because nobody is responding , please don't download and get stuck."
53880;;"2024-08-13 09:38:32";"good app"
53881;;"2024-08-13 09:37:04";"Terrible app. Doesn't really show what you can do or give idea for furniture"
53882;;"2024-08-13 08:31:27";"just installed the application not used yet. let hope it provides what it claims"
85318;;"2025-02-16 15:55:42";"what IS this?"
85255;;"2024-10-06 09:59:34";"super. de ajutor real."
85062;;"2024-10-17 04:21:06";"kasih 3 dulu"
85000;;"2024-11-08 02:24:36";nive
84810;;"2024-12-10 02:20:20";"semoga bagus"
84749;;"2024-12-15 12:55:34";good
84562;;"2025-01-02 11:13:25";good
84502;;"2025-01-07 04:41:16";"baru donload, blm coba"
84318;;"2025-01-27 13:07:06";nice
84259;;"2025-02-05 12:05:29";"Ini gimana ya cara cancel langganan berbayarnya soalnya baru buka udah langsung suruh berbayar, walaupun dikasih trial 3 hari katanya tp sekarang bingung cancelnya"
79470;;"2024-12-06 22:16:29";"płatna, a prosi o ocenę przed zrobieniem czego kolwiek."
79412;;"2024-10-06 07:40:43";hay
84528;;"2025-01-05 08:54:23";good
77641;;"2025-02-09 09:24:02";Stupenda
77584;;"2024-10-26 09:42:09";"Man wird nach Start der App sofort aufgefordert zu bewerten und dann zu zahlen."
77410;;"2024-10-18 01:31:33";top
77354;;"2024-10-30 11:14:09";Bom
84839;;"2024-12-06 15:00:43";nice
77128;;"2024-12-14 16:52:56";"ótimo App, visão ampla do designer dos ambientes, gostei muito,parabéns."
77073;;"2024-12-19 05:32:39";"ainda acontecendo"
76906;;"2025-01-17 16:58:36";"muito bom"
76852;;"2025-01-26 21:15:02";"muito bom , recomendo"
76876;;"2025-01-22 17:37:35";bom
76635;;"2025-02-09 23:10:27";"Ainda vou testar, quando ver eu venho dar palpite!"
76582;;"2025-02-13 12:30:09";"muito bom"
84230;;"2025-02-08 14:15:06";ok
73296;;"2024-10-15 09:35:17";"tre bien"
73243;;"2024-10-29 22:27:12";parfaite
85034;;"2024-10-25 17:33:53";ok
73034;;"2024-12-25 10:24:52";Good
72982;;"2025-01-04 22:34:08";"Nul....on ne peut rien faire sans abonnement."
85097;;"2024-10-08 02:59:49";good
72778;;"2025-02-02 22:56:19";Cool
72727;;"2025-02-07 16:13:23";"bien 👍"
84536;;"2025-01-04 12:49:29";bagus
72528;;"2024-10-24 13:37:33";куул
72478;;"2025-01-14 11:25:13";класс
70928;;"2024-10-03 16:46:52";"جيد جدآ"
84785;;"2024-12-12 08:09:27";"membantu sekali"
70735;;"2025-02-04 21:15:39";awesome
70687;;"2025-02-15 21:57:08";"well done"
76558;;"2025-02-14 16:23:13";"vou usar"
70501;;"2024-09-30 02:47:07";"i like it"
70454;;"2024-10-05 01:54:54";"muy buena"
70407;;"2024-10-08 23:41:26";👍
84599;;"2024-12-30 10:19:55";"Cukup berguna"
70227;;"2024-10-25 02:51:54";"buena app"
70181;;"2024-10-29 13:24:37";"excelente apk"
70713;;"2025-02-08 19:03:16";جيد
70006;;"2024-11-17 17:30:16";"muy buena ."
69961;;"2024-11-21 18:28:00";excelente
69916;;"2024-11-25 01:06:21";practico
72507;;"2024-12-07 12:20:38";"Установился и сразу же предлагает заплатить за него деньги. Даже протестировать не дал! Ужасное приложение. Не советую."
69747;;"2024-12-06 13:51:21";genial
69703;;"2024-12-08 02:31:30";bien
69659;;"2024-12-08 23:03:32";like
66615;;"2024-12-09 19:52:37";"la probaré Aver que tal dependiendo de la experiencia"
66571;;"2024-12-10 11:04:47";"muy buena aplicación"
73329;;"2024-10-08 01:27:33";"en cours d'élaboration et d'évaluation"
66410;;"2024-12-14 15:47:47";"Se ve muy interesante, espero me quede muy bonito mi cuarto."
66367;;"2024-12-15 18:06:14";"Aún no lo apruebo pero al parecer se ve prometedora esperemos que funcione bien saluditos"
66324;;"2024-12-16 13:09:28";"Compre el premium . Me funcionó un par de horas y ahora me dice que está en mantenimiento. Toda la noche paso y aún en mantenimiento?. UN FRAUDE"
70716;;"2025-02-08 13:07:43";"Very good"
66169;;"2024-12-20 23:31:38";cool
66127;;"2024-12-21 18:52:18";super
66085;;"2024-12-22 19:06:44";bien
66306;;"2024-12-17 00:23:30";buena
76888;;"2025-01-19 22:08:20";gostei
65896;;"2024-12-27 12:09:20";"muy útil la aplicación"
65856;;"2024-12-28 02:02:50";"Lo acabo de instalar, aun no lo uso y ya me pide calificar xD .-."
65816;;"2024-12-28 17:26:27";"Es una estafa, primero te pide que pagues, cuando lo haces no cumple con lo que tanto promocionana"
69642;;"2024-12-09 03:12:58";excelente
77337;;"2024-11-04 17:11:01";"Muito ruim"
65637;;"2024-12-31 18:12:41";"recién la descargue, ahorita que empiece a utilizarla comento que tal me parece."
65598;;"2025-01-01 13:39:09";"ok voy a ensayarla"
65559;;"2025-01-01 21:05:55";genial
66351;;"2024-12-15 20:26:44";"muy buena"
84780;;"2024-12-13 08:34:31";"baru mau nyoba"
65387;;"2025-01-04 01:39:00";👌🏽
65349;;"2025-01-04 16:37:29";"buena app"
65311;;"2025-01-05 02:41:42";💪🏾
65584;;"2025-01-01 16:05:42";excelente
70913;;"2024-10-20 02:07:44";جيد
85303;;"2024-04-08 03:37:07";"With only 3 attempts per day, it is essentially useless, unless you intend to buy the Pro version."
72514;;"2024-11-19 12:53:30";"nice app"
62073;;"2025-01-07 21:15:11";"muy buena"
62036;;"2025-01-08 05:12:55";"muy bueno"
61999;;"2025-01-08 18:06:07";❤️
61962;;"2025-01-09 05:23:54";"esta chido y si lo hice todo mi cuarto"
73277;;"2024-10-19 21:11:14";"j'aime bien les propositions et la rapidité dans le traitement des informations"
73283;;"2024-10-18 11:28:20";super
61809;;"2025-01-11 02:05:43";buenas
61773;;"2025-01-11 12:52:58";"muy interesante"
61737;;"2025-01-11 19:35:13";"Innovadora y excelente herramienta para de la remodelación en el hogar"
61701;;"2025-01-12 05:55:36";excelente
66115;;"2024-12-22 01:44:41";genial
73022;;"2024-12-29 23:32:42";good
61557;;"2025-01-13 17:00:39";"excelente aplicación"
61522;;"2025-01-14 00:52:29";"Acabo de descargarla, vamos a ver qué tal va. Luego volveré a dar mi opinión"
61487;;"2025-01-14 11:34:25";bueno
61452;;"2025-01-14 15:57:23";buenisimo
65376;;"2025-01-04 03:48:08";"No se puede hacer prueba gratis (solo 3 dias) sin poner la tarjeta de crédito"
70664;;"2025-02-21 12:12:16";awesome
79459;;"2024-12-28 12:19:58";"Aplikacja jest fajna ocena to jest 0/10 odrazu chcą opinie nie polecam"
61282;;"2025-01-16 11:53:39";Genial
61247;;"2025-01-16 19:00:30";"muy bueno 😊"
61212;;"2025-01-17 02:21:46";Megor
61442;;"2025-01-14 17:41:33";excelente
69898;;"2024-11-26 01:13:00";"great app!!"
72768;;"2025-02-03 13:16:16";"utile énormément"
61049;;"2025-01-18 20:48:23";Interesante
61015;;"2025-01-19 04:55:12";"pues a un la uso al cien pero parece que está interesante la app"
60980;;"2025-01-19 15:58:38";"excelente aplicación"
60945;;"2025-01-19 23:12:57";Horrible
76894;;"2025-01-19 11:03:15";"mas animação de efeitos"
72963;;"2025-01-09 13:46:09";cool
73077;;"2024-12-13 13:16:34";"très bonne application"
60789;;"2025-01-22 13:32:05";ecxelente
60755;;"2025-01-23 02:17:28";"me sirve"
60721;;"2025-01-23 15:49:10";"super 👌"
60687;;"2025-01-24 03:56:25";"excelente aplicación la amo"
59141;;"2025-01-25 03:57:36";excelente
61797;;"2025-01-11 04:14:37";👌excelente
72810;;"2025-01-30 17:57:39";bien
72974;;"2025-01-06 06:54:03";"je vais essayer"
59000;;"2025-01-27 02:33:57";"aun no la eh probado si veo que es excelente le pongo las 5"
58967;;"2025-01-27 14:54:49";"es fascinante"
58934;;"2025-01-27 23:05:47";"estoy comenzando a usarla"
58901;;"2025-01-28 15:57:31";"No lo bajen, no deja ni probarlo de manera gratuita, sin que escribas tu tarjeta...me parece de mal gusto"
60748;;"2025-01-23 03:30:52";"genial me parece perfecto , así que a seguir para delante , con esta aplicación"
61992;;"2025-01-08 20:43:37";"Mala, piden reseña antes de probar la app, y después de probar solo te dan 2 renderizados muy malos sin ningún sentido."
66608;;"2024-12-09 21:09:07";"nose te pide reseña antes de usar la app"
85033;;"2024-10-26 04:15:36";"baru tes"
54016;;"2024-08-08 09:34:34";"𝘦𝘹𝘤𝘦𝘭𝘭𝘦𝘯𝘵 𝘪 𝘭𝘰𝘷𝘦 𝘪𝘵"
54017;;"2024-08-08 08:48:54";good
54018;;"2024-08-08 07:52:25";exhalent
54019;;"2024-08-08 06:00:41";good
54020;;"2024-08-08 04:43:26";"App is giving me a design idea to rooms that look nothing like the picture"
54021;;"2024-08-08 04:42:39";"Unrealistic designs!!"
54022;;"2024-08-08 04:33:14";awesome
54023;;"2024-08-08 04:02:19";Great
54024;;"2024-08-08 04:01:06";"it's a great app to use when decorating your home"
54025;;"2024-08-08 03:05:07";"amazing 😍"
54026;;"2024-08-08 02:31:41";"love it"
54027;;"2024-08-08 01:38:21";"love this it helped me sooooo much this is my favorite ap"
54028;;"2024-08-08 00:46:59";"It makes the rooms appear to be a lot bigger in the app than they actually are"
54029;;"2024-08-08 00:33:59";"It doesn't work. It just shows you a room. All A no I"
54030;;"2024-08-07 23:23:07";"Asked them to cancel before the free trail ended and they assured I wouldn't be charged, and I was. Poor customer service and communication."
54031;;"2024-08-07 22:58:55";good
54032;;"2024-08-07 22:15:51";"Does work"
54033;;"2024-08-07 21:48:37";"Not a good App, it doesn't give you any workable design"
54034;;"2024-08-07 21:40:54";"It doesn't let me up load a photo"
54035;;"2024-08-07 21:35:22";checking
54036;;"2024-08-07 21:13:24";"It isn't worth a dime! It declares that it generates a design to your room, but actually they show you a picture of some room - just not yours. A complete scam!"
54037;;"2024-08-07 18:20:37";"I mean is ok, the recommended decor are not exactly your rooms, just similar, and the app keeps saying it's in maintenance due to high traffic loads.. so you can't do much but wait."
54038;;"2024-08-07 12:29:25";Nice
54039;;"2024-08-07 12:23:27";"How excellent ai"
54040;;"2024-08-07 11:47:18";best
54041;;"2024-08-07 11:31:30";"so easy to use and very helpful with ideas!"
54042;;"2024-08-07 11:23:47";"I just downloaded! Let'see how it goes.."
54043;;"2024-08-07 09:01:03";"This app is a scam and doesn't work as advertised. It only has good review's because before starting the app just after installation it takes you to review automatically. After you upload a picture it just generates a random picture of a room which has no connections with the picture you try to generate"
54044;;"2024-08-07 08:34:31";nice
54045;;"2024-08-07 07:43:06";"good 👍"
54046;;"2024-08-07 07:06:48";"love this app"
54047;;"2024-08-07 06:30:36";"great app"
54048;;"2024-08-07 06:11:14";good
54049;;"2024-08-07 05:11:58";Good
54050;;"2024-08-07 04:37:40";"usefull tips for home decor ideas"
54051;;"2024-08-07 02:49:08";nice
54052;;"2024-08-07 02:41:35";"This app needs to be free"
54053;;"2024-08-07 01:43:53";"subok lang ako dito...parang maganda eh so kunwari very good app."
54054;;"2024-08-06 22:15:38";"Last 12 hours it's under heavy traffic, my money seems to have got wasted"
54055;;"2024-08-06 22:02:27";"Great app... Makes. Wonders"
54056;;"2024-08-06 21:43:31";"give this a go"
54057;;"2024-08-06 20:02:44";"I uninstall the app, the first day.. designs are not pictured in your actual space. It's just a general picture of a decor in a room."
54058;;"2024-08-06 18:54:37";"best home ai app ever👌🥰"
54059;;"2024-08-06 18:22:18";"wonder result"
54060;;"2024-08-06 16:07:00";awesome
54061;;"2024-08-06 16:03:29";good
54062;;"2024-08-06 15:59:40";"Not a staging app, only gives pictures of certain styled rooms doesn't actually allow you to style your actual room"
54063;;"2024-08-06 15:31:12";"This is a great app. It really helps me redesign my home."
54064;;"2024-08-06 15:11:12";"Not a very good ai the room looked nothing like the picture."
54065;;"2024-08-06 13:55:43";"very good I like it"
54066;;"2024-08-06 11:21:24";"I love it..."
54067;;"2024-08-06 10:19:38";मस्त
54068;;"2024-08-06 10:03:02";good
54069;;"2024-08-06 09:59:23";"fst time use"
54070;;"2024-08-06 08:05:04";"👏 🤩"
54071;;"2024-08-06 06:33:12";Poor
54072;;"2024-08-06 04:22:25";nicèeeeeeeeeeeee
54073;;"2024-08-06 03:54:55";good
54074;;"2024-08-06 03:46:44";"Best app"
54075;;"2024-08-06 03:26:30";good
54076;;"2024-08-06 02:26:58";"I wouldn't know. It asks you to give them a review before you even get started. Then as soon as the app opens, they hit you with prices."
54077;;"2024-08-06 01:31:43";"nice App"
54078;;"2024-08-05 23:18:19";"Super cool! Great ideas."
54079;;"2024-08-05 22:20:44";"Is this a joke? It doesn't do what it says at all!"
54080;;"2024-08-05 20:46:18";"it's graphics and setup are great"
54081;;"2024-08-05 20:30:46";"Never work"
54082;;"2024-08-05 19:32:30";"Sucks. Very basic. Too basic"
54083;;"2024-08-05 17:44:02";excellent
54084;;"2024-08-05 17:13:05";love
54085;;"2024-08-05 16:38:00";"Love love love......... ............................"
54086;;"2024-08-05 16:30:15";"fantastic, very useful , I love this application, 😍"
54087;;"2024-08-05 13:20:40";"like ut"
54088;;"2024-08-05 13:12:59";Nice
54089;;"2024-08-05 12:03:39";"good AAP"
54090;;"2024-08-05 11:54:04";good
54091;;"2024-08-05 10:33:29";"Used it for my living room, I chose a tropical theme, and it only showed one design, I hit redesign and it kept showing the same picture, waste of time"
54092;;"2024-08-05 09:51:39";"nice app"
54093;;"2024-08-05 09:51:07";"lovely but you can as well make a design with floor plan"
54094;;"2024-08-05 09:32:39";good
54095;;"2024-08-05 08:22:24";good
54096;;"2024-08-05 08:14:03";nice
54097;;"2024-08-05 05:03:26";"good app"
54098;;"2024-08-05 03:15:09";good
54099;;"2024-08-05 03:01:54";👍🏻👍🏻👍🏻
54100;;"2024-08-05 02:56:55";nice
54101;;"2024-08-05 02:46:11";"found very helpful."
54102;;"2024-08-05 02:26:45";"Great work"
54103;;"2024-08-05 01:52:34";"very good"
54104;;"2024-08-04 23:42:58";"This app is absolutely terrible. The images it generates have nothing to do with your took it the photo you submit. Don't waste your time."
54105;;"2024-08-04 23:15:29";"Generates images that have absolutely no resemblance to the uploaded image, adding in doors and windows where there were none. Total waste of time."
54106;;"2024-08-04 20:53:28";"its really helpful"
54107;;"2024-08-04 19:27:08";"its fake. pukes out the same picrures"
54108;;"2024-08-04 16:45:16";"good 👍"
54109;;"2024-08-04 16:37:27";"the best app"
54110;;"2024-08-04 16:21:11";"classic bedroom"
54111;;"2024-08-04 16:17:11";"Let us first try it. Buy buy buy on start"
54112;;"2024-08-04 15:52:39";good
54113;;"2024-08-04 15:49:16";"Just shows a room with nice fancy furniture. Not even YOUR room. Just a random room. So dumb."
54114;;"2024-08-04 15:48:09";"amazing application"
54115;;"2024-08-04 14:13:41";"There is no customizable features. Also does not use the pictures you take it gives you completely random room from which I'm sure they just pull off Google. Do not buy there are alot of bugs this app needs to fix before it should have hit the market. Very displeased by this app."
54116;;"2024-08-04 13:17:51";"Great 👍"
54117;;"2024-08-04 12:10:23";"it's best"
54118;;"2024-08-04 12:00:23";best
54119;;"2024-08-04 11:50:10";"A wonderful App, a genuine solution for home decorating"
54120;;"2024-08-04 10:55:58";good
54121;;"2024-08-04 09:22:46";"Didn't register my 2nd window so the design isn't accurate to what I have. 3 designs for free in a day after that they want to pay weekly or yearly"
54122;;"2024-08-04 08:23:46";"The new photo that is generated when you upload a pic and choose a style doesn't resemble the original one at all. There are better apps to see how different styles would look in your house."
54123;;"2024-08-04 07:56:50";Good
54124;;"2024-08-04 07:15:49";good👍
54125;;"2024-08-04 06:37:28";"Not useful...yet. Too many hallucinations for AI"
54126;;"2024-08-04 04:43:38";"Realky bad app. Why would you put a bread basket on the roof and a rug on the kitchen bench. When regenerating the result it just gives same picture. Got ripped off with this app. Don't waste your money"
54127;;"2024-08-04 04:35:54";"amazing app"
54128;;"2024-08-04 03:47:21";best
54129;;"2024-08-04 03:30:38";"Not able to generate using free credit.. tried the app first time. It doesn't generate anything."
54130;;"2024-08-04 01:49:29";"very good"
54131;;"2024-08-04 01:44:41";Amazing
54132;;"2024-08-04 01:24:30";"Great app!"
54133;;"2024-08-04 01:16:54";"Unable to use, down for maintenance for user load, constantly."
54134;;"2024-08-04 00:23:14";"Awsome and easy to use"
54135;;"2024-08-03 21:21:11";"useful 😀"
54136;;"2024-08-03 21:14:17";"Doesn't work like it says!!! And i would like my account credited. Omg. PLEASE DON'T WASTE YOUR MONEY!!. I will be calling my bank to TRY to get this credited. I do not know how this got a 4.6 review......obviously the creator has a lot of friends"
54137;;"2024-08-03 21:05:14";ممتاز
54138;;"2024-08-03 20:43:35";"Good to try"
85317;;"2024-08-01 10:43:26";"I paid the weekly subscriptions then after using for less than 30mins i get this pop-up message that the app is on maintanace. I haven't been able to use since yesterday...very interesting 24hours just gone like that & I bet they will not extend the subscriptions"
85254;;"2024-10-11 20:48:21";"The app is verry interesting,usefull; would be nice to have an option for color mix.but seems not acceptabile that the app gives message :under mantainance because of high traffic for 2 days now.it is not a free app..should be functional"
85061;;"2024-10-18 04:19:50";"ki ta uji coba dulu"
84999;;"2024-11-08 02:38:59";ok
84809;;"2024-12-10 03:51:05";good
84748;;"2024-12-15 22:26:01";bgus
84561;;"2025-01-02 13:28:43";keren
84501;;"2025-01-07 05:55:52";bgus
84317;;"2025-01-27 14:05:47";great
84258;;"2025-02-05 13:44:18";"good verry good"
79469;;"2024-12-08 15:29:58";"Generowanie trwa wieki. Szkoda kasy. I jeszcze to: We are under maintenance. Tragedia."
79411;;"2024-10-06 14:34:12";"Mua gói 1 tuần mà app tự gia hạn, không tìm thấy chỗ hủy. I bought only one week but the app automatically collect money for other weeks. I can't find how to cancel the service)"
84588;;"2024-12-31 14:58:45";nice
77640;;"2025-02-09 14:28:37";ottimo
77583;;"2024-10-31 00:41:50";"Bewertung erfolgte mit Aufforderung der App leider viel zu früh, sodass ich bisher nichts über die App sagen kann. (erste Öffnen nach Instalation, bereits der zweite Schritt."
77409;;"2024-10-18 13:13:11";"Gráficos incríveis!"
77353;;"2024-10-30 11:36:46";toppp
85030;;"2024-10-26 14:12:55";"3 dulu kl guud nanti 5"
77127;;"2024-12-14 19:04:59";Bom
77072;;"2024-12-19 06:24:26";"o App é extremamente perfeito"
76905;;"2025-01-17 20:10:59";"o jogo é muito bom!!!!"
76851;;"2025-01-26 21:44:49";topppp
84531;;"2025-01-05 06:40:00";"Sayang sekali bayar. Aplikasi luar biasaaaaaa"
76634;;"2025-02-10 01:07:33";"incrível ❤️"
76581;;"2025-02-13 13:06:10";"estou começando a usar agora, voltarei mais tarde para avaliar com mais certezas."
84289;;"2025-01-31 12:08:23";"coba dulu yaa"
73295;;"2024-10-15 10:38:46";"best application ever"
73242;;"2024-10-29 23:12:19";bien
85096;;"2024-10-08 13:45:54";Ok
73033;;"2024-12-25 10:46:59";OK
72981;;"2025-01-04 22:57:21";géniale
85291;;"2024-10-06 21:30:36";Δεν
72777;;"2025-02-03 02:56:14";"Super !"
72726;;"2025-02-07 18:49:03";super
84596;;"2024-12-30 17:04:37";"coba dl, kl gk ok hpus"
72527;;"2024-10-24 15:25:46";klass
72477;;"2025-01-14 16:27:29";super
70927;;"2024-10-04 19:35:00";"شكرا لكم"
84846;;"2024-12-05 15:11:08";nyosss
70734;;"2025-02-05 07:49:04";جميل
70686;;"2025-02-16 07:28:28";"تحت التجربة"
76611;;"2025-02-11 13:40:00";"muito bom excelente"
70500;;"2024-09-30 03:03:00";"se ve muy interesante y hermosa. Vamos a probarla."
70453;;"2024-10-05 03:17:06";"pues l acabo de descargar, no sé realmente como función a porque apenas entre, me pidió dar mi opinión sobre la app. espero sea útil."
70406;;"2024-10-09 00:10:17";Excelente!
84787;;"2024-12-12 05:03:30";"vert well app"
70226;;"2024-10-25 03:36:18";Genial
70180;;"2024-10-29 16:21:28";"muy util"
70762;;"2025-01-31 10:43:41";تمام
70005;;"2024-11-17 18:42:53";Pésima
69960;;"2024-11-21 18:33:02";"Cuidado hay que pagar la aplicación"
69915;;"2024-11-25 01:49:28";"me gusta un montón"
72557;;"2024-05-23 02:33:47";"thank you"
69746;;"2024-12-06 14:46:12";"La reseña me la piden sin haber probado la aplicación... Es lo primero que me solicita. Puedo decir que se ve bien según la publicidad que vi."
69702;;"2024-12-08 05:03:58";"Te cobran .."
69658;;"2024-12-08 23:05:51";"buena app"
66614;;"2024-12-09 19:53:19";"Malísima la ia JAJAJAJAJAJAJSJNSAJAJ"
66570;;"2024-12-10 12:36:21";"Se ve prometedora"
76562;;"2025-02-14 01:33:31";"mt legal"
66409;;"2024-12-14 15:49:34";"Si alguien va a probar esto, mi sugerencia es no lo haga, no es lo que promocionan, segundo, si ya se suscribio y no encuentra donde quitar la suscripción, busque la suscripción en la playstore en el apartado de suscripciónes.. Y anule este servicio tan pésimo"
66366;;"2024-12-15 18:06:15";excelente
66323;;"2024-12-16 14:19:53";excelente
70765;;"2025-01-30 18:27:00";ok
66168;;"2024-12-21 01:17:45";increíble
66126;;"2024-12-21 19:03:58";"debería tener prueba gratis"
66084;;"2024-12-22 19:18:14";"muy buena"
66349;;"2024-12-15 21:01:09";"me parece muy interesante"
77097;;"2024-12-16 20:26:59";"incrível 😍❤️🙌"
65895;;"2024-12-27 12:13:19";"esta genial como te super cambia tu estilo de organizacion de espacios para tu hogar"
65855;;"2024-12-28 02:07:01";"esta estupendo"
65815;;"2024-12-28 17:32:45";buenisimo
69686;;"2024-12-08 15:48:37";fantastico
77393;;"2024-10-22 03:34:46";bom
65636;;"2024-12-31 18:13:37";"súper recomendable"
65597;;"2025-01-01 13:52:54";"me parece genial"
65558;;"2025-01-01 21:45:53";"súper fácil, gran ayuda."
66394;;"2024-12-14 21:51:15";Good
76836;;"2025-01-28 14:21:38";ótimo
65386;;"2025-01-04 01:41:43";"Todo me encantó"
65348;;"2025-01-04 16:39:05";"buena app"
65310;;"2025-01-05 03:29:22";excelent
65623;;"2024-12-31 22:05:57";"muy buena Appl"
72463;;"2025-02-02 05:43:11";супер
85366;;"2025-01-19 16:41:00";top
72564;;"2025-02-21 17:08:14";"bon application"
62072;;"2025-01-07 21:23:45";bien
62035;;"2025-01-08 05:16:48";excelente
61998;;"2025-01-08 18:22:24";"Muy útil la verdad 😅"
61961;;"2025-01-09 05:28:20";"lo probaré a ver q show desp regreso y opino como me fue..."
66311;;"2024-12-16 21:55:25";exelente
73336;;"2024-10-06 17:40:35";👍
61808;;"2025-01-11 02:06:31";genial
61772;;"2025-01-11 13:03:59";"me parece excelente"
61736;;"2025-01-11 19:51:33";"acabo de descargarla ya les dejaré mi opinión"
61700;;"2025-01-12 06:08:24";"re lindaaa"
66157;;"2024-12-21 06:00:52";increíble
73074;;"2024-12-14 00:54:02";"very good it's amazing"
61556;;"2025-01-13 17:24:09";"es increíble como un lugar que tu ni lo veías bonito esta aplicación te da ideas para hacerlo fantástico"
61521;;"2025-01-14 00:58:29";"excelente! super recomendado"
61486;;"2025-01-14 11:40:53";"la voy a usar"
61451;;"2025-01-14 16:29:14";genial
79396;;"2024-10-28 09:52:02";"chưa sử dụng ... cho trước 5 sao"
70443;;"2024-10-06 03:31:30";"saludos vamos a probar está app"
84248;;"2025-02-06 12:12:40";"oklah baru mau coba"
61281;;"2025-01-16 12:01:42";excelente
61246;;"2025-01-16 19:24:45";"Aun no he visto nada"
61211;;"2025-01-17 02:35:45";"best app"
61477;;"2025-01-14 13:02:13";"parece muy buena la probare"
66075;;"2024-12-23 00:55:46";"muy buena"
72819;;"2025-01-29 19:52:06";Tooop
61048;;"2025-01-18 21:17:10";"Impresionante herramienta! Un abanico de diseños que realmente permiten recrear espacios a partir de modernas ideas."
61014;;"2025-01-19 05:36:08";"No le daría estrellas es horrible la app no la instalen es una perdida de tiempo"
60979;;"2025-01-19 16:24:11";excelente
60944;;"2025-01-20 00:19:19";excelente
69647;;"2024-12-09 00:29:19";Excelente!
66315;;"2024-12-16 19:16:55";"la mejor"
73234;;"2024-11-01 07:16:11";Top
60788;;"2025-01-22 14:14:06";"genial pero recién estoy abriendo la app"
60754;;"2025-01-23 02:31:14";"magnifica aplicación"
60720;;"2025-01-23 15:57:39";"se ve interesante por el momento 4 ⭐"
60686;;"2025-01-24 04:12:35";bueno
59140;;"2025-01-25 04:21:04";"Una porquería, no deja cancelar suscripción"
61729;;"2025-01-11 22:15:15";"genial 👌🏻"
66316;;"2024-12-16 18:39:58";"Tiene buenas calificaciones porque lo primero que pide Es que la califiques luego te da una prueba gratuita para luego cobrarte..."
73026;;"2024-12-28 13:38:14";"Absurdes, ces propositions"
58999;;"2025-01-27 02:34:45";"probando, te hace puntuar antes de comenzar"
58966;;"2025-01-27 14:56:34";"Muy buena"
58933;;"2025-01-27 23:07:28";"Más de lo que nuestra imaginación pueda hacer, una obra de arte pura 💌😍😍"
58900;;"2025-01-28 16:35:03";perfecta
60782;;"2025-01-22 17:59:22";"excelente a la hora de querer tener una idea en como rediseñar tu espacio."
62029;;"2025-01-08 10:52:54";good
69652;;"2024-12-08 23:50:41";"genial la página"
76575;;"2025-02-13 18:37:42";Bom
54272;;"2024-07-25 05:51:49";"This is a very good innovation"
54273;;"2024-07-25 05:48:12";wonderful
54274;;"2024-07-25 04:43:40";"this is awesome 👌 really helps me on decorating my house an my office"
54275;;"2024-07-25 04:12:05";ok
54276;;"2024-07-25 02:55:05";"Excellent app"
54277;;"2024-07-25 01:22:44";"Creates random AI photos that look nothing like your room. Wouldn't recommend"
54278;;"2024-07-25 00:37:23";"I love this app... helps me a lot"
54279;;"2024-07-24 23:21:11";👌🏽
54280;;"2024-07-24 22:08:39";Good
54281;;"2024-07-24 19:52:05";"Hope it will"
54282;;"2024-07-24 19:41:07";"I can't reach anyone to cancel this. it was an accidental purchase"
54283;;"2024-07-24 18:15:30";"thats nice"
54284;;"2024-07-24 16:45:14";"Only gives you photos of ideas for the room and takes too long to load. Useless app"
54285;;"2024-07-24 16:32:21";"This app is a joke, you take a picture and the result it gives you is a random picture that doesn't even look like the real room."
54286;;"2024-07-24 15:37:13";"Not good at all"
54287;;"2024-07-24 15:27:46";"Not at all like advertised"
54288;;"2024-07-24 15:15:47";helpful
54289;;"2024-07-24 15:08:11";"this app is amazing"
54290;;"2024-07-24 12:35:41";nic
54291;;"2024-07-24 11:29:59";"It's unable to recognize the size of the room. It was ok during the trial, once I purchased the suggestions are unusable."
54292;;"2024-07-24 10:41:48";"Useless. Paid"
54293;;"2024-07-24 09:21:33";great
54294;;"2024-07-24 09:19:03";"Good app"
54295;;"2024-07-24 08:35:17";"very. very. cool."
54296;;"2024-07-24 08:30:45";"absolutely amazing"
54297;;"2024-07-24 08:14:26";"Not working. Always shows maintainence. Try after sometime."
54298;;"2024-07-24 07:46:46";"awesome app"
54299;;"2024-07-24 06:05:16";"so excited to use this app"
54300;;"2024-07-24 06:03:30";cool
54301;;"2024-07-24 05:31:21";good
54302;;"2024-07-24 03:29:01";"seems great"
54303;;"2024-07-24 02:50:54";"what a brilliant idea!"
54304;;"2024-07-24 01:54:16";"cool app"
54305;;"2024-07-24 01:43:55";"Everything good"
54306;;"2024-07-24 00:50:52";"Don't download and definitley don't pay until you see the poor results. This app asks for positive review upon first run - I suspect that's the only reason why it has such good reviews. But the app is useless for several reasons : you can't take landscape photos, the designed room that comes out completely ignores the dimensions of my existing room, and there are virtually no controls to configure. You're better off going to openai or gemini and just randomly generating an image of a room."
54307;;"2024-07-23 22:52:30";awesome
54308;;"2024-07-23 17:00:09";"cool but still exploring"
54309;;"2024-07-23 16:28:50";"great wowo,"
54310;;"2024-07-23 16:22:16";"Very good app that can really help you design spaces"
54311;;"2024-07-23 16:21:54";"It doesn't work"
54312;;"2024-07-23 15:31:09";"just found out this app and super excited to have found it."
54313;;"2024-07-23 14:34:56";"Absolutely amazing 👏"
54314;;"2024-07-23 13:44:32";"Will definitely do"
54315;;"2024-07-23 13:43:11";😡
54316;;"2024-07-23 13:35:40";"Will check"
54317;;"2024-07-23 12:36:10";"Horrible. If spaces are empty, it gives no furniture's. It's a waist of money."
54318;;"2024-07-23 11:30:08";Great
54319;;"2024-07-23 09:10:42";"before start the application asking to rate"
54320;;"2024-07-23 08:49:02";"Cool app"
54321;;"2024-07-23 07:06:19";good
54322;;"2024-07-23 06:28:20";"good app so much helpfull"
54323;;"2024-07-23 06:24:42";"this is unprecedented. WOW, I am so impressed with this tool. It will help recreate my whole house 🏠."
54324;;"2024-07-23 03:27:21";"Completely nonsensical reimagining of rooms. I only tried twice thankfully saving $40 / year"
54325;;"2024-07-23 02:27:17";awesome
54326;;"2024-07-22 22:06:13";"so helpful"
54327;;"2024-07-22 21:38:40";"easy to use .... just 10/10"
54328;;"2024-07-22 21:01:27";"App is hanging"
54329;;"2024-07-22 16:03:17";great
54330;;"2024-07-22 12:58:53";"nice app"
54331;;"2024-07-22 10:13:14";"very applicable"
54332;;"2024-07-22 08:40:48";"Can't even use without subscription ask to pay and review after opening app"
54333;;"2024-07-22 08:03:22";good
54334;;"2024-07-22 07:54:40";satisfying
54335;;"2024-07-22 00:28:35";"Not working, even after subscribing"
54336;;"2024-07-21 21:49:49";"wow! perfect❤❤❤"
54337;;"2024-07-21 20:04:01";"App is just asking for the money in the first screen itself, not even a single demo, also just not even showing the working screen . Look like fake reviews"
54338;;"2024-07-21 20:03:14";perfect
54339;;"2024-07-21 19:28:26";"👍 good"
54340;;"2024-07-21 19:10:02";"good work"
54341;;"2024-07-21 18:30:23";good
54342;;"2024-07-21 18:29:17";"Do not purchase. As soon as I purchased, the app errored out and will not work."
54343;;"2024-07-21 15:43:29";"I'm really excited about the possibility. Will give it a test run. I'll let you guys know how it works"
54344;;"2024-07-21 11:58:50";"good app"
54345;;"2024-07-21 10:22:49";"Great app"
54346;;"2024-07-21 09:43:29";"delete hai"
54347;;"2024-07-21 08:44:32";nice
54348;;"2024-07-21 06:35:25";"love it amazing work help a lot 5 out of 5"
54349;;"2024-07-21 05:23:09";"great app!"
54350;;"2024-07-21 05:11:31";"perfect design"
54351;;"2024-07-21 04:03:54";excellent
54352;;"2024-07-21 03:23:16";"Dont waste your money to subs"
54353;;"2024-07-21 00:42:47";"It's not redesign your room in the picture. Poor app. Don't subscribe."
54354;;"2024-07-20 19:48:07";"Poor results"
54355;;"2024-07-20 18:12:29";"It's nice"
54356;;"2024-07-20 17:00:40";"still studying it. seem to be interesting."
54357;;"2024-07-20 16:22:57";lovely
54358;;"2024-07-20 13:41:50";good
54359;;"2024-07-20 13:40:47";nice
54360;;"2024-07-20 10:47:33";"interesting to say the least, looking forward to exploring this app, totally new to me!"
54361;;"2024-07-20 01:35:52";"Can't even try it out without having to pay a subscription fee. No thanks."
54362;;"2024-07-20 01:06:59";"It is useful! But I suggest to add more items."
54363;;"2024-07-19 15:54:27";nice
54364;;"2024-07-19 09:42:18";"nice idea"
54365;;"2024-07-19 09:05:19";"amazing 👏"
54366;;"2024-07-18 15:49:56";"I'd rate it 0 if I could. All this app does is auto-generate bad designs. You don't get to do any designing or creating yourself. Don't waste your money."
54367;;"2024-07-18 12:55:25";"good good"
54368;;"2024-07-18 06:33:47";👍🏼👌🏼
54369;;"2024-07-18 03:05:01";awesome
54370;;"2024-07-18 02:25:10";"very nice"
54371;;"2024-07-17 22:36:00";"I do not recommend. You have to purchase membership."
54372;;"2024-07-17 03:55:32";"It wouldn’t even let me add a photo to get started. AFTER it took my $39.99 subscription payment."
54373;;"2024-07-17 03:15:01";"l Like app"
54374;;"2024-07-16 22:27:43";greatly
54375;;"2024-07-16 19:27:02";"This app sucks, there's not even a sample section , to show how it works. right away they want to charge you 39.99 or 4.99 weekly for an app that maybe is not what you looking for."
54376;;"2024-07-16 15:16:18";"Not a great app at all. Really tedious and also just made up rooms"
54377;;"2024-07-16 13:34:14";👍
54378;;"2024-07-16 02:47:42";"nothing like what it describes. waste of money. I can go on Pinterest."
54379;;"2024-07-16 02:16:24";"Terrible application. It did not generate a single image based on the photos that I upload."
54380;;"2024-07-15 14:38:12";"I mean it literally replaced my built in cabinets with a fancy hutch. it doesn't actually consider what you have, merely the shape of it. I happened to include my toddler in the picture and the app turned him into a small dog. lol so kinda funny but otherwise useless."
54381;;"2024-07-15 10:30:46";"it is a amazing app for interior design"
54382;;"2024-07-14 22:12:20";"excited to get started"
54383;;"2024-07-14 12:00:46";"This app has helped me tremendously with decision-making options in my oddly shaped room."
54384;;"2024-07-14 11:48:17";"It doesn't work at all."
54385;;"2024-07-14 01:19:13";perfect
54386;;"2024-07-13 19:45:40";"not happy"
54387;;"2024-07-13 13:18:01";"This app is not at all what it implies. It does not create a new picture of your room, it just searches for a kind-of similar looking room and shows you a picture. It's basically a reverse image search. Not worth spending a penny and I'd like a refund for naively paying for this scam of a service."
54388;;"2024-07-13 12:34:20";"its my hobby"
54389;;"2024-07-13 07:57:22";"great app"
54390;;"2024-07-13 07:54:55";❤
54391;;"2024-07-13 05:51:58";"It's a scam. NOT a staging app. Converts your photo into an entirely different room. Added no furniture. Changes windows to something ridiculous. THIS IS NOT A REAL ESTATE STAGING APP. Tried 3x (it only allows 3 photo tries) and they were distorted pictures of some random room with the same shape. This app is a ripoff also, asking for so much money on a garbage app."
54392;;"2024-07-13 05:16:50";"Very nice and useful app . I like it ."
54393;;"2024-07-13 03:40:16";"good app"
54394;;"2024-07-13 02:56:56";👍
85316;;"2024-10-27 20:22:06";Bad.
85253;;"2024-10-12 17:13:18";"Am oferit 1 stea pentru ca am fost pusă să ofer o recenzie înainte de a putea folosi aplicația. Care apropo costă aprox 30 de lei pe lună."
85060;;"2024-10-18 05:54:55";"sangat bagus dan mudah dugunakan"
84998;;"2024-11-08 14:24:29";"Google job"
84808;;"2024-12-10 03:58:31";"coba dulu gaes"
84747;;"2024-12-15 22:49:15";"coba dulu yaa"
84560;;"2025-01-02 13:32:19";nice
84500;;"2025-01-07 07:37:23";"auper duper good aps"
84316;;"2025-01-28 00:28:47";"empat dulu, blm di coba"
84257;;"2025-02-05 13:57:13";"belum juga di pake udah minta reting"
79468;;"2024-12-10 20:49:33";fajna
79410;;"2024-10-08 00:50:55";"Chưa cho dùng thử đã bắt mua. 1 sao"
84776;;"2024-12-13 16:36:27";"belum di coba ish B 5 aja"
77639;;"2025-02-10 20:28:19";spettacolare
77582;;"2024-11-02 10:20:13";"soll berwerten, um sie zu starten, weiß noch nicht wie die App ist"
77408;;"2024-10-18 15:38:07";gosto
77352;;"2024-10-30 23:50:21";ótimo!!!
85092;;"2024-10-09 12:20:49";"inovasi tiada henti"
77126;;"2024-12-14 19:11:52";"muito top, amei demais."
77071;;"2024-12-19 07:49:13";Nice
76904;;"2025-01-17 22:38:08";ok
76850;;"2025-01-26 23:08:32";"Excelente!!! Super recomendo 😃"
77098;;"2024-12-16 17:50:01";ótimo
76633;;"2025-02-10 01:38:26";"muito bom"
76580;;"2025-02-13 14:04:46";"primeiro vez usando"
85282;;"2024-12-08 20:00:43";awesome
73294;;"2024-10-15 11:46:43";"perfecto 👌"
73241;;"2024-10-30 12:09:32";"vraiment très chouette"
85290;;"2024-10-16 13:51:40";Excellent!!!
73032;;"2024-12-26 00:42:01";bien
72980;;"2025-01-05 06:28:01";ممتاز
85354;;"2024-10-13 13:30:47";"Need to pay to use"
72776;;"2025-02-03 05:38:42";"superbe application"
72725;;"2025-02-07 19:19:26";"Application payante. Pas simple d'utilisation. Le design générer ne peut pas être modifié"
84784;;"2024-12-12 12:20:04";"tes dulu siapa tau gacor"
72526;;"2024-10-25 07:18:27";😀
72476;;"2025-01-20 14:21:27";"вроде пока все хорошо 👌"
70926;;"2024-10-05 09:23:04";"سئ جدا"
85037;;"2024-10-24 12:18:32";"coba² dulu"
70733;;"2025-02-05 14:13:05";ممتاز
70685;;"2025-02-16 08:04:03";رائع
76664;;"2025-02-07 04:50:47";"estou começando agora a usar a plataforma e gostaria muito de saber mais sobre a nebude"
70499;;"2024-09-30 03:14:35";"so cool"
70452;;"2024-10-05 04:49:39";"excelente te ayuda muchísimo para mejorar una idea o crearla"
70405;;"2024-10-09 11:04:31";"aún no comencé a usar, más espero tener resultados deseados."
84848;;"2024-12-05 14:38:24";"Masih mau coba sih semoga bisa digunakan dan bisa dimanfaatkan dengan baik, kalau nggak bisa bakal kecewa banget sih. kenapa maksa banget ya harus 500 karakter kata. mau coba aplikasi aja seribet ini. semoga nanti kalau sudah bisa akses nggak seribet pas diawal ini. baru nemu juga splikasi modelan begini. panjang umur ya"
70225;;"2024-10-25 04:02:17";genial
70179;;"2024-10-29 20:46:09";"No la use aun y me pide calificar Veremos"
72804;;"2025-01-31 07:48:34";"Super idée"
70004;;"2024-11-17 19:47:55";"muy completa e intuitiva"
69959;;"2024-11-21 18:51:55";bien
69914;;"2024-11-25 01:58:59";"lo voy a probar espero buenas expectativas y que no sean engañosas como las demás aplicaciones"
72706;;"2025-02-09 08:50:08";"cette application est génial"
69745;;"2024-12-06 16:00:22";"por ahora tres por qué todavía no puedo usarla apenas lo haga vuelvo a opinar"
69701;;"2024-12-08 09:21:11";"muy creativa app"
69657;;"2024-12-08 23:07:22";Exelente
66613;;"2024-12-09 20:02:37";excelente
66569;;"2024-12-10 12:38:43";"A la espera de su función comentaré al estar segura de que funciona"
76615;;"2025-02-11 01:06:04";"vou testar e volto"
66408;;"2024-12-14 15:55:56";"esta aplicación es útil"
66365;;"2024-12-15 18:07:03";super
66322;;"2024-12-16 14:40:26";"exelente gracias 👍🏼🫂"
72553;;"2024-08-14 05:38:40";"Очень коряво работает, не распознал ни дверь, ни окно. Абсолютно не соответствует тому, как показана работа приложения в рекламе. Просто генерирует картинку как любая нейронка, притом с классическими косяками нейросетей (стул с 5 ножками, кусок зеркала вместо дверки холодильника, итд)"
66167;;"2024-12-21 02:12:03";Mala
66125;;"2024-12-21 19:39:06";"excelente 🤩"
66083;;"2024-12-22 19:59:03";genial
66392;;"2024-12-15 01:22:02";bien
77110;;"2024-12-15 21:17:38";"muito top"
65894;;"2024-12-27 12:57:02";genial
65854;;"2024-12-28 02:25:54";"es brillante muy bueno"
65814;;"2024-12-28 17:51:35";"tengo muchas expectativas con esta aplicación! graciiaaaas"
69730;;"2024-12-07 00:56:51";"muy buena aplicación"
77608;;"2025-02-07 13:29:34";"강제 별점임"
65635;;"2024-12-31 18:13:38";"Una bosta, te dan 3 intentos gratis que no funcionan y al toque tenés que pagar"
65596;;"2025-01-01 13:59:58";Excelente
65557;;"2025-01-01 22:01:01";"Me parece tramposo que te obliguen a calificar antes siquiera de la primer pantalla de la app, hasta que lo quiten se queda con una estrella"
84239;;"2025-02-07 10:19:37";nice
76890;;"2025-01-19 18:06:54";"Péssimo aplicativo"
65385;;"2025-01-04 01:46:29";"Me encanta 🤩"
65347;;"2025-01-04 17:12:07";"excelente app"
65309;;"2025-01-05 03:48:37";excelente
85045;;"2024-10-23 02:51:08";"good aplication"
72513;;"2024-11-21 17:28:26";good
65145;;"2025-01-06 21:38:45";"me gusta"
72713;;"2025-02-08 12:02:41";"Pourquoi l'appli est payante je comprends pas normalement au moins mettre des pubs pour plus d'utilisation"
62071;;"2025-01-07 22:13:01";exelente
62034;;"2025-01-08 05:36:09";"muy buena"
61997;;"2025-01-08 18:56:28";bno
61960;;"2025-01-09 05:46:20";"muy buena herramienta de trabajo para todos aquellos que nos dedicamos al diseño de interiores"
66354;;"2024-12-15 20:14:26";Excelente...!!!
76569;;"2025-02-13 22:16:34";"estou analisando."
61807;;"2025-01-11 02:28:59";Genial
61771;;"2025-01-11 13:10:16";ok
61735;;"2025-01-11 20:40:04";bien
61699;;"2025-01-12 06:42:11";epetacular
73224;;"2024-11-03 06:44:23";"j'essaie encore"
73231;;"2024-11-01 21:57:45";"J'adore 💗💗💗🫶🏽"
61555;;"2025-01-13 17:47:03";"excelente trabajo"
61520;;"2025-01-14 01:01:09";Perfecto
61485;;"2025-01-14 12:08:27";bueno
61450;;"2025-01-14 16:29:42";excelente
69990;;"2024-11-19 02:10:41";"muy buena aplicación"
70490;;"2024-10-01 01:37:51";bien
84307;;"2025-01-29 02:09:40";"luar biasa bagus dan membantu"
61280;;"2025-01-16 12:23:22";buena
61245;;"2025-01-16 19:56:29";"me parece genial"
61210;;"2025-01-17 02:38:15";"No le entendí nada"
61512;;"2025-01-14 02:31:48";hermoso
66117;;"2024-12-22 00:29:16";"ta bn"
72972;;"2025-01-06 22:08:18";bravo
61047;;"2025-01-18 21:22:56";"Me cobraron cuando yo no le puse. Pésimo aplicación, no funciona"
61013;;"2025-01-19 07:02:59";"creo que funciona super bien"
60978;;"2025-01-19 16:37:26";"muy buena"
60943;;"2025-01-20 00:36:37";probando.
77571;;"2024-12-14 11:16:08";"sehr gut"
66358;;"2024-12-15 19:39:19";"espero este buena"
73287;;"2024-10-16 15:58:32";جيد
60787;;"2025-01-22 16:04:51";buena
60753;;"2025-01-23 02:31:35";buen
60719;;"2025-01-23 16:53:59";fantástica
60685;;"2025-01-24 04:44:41";"Ya la use y me gustó hasta donde permite."
59139;;"2025-01-25 04:29:29";excelente
61765;;"2025-01-11 14:16:12";genial
66359;;"2024-12-15 19:37:39";"vamos a ver que tal"
73078;;"2024-12-12 21:01:13";"je suis encore de l'utiliser"
58998;;"2025-01-27 02:37:14";"muy buena aplicación esencial"
58965;;"2025-01-27 15:41:51";excelente
58932;;"2025-01-27 23:50:42";excelente
58899;;"2025-01-28 16:59:46";excelente
76843;;"2025-01-27 16:57:14";ótimo
62066;;"2025-01-07 22:52:18";"excelente app"
69696;;"2024-12-08 12:49:57";😍
76628;;"2025-02-10 12:39:49";"incrível 😍"
54528;;"2024-05-31 02:37:31";good
54529;;"2024-05-30 19:23:54";"can't wait to try this."
54530;;"2024-05-30 18:05:26";excellent👍
54531;;"2024-05-30 04:31:16";Terrible.
54532;;"2024-05-29 23:51:19";"Terrible, don't get this always on maintance can't even used it.dont recommend"
54533;;"2024-05-29 20:52:58";Awesome
54534;;"2024-05-29 18:13:16";net
54535;;"2024-05-29 11:29:57";"nice appp"
54536;;"2024-05-28 10:48:09";back
54537;;"2024-05-28 09:52:45";great
54538;;"2024-05-28 08:23:33";"amazing facts beautiful creatives here"
54539;;"2024-05-27 14:26:49";good
54540;;"2024-05-27 12:34:26";"idk just dl it"
54541;;"2024-05-27 04:27:21";"just down loaded got to try it dang lol"
54542;;"2024-05-26 17:59:47";"It generated 3 images that looked the same and then stopped working."
54543;;"2024-05-26 05:56:18";"very nice"
54544;;"2024-05-25 17:26:01";"good designer app"
54545;;"2024-05-25 16:33:51";"Just nice very helpful."
54546;;"2024-05-25 13:23:41";good
54547;;"2024-05-25 10:47:52";"cool app 😎 👌"
54548;;"2024-05-24 15:54:47";"No good styles or options"
54549;;"2024-05-24 15:34:38";"It's basically the same thing as bings image creator. I was looking for something that would take my current furniture or items into account but it doesn't. The first redesign it created didn't even make sense. It has gold wood molding between two arm chairs where crowm molding isn't even possible, oh and a gold fan (?). The hallway was replaces with a bookcase, again not even possible. Next redesign same things, but with a sofa covering the TV. Just overall not great."
54550;;"2024-05-24 12:25:20";"not free ,u have to pay for even one try ."
54551;;"2024-05-23 23:32:28";"Please don't waste your money like I did. This app is just going to give you pictures that match your room, it's not actually designing anything. Big waste"
54552;;"2024-05-23 20:59:22";smashing
54553;;"2024-05-23 15:23:03";"Doesn't work"
54554;;"2024-05-22 08:16:36";"very helpful"
54555;;"2024-05-22 04:58:28";"Worst than even free Ai apps."
54556;;"2024-05-22 04:52:20";"love it!"
54557;;"2024-05-21 20:56:33";"Great design app"
54558;;"2024-05-21 20:07:12";"The soonest download ask for ratings, if you take a picture will take to pay $49.99"
54559;;"2024-05-21 08:41:58";"how we know the ratings before using application"
54560;;"2024-05-21 00:54:19";"This is useless. It just takes your furniture layout but nothing else os really yours. It just makes a fake page with fake things."
54561;;"2024-05-20 23:47:31";"I'd give it a zero.. won't let you proceed, no menu. Don't waste your time or money!"
54562;;"2024-05-20 23:14:47";"You have to pay to use the basic app"
54563;;"2024-05-19 20:04:51";"App does not work well enough to be worth the cost. Regenerating an image usually only gives slightly different results. App goes down due to high usage frequently."
54564;;"2024-05-18 23:11:19";"Doesn't do anything"
54565;;"2024-05-18 20:03:45";"I bought a subscription and does not work properly do not buy it says AI is busy. Why is it busy after taking subscription counting money and not providing service yuck...app"
54566;;"2024-05-18 10:00:42";"I am intiriar decoration ideas and prectically make many me you,,,"
54567;;"2024-05-18 05:54:26";"good 👍"
54568;;"2024-05-17 22:23:06";"Pay to just try"
54569;;"2024-05-17 16:59:00";"very helpful app"
54570;;"2024-05-17 16:25:30";"👍 great"
54571;;"2024-05-17 16:23:24";"This app is AWFUL! Same picture generated EVERY SINGLE TIME AFTER of course I paid for the app."
54572;;"2024-05-16 15:54:26";"it doesn't actually do anything... just sorta creates a random room based on the shape of your walls. doesn't tell you what furniture you can buy, what colors to use, what decorations to get, etc. I don't see how you'd ever get any more use out of this than you would, say, Pinterest, which actually does do those things."
54573;;"2024-05-16 15:48:17";"Literally didn't even use the photo of my room. It just put a picture of a pretty room on my screen."
54574;;"2024-05-16 14:47:22";"Awesome idea"
54575;;"2024-05-16 08:41:42";super
54576;;"2024-05-14 18:44:20";super
54577;;"2024-05-14 18:23:54";good
54578;;"2024-05-13 15:50:27";good
54579;;"2024-05-13 08:59:33";nice
54580;;"2024-05-12 17:42:29";"Wanted to remodel the laundry room. No laundry room ""room type"" so it kept generating ridiculous images"
54581;;"2024-05-12 12:30:25";"the City furniture"
54582;;"2024-05-11 04:44:44";satisfying
54583;;"2024-05-10 22:12:52";"Doesn't generate room photos"
54584;;"2024-05-10 08:43:20";Awesome!
54585;;"2024-05-09 12:19:04";"No good, wanted to be able to change color on my walls and couldn't do anything other than a redesign"
54586;;"2024-05-08 19:59:20";"nice one"
54587;;"2024-05-08 18:19:00";"Doesn't give you realistic design ideas."
54588;;"2024-05-08 02:51:46";Amazing!
54589;;"2024-05-08 01:45:51";"Let's see what it do. Post review coming soon"
54590;;"2024-05-08 01:44:14";"this app is so fun to use."
54591;;"2024-05-07 19:46:30";"Love this app it was helpful and it help me see my vision in real life like my living room is beautiful"
54592;;"2024-05-07 16:21:33";Excellent
54593;;"2024-05-06 03:57:52";"Aplikasi bohong2an yg sangat tidak berguna mana habiskan uang lagi"
54594;;"2024-05-06 00:54:36";"Doesn't generate ideas for my space from the original photo. Just gave me a different photo that matched the 2 prompts (room + style). Waste of time."
54595;;"2024-05-05 19:21:00";"Completely changes room architecture and not if any use. $40 down the drain, which is my fault for not trying weekly. Photos of app use aren't how the app operates. Don't waste your money."
54596;;"2024-05-05 01:29:21";super
54597;;"2024-05-03 19:42:24";MonyluakIsaac
54598;;"2024-05-03 08:28:31";"Made me rate it before doing anything else. Zero stars here."
54599;;"2024-05-02 17:39:37";"Big problem is that the extremely popular industrial style wasn't even listed so even though I really liked the results They weren't relevant."
54600;;"2024-05-02 14:43:47";"Lol I took a picture of my TV and gaming set up... asked for a boho look it just covered everything in carpet... EVERYTHING. Lol it was funny but lame for what I was hoping for"
54601;;"2024-05-02 12:07:14";cool
54602;;"2024-05-01 19:50:04";"Maybe the pro version works, but the free version doesn't do anything with your image. It doesn't redesign it, it literally just pulls up an obviously AId stock photo."
54603;;"2024-04-30 18:41:26";"Terrible Experience. I am extremely dissatisfied with the app after purchasing a one-week subscription. Since downloading, I have been unable to use the service at all due to constant ""high traffic load"" messages. Requesting refund."
54604;;"2024-04-30 16:11:32";expensive
54605;;"2024-04-30 02:04:19";"The app keeps shutting down and would not stay open to even add a picture 😒"
54606;;"2024-04-28 15:55:13";"When it works it's great, but I just downloaded it, paid the $40 for the year, and am getting a message that the app is at full capacity and will return later?! Not so great for $40."
54607;;"2024-04-28 15:20:26";"so far its good"
54608;;"2024-04-28 08:48:31";"amazing! my dreams come to life"
54609;;"2024-04-28 02:30:21";"Fabulous App"
54610;;"2024-04-28 01:19:32";"very cool"
54611;;"2024-04-26 09:19:36";"very good"
54612;;"2024-04-24 19:09:09";"how wonderful interior design and my home artificial design"
54613;;"2024-04-24 06:33:21";"As soon as I got the subscription it conveniently had loading issued. Then it capped me off. It's too expensive to crash so I uninstalled it. Great idea though."
54614;;"2024-04-23 07:37:49";"I wanted some advice with furniture placement and this app in addition to providing this also upgrades the whole floor and windows.....I don't need to upgrade this but rather it would be nice if the app worked with what you already have.....a bit dissapoited and would not recommend."
54615;;"2024-04-21 13:53:05";"It's way too expensive and doesn't even allow you to play around with it to see if I like it, just takes you to payment page. There are loads of free apps like this so I've uninstalled."
54616;;"2024-04-21 13:00:41";"Not free"
54617;;"2024-04-21 10:38:30";"awesome app"
54618;;"2024-04-19 19:25:54";"Only 3 free designs per day, expensive if you pay for the pro version (7$/week...come on, even Netflix costs less then that) . But even if you would want to pay, the AI is simply not great. All of the 3 free designs came messed up, with windows where there are none in reality, and things that defy laws of physics, and kitchen cabinets for example that make no sense. And you want people to pay for that? The idea of the app is good, but in curent state and at this price, I don't recommend."
54619;;"2024-04-17 13:20:09";"Let pay so i can try once"
54620;;"2024-04-16 03:35:55";"It's absolutely horrible. It's redisgning the house structure.. waste of money.. and the design was horrible"
54621;;"2024-04-15 22:35:45";"Just what I need feeling stuck and redecorating my entire home!!! So excited to use this app✨️"
54622;;"2024-04-15 20:50:08";"Great App"
54623;;"2024-04-14 21:32:02";"Don't bother."
54624;;"2024-04-14 20:03:26";"I don't often rate apps but this one is ridiculous. It is horrible and doesnt design anything. Comical actually"
54625;;"2024-04-14 14:21:43";"Bad app"
54626;;"2024-04-13 22:26:13";"Amazing App . Great Designs."
54627;;"2024-04-13 15:48:49";"Not accurate to picture I uploaded"
54628;;"2024-04-13 12:31:39";"The app sucks. You spend more time being told that there is high traffic on the app than you are able to actually use it. It is a complete waste of money and storage."
54629;;"2024-04-12 23:04:31";"instead of doing what I want. This was such a waste!"
54630;;"2024-04-12 16:29:01";"I love it"
54631;;"2024-04-12 10:55:03";"Absolutely trash. If I could post pics of what it did, you'd laugh. At the very beginning, they try to get your money. There's no trial period for pro. You can bypass the paid option for an ad monitized version. For the results it have me, this app should be named AI Interior REMODEL. I gave it a pic of my living room which has a fireplace and a mantle, and it completely remodeled the whole room. Removed the fireplace and mantle but put a door there that is probably 4 feet high. Lol! No."
54632;;"2024-04-12 00:33:19";"What a waste of money. They just put up a random picture up!"
54633;;"2024-04-11 03:14:06";"Creates a completely different room. Not even close to the picture I uploaded. It doesn't 'change' your room it just shows you a random picture of a different room from a catalogue"
54634;;"2024-04-10 18:26:08";Garbage
54635;;"2024-04-09 03:46:38";good
54636;;"2024-04-08 15:39:33";Lovely
54637;;"2024-04-08 02:08:46";nice
54638;;"2024-04-08 01:50:36";"thik thak hai"
54639;;"2024-04-07 14:00:25";"nice app"
54640;;"2024-04-07 03:57:20";"was struggling with ideas of interiors, but trust me this does the job perfect 👌"
54641;;"2024-04-06 06:57:05";"Does not work"
57642;;"2025-02-21 20:35:59";"algo muy útil y práctico"
57643;;"2025-02-21 20:32:54";"No lo he usado, voy a probar"
57644;;"2025-02-21 19:21:44";"voy a mirar amtes de utilizarla"
57645;;"2025-02-21 19:15:50";"no la e usado y ya me pide reseña 😒"
57646;;"2025-02-21 19:06:35";"súper funcional"
57647;;"2025-02-21 18:13:31";"excelente 👌🏻 le doy 5 estrellas 🌟"
57648;;"2025-02-21 18:08:06";"muy eficiente y útil,exelente"
57649;;"2025-02-21 17:49:37";"Me parece grandioso que pongan disponible esta aplicación. Es de grana utilidad para que las familias retomen el gusto por la belleza. Felicidades"
57650;;"2025-02-21 17:42:27";"muy bueno"
57651;;"2025-02-21 17:22:50";"Excelente herramienta para los que gustamos de ver nuestra casa muy bonita"
57652;;"2025-02-21 17:20:09";"muy util"
57653;;"2025-02-21 17:08:34";genial
57654;;"2025-02-21 17:00:02";"Exelente buena y ne"
57655;;"2025-02-21 16:40:38";"No me gustó, no me deja probar la app antes que ya me pide los datos de mi tarjeta."
57656;;"2025-02-21 16:34:12";"excelente 👌"
57657;;"2025-02-21 15:21:10";excelente
57658;;"2025-02-21 15:12:59";"fácil de usar y grandes ideas para decorar o remodelar"
57659;;"2025-02-21 15:05:19";"muy bien"
57660;;"2025-02-21 15:03:29";"Horrible sino pagas no te deja"
57661;;"2025-02-21 14:39:20";"excelente aplicación"
57662;;"2025-02-21 14:33:14";"buena app"
57663;;"2025-02-21 14:33:04";"Excelente App"
57664;;"2025-02-21 13:58:14";"Muy buena"
57665;;"2025-02-21 13:49:47";"excelente opción"
57666;;"2025-02-21 12:03:20";"no sé cómo es la app pero creo que buena"
57667;;"2025-02-21 11:52:24";"genial app"
57668;;"2025-02-21 08:40:53";"excelente herramienta de trabajo"
57669;;"2025-02-21 05:24:32";super
57670;;"2025-02-21 04:39:08";Excelente
57671;;"2025-02-21 04:28:12";"Muy bueno"
57672;;"2025-02-21 02:13:54";excelente
57673;;"2025-02-21 01:03:05";"la recomiendo"
57674;;"2025-02-21 00:00:07";"La apps está buena pero no esta bien definido donde debo dar de baja la suscripción no quiero pagar luego de la prueva gratis"
57675;;"2025-02-20 23:51:32";"muy buen app"
57676;;"2025-02-20 23:47:34";"es muy bueno"
57677;;"2025-02-20 23:41:57";"excelente app"
57678;;"2025-02-20 23:27:51";"excelente app"
57679;;"2025-02-20 22:40:35";"ATENCION contraté la prueba gratuita y no le puedo cancelar la suscripción! PARECE ESTAFA"
57680;;"2025-02-20 22:06:29";bien
57681;;"2025-02-20 22:00:49";"es muy bueno"
57682;;"2025-02-20 21:30:56";bien
57683;;"2025-02-20 20:59:58";Bajenla
57684;;"2025-02-20 20:58:51";"Genial el poder tener ideas de como diseñar una habitación es muy fácil con eta aplicación"
57685;;"2025-02-20 20:50:33";"Magnífica app"
57686;;"2025-02-20 19:57:42";🥰
57687;;"2025-02-20 19:53:51";"veremos cómo andan"
57688;;"2025-02-20 19:46:50";"súper 😸"
57689;;"2025-02-20 18:23:03";"Apenas la voy a probar"
57690;;"2025-02-20 18:22:58";"exelente gracias"
57691;;"2025-02-20 18:15:16";"muy buena app"
57692;;"2025-02-20 17:47:04";"me gusta ☺️"
57693;;"2025-02-20 17:36:52";"muy buena"
57694;;"2025-02-20 17:32:23";"aun no la he usado espero sea buena"
57695;;"2025-02-20 17:31:44";genial
57696;;"2025-02-20 15:29:30";excelente
57697;;"2025-02-20 15:17:09";"Excelente, es una profesión con poco esfuerzo."
57698;;"2025-02-20 15:13:57";"aún no la uso jajaja"
57699;;"2025-02-20 14:30:44";"muy bien"
57700;;"2025-02-20 13:24:55";"la voy a probar para ver qué tal"
57701;;"2025-02-20 13:08:59";bien!
57702;;"2025-02-20 05:09:34";"Pésima, no sirve para nada, se tilda, es lenta, en uno de los menús te pide subir una foto de tu casa para sugerir una decoración, y te muestra una imagen completamente distinta , no pierdan tiempo, y es más para usarla te tienes que suscribir de prueba ya que no te la deja usar de otra manera."
57703;;"2025-02-20 04:57:04";bueno
57704;;"2025-02-20 02:50:44";recomendado
57705;;"2025-02-20 00:19:39";"muy buena!"
57706;;"2025-02-19 22:11:01";"Muy buena app"
57707;;"2025-02-19 21:20:25";"Tendré que probar"
57708;;"2025-02-19 21:00:51";"recomendada 100%"
57709;;"2025-02-19 19:56:04";buen
57710;;"2025-02-19 17:34:14";"espero y no cobre dice gratis"
57711;;"2025-02-19 17:11:23";"Es una app de pago, sin verla no puedo opinar"
57712;;"2025-02-19 16:41:35";💯
57713;;"2025-02-19 16:09:37";"hermosa aplicación"
57714;;"2025-02-19 15:34:36";"chévere.. de gran ayuda"
57715;;"2025-02-19 14:26:40";buenas
57716;;"2025-02-19 14:06:36";"excelente aplicación para modificar interiores"
57717;;"2025-02-19 13:59:39";"muy buena🎇🎇🎇"
57718;;"2025-02-19 13:42:46";bien
57719;;"2025-02-19 13:02:41";entretenido
57720;;"2025-02-19 12:53:21";"Ok buena app"
57721;;"2025-02-19 11:30:18";interesante
57722;;"2025-02-19 10:47:20";"espectacular la información que brinda"
85315;;"2024-11-03 15:27:22";"just started let start"
85252;;"2024-10-13 06:57:23";"O prostie."
85059;;"2024-10-18 06:27:08";"ok nice"
84997;;"2024-11-08 14:55:49";"the best"
84807;;"2024-12-10 04:24:32";"meezing... sangat membantu"
84746;;"2024-12-15 23:26:07";bagus
84559;;"2025-01-02 14:26:36";mantap
84499;;"2025-01-07 07:46:45";bagus
84315;;"2025-01-28 04:26:26";ok
84256;;"2025-02-05 13:57:20";gasss
79467;;"2024-12-14 15:41:04";cool
79409;;"2024-10-08 14:41:48";tốt
84837;;"2024-12-07 07:27:09";good
77638;;"2025-02-11 13:48:45";bellissimo
77581;;"2024-11-03 13:28:17";"Immer wieder bekommt man die Nachricht, dass die App gewartet wird. Wenn man es gekauft hat, funktioniert es auf einmal wie aus der Wunderhand. Nur installieren wenn man auch ein Abo abschließen möchte."
77407;;"2024-10-18 23:25:15";bom
77351;;"2024-10-31 01:29:19";"Não consigo nem usar de graça e nem pagando . Não estou conseguindo acesso"
85286;;"2024-11-19 14:58:03";"Doesn't work"
77125;;"2024-12-15 00:24:25";"muito bom"
77070;;"2024-12-19 07:54:00";Positivo
76903;;"2025-01-18 00:44:18";"Golpe. Não deixa cancelar e vão te cobrando no cartão de crédito"
76849;;"2025-01-27 01:33:49";"app fantástico, realmente surpreendeu!!!!"
77153;;"2024-12-12 00:06:07";incrível
76632;;"2025-02-10 02:05:45";"Nada com nada....nem.pede uma.foro.de onde vc quer...horrível"
76579;;"2025-02-13 16:52:52";top
84533;;"2025-01-05 01:07:24";"aplikasi yang apa sodara2.. yup aplikasi yg bagooos"
73293;;"2024-10-15 17:09:36";"application très utile"
73240;;"2024-10-30 12:44:44";excellent
85353;;"2024-12-13 18:39:26";"Like IT yes."
73031;;"2024-12-26 09:02:51";"je suis à mon début"
72979;;"2025-01-05 07:20:56";Bien
72826;;"2025-01-29 09:45:55";top
72775;;"2025-02-03 06:15:36";"Sublime aplication qui nous aide a trouver des idées pour relouquer notre maison"
72724;;"2025-02-07 21:30:31";bien
84845;;"2024-12-05 15:36:45";"blum di coba"
72525;;"2024-10-31 07:24:23";zor
72475;;"2025-01-21 08:38:44";"Это платная программа.Не рекомендую"
70925;;"2024-10-06 00:43:10";"زفت مش بيشتغل نهائي من بعد أول تصميم غير بالفلوس"
85099;;"2024-10-08 00:06:09";godd
70732;;"2025-02-06 08:17:14";راع
70684;;"2025-02-16 17:55:37";👍
76828;;"2025-01-28 20:52:23";bom
70498;;"2024-09-30 03:20:42";"Te permite hacer un solo cambio y luego te obliga a comprar la versión pro"
70451;;"2024-10-05 14:12:08";genial
70404;;"2024-10-09 16:35:31";"excelente App"
85039;;"2024-10-23 20:13:14";"saya belum memakai seperti apa penggunaannya"
70224;;"2024-10-25 04:07:29";"excelente la voy a probar"
70178;;"2024-10-29 22:52:20";"Ni la use y me piden calificaciones"
72456;;"2025-02-09 10:37:09";good
70003;;"2024-11-17 22:49:15";genial
69958;;"2024-11-21 19:54:23";"no use la aplicación y ya me muestran como calificar. bueno le doy 2 estrellas, espero retractarme y darle 5 si me gusta."
69913;;"2024-11-25 02:05:01";excelente
72757;;"2025-02-04 09:33:40";"très pratique"
69744;;"2024-12-06 16:13:23";excelente
69700;;"2024-12-08 11:31:04";"Aún no la he probado"
69656;;"2024-12-08 23:21:56";excelente
66612;;"2024-12-09 20:16:56";"Una porquería no me dejo ni probarla que ya había que pagar ni loca me suscribo a algo que no me dejo ni mirar como se usa y si había otros modelos"
66568;;"2024-12-10 12:53:41";genial
85288;;"2024-11-10 11:59:09";τέλειο
66407;;"2024-12-14 16:30:15";"no probé aún está app y ya me obligo a pedir una reseña"
66364;;"2024-12-15 18:27:06";hermosa
66321;;"2024-12-16 14:58:54";"espectacular esta aplicación, realmente es muy útil."
72459;;"2025-02-04 20:08:14";"Очень долго думает, не зашло 👎🏼"
66166;;"2024-12-21 02:34:17";"me párese espectacular"
66124;;"2024-12-21 20:09:14";"no responde"
66082;;"2024-12-22 21:20:41";"excelente aplicativo"
84482;;"2025-01-08 06:48:57";"baru mau coba"
77165;;"2024-12-11 08:53:38";"Ainda não experimentei"
65893;;"2024-12-27 13:25:32";"genial buena app"
65853;;"2024-12-28 02:40:56";👌🏻
65813;;"2024-12-28 18:11:12";"No es gratis, transforma el espacio hasta borrando cosas como una puerta 😖"
77107;;"2024-12-16 00:43:29";"Muitíssimo bom 👍"
77624;;"2025-02-14 20:29:03";"Chiede abbonamento"
65634;;"2024-12-31 19:22:46";"Una basura, solo puedo hacer una foto."
65595;;"2025-01-01 14:36:32";good
65556;;"2025-01-01 22:49:16";"Probando aun"
77389;;"2024-10-22 16:33:44";fantástico
77057;;"2024-12-20 18:22:40";"muitooooo booooom"
65384;;"2025-01-04 01:57:05";genial
65346;;"2025-01-04 18:33:46";excelente
65308;;"2025-01-05 03:50:53";genial
84586;;"2024-12-31 18:22:05";good
72563;;"2025-02-21 17:49:15";😍
65144;;"2025-01-06 21:50:48";"excelente! app"
72764;;"2025-02-03 19:22:30";parfait
62070;;"2025-01-07 22:18:48";"me avisas"
62033;;"2025-01-08 05:59:49";bueno
61996;;"2025-01-08 19:00:43";"me encanta, puedes renovar espacios solo con la aplicación, tienes opciones."
61959;;"2025-01-09 06:03:33";Bueno
66397;;"2024-12-14 20:42:49";cheve
76622;;"2025-02-10 16:33:08";"show muito top"
61806;;"2025-01-11 02:40:03";"muy buena la aplicación"
61770;;"2025-01-11 13:21:57";"es muy interesante 😊"
61734;;"2025-01-11 20:57:45";"una aplicación excelente"
61698;;"2025-01-12 10:25:46";ecxelente
66312;;"2024-12-16 21:37:31";ok
73284;;"2024-10-18 00:12:25";"Payant, très cher."
61554;;"2025-01-13 17:54:38";excelente
61519;;"2025-01-14 01:03:53";excelente
61484;;"2025-01-14 12:21:41";"Haré la prueba esta app"
61449;;"2025-01-14 16:39:33";coooo
65548;;"2025-01-02 02:26:04";"no la he probado aún"
77617;;"2025-02-18 13:48:41";"App a pagamento"
84491;;"2025-01-07 15:25:04";"2 dulu ya"
61279;;"2025-01-16 12:34:18";Super
61244;;"2025-01-16 19:56:33";10points
61209;;"2025-01-17 02:39:19";excelente
61547;;"2025-01-13 19:57:39";🫶🏼
66159;;"2024-12-21 05:36:21";"buena app"
73024;;"2024-12-29 17:21:52";"Prévoir un abonnement de 44€ autrement ne fonctionne pas Je désinstalle"
61046;;"2025-01-18 21:28:18";Horrible
61012;;"2025-01-19 08:06:57";genial
60977;;"2025-01-19 16:42:55";"muy buenas"
60942;;"2025-01-20 00:43:43";"Pésima, comienzan a cobrarte una vez que la abres, siquiera sé que experimentar si no me dejan probarla al menos, no voy a pagar por una app desconocida🤦🏼‍♀️"
61728;;"2025-01-11 22:34:14";Excelente.
66401;;"2024-12-14 18:48:14";excelente
85289;;"2024-10-25 04:04:56";"the application does not work, after I paid for it it worked for a while and then it says that it has increased traffic and cannot work. However, they thanked me for my patience, which I don't have"
60786;;"2025-01-22 16:13:56";bien
60752;;"2025-01-23 02:56:08";genial
60718;;"2025-01-23 17:19:34";excelente
60684;;"2025-01-24 05:13:52";hermoso
59138;;"2025-01-25 04:42:43";"muy bueno"
61801;;"2025-01-11 03:14:03";"Muy buena en verdad"
66402;;"2024-12-14 17:55:11";"me parece una buena aplicación para ver los diseños que quieras hacer"
73235;;"2024-11-01 05:34:23";excelkent
58997;;"2025-01-27 02:52:56";buenisimo
58964;;"2025-01-27 15:45:13";"lo voy a probar tengo mucha expectativa"
58931;;"2025-01-28 00:07:39";"Es una basura de app, no intenten hacer el periodo se prueba, súper super fraude"
58898;;"2025-01-28 17:04:33";"execelente aplicación"
69650;;"2024-12-08 23:59:04";"muy buena"
73072;;"2024-12-14 15:29:44";bien
69740;;"2024-12-06 18:30:13";"CUIDADO!!!! , CARGA LOS DATOS DE TU TARJETA BANCARIA EN AUTOMÁTICO"
77611;;"2025-01-03 18:12:58";gooood
57856;;"2025-02-14 14:13:52";"es genial😊"
57857;;"2025-02-14 13:12:23";"Muy bna"
57858;;"2025-02-14 12:32:34";buena
57859;;"2025-02-14 10:39:00";genial
57860;;"2025-02-14 07:32:07";"excelente aplicación"
57861;;"2025-02-14 05:07:32";"MUY bacano"
57862;;"2025-02-14 05:04:18";"encantadora y divertida para sus desarrollos de mente y cuerpo gracias"
57863;;"2025-02-14 03:24:53";"genial 😁"
57864;;"2025-02-14 03:15:31";"mal porque no la eh usado y quiere calificación"
57865;;"2025-02-14 03:09:47";bien
57866;;"2025-02-14 02:38:42";"excelente app, muy práctico"
57867;;"2025-02-14 02:31:21";Excelente
57868;;"2025-02-14 02:16:28";excelente
57869;;"2025-02-14 02:01:07";"me emociona tener esta app. mas adelante les contare detalles"
57870;;"2025-02-14 01:58:34";"muy buena aplicación"
57871;;"2025-02-14 01:28:16";"muy buena"
57872;;"2025-02-14 01:12:42";"Señores NO crean en los comentarios que hablan de lo buena que es la APP , si no pagas o afilias una targeta no podras usar ni los dias gratuitos que promete...una completa estafa NO LA DESCARGUEN"
57873;;"2025-02-14 00:50:10";"muy práctico"
57874;;"2025-02-14 00:19:07";excelente
57875;;"2025-02-14 00:14:32";excelente
57876;;"2025-02-13 23:46:36";"muy buena aplicación"
57877;;"2025-02-13 23:35:02";excelente
57878;;"2025-02-13 23:21:14";probandola
57879;;"2025-02-13 22:36:15";"increíble este programa"
57880;;"2025-02-13 22:22:55";excelente
57881;;"2025-02-13 21:45:12";"lo maximo"
57882;;"2025-02-13 21:39:44";"buena app"
57883;;"2025-02-13 21:35:09";Bien
57884;;"2025-02-13 21:29:56";excelente
57885;;"2025-02-13 20:38:13";Exelente
57886;;"2025-02-13 20:27:53";"apenas lo usaré"
57887;;"2025-02-13 20:17:56";"Es una buena aplicación pero tiene fallas. Cuando se prueba un diseño y se vuelve hacia atrás para elegir otro estilo, al presionar ""continuar"" no hace nada, hay que empezar de 0, volver a elegir la foto y el estilo. Así se vuelve un poco tedioso. El resto bien. A mejorar, sería bueno que complete con muebles una sala sin nada y también que se pueda reemplazar objetos una vez que se finalice el diseño"
57888;;"2025-02-13 20:15:52";Buena
57889;;"2025-02-13 19:59:46";"aplicacion interesante y von burnas sugerencias"
57890;;"2025-02-13 19:36:06";excelente
57891;;"2025-02-13 19:30:26";genial
57892;;"2025-02-13 19:30:06";"excelente aplicación te da un panorama más amplio del diseño en interiores."
57893;;"2025-02-13 19:18:00";excelente
57894;;"2025-02-13 19:13:40";"excelente opción para crear ambientes muy bonitos"
57895;;"2025-02-13 19:01:21";"muy buena"
57896;;"2025-02-13 19:00:45";"me falta provar la aplicacion aun"
57897;;"2025-02-13 19:00:36";"muy buena app, excelente para iniciar en el diseño de interiores"
57898;;"2025-02-13 18:51:19";Excellent
57899;;"2025-02-13 18:23:47";"Muy bueno"
57900;;"2025-02-13 18:20:07";genial
57901;;"2025-02-13 17:56:50";"muy práctico y fácil de usar"
57902;;"2025-02-13 16:35:40";buenaso...recomiendo!!
57903;;"2025-02-13 15:46:40";"Excelente, una herramienta muy útil."
57904;;"2025-02-13 15:41:23";"se ve bien gracias"
57905;;"2025-02-13 15:31:14";chévere
57906;;"2025-02-13 14:58:31";"Espero sea la mejor herramienta para mis diseños de interiores"
57907;;"2025-02-13 14:58:22";"esta buena eh! me ayudó muchísimo"
57908;;"2025-02-13 14:38:31";"Excelente todos los diseños son hermosos"
57909;;"2025-02-13 14:25:45";genial
57910;;"2025-02-13 14:13:31";"Diseños hermosos creados para brindarnos ideas geniales."
57911;;"2025-02-13 13:35:13";"excelente 🤩"
57912;;"2025-02-13 13:05:25";"Muy buena la aplicación"
57913;;"2025-02-13 12:54:30";excelente
57914;;"2025-02-13 12:22:04";excelente
57915;;"2025-02-13 12:13:35";"voy a probarlo..."
57916;;"2025-02-13 11:36:30";"Aun no la probé, luego veré cuantas estrellas agrego"
57917;;"2025-02-13 11:08:09";"me sirve"
57918;;"2025-02-13 09:35:07";excelente
57919;;"2025-02-13 07:19:24";"Genial, es muy útil."
57920;;"2025-02-13 06:36:22";"good yop"
57921;;"2025-02-13 05:11:58";"estoy empezando y ya me gusta mucho🌸"
57922;;"2025-02-13 04:53:03";"muy bueno"
57923;;"2025-02-13 04:01:05";"ta buena la app"
57924;;"2025-02-13 03:59:25";super
57925;;"2025-02-13 03:47:38";"me párese genial 🤩"
57926;;"2025-02-13 03:12:34";buena
57927;;"2025-02-13 02:56:15";"apenas la ocuparé"
57928;;"2025-02-13 02:56:07";"buena aplicacion"
57929;;"2025-02-13 02:41:11";"Esta muy buena"
57930;;"2025-02-13 01:58:05";"excelente app"
57931;;"2025-02-13 01:54:35";"muy buena"
57932;;"2025-02-13 00:49:40";"No sé puede usar solo registrando tarjeta"
57933;;"2025-02-12 23:58:12";"Veros si se gana las 5 eatrellas"
57934;;"2025-02-12 23:33:41";"Malo malo, las imágenes son de baja calidad, y no se ve ningún criterio de Diseño, es como si jugarar con una foto real del espacio que deseas mejorar!"
57935;;"2025-02-12 23:24:23";"voy a probarla a ver qué tal tengo expectativas altas...."
57936;;"2025-02-12 23:21:29";"Excelenteeee me encantaaaa"
57937;;"2025-02-12 23:15:20";"muy fácil de usar"
57938;;"2025-02-12 23:10:59";👌
57939;;"2025-02-12 22:59:18";"Se ve interesante. Me gustaría ver más"
57940;;"2025-02-12 22:55:12";bien
57941;;"2025-02-12 22:33:33";perfecta
57942;;"2025-02-12 22:10:24";"interesante ☺️"
57943;;"2025-02-12 22:04:19";Buena
57944;;"2025-02-12 21:39:27";"luego la cambio después de utilizarla y saber si realmente funciona 🤛"
57945;;"2025-02-12 21:10:20";bueno
57946;;"2025-02-12 20:45:08";"me gusta"
57947;;"2025-02-12 20:31:39";"parece buena"
57948;;"2025-02-12 20:09:40";👍
57949;;"2025-02-12 19:53:52";excelente
57950;;"2025-02-12 19:49:55";"probaré luego completaré al ver resultados"
57951;;"2025-02-12 19:47:02";"se ve interesante, cuando la use vengo a actualizar mi opinión:)"
57952;;"2025-02-12 19:21:37";bien
57953;;"2025-02-12 19:09:42";"muy buena"
57954;;"2025-02-12 18:07:56";"empezaremos a diseñar y veremos el potencial"
57955;;"2025-02-12 18:00:16";"en prueba"
57956;;"2025-02-12 17:45:04";"excelente aplicación me encantó"
57957;;"2025-02-12 17:32:47";"muy bueno"
57958;;"2025-02-12 16:55:58";"estoy empezando a ver la app y ver el funcionamiento más adelante les doy mi opinión"
57959;;"2025-02-12 16:23:53";"Pague 7.90 dolares.pesima malisima! Sigo tooodos los pasos. demora mas de 15 min en actualizar y no te permite salir no bloquear el movil...y luego de 15 minutos siempre dice que estan en reparacion y mantenimiento... y te pide vuelvas a tomar foto. Durante 5 dias la probe y paso lo mismo. Una esta fa!"
57960;;"2025-02-12 16:06:19";super
57961;;"2025-02-12 16:03:25";bien
57962;;"2025-02-12 15:58:33";excelente
57963;;"2025-02-12 15:47:02";"Muy buena"
57964;;"2025-02-12 15:46:14";"Por probar"
57965;;"2025-02-12 15:17:01";"me encantó !! muy práctica"
57966;;"2025-02-12 15:15:17";"Me encanta"
57967;;"2025-02-12 14:49:00";"excelente 👌 presentación 👍"
57968;;"2025-02-12 14:06:14";bien
57969;;"2025-02-12 14:04:09";"excelente app"
57970;;"2025-02-12 13:58:31";"Muy buena"
57971;;"2025-02-12 12:33:03";"felicitaciones muy buena app 👌👏"
57972;;"2025-02-12 11:59:37";geniallll
57973;;"2025-02-12 11:52:00";bien
57974;;"2025-02-12 11:13:12";bien
57975;;"2025-02-12 10:03:18";"muy buena la aplicación me sirvió mucho !"
57976;;"2025-02-12 08:55:16";"Una gran Maravilla 🤩 Súper ⚡"
57977;;"2025-02-12 06:57:39";"es la mejor aplica si o de mi vida"
57978;;"2025-02-12 06:50:20";buenas
85314;;"2024-12-01 12:30:53";best
85251;;"2024-10-15 11:03:18";"super aplicatie"
85058;;"2024-10-18 08:40:07";"bisa untuk pemula"
84996;;"2024-11-09 01:32:50";"good job"
84806;;"2024-12-10 04:33:34";okk
84745;;"2024-12-15 23:49:39";bagus
84558;;"2025-01-02 14:37:07";"belum dicoba belum tahu hasilnya"
84498;;"2025-01-07 09:59:24";okey
84314;;"2025-01-28 06:53:55";"blm dicoba"
84255;;"2025-02-05 16:59:14";bagus
79466;;"2024-12-16 16:36:59";Nice
79408;;"2024-10-09 08:33:15";tuyệt
85028;;"2024-10-27 05:35:53";"apps yg cukup bantu visualisasi."
77637;;"2025-02-11 14:13:25";"si debe pagare"
77580;;"2024-11-03 19:45:50";"not doing any ai models. Don't subscripe, you won’t get your money back"
77406;;"2024-10-19 12:37:09";"top o aplicativo gostei de mais atendeu todas as minhas expectativas e necessidades em relação a projetos"
77350;;"2024-10-31 10:39:04";bom
85349;;"2024-10-17 01:03:18";"the best"
77124;;"2024-12-15 00:27:40";show
77069;;"2024-12-19 09:27:22";"vou testar ainda"
76902;;"2025-01-18 11:02:18";top
76848;;"2025-01-27 02:10:56";ótimo
77324;;"2024-11-09 23:36:25";bommmm
76631;;"2025-02-10 02:28:18";"Só gerou duas imagem e depois tem que pagar e é caro. Poderiam liberar mais fotos pra elaboração de ambientes diferentes ."
76578;;"2025-02-13 17:10:27";"vou da apenas uma pq vou começar a usar agora. Depois voltarei aqui e dou mais"
84593;;"2024-12-31 03:49:43";"aplikasi yang sangat bagus, terima kasih"
73292;;"2024-10-15 17:43:51";excellent
73239;;"2024-10-31 03:18:48";"très bon assistant dans les conception des espaces d'intérieurs car permet au professionnel d'aller encore plus loin dans la recherche du bien être."
73082;;"2024-12-11 11:08:51";"bien 👍"
73030;;"2024-12-26 14:11:37";satisfait
72978;;"2025-01-05 08:15:27";super
72825;;"2025-01-29 10:05:36";bien
72774;;"2025-02-03 06:29:20";"super 👍🏿"
72723;;"2025-02-07 22:40:15";"Vraiment nul, je payé un abonnement et maintenant je ne peux plus me connecter sur l'application."
85036;;"2024-10-24 14:24:02";good
72524;;"2024-11-01 19:13:06";"I dont reccomend"
72474;;"2025-01-21 09:07:43";"Wow wonderful."
70924;;"2024-10-06 12:31:21";👍
85293;;"2024-10-05 17:46:34";"Loved it"
70731;;"2025-02-06 12:22:55";يجنن
70683;;"2025-02-16 20:17:53";رهيب
76882;;"2025-01-20 15:20:04";"muito bom !"
70497;;"2024-09-30 03:44:21";Mala
70450;;"2024-10-05 16:54:30";"la estoy probando. se ve prometedor"
70403;;"2024-10-09 17:05:02";"me parece bien."
85101;;"2024-10-07 03:23:19";"belum coba"
70223;;"2024-10-25 04:07:59";excelente
70177;;"2024-10-30 01:10:15";"Aún no la uso pero ya pide opinión....vendré a reeditar cuando la use"
72506;;"2024-12-08 19:21:40";"Конченное приложение"
70002;;"2024-11-17 23:46:37";"Dice que se puede usar una versión gratis pero no te deja avanzar si no pagas"
69957;;"2024-11-22 01:24:08";buenísima
69912;;"2024-11-25 05:59:16";"excelente app"
72808;;"2025-01-30 20:36:47";ok
69743;;"2024-12-06 17:15:30";"pues aún no la uso porque me piden una reseña para iniciar pero estoy ansiosa por hacerlo"
69699;;"2024-12-08 11:31:25";Excelente
69655;;"2024-12-08 23:23:57";"execelente app"
66611;;"2024-12-09 20:47:27";"aún debo probar la APP"
66567;;"2024-12-10 13:04:13";"lo mejor"
76832;;"2025-01-28 17:19:26";"Pede cartão de crédito pra liberar 3 dias grátis. Aplicativo assim não fica 10 segundos instalado no meu celular"
66406;;"2024-12-14 16:40:06";"lo mejor si no tienes suficiente imaginación como yo para tener una casa muy bonita"
66363;;"2024-12-15 18:53:36";👍
66320;;"2024-12-16 15:35:41";"me parece algo innovador así te ayuda a ver una mejor idea de lo que uno tiene en mente, además que está chill"
72509;;"2024-11-26 18:09:24";"Вообще не понимает по стенам, строит стены, генерит всякую фигню, и каждый рас одно и то же"
66165;;"2024-12-21 02:39:19";hermoso
66123;;"2024-12-21 20:25:54";Super
66081;;"2024-12-22 21:45:53";"obligado a hacer esto"
69941;;"2024-11-23 18:43:24";"probaré probaré"
77336;;"2024-11-05 12:30:04";"Vou experimentar!Acho Perfeito."
65892;;"2024-12-27 13:31:45";excelente
65852;;"2024-12-28 02:44:07";"excelente 👌"
65812;;"2024-12-28 18:36:55";"vamos a probar hoy"
69899;;"2024-11-26 01:01:23";"muy buen app"
77681;;"2025-01-21 09:32:02";"intuitiva, facile, utilissima"
65633;;"2024-12-31 19:26:38";"excelente aplicación muy buena calidad util"
65594;;"2025-01-01 15:07:52";"ya la quiero.usar"
65555;;"2025-01-01 23:23:07";good
66599;;"2024-12-09 22:48:49";"excelente herramienta muy util"
77112;;"2024-12-15 19:12:17";bom
65383;;"2025-01-04 02:01:18";"🆗 ya está"
65345;;"2025-01-04 18:45:40";bien
65307;;"2025-01-05 03:53:04";Ok
65802;;"2024-12-28 20:07:19";súper
72712;;"2025-02-08 12:25:12";"ce jeu est très bien"
65143;;"2025-01-06 21:54:47";"Al cien."
72815;;"2025-01-30 09:33:50";Fantastique
62069;;"2025-01-07 22:20:32";genial
62032;;"2025-01-08 07:42:35";"ecxelente aplicación"
61995;;"2025-01-08 19:18:38";"me gusta"
61958;;"2025-01-09 06:17:14";bueno
77678;;"2025-01-25 21:17:00";"ottima app"
85345;;"2024-11-25 22:51:49";"By far the worst app I've ever downloaded. Not recommended"
61805;;"2025-01-11 02:40:30";"no sé"
61769;;"2025-01-11 13:40:43";"Una porquería solo pude hacer 1 sola foto y después me pide pagar... deberían dejar opciones clásicas free... una total pérdida de tiempo"
61733;;"2025-01-11 21:10:43";"Excelente aplicacion muy práctica y fácil de usar, además te da una ideas buenísimas y muy realistas"
61697;;"2025-01-12 10:32:58";"estoy probando la aplicación 😸"
66355;;"2024-12-15 20:07:48";"voy a probar"
73337;;"2024-10-06 14:29:09";رائع
61553;;"2025-01-13 17:56:36";ok
61518;;"2025-01-14 01:07:22";"en práctica"
61483;;"2025-01-14 12:36:02";"probando quiero mejorar mis espacios espero me ayude"
61448;;"2025-01-14 16:41:26";Excel
65587;;"2025-01-01 15:52:11";"voy a verte que tal es esta app espero que se excelente"
70676;;"2025-02-18 10:01:29";❤️
84551;;"2025-01-03 12:54:34";mantap
61278;;"2025-01-16 12:50:02";"la estoy coniciendo"
61243;;"2025-01-16 20:21:16";"aún no la utilizo"
61208;;"2025-01-17 02:44:01";"excelente app"
77061;;"2024-12-20 03:47:05";"muito bom"
73015;;"2024-12-31 08:35:58";"je vais découvrir et espère en tirer grand bienfaits"
73076;;"2024-12-13 14:11:07";"يا سلام"
61045;;"2025-01-18 21:54:01";super
61011;;"2025-01-19 08:52:13";ok
60976;;"2025-01-19 16:45:45";"gran aplicación te deja imaginar"
60941;;"2025-01-20 00:52:44";xelente
61764;;"2025-01-11 14:40:51";espectacular
77334;;"2024-11-06 12:26:34";"acabei de instalar, depois que usar volto pra dizer como foi"
76573;;"2025-02-13 19:35:48";ótimo
60785;;"2025-01-22 16:34:41";"excelente yo me dedico a remodelar traylas desde serio y la aplicación mea servido excelente mente👍"
60751;;"2025-01-23 03:02:52";Exelente
60717;;"2025-01-23 18:37:46";hermozoooo
60683;;"2025-01-24 05:47:34";"Es una app que pide dinero no la instalen"
59137;;"2025-01-25 05:28:16";"exelente aplicación ❤️"
77115;;"2024-12-15 18:51:33";ótimo
77163;;"2024-12-11 10:19:58";tranquilo
73288;;"2024-10-16 12:03:05";"vraiment magnifique"
58996;;"2025-01-27 02:54:20";excelente
58963;;"2025-01-27 16:05:55";"cuando empiece a usarla, reseña."
58930;;"2025-01-28 00:21:08";"Muy bueno"
58897;;"2025-01-28 17:04:55";"no la he usado aún pero tengo espectativas"
69734;;"2024-12-06 23:34:07";"me gusta esta aplicación"
66071;;"2024-12-23 02:26:30";"la comenzaré a usar pero en espectativa es buena, tiene buenos estilos y colores, pondré mi comentario después de unos días de usarla."
73065;;"2024-12-16 07:29:02";"très efficace et ca aide beaucoup"
76845;;"2025-01-27 14:38:48";"parece bom ainda não acessei"
58112;;"2025-02-10 03:49:03";ok
58113;;"2025-02-10 03:30:17";"super buena"
58114;;"2025-02-10 03:15:27";bien
58115;;"2025-02-10 03:13:53";"Excelente aplicación gracias"
58116;;"2025-02-10 03:00:56";Super
58117;;"2025-02-10 02:27:12";"aún no he utilizado la App pero lo de cinco estrellas porque creo que va a ser una aplicación espectacular"
58118;;"2025-02-10 01:09:14";"muy buena"
58119;;"2025-02-10 01:07:12";"Color de exterior"
58120;;"2025-02-10 01:02:18";buena
58121;;"2025-02-10 00:36:43";excelente
58122;;"2025-02-10 00:34:38";"Recién la descargo,aún no hago uso."
58123;;"2025-02-10 00:28:10";"todavía no probé"
58124;;"2025-02-10 00:27:39";"Me encanta"
58125;;"2025-02-10 00:19:39";buena..
58126;;"2025-02-10 00:18:58";"muy padre aplicación la ame"
58127;;"2025-02-10 00:07:43";"Para todo te pide pagar, no la recomiendo Ya que hay otras opciones de apps"
58128;;"2025-02-09 23:35:54";Maravillosa!
58129;;"2025-02-09 23:08:30";"de locos esta fenomenal"
58130;;"2025-02-09 22:59:06";👍
58131;;"2025-02-09 22:30:27";"espero sea buena apenas la cabo de instalar"
58132;;"2025-02-09 22:21:50";súper
58133;;"2025-02-09 22:00:15";buena
58134;;"2025-02-09 21:48:30";"todo ingenioso"
58135;;"2025-02-09 21:46:19";cool
58136;;"2025-02-09 21:44:29";super
58137;;"2025-02-09 21:28:51";excelente
58138;;"2025-02-09 21:21:03";"muy chula"
58139;;"2025-02-09 21:19:55";perfecto
58140;;"2025-02-09 21:02:50";"muy buena"
58141;;"2025-02-09 20:39:15";Bonito
58142;;"2025-02-09 20:33:18";"muy buena"
58143;;"2025-02-09 20:01:50";genial!
58144;;"2025-02-09 19:12:49";"esta espectacular este programa"
58145;;"2025-02-09 19:12:43";"muy creativo"
58146;;"2025-02-09 18:59:34";"súper práctica!"
58147;;"2025-02-09 18:54:07";Alucinante
58148;;"2025-02-09 18:41:56";"excelente aplicación 👌"
58149;;"2025-02-09 18:37:33";"apena voy a usarla"
58150;;"2025-02-09 18:31:14";"muy buena aplicación 👌"
58151;;"2025-02-09 18:27:26";"Apenas la acabo de instalar"
58152;;"2025-02-09 18:25:51";bueno
58153;;"2025-02-09 18:21:42";"excelente aplicación"
58154;;"2025-02-09 18:12:46";"una alternativa práctica para decorar tu hogar"
58155;;"2025-02-09 17:36:41";"muyyy Ggguena no buena"
58156;;"2025-02-09 17:04:34";Super
58157;;"2025-02-09 16:47:57";"muy bueno aplicación"
58158;;"2025-02-09 16:47:49";"muy bueno"
58159;;"2025-02-09 16:38:01";"No sirve"
58160;;"2025-02-09 16:34:35";"voy a probar está aplicación, después les cuento"
58161;;"2025-02-09 16:24:14";"Malisima... NO es gratuita"
58162;;"2025-02-09 16:11:54";nice
58163;;"2025-02-09 16:09:43";"fabuloso lo que te ayuda"
58164;;"2025-02-09 16:04:48";"me parece innovador"
58165;;"2025-02-09 16:01:04";excelente
58166;;"2025-02-09 15:55:00";"Muy interesante."
58167;;"2025-02-09 15:34:27";"es una aplicación genial y facilita las ideas de decoración para la toma de decisión"
58168;;"2025-02-09 15:28:57";fantástica
58169;;"2025-02-09 15:27:10";"super genial"
58170;;"2025-02-09 14:50:50";"es una aplicación increíble me encanta"
58171;;"2025-02-09 14:45:13";"muy buena aplicación"
58172;;"2025-02-09 14:44:12";Excelente
58173;;"2025-02-09 14:38:49";"buena app"
58174;;"2025-02-09 14:35:06";buena
58175;;"2025-02-09 13:44:29";🤩🤩
58176;;"2025-02-09 13:39:59";"me parece genial que tenga esta ayuda"
58177;;"2025-02-09 13:29:20";"fácil de usar"
58178;;"2025-02-09 13:09:46";Nice
58179;;"2025-02-09 12:53:32";"voy a probar...."
58180;;"2025-02-09 12:27:55";genial
58181;;"2025-02-09 11:58:21";excelente
58182;;"2025-02-09 07:43:17";"muy práctico"
58183;;"2025-02-09 07:40:42";"Excelente app para diseño de interiores y exteriores."
58184;;"2025-02-09 04:49:24";"Obligan a pagar y no vale la pena"
58185;;"2025-02-09 04:01:04";"Está bien 😊"
58186;;"2025-02-09 03:57:53";espectacular
58187;;"2025-02-09 03:31:14";"es perfecto"
58188;;"2025-02-09 03:17:23";excelente
58189;;"2025-02-09 03:11:08";"la única que ha funcionado rápido pero no hay prueba gratuita"
58190;;"2025-02-09 03:06:10";👍
58191;;"2025-02-09 02:21:05";"genial aplicación"
58192;;"2025-02-09 02:20:21";excelente
58193;;"2025-02-09 02:17:54";"muy fácil de manejar y facil de entender"
58194;;"2025-02-09 02:06:43";"pésima. ya no reconoce las fotos tomadas si no los ejemplos que están predeterminados en la misma app. antes de la actualización realmente podía hacer una remuneración más aceptable, ahora esta completamente fuera de lugar"
58195;;"2025-02-09 01:54:45";"muy realista!! bonitos diseños..."
58196;;"2025-02-09 01:40:37";excelente
58197;;"2025-02-09 01:38:59";🏆
58198;;"2025-02-09 01:38:10";"mejoró y cambio mi vida 💛"
58199;;"2025-02-09 01:14:09";👍
58200;;"2025-02-09 00:34:58";"me va a dar muchas hermosas ideas."
58201;;"2025-02-09 00:02:59";"comienzo a Usarla y a inspirar mis espacio"
58202;;"2025-02-08 23:50:58";"Estoy probandola"
58203;;"2025-02-08 23:27:35";"aun no la uso y ya quiere reseña"
58204;;"2025-02-08 23:14:49";"me encanta"
58205;;"2025-02-08 22:07:55";"muy util"
58206;;"2025-02-08 22:02:16";"Esta bien"
58207;;"2025-02-08 21:54:21";"Muy buena aplicación, genera ideas y simplifica la toma de decisiones, gracias."
58208;;"2025-02-08 20:40:27";genial
58209;;"2025-02-08 20:32:33";"muy buena la verdad super recomendable"
58210;;"2025-02-08 20:05:24";"muy bien 👍"
58211;;"2025-02-08 19:23:56";"excelente app para todo el mundo"
58212;;"2025-02-08 19:21:23";"la Pura Perfección"
58213;;"2025-02-08 19:20:40";excelente
58214;;"2025-02-08 19:06:39";Epetaculaaaaarrr
58215;;"2025-02-08 19:03:04";🫶🏼
58216;;"2025-02-08 18:23:35";"es genial"
58217;;"2025-02-08 18:12:59";bueno
58218;;"2025-02-08 18:01:37";"no la e probado todavía veremos q tal me va con esta app"
58219;;"2025-02-08 17:50:28";"Muy buena la recomiendo!"
58220;;"2025-02-08 17:37:31";"Deben desarrollar más la app. Aún las creaciones no cumplen con las especificaciones que se les da."
58221;;"2025-02-08 17:18:36";"Es una aplicación excepcional."
58222;;"2025-02-08 16:55:19";"bien 👍 👍"
58223;;"2025-02-08 16:52:06";"excelente app!!"
58224;;"2025-02-08 16:20:36";genial
58225;;"2025-02-08 16:09:38";"se ve interesante"
58226;;"2025-02-08 15:50:14";bueno
58227;;"2025-02-08 15:34:00";"Excelente aplicación , me ayudó a decorar mi hogar"
58228;;"2025-02-08 15:31:26";ok
58229;;"2025-02-08 15:22:16";exelente
58230;;"2025-02-08 15:07:14";"lo máximo"
58231;;"2025-02-08 14:56:04";"no la he usado. pero pide que comenté antes de empezar. no sé si es gratis o hay que pagar?"
58232;;"2025-02-08 14:55:39";"voy a probar que tal va, pero tengo mucha confianza en que el resultado será perfecto"
58233;;"2025-02-08 14:39:20";"apenas voy a probar la aplicación, al parecer es pago"
58234;;"2025-02-08 14:37:52";"soy nueva!!!!!!!"
85313;;"2024-12-08 01:26:08";Start
85250;;"2024-10-15 18:17:53";"Foarte proasta aplicatia. Bani dati degeaba"
85057;;"2024-10-18 15:58:46";"good aplikasi"
84995;;"2024-11-09 03:17:54";"coba dulu"
84805;;"2024-12-10 05:29:14";"blm tau bagus atau nggak."
84744;;"2024-12-16 01:28:32";"di coba dulu"
84557;;"2025-01-02 17:21:35";"sangat membantu"
84497;;"2025-01-07 10:47:05";"bagus banget,ini sangat memabantu"
84313;;"2025-01-28 10:48:58";ok
84254;;"2025-02-06 01:21:08";"masih akan mencoba semoga cocok"
79465;;"2024-12-17 12:05:30";"Czy ktoś wie jak zrezygnować z subskrypcji? Opłaciłam premium, ale ciągle wyskakują jakieś komunikaty o pracach serwisowych. Czuję się oszukana"
79407;;"2024-10-10 01:00:17";"i like it"
85090;;"2024-10-09 14:23:22";jos
77636;;"2025-02-11 17:06:13";"A pagamento"
77579;;"2024-11-05 19:34:21";"Die Vorschläge sind wirklich schlecht. Lohnt sich nicht. Teilweise kommen auch absolut unbrauchbare Vorschläge, zb Küche ohne Herd, Spüle. Bloß nicht abonnieren"
77405;;"2024-10-19 14:04:19";lindo
77349;;"2024-10-31 21:42:53";Testando
77178;;"2024-12-09 19:15:36";"amei ser for grátis"
77123;;"2024-12-15 10:43:43";bom
77068;;"2024-12-19 11:34:27";"muito bom"
76901;;"2025-01-18 16:58:12";"muito pratico"
76847;;"2025-01-27 02:14:25";"vou testar agora,mas tenho certeza q é maravilhoso"
77380;;"2024-10-23 15:48:14";mbom
76630;;"2025-02-10 10:33:09";amei
76577;;"2025-02-13 17:39:42";excelente
84781;;"2024-12-13 06:40:49";good
73291;;"2024-10-15 21:14:18";nice
73238;;"2024-10-31 07:36:41";good
73081;;"2024-12-11 12:07:29";"très jolie"
73029;;"2024-12-27 12:34:27";"Nul et payant très cher ! Vraiment pas cool."
72977;;"2025-01-05 11:30:59";cool
72824;;"2025-01-29 10:06:35";"merci beaucoup"
72773;;"2025-02-03 06:51:33";cool
72722;;"2025-02-07 22:40:29";"je n'ai encore rien vu"
85098;;"2024-10-08 02:42:18";Berbayar
72523;;"2024-11-05 12:51:09";super!
72473;;"2025-01-26 07:02:39";👍👍👍
70923;;"2024-10-07 09:52:54";غالي
85356;;"2025-02-13 19:21:40";"Odlična Igra"
70730;;"2025-02-06 16:53:09";"سي رائع"
70682;;"2025-02-17 06:38:58";مفيد
77667;;"2025-01-30 11:06:04";divertente!
70496;;"2024-09-30 04:14:45";"esta bonita esta app"
70449;;"2024-10-05 18:43:45";"muy buena"
70402;;"2024-10-09 19:54:58";"No me deja utilizarla y me cobraron la suscripción. No tuve respuesta ni ayuda."
85295;;"2024-09-05 15:22:40";"it's Fake!!! doesn't work!!! I want my money back pls"
70222;;"2024-10-25 14:38:34";divino
70176;;"2024-10-30 03:50:19";"excelente aplicación"
72556;;"2024-07-26 09:22:38";"Не работает, в выборе рум стайл все зависло"
70001;;"2024-11-18 00:21:39";genial
69956;;"2024-11-22 02:07:48";excelente
69911;;"2024-11-25 12:15:20";"muy bueno"
72961;;"2025-01-10 09:43:56";ok
69742;;"2024-12-06 18:09:40";excelente
69698;;"2024-12-08 11:48:30";"lo voy a probar, después le cuento cómo me fue"
69654;;"2024-12-08 23:32:26";fantástico
66610;;"2024-12-09 20:49:56";excelente
66566;;"2024-12-10 13:13:57";"Me salté dar la reseña en el momento que me piden, la probé primero, no sirve, el anuncio muestra una aplicación totalmente diferente, no hay estilos, no se generan imágenes, no se puede probar sin dar datos de pago en playstore, procedo a anular mi suscripción y desinstalar el programa"
76886;;"2025-01-20 00:46:24";👍
66405;;"2024-12-14 16:56:00";"muy buen uso"
66362;;"2024-12-15 18:59:26";"excelente app"
66319;;"2024-12-16 16:04:27";"Muy buen programa para diseñar tus espacios"
72559;;"2025-02-21 20:54:20";"its good application"
66164;;"2024-12-21 02:56:06";"Excelente aplicacion"
66122;;"2024-12-21 21:11:59";"muy buena"
66080;;"2024-12-22 21:56:34";"No puedo pagarla."
66597;;"2024-12-09 23:01:32";"genial gracias"
77392;;"2024-10-22 09:57:55";"não utilizei ainda a avaliação é antes de vc utilizar"
65891;;"2024-12-27 14:13:10";"lo máximo"
65851;;"2024-12-28 02:45:33";"apenas la voy a probar"
65811;;"2024-12-28 18:44:41";"buena app"
69944;;"2024-11-23 01:45:33";"La probare y veré que tal me va"
79395;;"2024-10-29 12:08:36";"ứng dụng hay"
65632;;"2024-12-31 20:02:54";genial
65593;;"2025-01-01 15:26:03";excelente
65554;;"2025-01-01 23:43:23";👍
69643;;"2024-12-09 02:30:48";"estoy empezando a usarla"
77167;;"2024-12-11 02:17:25";excelente
65382;;"2025-01-04 02:20:44";"Me gusta la app , me ayudó mucho con la remodelación de mi habitación me encanta"
65344;;"2025-01-04 18:57:22";"Me encantan los diseños de interiores. Quiero aprovechar las sugerencias y remodelar mi hogar."
65306;;"2025-01-05 04:25:45";"Es una muy buena Aplicación pero constantemente está en mantenimiento o con trafico de usuarios y no puedo usarla"
65842;;"2024-12-28 10:49:05";"excelente 👌"
72763;;"2025-02-03 20:04:27";beati
65142;;"2025-01-06 22:00:28";buena
72968;;"2025-01-07 14:17:09";"pas pratique meme après avoir retire le paiement sur ma carte"
62068;;"2025-01-07 22:40:32";interesante
62031;;"2025-01-08 07:56:44";Buena
61994;;"2025-01-08 19:46:04";"Maliciosa la aplicación, quise utilizarla una semana y pagar el monto por esa semana ($0.77) y me cobraron todo el año $65.000 . Y ni pude utilizar la aplicación..es una estafa..CUIDADO!!!"
61957;;"2025-01-09 06:23:17";"La estoy probando, espero supere mis expectativas"
66639;;"2024-12-09 04:41:55";Bien
76839;;"2025-01-28 11:38:40";"estou ansiosa para usufruir de todas as maravilhas desse app"
61804;;"2025-01-11 02:44:58";"muy buena"
61768;;"2025-01-11 13:44:22";excelente
61732;;"2025-01-11 21:31:08";"very nice"
61696;;"2025-01-12 10:53:50";"super bien"
66398;;"2024-12-14 20:14:00";"se me hace una herramienta muy práctica"
76570;;"2025-02-13 21:12:56";ótimo
61552;;"2025-01-13 18:13:55";"sensacional app"
61517;;"2025-01-14 01:27:14";excelente
61482;;"2025-01-14 12:41:38";"muy mala"
61447;;"2025-01-14 16:50:54";magnífico
65626;;"2024-12-31 21:13:19";"excelente 👍🏽"
70724;;"2025-02-07 11:23:47";ممتاز
84738;;"2024-12-16 10:17:54";good
61277;;"2025-01-16 13:50:14";"muy bueno"
61242;;"2025-01-16 20:29:45";"todo perfecto"
61207;;"2025-01-17 02:57:40";bien
69691;;"2024-12-08 15:00:09";"Excelente aplicación, lo mejor que he utilizado"
66314;;"2024-12-16 19:40:16";"muy bueno"
73233;;"2024-11-01 08:18:20";"je vais essayer voir"
61044;;"2025-01-18 22:26:19";"Gerónimo Ruiz"
61010;;"2025-01-19 10:23:26";genial
60975;;"2025-01-19 16:51:42";"la app es excelente, ayuda demasiado sus diseños son fabulosos"
60940;;"2025-01-20 00:53:28";excelente
61800;;"2025-01-11 03:21:55";excelente
66562;;"2024-12-10 14:34:36";"muy linda"
76626;;"2025-02-10 13:52:33";bom
60784;;"2025-01-22 16:48:09";"una gran herramienta para diseñar el hogar optimizando los espacios."
60750;;"2025-01-23 03:23:35";super
60716;;"2025-01-23 18:44:03";"genial. voy a probarla a ver qué tall"
60682;;"2025-01-24 06:06:07";excelente
59136;;"2025-01-25 05:29:58";"Apenas te voy a probar"
69690;;"2024-12-08 15:04:39";excelente
66563;;"2024-12-10 13:54:57";Buenos
85095;;"2024-10-08 15:15:05";ok
58995;;"2025-01-27 03:03:06";"No es lo que esperaba"
58962;;"2025-01-27 16:28:45";"buena app"
58929;;"2025-01-28 00:31:52";"excelente aplicación! super recomendada !"
58896;;"2025-01-28 17:05:44";"Muy interesante y útil aplicación"
60938;;"2025-01-20 01:18:19";"muy bueno"
72967;;"2025-01-08 07:36:39";"good 💯"
69909;;"2024-11-25 15:30:12";"probando al parecer es una buena aplicación después en dado caso actualizaré mi reseña según sus funciones"
76899;;"2025-01-18 22:37:51";ótimo
58368;;"2025-02-06 02:30:52";"maravilloso uuuffff"
58369;;"2025-02-06 01:59:14";excelente
58370;;"2025-02-06 01:15:01";"muy buena"
58371;;"2025-02-06 01:08:43";genial
58372;;"2025-02-06 00:47:25";Bueno
58373;;"2025-02-06 00:36:43";Excelente
58374;;"2025-02-05 21:55:34";"excelente 👌"
58375;;"2025-02-05 21:24:13";"espero que me ayude en mi trabajo e ideas"
58376;;"2025-02-05 21:17:00";excelente
58377;;"2025-02-05 21:06:39";"Ea genial esta aplicación, me ayuda a decorar hasta el último rincón de mi hogar"
58378;;"2025-02-05 21:05:58";genial
58379;;"2025-02-05 20:15:25";"La mejor aplicacion para diseñar los interiores de tu casa"
58380;;"2025-02-05 19:48:36";"buena app"
58381;;"2025-02-05 19:07:36";"genial la app"
58382;;"2025-02-05 18:38:10";"No es gratis, solo te deja usarla una vez, después hay que ingresar los datos de la tarjeta."
58383;;"2025-02-05 18:36:21";"la mejor"
58384;;"2025-02-05 18:08:33";genial
58385;;"2025-02-05 17:51:02";"muy buena"
58386;;"2025-02-05 17:39:01";excelente
58387;;"2025-02-05 17:35:03";"excelente 👌"
58388;;"2025-02-05 17:33:22";"mucho lo bonito"
58389;;"2025-02-05 17:03:10";excelente
58390;;"2025-02-05 16:49:43";"fácil de usar, me encanta"
58391;;"2025-02-05 16:48:37";"muy bien"
58392;;"2025-02-05 16:38:43";"está buena la apl"
58393;;"2025-02-05 16:29:16";"aún no la eh probado"
58394;;"2025-02-05 16:13:37";bueno
58395;;"2025-02-05 16:00:27";"Genial, la verdad muy buena app"
58396;;"2025-02-05 15:46:00";"aun no la uso pero espero sea buena"
58397;;"2025-02-05 15:20:15";"me gusta práctico ✨"
58398;;"2025-02-05 15:14:49";"muy buena"
58399;;"2025-02-05 14:50:31";"Muy buena para el hogar, y ko fallar en el intento"
58400;;"2025-02-05 14:33:17";"muy bueno, las ideas increíbles"
58401;;"2025-02-05 14:06:05";Chévere
58402;;"2025-02-05 13:30:27";bien
58403;;"2025-02-05 13:17:40";"buenas ideas"
58404;;"2025-02-05 13:16:08";bien
58405;;"2025-02-05 12:53:03";genial
58406;;"2025-02-05 12:17:26";"muy buena voy a. ver si la descargo"
58407;;"2025-02-05 10:57:56";genial
58408;;"2025-02-05 10:19:32";excelente
58409;;"2025-02-05 10:06:30";"Me gustan las nuevas ideas"
58410;;"2025-02-05 09:49:57";"excelente aplicación 👍 fácil de usar ✅️"
58411;;"2025-02-05 08:16:27";interesante
58412;;"2025-02-05 07:21:30";"Cálida muy buena."
58413;;"2025-02-05 06:07:09";"muy Buena"
58414;;"2025-02-05 04:50:47";bieen
58415;;"2025-02-05 04:31:23";exelente
58416;;"2025-02-05 04:28:21";"muy lindo . pero podés probar grátis 2 veces. enseguida te pide para pagar.! malísimo"
58417;;"2025-02-05 04:21:29";genial
58418;;"2025-02-05 04:21:17";Genial
58419;;"2025-02-05 03:46:57";happy
58420;;"2025-02-05 03:44:19";"muy buena, me ayudó a tener una nueva visión de mi habitación"
58421;;"2025-02-05 03:10:50";"Excelente App"
58422;;"2025-02-05 02:57:11";genial
58423;;"2025-02-05 02:51:47";Buenas
58424;;"2025-02-05 02:23:32";"todavía no la use parece buena"
58425;;"2025-02-05 01:47:16";"Buena app"
58426;;"2025-02-05 01:09:39";"ES LA MEJOR APLICASION QUE E PROBADO EN MI VIDA LOS AMO MUCHO A Y POS SIERTO GRACIAS POR LEER"
58427;;"2025-02-05 01:09:19";exelent
58428;;"2025-02-05 00:55:57";"muy bien"
58429;;"2025-02-05 00:53:36";excelente
58430;;"2025-02-05 00:46:50";"muy bueno"
58431;;"2025-02-05 00:36:49";good
58432;;"2025-02-05 00:26:15";"excelente muy buena aplicación para diseñar y modificar los interiores."
58433;;"2025-02-05 00:23:52";"no te deja ni probarlo y ya te pide valoración"
58434;;"2025-02-05 00:23:09";bien
58435;;"2025-02-05 00:21:04";"me.parece interesante. pues estoy reseñando sin haber iniciado. esperar más adelante a ver cómo me parece"
58436;;"2025-02-05 00:17:22";excelente
58437;;"2025-02-05 00:05:06";buena
58438;;"2025-02-04 23:07:57";"voy a probar"
58439;;"2025-02-04 23:05:29";"demasiado genial"
58440;;"2025-02-04 22:41:54";excelente
58441;;"2025-02-04 22:29:19";excelente
58442;;"2025-02-04 22:22:58";"Excelente poder diseñar sin ser especialista en diseño interior.."
58443;;"2025-02-04 22:15:08";"maravilloso quiero usarlo hoy"
58444;;"2025-02-04 21:48:12";"recién descargada"
58445;;"2025-02-04 21:41:17";buena
58446;;"2025-02-04 21:13:26";Excelente
58447;;"2025-02-04 20:45:29";ecelente
58448;;"2025-02-04 20:31:23";"Muy útil me encanto renovar mi apartamento con esta aplicación ❤️"
58449;;"2025-02-04 20:29:22";ok
58450;;"2025-02-04 20:05:28";"Excelente muy buena para remodelaciones con acabados de lujos"
58451;;"2025-02-04 19:50:14";"fácil de usar"
58452;;"2025-02-04 19:45:28";"muy buena"
58453;;"2025-02-04 19:12:25";"maravilloso todo"
58454;;"2025-02-04 19:06:20";"muy bueno"
58455;;"2025-02-04 18:38:34";excelente
58456;;"2025-02-04 18:30:30";"excelente app"
58457;;"2025-02-04 17:53:11";"muy buena app 🥰"
58458;;"2025-02-04 17:17:42";"Recién voy a conocer la utilidad de esta app, sin embargo me parece excelente que exista. Muchas gracias!"
58459;;"2025-02-04 17:04:13";"Es buenísima"
58460;;"2025-02-04 16:52:02";genial
58461;;"2025-02-04 16:37:03";exelente
58462;;"2025-02-04 16:25:58";"Excelente aplicación"
58463;;"2025-02-04 16:11:38";excelente
58464;;"2025-02-04 16:03:44";"Me encanta 💖"
58465;;"2025-02-04 15:39:13";"me gustaría aprender sobre decoración de interiores para mejorar los ambientes de mi casa"
58466;;"2025-02-04 15:13:31";genial
58467;;"2025-02-04 15:11:59";"Mala está ia... No pagaría ni con tu plata una suscripción de esto"
58468;;"2025-02-04 14:56:33";"apenad la descargue, pero el ejemplo de video es claro"
58469;;"2025-02-04 14:35:39";excelente
58470;;"2025-02-04 14:28:42";genial
58471;;"2025-02-04 13:13:30";"Me parece útil"
58472;;"2025-02-04 12:15:20";genial
58473;;"2025-02-04 11:39:43";"Really good"
58474;;"2025-02-04 11:32:13";"me encanto"
58475;;"2025-02-04 08:57:36";bien
58476;;"2025-02-04 06:17:55";"muy bueno"
58477;;"2025-02-04 05:15:43";"muy buena para diseño interior"
58478;;"2025-02-04 04:41:17";bien
58479;;"2025-02-04 03:17:20";"muy buena opción"
58480;;"2025-02-04 02:47:47";"veré qué tal"
58481;;"2025-02-04 02:31:13";"excelente me encantó"
58482;;"2025-02-04 02:23:35";ok
58483;;"2025-02-04 02:21:59";excelente
58484;;"2025-02-04 02:08:57";"Good, muy recomendable, aunque las modificaciones no sean baratas jsjs"
58485;;"2025-02-04 01:46:08";"Te pide datos tarjeta"
58486;;"2025-02-04 01:42:47";👌
58487;;"2025-02-04 00:45:03";interesante
58488;;"2025-02-04 00:42:06";genial
58489;;"2025-02-04 00:28:57";"apenas la instale vamos haber que tal chicos"
58490;;"2025-02-04 00:12:04";genial
85312;;"2024-12-22 19:39:08";Great
85249;;"2024-10-17 03:27:13";"I just download the app, now I am so curious about how is working! Let's see....😆😍"
85056;;"2024-10-19 06:25:03";"good po"
84994;;"2024-11-09 03:22:35";"Buruk jangan di download gambar yg krluar penampakan Gambar yg kacau tidak sesuai dengan denah ruangan dan harga Mahal harus bayar.rugii ini Sih maaf yaa penipuan."
84804;;"2024-12-10 06:46:55";bagus
84743;;"2024-12-16 03:00:03";good
84556;;"2025-01-03 02:26:07";"baru install belum dicoba"
84496;;"2025-01-07 12:16:22";oke
84312;;"2025-01-28 13:58:01";"Kirain gratis"
84253;;"2025-02-06 02:50:21";"menarik dan membantu"
79464;;"2024-12-21 12:45:53";ok
79406;;"2024-10-12 16:19:29";ok
85284;;"2024-12-01 12:30:26";master
77635;;"2025-02-11 19:50:41";"L'applicazione è troppo bella. Anche se non ho conoscimento pratico nell'arredamento e l'architettura, è talmente intuitiva che ti dà un sacco d'idee Importante per gli sviluppatori Alcuni tasti dall' applicazione non funzionano ( es. ⭐ Valutaci)"
77578;;"2024-11-09 05:46:18";"Total scam. Nothing that is promised and shown in the video works. I tried the app first. However you only give you a few free renderings. They were kind of ok and the rwndering time was still acceptable. And because they advertise the pro version with faster rendering times I got an anual subscription. BUT in fact it was slower than in the test version and after around two renderings I only kept getting error messages starting with ""servers are full at the moment"", then ""server maintainig"" ..."
77404;;"2024-10-19 14:30:16";"Aplicação com publicidade enganosa, tem que pagar se quer realmente o serviço"
77348;;"2024-10-31 23:39:09";excelente
77177;;"2024-12-09 22:10:46";topzera
77122;;"2024-12-15 15:28:13";"ainda não posso avaliar por que não usei."
77067;;"2024-12-19 12:19:34";"app top de linha"
76900;;"2025-01-18 19:34:50";"testando o aplicativo vamos ver"
76846;;"2025-01-27 13:39:33";ótimo
85285;;"2024-11-23 16:57:58";"Δεν το βρήκα καθόλου βοηθητικό. Οι περισσότερες λειτουργίες δεν δουλεύουν σωστά και σίγουρα στην φάση που είναι τώρα δεν αξίζει τα λεφτά του."
76629;;"2025-02-10 11:04:09";"Tive que pagar pra testar 3 dias grátis e não consigo cancelar"
76576;;"2025-02-13 17:59:32";"Não funciona"
84842;;"2024-12-06 10:54:47";"mantap desainnya"
73290;;"2024-10-16 06:53:17";"Application ou il faut payer après 1 essais."
73237;;"2024-10-31 14:10:49";❤️❤️
73080;;"2024-12-12 12:23:43";good
73028;;"2024-12-27 19:04:13";"j'attends beaucoup de cette app IA"
72976;;"2025-01-05 16:11:36";"je viens de l'installer, je ne peux pas l'évaluer encore .mais en générale le consepte est très bien."
72823;;"2025-01-29 10:22:13";bien
72772;;"2025-02-03 08:03:07";génial
72721;;"2025-02-07 22:54:39";"top application"
85292;;"2024-10-06 21:08:57";"excellent 👍"
72522;;"2024-11-06 11:23:03";👍👍👍👍
72472;;"2025-01-27 12:42:21";"4 потому что это платный приложение"
70922;;"2024-10-07 19:51:57";بفلوس
70778;;"2025-01-28 06:44:17";ممتاز
70729;;"2025-02-06 17:30:04";good
70681;;"2025-02-17 14:03:53";،🆗
77104;;"2024-12-16 03:01:47";"exelente alicativo🆗🆗🆗⬜🆗⬜⬜🆗 🆗⬜🆗⬜🆗⬜🆗 🆗⬜🆗⬜🆗🆗 🆗⬜🆗⬜🆗⬜🆗 🆗🆗🆗⬜🆗⬜⬜🆗"
70495;;"2024-09-30 06:13:16";"Se ve novedosa la aplicación"
70448;;"2024-10-05 22:45:06";"Bueena aplicación"
70401;;"2024-10-09 21:29:04";👍
85358;;"2025-02-11 17:07:20";"the best"
70221;;"2024-10-26 00:04:35";🤣
70175;;"2024-10-30 05:12:16";"Te pide plata antes de empezar la desinstale"
72705;;"2025-02-09 10:15:23";"Pas possible de tester, obligation de s’abonner avant de pouvoir tester et de ne pas oublier de se désabonner de 2 avant sinon facture."
70000;;"2024-11-18 00:50:17";"Fácil de usar"
69955;;"2024-11-22 05:20:34";"genial 😃"
69910;;"2024-11-25 12:19:08";"doy 5 por fe"
73013;;"2024-12-31 13:33:34";super
69741;;"2024-12-06 18:11:30";"es buena c las recomiendo"
69697;;"2024-12-08 12:36:44";"Genial 👍👌"
69653;;"2024-12-08 23:36:15";bueno
66609;;"2024-12-09 21:04:29";espectacular
66565;;"2024-12-10 13:18:04";"Es una aplicación, que te inventa cualquier lesera. Le sacas una foto a la habitación y te muestra otra diferente👎"
77323;;"2024-11-10 13:36:18";"Péssimo engessado não tem todos os cômodos e o valor grosseiramente alto"
66404;;"2024-12-14 17:12:10";"a probar"
66361;;"2024-12-15 19:13:52";super
66318;;"2024-12-16 16:22:42";"muy interesante"
72708;;"2025-02-09 02:51:19";"je suis juste au début"
66163;;"2024-12-21 03:10:38";"Una estafa"
66121;;"2024-12-21 21:59:35";"muy buena"
66079;;"2024-12-22 22:39:55";"Vamos a probar si es tanta maravilla"
66641;;"2024-12-09 03:49:17";buena
77665;;"2025-01-31 04:27:13";"provata 5 minuti e disinstallata, belle le proposte ma non si attiene alla realtà delle stanze che vengono proposte, trasformandone completamente la realtà come se fosse completamente un altra casa! Dovrebbe offrire proposte di arredameto, ma non spostare anche le finestre o muri nello spazio. Inoltre nell' opzione ""crea oggetti"" il lavoro fatto da AI è ancora da rivedere, dato che le immagini create sono tutte sballate, trovandosi a volte oggetti sovrapposti"
65890;;"2024-12-27 14:27:06";"voy a probarlo, espero funcione estupendamente..."
65850;;"2024-12-28 02:45:39";excelente
65810;;"2024-12-28 18:49:29";"La voy a probar ✨️"
69989;;"2024-11-19 03:25:51";👍
79453;;"2025-01-10 21:21:20";"Żałuję że pobrałem i zapłaciłem za użycie tej aplikacji. Działa wolno, bazuje na parunastu przykładowych wzorach. Nie generuje nic ponad przykładowe wzory na których bazuje. Niema to nic wspólnego ze sztuczną inteligencją i kreatywnością"
65631;;"2024-12-31 20:36:38";"Estadores, te cobran igual la suscripción y no es buena la aplicacion"
65592;;"2025-01-01 15:31:54";fascinante
65553;;"2025-01-02 00:07:58";genial
69687;;"2024-12-08 15:25:56";"bello todo"
77338;;"2024-11-04 10:45:38";top
65381;;"2025-01-04 02:34:32";oky
65343;;"2025-01-04 19:01:43";buena
65305;;"2025-01-05 04:34:37";exelente
65882;;"2024-12-27 15:46:12";bien
72814;;"2025-01-30 11:11:01";bien
70163;;"2024-11-01 07:45:54";genial
73020;;"2024-12-30 13:10:39";"C'est efficace. Mais l’essaie est trop court. Trop d’insistance pour payer. Ça fait l’effet inverse."
62067;;"2025-01-07 22:44:39";"muy buena"
62030;;"2025-01-08 09:02:18";"bonitos diseños"
61993;;"2025-01-08 20:10:33";buena
61956;;"2025-01-09 08:04:52";"excelente servicio muy recomendado para todo tipo de negocio y hogar muy muy recomendada"
66602;;"2024-12-09 22:22:37";"Es buenísima! Lástima que paga y la prueba gratis dura poco 😞"
76893;;"2025-01-19 15:35:08";"cumple las expectativas"
61803;;"2025-01-11 03:03:37";"me encanta la aplicación"
61767;;"2025-01-11 13:52:16";excelente
61731;;"2025-01-11 21:37:21";"primera vez que la voy a utilizar, pero haré saber si funciona bien"
61725;;"2025-01-12 00:16:47";"Por el momento bien, aún no hago nada en sí en la app, pero tiene buenas reseñas, así que la probaré"
77621;;"2025-02-16 16:32:21";"Non sono riuscita a usarla, si bloccava di continuo, mi diceva che era in manutenzione per l'elevato traffico. Ho disinstallato pochi minuti dopo. Spero che non mi venga addebitato il costo dell'abbonamento"
76623;;"2025-02-10 16:12:30";ótimo
61551;;"2025-01-13 18:26:00";"buena app"
61516;;"2025-01-14 01:34:09";genial
61481;;"2025-01-14 12:42:22";Horrible
61446;;"2025-01-14 16:58:58";"Es mas para ""jugar"" que para un uso serio, la usé una vez, con foto de mi sala, simplemente reemplazó todos los objetos por una decoracion minimalista (opcion que elegi), pero modificó toda la ventana y amplió un poco el lugar, el tv lo transformó en un cuadro, el equipo de audio en libros y asi cambios medio raros, no es lo que pensaba asi que desinstalo, no tiene sentido pagar la version completa"
85087;;"2024-10-10 10:39:30";"semoga bermanfaat"
70773;;"2025-01-29 07:45:58";"تطبيق زبالة و مقرف"
84799;;"2024-12-10 12:32:09";good
61276;;"2025-01-16 13:55:11";"Muy buena."
61241;;"2025-01-16 20:31:46";"exelente aplicación"
61206;;"2025-01-17 02:58:56";"Muy buena"
69948;;"2024-11-22 18:07:41";"creo que es una excelente herramienta"
66357;;"2024-12-15 19:58:09";exelente
73286;;"2024-10-17 09:34:26";"je vais tester votre logiciel avant de noter."
61043;;"2025-01-18 22:31:11";cool
61009;;"2025-01-19 10:56:43";excelente
60974;;"2025-01-19 16:52:50";"exelente aplicación"
60939;;"2025-01-20 01:16:24";"Súper genial la app, recomendada."
77170;;"2024-12-10 11:22:45";"Muito bom."
66606;;"2024-12-09 21:37:12";"ni la he probado pero ya veremos..."
79382;;"2024-11-18 12:37:11";ok
60783;;"2025-01-22 17:55:53";excelente
60749;;"2025-01-23 03:28:10";ok
60715;;"2025-01-23 18:47:15";"Excelente aplicación!!!"
60681;;"2025-01-24 10:45:19";👌👍
60679;;"2025-01-24 11:42:29";"Bien por el momento"
61954;;"2025-01-09 11:00:02";"Muy bien"
66607;;"2024-12-09 21:18:25";"muy buena"
76574;;"2025-02-13 19:24:03";"ele e muito bom"
58994;;"2025-01-27 03:08:05";"es lo mejor , la mejor ayuda"
58961;;"2025-01-27 16:32:49";"excelente 👌"
58928;;"2025-01-28 00:51:30";excelente
58895;;"2025-01-28 17:22:38";"todo chevere hasta ahora"
60973;;"2025-01-19 16:54:02";"buena buena"
84544;;"2025-01-03 23:53:26";"coba coba"
69954;;"2024-11-22 11:29:40";👌
77066;;"2024-12-19 15:46:23";Ótimo
58624;;"2025-02-02 01:00:45";"genial me gusta"
58625;;"2025-02-02 00:55:32";buena
58626;;"2025-02-02 00:22:00";excelente
58627;;"2025-02-01 23:35:28";"esta genial"
58628;;"2025-02-01 23:13:19";"Crea fotos random con ia según el tipo de habitación y estilo que elijes, y ni siquiera quedan bien. La imagen actual de tu habitación no sirve para nada. App totalmente inútil."
58629;;"2025-02-01 22:50:32";"en proceso de prueba"
58630;;"2025-02-01 22:43:36";"voy a probarlo me parece interesante 👍"
58631;;"2025-02-01 22:30:44";"No me gustó para nada"
58632;;"2025-02-01 22:18:37";genial
58633;;"2025-02-01 22:08:16";"apenas voy a ver que proponen"
58634;;"2025-02-01 21:31:15";"Solo permite 1 foto, lo demás debes pagar, además no deja usar la app si no dejas una reseña"
58635;;"2025-02-01 21:27:13";ok
58636;;"2025-02-01 21:17:28";"No he usado y ya me pide calificación."
58637;;"2025-02-01 20:09:59";"no puedo evaluar porque no la use todavía"
58638;;"2025-02-01 19:57:14";"La verdad que no me resultó, hay mejores apps para el mismo trabajo. Lo genial es que no tiene prácticamente publicidad. Espero que con el avance de la IA mejore. Saludos y gracias"
58639;;"2025-02-01 19:12:38";"buena aplicacion"
58640;;"2025-02-01 19:05:02";"muy bueno"
58641;;"2025-02-01 18:48:18";perfect
58642;;"2025-02-01 18:40:11";"muy intuitiva esta app"
58643;;"2025-02-01 18:13:18";"Poquísimas pruebas gratis"
58644;;"2025-02-01 18:04:48";excelente!!🙏🙏🙏👏👏👏
58645;;"2025-02-01 17:15:27";"Muy aplicacion y muy práctica de usar"
58646;;"2025-02-01 16:59:32";"Increíble, me encantó esta app."
58647;;"2025-02-01 16:34:06";"no la e utilizado aun pero espero sea excelente."
58648;;"2025-02-01 16:29:27";perfecto
58649;;"2025-02-01 16:16:01";"novedoso moderno y eficaz sistema. soporte para los que no somos profesionales."
58650;;"2025-02-01 16:12:01";bien
58651;;"2025-02-01 15:41:46";"buena aplicación"
58652;;"2025-02-01 15:41:04";ok
58653;;"2025-02-01 15:34:58";genial
58654;;"2025-02-01 15:27:22";buenisima
58655;;"2025-02-01 15:15:37";genial
58656;;"2025-02-01 15:07:04";"voy a probar a ver qué tal funciona"
58657;;"2025-02-01 15:06:57";"muy buena"
58658;;"2025-02-01 14:49:38";"genial, me gusta micho"
58659;;"2025-02-01 14:40:13";"Presenta bastantes problemas técnicos, demora en realizar la foto y en algunas ocasiones no las hace... además para provar cualquier función básica debes suscribirte al PRO.."
58660;;"2025-02-01 14:37:20";"No sirve para nada"
58661;;"2025-02-01 14:04:45";geniallllll
58662;;"2025-02-01 13:48:19";Excelente
58663;;"2025-02-01 13:32:44";excelente
58664;;"2025-02-01 13:21:35";"Excelente gracias"
58665;;"2025-02-01 12:53:41";"En verdad es una aplicación mmuy útil."
58666;;"2025-02-01 12:32:13";buena
58667;;"2025-02-01 12:12:06";"lo genial"
58668;;"2025-02-01 11:44:21";"super bien"
58669;;"2025-02-01 11:39:44";"Excelente aplicación"
58670;;"2025-02-01 11:36:11";chill
58671;;"2025-02-01 11:29:27";"interesante che"
58672;;"2025-02-01 10:37:34";excelente
58673;;"2025-02-01 07:27:08";"se ve buena,veremos"
58674;;"2025-02-01 05:46:01";nice
58675;;"2025-02-01 05:33:06";"bUENA APLICACION"
58676;;"2025-02-01 03:54:36";"muy buena"
58677;;"2025-02-01 03:25:22";"muy buena aplicación"
58678;;"2025-02-01 03:18:15";genial
58679;;"2025-02-01 03:15:57";"Te cobran por semana o anual!!"
58680;;"2025-02-01 03:13:14";"excelente manera de ver la belleza"
58681;;"2025-02-01 02:54:26";exlelente
58682;;"2025-02-01 02:32:12";"excelente app"
58683;;"2025-02-01 01:29:45";ok
58684;;"2025-02-01 01:24:27";"super genial"
58685;;"2025-02-01 01:00:27";😍
58686;;"2025-02-01 00:41:02";"muy bueno"
58687;;"2025-02-01 00:34:14";"me pide opinión sin probar la app"
58688;;"2025-02-01 00:32:47";"apenas veré como es"
58689;;"2025-02-01 00:17:30";"excelente aplicación, fácil y rápida con mucha tecnología para diseñar un espacio"
58690;;"2025-02-01 00:08:08";"muy buena la aplicación de verdad la recomiendo"
58691;;"2025-01-31 23:53:14";"aun no la uso pero se ve buena la idea"
58692;;"2025-01-31 21:28:34";"lo descargue y aún no lo utilizo"
58693;;"2025-01-31 21:13:45";excelente
58694;;"2025-01-31 20:43:58";"Es una app muy útil, única."
58695;;"2025-01-31 20:37:49";buena
58696;;"2025-01-31 20:36:55";"excelente app"
58697;;"2025-01-31 20:25:34";"a ver"
58698;;"2025-01-31 20:23:02";"esta chida"
58699;;"2025-01-31 20:05:24";genial
58700;;"2025-01-31 20:00:32";Excelente
58701;;"2025-01-31 19:37:12";"algo nuevo, muy bueno."
58702;;"2025-01-31 19:30:57";"excelente aplicación"
58703;;"2025-01-31 19:16:16";"muy buenas"
58704;;"2025-01-31 18:59:08";"exelente app"
58705;;"2025-01-31 18:55:52";"es muy linda"
58706;;"2025-01-31 18:33:20";bueno
58707;;"2025-01-31 18:12:43";excelente
58708;;"2025-01-31 17:50:47";"estoy probando"
58709;;"2025-01-31 17:43:46";"muy buena"
58710;;"2025-01-31 17:43:13";perfecta
58711;;"2025-01-31 16:53:05";practiquisimo
58712;;"2025-01-31 16:51:56";Wow
58713;;"2025-01-31 16:41:32";"Se pinta que es gratis y cobra por todo basura"
58714;;"2025-01-31 16:37:06";"apenas lo instale, espero me ayude"
58715;;"2025-01-31 16:19:07";"Perfectamente de 10 estoy conforme"
58716;;"2025-01-31 16:06:09";"me fascina 💕"
58717;;"2025-01-31 15:29:31";"Que espectacular App!!"
58718;;"2025-01-31 15:26:50";"Sus diseños son horribles."
58719;;"2025-01-31 14:56:10";lindo
58720;;"2025-01-31 14:39:38";super
58721;;"2025-01-31 14:17:29";genial
58722;;"2025-01-31 14:15:57";ok
58723;;"2025-01-31 14:02:49";lindo
58724;;"2025-01-31 14:02:05";"me gusta que me de la opción de probar nuevas ideas para un lugar cómodo y lindo"
58725;;"2025-01-31 13:57:43";"perfecta para diseños de interiores"
58726;;"2025-01-31 13:40:34";"no puedo valorarla antes de utilizarla"
58727;;"2025-01-31 13:22:34";"muy buena"
58728;;"2025-01-31 12:54:26";"muy buena idea. aún no lo empecé a usar."
58729;;"2025-01-31 12:15:14";buenísima
58730;;"2025-01-31 12:12:29";Bueno
58731;;"2025-01-31 12:02:09";excelente
58732;;"2025-01-31 11:43:47";"Lo probaré. Pero me parece estupendo que haya una aplicación para solucionar los problemas de contratar a alguien extraño a tu casa"
58733;;"2025-01-31 11:18:06";Malisima
58734;;"2025-01-31 11:09:01";"recien entro, no puedo calificar"
58735;;"2025-01-31 10:21:54";"excelente herramienta para aprovechar al máximo tus espacios"
58736;;"2025-01-31 10:07:05";"una aplicación increíble 👌👌 muchísimas gracias"
58737;;"2025-01-31 10:01:17";Mala
58738;;"2025-01-31 07:09:03";"muy útil y práctica."
58739;;"2025-01-31 06:35:25";"muy bien"
58740;;"2025-01-31 06:05:25";"Malísima Desde antes de probarla te pide puntuarla, ya después te dice q te va cobrar, la probé y la calidad es horrenda muy exagerado, hay mejores apps"
58741;;"2025-01-31 04:51:47";mala
58742;;"2025-01-31 04:42:55";"la acabo de descargar, así que espero grandes cosas"
58743;;"2025-01-31 04:15:50";"Ojo. No puedes anular la suscripcion"
58744;;"2025-01-31 03:57:17";"muy buena la aplicación"
58745;;"2025-01-31 03:42:51";exelente
58746;;"2025-01-31 02:57:29";excelente
85311;;"2024-12-26 13:26:56";"east to use!"
85248;;"2024-10-22 07:24:04";"Scrie ca poti folosi gratis o data pe zi, dar e o minciuna. Nu se acorda credit de folosire decat o data."
85055;;"2024-10-19 13:05:57";mantap
84993;;"2024-11-09 12:04:27";"great app! 👍👍"
84803;;"2024-12-10 07:30:15";nice
84742;;"2024-12-16 05:19:18";helpful
84555;;"2025-01-03 04:55:04";"coba coba"
84495;;"2025-01-07 12:27:39";bagus
84311;;"2025-01-29 00:26:59";baik
84252;;"2025-02-06 06:40:08";"belom coba sdh isi ulasan,ntr klo bagus di rubah *2 dulu"
79463;;"2024-12-21 18:04:40";"Jeszcze nie użyłam"
79405;;"2024-10-15 06:54:09";tốt
85347;;"2024-11-01 02:10:29";"Have a 12m long and 3.5m wide empty white hallway, home ai, gave no sensible options to decorate. This attempt at software development is just a gimmick and pretty useless."
77634;;"2025-02-12 12:30:43";"App con funzioni limitate e insufficiente nell'elaborare soluzioni ottimali. Molti difetti tecnici e funzionali. Un furto"
77577;;"2024-11-23 06:53:32";🥰🥰
77403;;"2024-10-19 17:25:41";"Baixei para realizar alguns teste, o aplicativo não permite abrir a câmera para tirar foto do ambiente mesmo autorização a acesso a câmera."
77347;;"2024-11-01 00:23:18";"ótimo app!!!"
77176;;"2024-12-09 23:19:03";"Diz que é grátis mas pra usar tem que cadastrar cartão de pagamento"
