review_id;title;date_reviewed;review_text
48648;;"2025-02-02 02:46:51";"It is gud provided sub titles were given in english so all can understand wat conversation is going on n enjoy d programme"
48649;;"2025-01-30 13:21:49";"This's bad app I don't like it"
48650;;"2024-12-22 12:06:25";👎
48651;;"2024-11-29 21:20:55";"Bu kadar çok reklam olmaz"
48652;;"2024-11-20 19:14:29";"worst streaming service..."
48653;;"2024-11-20 10:25:51";tryuyuıuıuooı
48654;;"2024-10-31 14:02:07";"How to change language to English"
48655;;"2024-10-29 16:48:34";"زیر نویس داره؟"
48656;;"2024-10-23 04:05:21";"The app is so good, it will be more good if there will be an English subtitle, I hope you put any subtitle next not just english but any subtitles, for those people around the world that likes to watch turkish drama. Thankyouu! I hope you consider this suggestion! The app is good. Really."
48657;;"2024-09-26 14:10:13";"Ya amk reklam girip duruyo hadi reklama lafım yok reklamdan sonra film başa sarıyo 2 saat uğraştırıyo"
48658;;"2024-09-18 00:43:32";"en sevdiğim reklam uygulaması arada bir dizi falan çıkıyor keyfim kaçıyor şu dizileri falan biraz azaltın adam gibi reklam izleyemiyoruz"
48659;;"2024-07-29 20:10:47";"PLEAS ADD ENGLISH SUBTITLE FOR INTERNATIONAL VIEWERS 😭🙏🙏🙏"
48660;;"2024-07-24 08:18:19";"Çok güzel bir platform puhu tv ye özel dizilerin gelmesini çok isterim"
48661;;"2024-07-23 12:50:06";🥰🥰🥰
48662;;"2024-06-17 14:17:01";"2 saatlik bir dizi bölümü izlemek için 30 reklam izlemek isterseniz kesinlikle bu uygulamayı indirmelisiniz.!!!"
48663;;"2024-04-23 12:18:23";"Türk dizileri 😊"
48664;;"2024-01-29 11:36:08";"Can not get english subtitles"
48665;;"2024-01-17 09:31:22";فیلتره
48666;;"2024-01-14 10:49:09";"Iyi bir uygulama ama bazı meşhur diziler yoktur poyraz karayel mesela"
48667;;"2023-12-29 10:39:44";"Rezil. Son kaldığım bölümü açmaz, reklamdan iki dakika izleyemiyoruz."
48668;;"2023-12-26 10:16:25";"reklam izlemek için girdim arada behzat ç diye bir dizi çıkıyor, düzeltirseniz sevinirim."
48669;;"2023-12-21 10:15:50";"Puhutv bitmiş..."
48670;;"2023-12-17 14:05:58";"I don't mind that it's all in Turkish, but the selection of movies, TV stations and radio stations is rather paltry.......needs more content, especially cartoons."
48671;;"2023-12-07 21:39:57";"beş dakikada bir reklam çıkartıyorsunuz ağız tadıyla Behzat Ç izleyemiyorum. Çok fazla reklam var naptınız ya."
48672;;"2023-11-26 15:56:43";"Her 5 dakikada 1 dakikalık reklam veriyor böyle iş mi olur"
48673;;"2023-11-25 08:13:34";"ilk basta gayet guzel ama sonradan asiri asiri ve uzun sureli reklam cikmaya basliuo izlediginizin tadini cikaramiyosunuz"
48674;;"2023-10-17 20:27:16";"Hızlandırma özelliği ekleyebilir misiniz? 0,5x-1,5x olsa güzel olur."
48675;;"2023-10-02 23:04:26";"Cok fazla reklam çıkıyor"
48676;;"2023-09-27 17:36:39";"No eng subtitles"
48677;;"2023-09-26 12:30:31";"Reklamdan izlenmiyor. Reklamsız izlemek isteyenler için ücretli üyelik seçeneği koyun alalım. Bu ne böyle arkadaş 2 tane başta 4 tane 30 saniyelik reklamlardan 2 3 kere de ortalarda izletmek nedir."
48678;;"2023-08-30 10:19:33";Good
48679;;"2023-08-07 13:38:21";"Dizileri kaldirin da rahatca reklam izleyelim. Araya uc bes dizi sıkıstırmıssınız reklam keyfimi boluyor."
128770;;"2017-01-26 20:13:55";"Wqreware killin abi çok iyi yaaaa"
127499;;"2017-02-12 04:31:11";"Güzel uygulama."
126238;;"2017-02-25 17:52:09";"Adı efsane dizisi nerde ya ama program efsaneee"
125201;;"2017-03-15 19:44:34";"Boşuna zaman harcamanın indirdiğinize degmez"
124172;;"2017-03-31 17:29:05";"Çok beğendim ücretsiz olması efsane olmuş"
123151;;"2017-04-05 16:49:22";"Harika uygulama.. Şuana kadar yapılanların en iyisi. Görüntü kalitesi mükemmel. Her şey var."
122139;;"2017-04-15 14:49:43";"Çok iyi"
121344;;"2017-04-22 22:16:34";Mükemmel
120347;;"2017-05-03 20:03:23";Süpperrr
119565;;"2017-05-12 18:20:37";"Süper uygulama"
118789;;"2017-05-22 10:41:50";"Açılmıyor doğru düzgün pisman oldum sildim"
118019;;"2017-06-01 01:36:11";"O kadar çok reklam var ki artık tv den izlemenin bi farkı kalmadı..bıraktığım yerden devam etmiyor artık diziler eskisi gibi..ileri alıyorum tekrar başlayasıya 2 3 reklam daha izliyorum..böyle giderse sileceğim.."
117255;;"2017-06-09 21:00:30";"Efsane uygulama ama animasyon filmlerde olsa veya yabancı filmlerde olsa daha efsane olur"
116497;;"2017-06-17 09:07:03";"Gerçekten süper fi yi çokkk seviyorum"
115745;;"2017-07-08 03:16:32";Harika
115200;;"2017-07-27 17:49:22";"Çok süper"
114459;;"2017-09-11 13:46:14";Gozelll
113924;;"2017-10-08 10:56:58";Harika
123155;;"2017-04-05 16:32:24";"Çok güzel bi uygulama içerde'yi izlemek için yükledim :)"
112672;;"2017-11-11 12:23:42";"Ücretsiz kaliteli güzel bir uygulama"
112151;;"2017-11-22 17:49:47";"Çok süper"
111634;;"2017-12-05 23:22:08";Mükemmel
111121;;"2017-12-17 15:38:36";"Çok güzel bir uygulama ve bütün kanalların dizilerini yayınlayabilse çok daha güzel olur . sadece fazla reklam koyuyor olmanız can sıkıcı ..."
110612;;"2017-12-22 07:26:57";"istediğim filmler yok"
110107;;"2017-12-26 09:10:20";"Mükemmel 👌"
109606;;"2018-01-03 21:07:27";Süper
116517;;"2017-06-17 01:13:48";"Teşekkür ederim"
108804;;"2018-01-17 23:40:15";"Cok guzel"
108314;;"2018-01-22 21:03:49";"Kalite budur"
117280;;"2017-06-09 19:10:26";"Fi dizisi için indirdim. Diğer dizileri de seyrediyorum. Başarılı bir uygulama."
107531;;"2018-01-31 23:55:42";"Wifi uzerinden tv ye aktarilsa 10numara  5 yildiz olurmus"
128285;;"2017-02-01 09:28:38";"Vallaha tek kelimeyle mükemmel"
106760;;"2018-02-13 09:15:09";"Helal olsun be"
120586;;"2017-05-02 07:17:15";"Sorun yaşıyorum giremiyorum lütfen bir çözüm getirin..."
106001;;"2018-02-23 16:44:47";Harika
123167;;"2017-04-05 15:07:46";"Smart tvde kullanmak dileğiyle"
105254;;"2018-03-07 05:56:50";"İzlemesi kolay ve keyifli. Ancak çok fazla reklam var. Özellikle iler geri sarmalarda direk reklama geçiyor. Sinir bozucu bir durum."
104973;;"2018-03-11 23:49:48";Süperrr
123169;;"2017-04-05 14:30:51";"Güzel gibi"
120594;;"2017-05-02 06:12:09";"Bayildim :))"
103965;;"2018-03-24 10:23:17";"Hepsi aciliyo sadece mobil veriden fazla yiyo"
103692;;"2018-03-26 14:23:56";"çok güzel"
122120;;"2017-04-15 18:14:11";Bayıldım
109323;;"2018-01-10 17:10:59";"Çok ii bi program"
123142;;"2017-04-05 17:58:39";"Neden yeni bölüm izleyemiyorum kara sevdanın yeni bölümü var fragmanı izliyorsun"
122395;;"2017-04-13 10:50:01";harika
102183;;"2018-04-26 00:48:37";Iyi
101922;;"2018-05-05 06:40:57";"Bedava aga"
101663;;"2018-05-14 18:56:35";"Çok efsane"
101407;;"2018-05-24 11:46:50";"Kullanimi kolay ve icerigi zengin.Dizi projeleriniz harika,özellikle 
dizilerin 1 saat kadar olması çok güzel.Teşekkürler,"
101153;;"2018-06-01 19:45:05";süperdi
100901;;"2018-06-07 17:48:14";"kalite durduk yere düşüyo durdurmak icin ekrana 5,6 defa basmak gerekiyo"
125467;;"2017-03-10 18:05:00";"Adı efsane gelse 5 yıldızlık bi program"
118278;;"2017-05-28 14:40:28";"Bence  cok  guzel  butun  filmler  var  fragmanlqrıda  aninda  haberin  oluyo"
117514;;"2017-06-06 17:39:10";"Tek kelimeyle mükemmel :)"
111123;;"2017-12-17 14:34:43";"Cok guzel hic kasmiyo"
118797;;"2017-05-22 09:11:04";"Yureginize saglik"
128276;;"2017-02-01 11:06:17";"Çok güzel bir uygulama isdediğim zaman izleyebiliyorum filmleri çok güzel oluyor."
99337;;"2018-07-26 18:47:13";"Lütfen poyraz karayel dizisini de ekleyin"
99099;;"2018-08-06 19:36:28";Güzel
121613;;"2017-04-21 17:21:14";"Gerçekten bu çok iyi bir uygulama ama çooook reklam var bunları kaldırırsanız müthiş bir program herşey var.tabii kurulumunu becerene çünkü bazılarının telefonu kötü açılmıyor ve kötü diyor iyi telefonu alın daha iyi kullanın herşeyi."
108051;;"2018-01-25 17:56:28";"Bizi google dan site site gezmekten kurtardi yaa helal olsun valla 10 numara olmus"
113445;;"2017-10-27 11:34:40";"Çoooook reklam var bu nedir arkadaş 3dk da bir reklam mı  olur"
98319;;"2018-09-18 19:27:44";Yes
126729;;"2017-02-18 15:23:07";"Aradigim program"
107273;;"2018-02-04 21:20:58";"Harika herşey elimin altında teşekkür ederim puhu"
103708;;"2018-03-26 11:52:47";"Ara ara kasmalar oluyor"
97563;;"2018-10-21 20:17:45";"Hata veriyor"
111885;;"2017-11-28 13:15:43";Süper
96028;;"2018-11-06 00:36:10";"Güzel eskiden reklam vardı şimdi kaldırmışlar galiba!!!"
109846;;"2017-12-30 18:21:41";"Bayıldım özellikle kalite iyiyken bile kasmıyor"
121616;;"2017-04-21 17:07:50";"Çok güzel bir site"
95520;;"2018-11-28 12:27:27";"Harika bir şey,Eğer dizi severlerdenseniz bu uygulamayı kesin indirin. Kaçırdığınız bir dizi ya bölüm varsa buradan izleyebilirsiniz👍👍👍"
105752;;"2018-02-28 12:50:43";Süper
95237;;"2018-12-11 13:55:37";"Muhteşem bir program gerçekten helal olsun."
118294;;"2017-05-28 13:56:13";"Çok güzel bir uygulama"
99111;;"2018-08-05 19:47:46";"Şahsiyetin 8. Bölümü açılmıyor meraktan ve sinirden çıldırmak üzereyim"
94751;;"2019-01-02 20:19:55";"devamli reklam giriyor yotube izleyin daha iyi"
103450;;"2018-03-29 22:58:59";"hic bozmadan devam super 😄"
118296;;"2017-05-28 13:46:47";"Uzun zamandır böyle reklamsız bir uygulama yoktu. Bence en iyisi bu..."
103715;;"2018-03-26 09:20:25";"Reklamlar gecilmiyo"
92711;;"2019-02-02 15:07:16";"Arka sokaklar niye yok en çok izlenen dizi olan Arka sokaklar yok nerdeyse hiç izlenmeyen diziler var"
116002;;"2017-06-27 14:14:47";"Süper ötesi"
92447;;"2019-02-12 03:22:48";"this is very good app"
112391;;"2017-11-17 14:06:38";"Güzel beğendim"
92187;;"2019-02-19 12:16:45";good
113442;;"2017-10-27 14:01:13";"Arka sokaklar da eklense çok iyi olur🇹🇷😃👍"
91931;;"2019-02-27 19:58:31";"sıfır bir in dizisini getiremezmisiniz lütfen sıfır bir dizisini koyun."
106023;;"2018-02-22 22:58:22";"çok güzel ama kaldigin yerden göstermiyo dizileri sonrada bulamıyorum nerde kaldığımı eski bölümler cikiyo kaldığı yerden devam et kisminda"
91679;;"2019-03-07 12:04:09";iyi
109339;;"2018-01-10 00:48:19";Ez
89895;;"2019-03-19 11:52:07";"güzel ama interneti çok yemezse"
95749;;"2018-11-19 08:17:34";"hem kaliteli hem ücretsiz"
118303;;"2017-05-28 12:21:15";"Tek söz dizisi çikmiyo tsk pulu.tv"
128802;;"2017-01-26 12:03:31";"Gerçekten çok güzel uygulama emeği geçen herkeze çok teşekkürler 👏👏"
110619;;"2017-12-22 03:55:16";"Diğer dizilerde olabilirdi"
89352;;"2019-04-13 06:34:20";"önceden dizileri olduğu gibi veriyordu artık sansürlü konuşmalar"
118042;;"2017-05-31 18:45:01";"Bu ne ya 2 dakikada bir reklam yazik tamam para kazanacaksiniz anladik ama 2 dakikada bir reklam nedir cocuk musunuz"
89118;;"2019-04-20 09:58:43";yok
118273;;"2017-05-28 15:08:29";Guzel
114204;;"2017-09-25 19:05:35";"böylesi daha iyi tv keyfi ❤"
88833;;"2019-05-01 19:00:00";"uygulamayi poyraz karayel icin indirdim. fakat yok."
109328;;"2018-01-10 14:51:18";"Biz ailece puhu tv yi çok seviyoruz evet benim de istediğim bazı filimler yok çünkü puhu tv onlarla anlaşmalı değil"
88609;;"2019-05-12 18:46:36";"Efsane ama tabikide ücretli olacaktıır (2 sene önce bunu yazmışım ücretsizlik konusundaki tutarlı tavırlarını kutluyorum yalnız içeriğe abanmalılar)"
128003;;"2017-02-04 19:27:27";"Gerçekten cok guzel uygulama ama tek bir sıkıntısı var o da bazı diziler yok onlarıda eklerseler tam olucak bu guncellemeyi bozmazlarsa tabi sadece bazi diziler yok"
126476;;"2017-02-21 22:58:06";İçerdemisiniz?
86799;;"2019-05-19 09:13:33";Guzell
97287;;"2018-10-31 17:34:55";"Harika Arkadaşlar"
114944;;"2017-08-12 16:35:30";"Allah aşkına artık bi uygulama Vikings'i yüklesin. Bide şu korku filmlerini çoğaltın hatta tüm filmleri filmler eski."
86531;;"2019-05-23 08:27:56";"her şey çok güzel Sadece durdurup başladığın zaman Reklamdan sonra çözünürlük değişiyor Bu da benim hiç hoşuma gitmiyor"
119571;;"2017-05-12 18:05:37";"Ücretsiz ve kaliteli olması yeterli"
120065;;"2017-05-06 07:25:57";Harika
98576;;"2018-09-06 01:16:36";"Uygulamayi oyladiktan sonra diziler açılmıyor yükleniyor hatası veriyor ama genede açılmıyor lütfen çare bulun bu durum sıkıcı"
114718;;"2017-08-27 14:37:14";"Uygulama için teşekkürler"
120850;;"2017-04-28 23:08:34";"Yılan Hikâyesi ve Deli Yürek gibi eski dizileri de görmek isteriz. Olursa çok iyi olur"
120066;;"2017-05-06 07:23:42";"Dizileri TV  izlemek daha mantıklı  içerde dizinin son bölümüne bakınca anlarsınız ben dizi de en  az 50 ye yakın reklam koymuş sunuz"
97812;;"2018-10-09 16:29:04";Guzel
113677;;"2017-10-23 22:59:53";"Harika uygulama"
85770;;"2019-06-16 15:32:30";"Sorunsuz calisiyor"
95744;;"2018-11-19 14:36:45";"Tek bir sorun var fazla korku film mi yok"
124417;;"2017-03-29 21:46:49";"Çok güzel bir uygulama beleş hemde tek sorunu var yabancı dizi, film, çizgi film eklense liste genişlerse tadından yenmez 👍"
85532;;"2019-06-29 20:35:50";"kaldığım bölümleri tutmamaya başladı sonraki videoda da sıradaki bölümü değilde son bölümü açıyor"
91686;;"2019-03-06 22:24:37";"iyileştirilmiş güzel bi program"
126724;;"2017-02-18 16:42:02";İyi
128291;;"2017-02-01 08:43:15";"İleride Paralı Yapmazsaniz Guzel Olur"
82438;;"2019-07-23 10:07:38";"uygulama güzel fakat izle butonuna tıklayınca uygulama kapanıyor listeye de ekleyemiyorum"
126742;;"2017-02-18 12:54:37";Superrr
122391;;"2017-04-13 12:00:38";"Yabancı diziler yok kötü"
82213;;"2019-08-28 18:22:15";Güzel
86805;;"2019-05-19 08:07:37";"güzel bir uygulama emeği geçen herkese teşekkürler"
98561;;"2018-09-07 00:41:58";"Güzel bazı filimler Yok ama olsun"
106243;;"2018-02-19 11:32:44";Başarılı
81950;;"2019-09-30 21:39:09";"Aynı bebeğim gibi bir uygulama tavsiye ederim 😅"
104468;;"2018-03-20 00:14:29";Guzel
94981;;"2018-12-23 19:37:05";"Donuyo videolar daha hızlı yuklenmeli"
107008;;"2018-02-09 08:02:47";"Çok iyi ama daha yeni filmler de olmalı"
81692;;"2019-10-18 23:07:23";"Dizi değil sadece reklam izliyoruz. Her reklam arasında 5/5 reklam nedir ya dizi saati kısalmış boşluklar reklamla dolmuş."
111904;;"2017-11-27 23:18:54";Süper
106512;;"2018-02-15 20:07:46";👍👍👍👍👍👍👍👍👍👍👍👍👍👍👍👍👍👍👍👍👍👍👍👌👌👌👌👌👌👌👌👌👌👌👌👌👌👌👌👌👌👌👌👌👌👌👌
105493;;"2018-03-03 21:24:28";"Cok guzel bir uygulama yapanin ellerine saglik"
81441;;"2019-11-05 17:56:25";"İnternetin tvden farkı reklam ve zaman sınırı olmadan istenilene özgürce dolaşıma açık olması bundan yoksun olan bir Program ne kadar etkileyici ve ne kadar kendini idame edebilme yetisi olur merak kunusu neticelendirirsek reklam çok ve REKLAMLAR ÇOK UZUN."
81953;;"2019-09-30 19:27:15";"Uygulama bozuk 140p de gösteriyor kaliteyi ayarla tuşuna basıyorum kapanıyor rezalet"
94758;;"2019-01-02 13:52:34";"Uygulama gayet güzel fakat izlediğim""Muhteşem ikili""dizisini bulamadım eklerseniz sevinirim şimdiden teşekkürler."
104706;;"2018-03-17 10:46:17";harika
122654;;"2017-04-10 06:38:04";İyi
81156;;"2019-12-02 22:10:45";"İnternet paketi Çok gidiyor ve kendi kendine uygulama kapanıyor dizileri ileri alıyorum oynatmıyor ve kapanıyor uygulama"
107550;;"2018-01-31 21:01:58";Harika
113685;;"2017-10-23 20:36:58";"10 numara"
80912;;"2019-12-11 20:40:09";"Uygulamayı açamıyorum sistemsel bir sorunmudur yoksa telefondan mı kaynaklanıyor?"
113679;;"2017-10-23 22:40:04";👏👏👏👍
116483;;"2017-06-17 11:16:28";"Takılma yapıyor berbat"
108316;;"2018-01-22 20:51:21";Süper
80678;;"2019-12-27 06:31:06";"Kuruluş Osman dizisi neden yok"
82444;;"2019-07-22 16:03:26";"saçma bir şekilde wifi ye bağlıyken izleyemiyor ancak mobil veri ile izleyebiliyorum içerikleri.."
118297;;"2017-05-28 13:37:29";"Puhu tv is the best"
98049;;"2018-09-28 19:01:07";Süper
127512;;"2017-02-11 21:53:18";"Ellerinize saglik güzel bir calısma olmuş ;)"
80405;;"2020-01-22 21:35:40";"Daha çok film olması lazım bilim kurgu ve aksiyon filmleri sayısını artırın lütfen teşekkürler"
118298;;"2017-05-28 13:23:49";Superrr
124434;;"2017-03-29 18:09:11";"Diyecek bir şey yok"
99863;;"2018-07-06 13:10:56";Mükemmel
124161;;"2017-03-31 17:37:31";"NEDEN ÜYE OLURKEN BAĞLANTI HATASI VERİYOR"
80142;;"2020-02-15 15:58:50";👍👍👍👍👍
102663;;"2018-04-12 13:33:05";Efso
97805;;"2018-10-09 19:34:36";"Çok Güzel Bir Uygulama Doğuş Dıgıtal'e tşk ederim. 🙏"
99621;;"2018-07-15 14:29:45";"Takılmadan ve güzel kalitede izleniyor. Özellikle sade güzel bir arayüze 
sahip."
122138;;"2017-04-15 14:57:02";"Akasya Durağı ve benzeri yoktur be yaa"
79889;;"2020-03-14 06:38:10";"Ceşke sokağın çocuklarında olsaydı"
125477;;"2017-03-10 16:45:50";"Güzel bir uygulama"
111652;;"2017-12-05 18:33:40";👌👍
99586;;"2018-07-16 19:29:35";♡♥
118795;;"2017-05-22 09:25:13";"Reklamların suyu çıktı artık bide uygulama donuyor ileri geri gitmek sıkıntı"
79646;;"2020-03-30 20:03:55";"Abi çok donyur ya"
108049;;"2018-01-25 18:25:27";Iyi
128786;;"2017-01-26 16:23:20";"Helal olsun yapana"
97304;;"2018-10-30 22:32:15";"Bence çok eksiği var bütün diziler yok seçmece olmuş madem yapıyorsunuz düzgün yapın. Güncel diziler zaten izleniyor bulunuyor da ama eski diziler yok beren saat ile ilgili de dizi yok ayrıca neden??? Ha birde reklam izlemek istesek bu uygulamayı indirmezdim 👎👎👎👎"
107793;;"2018-01-29 08:43:30";"Güzel bir uygulama"
76319;;"2020-04-16 16:01:43";"Aslında güzel bir uygulama ancak daha iyi deneyim için iyileştirme yapılması şart. Neredeyse her dizi film var bu + ama sürekli donma takılmalar var 1 saatlik diziyi 3 saatte anca bitirebilirsiniz. Bir an önce güncellenmeli uygulama.."
122376;;"2017-04-13 16:31:06";"Güzel ama daha fazla güncel Filmler konulmalıdır. Yinede emeği geçenlerin ellerine sağlık."
82215;;"2019-08-27 12:03:05";"Eskiden çok rahat kullanıyordum ama artık kaldığı yerden devam etmiyor, uygulamayı arkaplana alıp tekrar açtığımda asla devam etmiyor. Lütfen düzeltin artık."
114471;;"2017-09-10 15:26:44";"TV kanallarına olsa iyi daha iyi olurdu."
129043;;"2017-01-24 23:51:03";"Çok güzel oldu YouTube kurtulduk"
113163;;"2017-10-31 08:47:35";Süpersiniz
76053;;"2020-05-11 15:29:12";"Başka sahneye geçince herkes normal konuşurken baştaki jenerik müziği geliyor"
126757;;"2017-02-18 10:12:27";"program güzel fakat aradıģım hayat şarkısı adlı diziyi bulamıyorum yok e yer gelirse yeniden yükleyecegim"
102931;;"2018-04-06 20:58:46";Harika
89616;;"2019-04-01 14:54:33";"bazı eski dizilerin olmaması kötü olmuş sadece"
127771;;"2017-02-08 17:35:30";"actually god 😍"
112673;;"2017-11-11 11:55:37";Müthis
75799;;"2020-06-13 10:08:38";"Kotu yorum yazan ibneler yalan soylemeyin google play filmlere 30lora odeyip aliyonuz bu uygulama bedaba yapandan allah razi olsun"
76322;;"2020-04-15 21:49:17";"Güzel bi programm👏👏"
81408;;"2019-11-10 06:10:06";"Tamam iyi,hoş bir program eyvallah ama habire reklam giriyor 3 dk dizi izliyoruz 1 dk reklam :("
109829;;"2017-12-30 21:39:59";"Popüler yabancı dizilerde eklenirse güzel olur reklamıda azaltsak süper olur"
97307;;"2018-10-30 19:24:33";"Cukur için onnn numara program kesinlikle tavsiye 1000000 numara"
124959;;"2017-03-19 03:21:17";"Cokk güzellik"
75557;;"2020-08-24 21:09:42";"bi saatlik dizi 50 saatte bitiyor maalesef bazen dizi izliyoruz bi salmadınız reklam izleyelim anlıyorum para kazanacaksınız fakat bu kadarı gerçekten fazla reklamlar gelirken bile bazı reklamlar donuyor çık gir yapıyorsunuz aşırı sorunlu."
75521;;"2020-09-02 07:12:16";"Uygulama neden cvb vermiyo açilmiyor filmler"
116746;;"2017-06-14 00:50:52";"Yarışmaların eski bölümleri neden yok ve eski dizilerde olmalı"
122112;;"2017-04-15 19:26:11";"Cesur ve güzel"
104737;;"2018-03-16 15:42:41";"1. Elbet de ücretsiz bi programda reklam olması şart ama bu aşırı abartı 30 sn bir reklam fazla. 2. Reklamların sesi normal video sesinden kat kat yüksek. 3. Bırakdığınız yerden devam edin bölümüne bir çarpı işareti koyup kaldırmak istenilenler kaldırılmalı kalablık duruyor 4.Youtubeda olduğu gibi sağ ve sola 10 sn ileri veya geri olsa telefondan izlediğinde gayet güzel olur"
127502;;"2017-02-12 00:16:07";"Çok güzel bir uygulama"
119578;;"2017-05-12 16:31:26";"Güzel böyle devam"
75292;;"2020-09-29 07:56:16";"Bu ne ya donup duruyor hiç bişey izlenmiyor.. bi güncelleme mi yapacaksınız ne yapacaksanız düzeltin artık şu uygulamayı"
121105;;"2017-04-25 08:59:06";"Guzel program"
119296;;"2017-05-15 18:23:31";"Bide diziye kaldigim yerden baslayabilsem"
82182;;"2019-09-02 15:50:24";😁😁😁
104712;;"2018-03-17 08:29:53";"en iyi uygulama"
98831;;"2018-08-21 05:25:26";"FOX yok"
109079;;"2018-01-16 01:02:11";İdeal
75042;;"2020-10-15 14:37:55";"sürekli donuyor berbat bir program."
75010;;"2020-10-19 13:43:38";"Çok kötü bir uygulama sürekli donuyor doğru düzgün hiç bişey izleyemiyorum.."
118804;;"2017-05-22 08:15:15";"Degişik konuları özlemişiz"
120076;;"2017-05-06 06:24:05";Süper
114184;;"2017-09-26 08:47:27";"30 sn sonra reklamı atla seçeneği de nedir zaten hepsini zorla izletmiş oluyorsunuz."
89609;;"2019-04-01 21:26:58";"iyi gargdas infirin amk bebeleri"
95241;;"2018-12-11 10:59:10";"Çentikli ekranda ekran küçük oluyor. Tam ekran olsun 6"" inç telefon da 4"" inç izliyorum."
48896;;"2020-03-06 19:31:36";"It always lag No matter the speed of the internet it will lag I like it .. but laging is big problem U have to solve it"
48897;;"2020-03-01 17:59:51";"No subtile!! How can i understand the language can anyone help???"
48898;;"2020-02-25 20:21:12";"How can i change the language settings from Turkish to English"
48899;;"2020-02-24 13:56:03";"Dizi izlerim indirdim ama hep reklam televizyondan izle daha iyi, ne de olsa tv de reklam daha az"
48900;;"2020-02-16 16:57:33";"Is it possible to please have english language option"
48901;;"2020-02-15 22:31:01";"No screen cast, chromecast support"
48902;;"2020-01-28 09:39:38";Yaxşıdır
48903;;"2020-01-26 17:35:55";"Worst app...there is nothing in there...no subtitles..I'm sorry to say but I don't recommend it to download this app😒"
48904;;"2020-01-23 07:50:44";"The best Free online television that offers tons of Turkish dramas/movies and in matchless audio/video quality (HD). All of the Best Turkish TV Dramas/Movies are placed in this app. ❤ Yaşasın puhutv ❤"
48905;;"2020-01-21 08:27:13";"I love this app but you should put subtitle"
48906;;"2020-01-19 20:07:28";"Neden Azərbaycandan da izlenemiyo?"
48907;;"2020-01-18 22:59:53";"Not able to watch,"
48908;;"2020-01-14 13:00:05";"Açılmıyor. Açmaz kapanıyor programdan atıyor."
48909;;"2020-01-02 19:54:35";"Kibrista da gorebilmek istiyoruz..."
48910;;"2019-12-31 23:53:39";Good
48911;;"2019-12-28 19:00:17";"Android tv uygulamanızda neden 4k desteği yok? Şahsiyet gibi bir şaheseri Android tv de 720p çözünürlük ile sunuyorsunuz. Bu desteği ne zaman getirmeyi planlıyorsunuz?"
48912;;"2019-12-23 14:14:47";"Can't set subtitles"
48913;;"2019-12-17 22:11:37";"Açılınca çöküyor.."
48914;;"2019-12-17 20:42:11";"keep crashing"
48915;;"2019-12-16 04:41:54";"Content is limited to Turkey only. Then, why the app is distributed to other countries?"
48916;;"2019-12-14 10:01:28";"Mate20 Lite telefonumu EMUI 10'a güncelledikten sonra uygulama açılmıyor. Android sürümü de aynı şekilde Android 10"
48917;;"2019-12-14 09:39:29";Açılmadı
48918;;"2019-12-11 22:11:49";"تنظیمات کیفیت نمیاد"
48919;;"2019-12-11 20:10:25";"Yurtdisindan neden izleyemiyoruz ki ne anladim ben!"
48920;;"2019-12-11 15:31:25";"Android 10, Mi 9 çalışmadı"
48921;;"2019-12-11 15:17:25";Çöp
48922;;"2019-12-09 14:05:53";👍👍👍👍
48923;;"2019-12-07 20:26:27";"Android TV sürümü son güncelleme ile harika olmuş. Teşekkürler."
48924;;"2019-12-06 17:33:21";"Dunyanin her yerinde Netflix izlenebilirken sadece Turkiyedeki platformlarin ulke kisitlamasi yapmasi kadar cagdisi birsey yok."
48925;;"2019-12-03 11:58:09";"Android 10 da açılmıyor."
48926;;"2019-12-02 18:59:49";"Azərbaycandan izləyə billməmək heç xoş deyil."
48927;;"2019-11-30 21:13:01";"Chromecast destegi yok"
48928;;"2019-11-30 08:56:55";"Android 10'da acilmiyor. Cihaz Huawei Mate 20 Pro!"
48929;;"2019-11-28 07:33:13";"programi yukleyib dizo izlemek.istedim.siteye turkiye disinda izlemek mumkun diyil.bildiriminaldim((( aciklaya bilirmisiniz?"
48930;;"2019-11-27 15:36:58";Kaliteli
48931;;"2019-11-26 21:06:11";"Afedersiniz ama neden sitenizdeki diziler sadece Türkiye'den izlenebilir? Ne gerizekalı bir uygulamadır bu?! Yurtdışında yaşayanların hakkı yok mu?!"
48932;;"2019-11-26 12:21:48";"Sadece Türkiye'den izlenebilmesi çok kötü"
48933;;"2019-11-24 14:01:23";Perfect
48934;;"2019-11-21 17:44:26";"Uygulama açılmıyor."
48935;;"2019-11-19 00:33:04";"Can't watch tv series if not located in Turkey"
128768;;"2017-01-26 20:17:32";"Güzel mantıklı uygulama bence teşekkür ediyorum tebrik ediyorum"
127497;;"2017-02-12 07:35:23";Harika
126236;;"2017-02-25 18:21:40";"Tek kelimeyle mükemmel."
125199;;"2017-03-15 20:50:17";"kötü, dizileri zaten seyrediyoruz farklı olan ne !?"
124170;;"2017-03-31 17:30:08";"Kayıt olamıyorum baglantı hatası veriyor defalarca denedim olmuyor internet bağlantısında sorun olmadığı halde hata veriyor uygulama"
123149;;"2017-04-05 17:28:01";Süper
122137;;"2017-04-15 15:03:59";Mükemmel
122905;;"2017-04-07 21:41:36";"Başarılı bir uygulama olmuş"
120345;;"2017-05-03 20:31:52";"Çok iyi"
119563;;"2017-05-12 18:20:59";"Sırf Fi icin indiriyorum"
118787;;"2017-05-22 11:02:19";"Güzel uygulama reklamlar biraz uzun"
118017;;"2017-06-01 07:01:53";"Reklam her yer yerde var zaten hani uygulamalı olmuşsun ne olmuş yani koyduğun reklam saniyesi 25 sn en az zorla izlettriyosusunuz filim şevkinmiz  kaciyo yazıklar olsun be"
117253;;"2017-06-09 21:12:13";"Fi diyorum başkada birşey demiyorum, teşekkürler.."
116495;;"2017-06-17 09:08:06";Super
115743;;"2017-07-08 05:09:25";"Kalp Atışı dizisini de eklermisiniz! Yeni çıkan Ateşböceği ve Dolunay bile var bi o yok. Lütfen Kalp Atışı diziside gelsin...."
116490;;"2017-06-17 09:59:54";"Cok donuyor"
114457;;"2017-09-11 14:57:12";Super
113923;;"2017-10-08 13:12:03";"Tv den çok reklam var"
124176;;"2017-03-31 17:28:40";"Premier yapacağınız gün programımız çalışmıyor."
112671;;"2017-11-11 12:33:00";Güzel
112150;;"2017-11-22 17:51:33";Güzeldi
111633;;"2017-12-06 00:23:53";"Onceden izledigim bolumleri ve yarim kalan bolumleri gorebiliyordum. Sezon tamamlamak kolay oluyordu ama artik en son ne izledim kacinci dakikada kaldigini goremiyorum."
111120;;"2017-12-17 15:39:53";"On numara adamsınız"
110611;;"2017-12-22 07:58:02";"10 numara 5 yıldız usta .....!!!!"
110106;;"2017-12-26 09:20:17";Super
109605;;"2018-01-03 21:09:19";Guzel
117275;;"2017-06-09 19:49:18";"Harika 👍"
108803;;"2018-01-18 00:09:24";Süper
108313;;"2018-01-22 21:08:14";"Mükemmel ötesi"
118044;;"2017-05-31 18:35:53";"süper eo eski dizoler"
107530;;"2018-01-31 23:59:11";"Siyah beyaz aşk ve yaparsın aşkımıda ekler misiniz çok süper olur☺"
125442;;"2017-03-10 23:57:57";"Süper bi uygulama"
106759;;"2018-02-13 09:35:32";Hqrika
121375;;"2017-04-22 20:05:06";"Efsane ücretsiz bir uygulama reklamlar çoğalmazsa böyle devam ederse süper olur !!!"
106000;;"2018-02-23 16:58:27";Süpersiniz
128784;;"2017-01-26 16:56:31";Muhteşem
105253;;"2018-03-07 06:47:57";Super
104972;;"2018-03-12 00:50:56";"Çok güzel ve seyri değer kalitede, dizi ve sinema yada dizi arttırımları daha fazla olursa benden 5 yıldızı kaptı ✌"
127522;;"2017-02-11 19:35:15";"Merhaba dogus digital uygulama çok güzel ama benim dizim olan kanal d de yayınlanan adı efsane adlı dizide yüklenirse tam 5 yıldızı hak edecek adı efsane gelsin lütfen..."
121383;;"2017-04-22 19:19:58";Süper
103964;;"2018-03-24 10:38:24";"Harika bir iş olmuş"
103691;;"2018-03-26 14:33:38";"Harika işler"
106007;;"2018-02-23 13:10:24";"Muhteşem bir site istediğin her şeyi bula biliyorum"
110109;;"2017-12-26 08:28:19";"Reklamlari cok uzun tutmazsaniz gayet başarılı bir program tv den izledigimde kilitleniyor ve yayin kesiliyor bir anda bir tek bu durumda iyilestirme yaparsaniz muhtesem olur"
115992;;"2017-06-28 08:39:03";"Cok iyi bi uygulama az da internet gidiyo zaten tavsiye ederim 5 yıldiZZ"
123408;;"2017-04-03 18:31:19";"görüntü kalitesini ayarlamak istediğimde ve ileri geri sarmak istediğimde uygulama kapanıyor acilen düzeltilmesi lazım"
102182;;"2018-04-26 01:50:46";"diziyi sardiralim diyoruz her sardirmamda 30sNiyelik reklam giriyo ne bu amk"
101921;;"2018-05-05 08:16:50";"Cokkk iyi"
101662;;"2018-05-14 19:24:13";"Puhu TV harika"
101406;;"2018-05-24 13:02:38";"Reklamı azaltın lütfen"
101152;;"2018-06-01 20:27:04";Super
100900;;"2018-06-07 17:48:16";"Dizileri çok güzel harika"
127007;;"2017-02-15 01:07:07";"Sizden iyisi yok :))"
119049;;"2017-05-19 12:16:00";"Çok iyi kaçırdığımız filmleri izliyoruz"
118279;;"2017-05-28 14:26:04";"Iyi güzel"
111636;;"2017-12-05 22:23:46";"Kaliteli ve prestijli  Teşekkürler  Puhu  tv"
105740;;"2018-02-28 18:22:39";"Goruyorzunuz mukemmelll mukdmmell"
101159;;"2018-06-01 17:01:35";"Guzel Ama Reklamlar Azaltılmalı"
99336;;"2018-07-26 18:56:04";Haf
99098;;"2018-08-06 20:03:37";"Bedavaya bu kdr iyi şeylerin bir arada olması 😖😊😊"
127241;;"2017-02-13 08:09:37";"Cok begendim indirmenizi Beklerim"
110114;;"2017-12-26 06:54:48";"Önceden bir reklam gösterilirken şimdi 5-10 dk bir reklam çıkıyor. Ben reklamsız dizi keyfi sürmek için çıktığı gün değil bir sonraki gün izlemeyi tercih ediyorum. Bu şekilde çok anlamsız bir uygulama olmuş. Acilen reklamlardan kurtulmanız lazım veya aziltin."
118277;;"2017-05-28 14:42:21";"Mükemmel bir uygulama. Keşke yabancı diziler de yayınlansaydı."
98318;;"2018-09-18 19:35:20";"Hakkını vermek lazım"
127777;;"2017-02-08 15:56:22";"sadece disney channel yok ama geriye kalan her şey muhteşem"
119591;;"2017-05-12 13:10:25";"Dizi seyrederken her dakika çıkan reklamlarla uygulamayı mahvetmişsiniz teşekkürler."
106501;;"2018-02-15 20:45:52";"reklâmlar çok fazla"
97562;;"2018-10-21 20:44:26";"Reklami biraz daha az olsa???? Ayrica kaldigi yerden devam etse cok daha guzel olur"
112405;;"2017-11-16 22:31:43";"Gayet hoş birkaç daha yenilik ler yapılması gerekir"
96027;;"2018-11-06 00:38:56";"Super herkese tavsiye ederim"
110350;;"2017-12-24 01:05:08";👏👍
98325;;"2018-09-18 18:15:25";"Allah aşkına diziyi az ileri almak istiyorum 10 dk ileri atiyo sü video oynaticiyida bi duzeltin"
95519;;"2018-11-28 13:43:30";"Daha fazla komedi filmi olsa iyi olur ama yinede güzel elinize sağlık"
115979;;"2017-06-28 22:43:21";"GERÇEKTEN MÜKEMMEL YESİLCAMDAN LEYLA İLE MECNUN KADAR HEPSİ VAR"
95236;;"2018-12-11 14:12:27";Efsane
119065;;"2017-05-19 09:01:14";"yemin ederim cok guzel internette izliyom dcok donuyo ama bunda hic dinma yok vallaha ALLAH razi olsun yapanlardan ☺"
99350;;"2018-07-26 04:24:58";"Harika muhteşem bayıldım"
94750;;"2019-01-02 20:36:20";"Efsane mesala çukur'un kaçırdığım bölümlerini izleyebiliyorum"
125455;;"2017-03-10 19:49:15";"Emeği gecen herkesin ellerine sağlık"
119067;;"2017-05-19 08:51:06";"Turkiyedeki internet hızında sadece 144 ve 720 secenkleri mevcut 144te hicbisi gorunmuyor 720 de ise video internet hızından dolayı donuyor bu sorun cozulmeli 360 p ve 480p eklenmeli"
116763;;"2017-06-13 21:08:17";"Reklamlar sık ve uzun onun dışında süpersin puhutv"
92710;;"2019-02-02 15:46:57";"ÜCRETLİ UYGULAMALARDAN KAT TRİLYONLARCA DAHA KALİTELİ HELAL OLSUN SİZE. SONUNA KADAR HAKEDİYOR 5 YILDIZI HATTA DAHA FAZLASINI HAKEDİYOR."
103434;;"2018-03-30 05:47:11";"Reklam var diye şikayet edenler gülünç olmayın uygulama bomba beylerrr"
92446;;"2019-02-12 03:48:06";guzel
115746;;"2017-07-08 01:23:07";"Az reklam olsa ya admin"
92186;;"2019-02-19 14:21:05";"dizler açılmıyor"
116498;;"2017-06-17 09:07:02";"Tv de Son nokta, Kalitede puanım 10"
91930;;"2019-02-27 20:08:17";"duzeltilmeler gerekli"
108836;;"2018-01-17 21:22:02";"Muhteşem teşekkürler"
91678;;"2019-03-07 12:23:12";"perfect 💣"
121612;;"2017-04-21 17:26:45";"Çok güzel başarılı bir uygulama herkese tavsiye ederim teşekkürler"
89894;;"2019-03-19 12:19:53";Süper
104724;;"2018-03-16 20:35:51";"Cok reklam var"
119074;;"2017-05-19 07:42:02";Müthiş
92192;;"2019-02-19 10:39:08";"Reklam yok 10 numara 5 yıldız"
121363;;"2017-04-22 20:55:05";Muhteşem
89351;;"2019-04-13 06:43:50";"bayiliyorum bu uygulamaya.keske sansurleri kaldirsaydiniz. eskiden sansursuzdu cukur"
106016;;"2018-02-23 07:29:27";"Geyet kullanisli ve guzel bi uygulama ellerinize saglik"
89117;;"2019-04-20 12:05:14";guzel
121621;;"2017-04-21 16:55:52";👏👏
116492;;"2017-06-17 09:55:26";"Gerçekten başarılı uygulama"
88832;;"2019-05-01 19:07:29";"reklamlar Azalsa cok daha iyi olur teşekkür ederim"
107553;;"2018-01-31 20:56:05";Tesekkurler
88608;;"2019-05-12 19:15:13";boş
97798;;"2018-10-09 21:38:46";Super
108563;;"2018-01-20 06:56:02";"Dizi izlerken fazla donuyor. Hadi o tamam da uygulamadan çıkıp tekrar girince aynı reklamları yine izletiyorsunuz."
86798;;"2019-05-19 09:24:54";Mükemmel
103717;;"2018-03-26 06:51:07";"Çukur sansürsüz yok."
115486;;"2017-07-15 07:20:51";"Hic bir dizi acilmiyor lütfen yardim edin yardimda bulunursaniz tesekkur ederim"
86530;;"2019-05-23 10:26:54";guzel
123394;;"2017-04-03 19:33:57";Nice
120849;;"2017-04-29 00:00:52";"Daha   iyi   olabilir"
86533;;"2019-05-23 07:29:34";İyi
99367;;"2018-07-25 11:04:25";"Çok güzel"
128517;;"2017-01-30 04:15:48";"7 numarayı da eklerseniz sevinirim"
105743;;"2018-02-28 17:05:27";"Güzel ama televizyonada bağlanma özelliği gelsin"
116739;;"2017-06-14 06:20:23";"Bayıldım çok güzel indirin ama dizilerin hepsi burda yok söz falan kötü çocuk onlar yok"
114210;;"2017-09-25 16:52:36";"Çok çok ćok guzel yaa"
85769;;"2019-06-16 17:35:40";"Çok iyi"
115474;;"2017-07-15 09:46:53";"2 günden beri videolar açılmıyor izleyemiyorum neden acabz"
106240;;"2018-02-19 12:38:10";Beğendik
85531;;"2019-06-29 22:18:39";"arkadaşlar yeni guncellemeden sonra çoğu diiz ve film kaldırılmış. daha sonraa linki kopyalayip dizi indirebilirken artık sadece almanya yapabiliyormus.lütfen indirmek için site bilen varsa yazsın lütfen"
129286;;"2017-01-19 13:31:48";"harika mukemmel"
99611;;"2018-07-15 19:56:58";Güzel
126215;;"2017-02-25 21:49:46";"Vizyondaki yeni filmleri eklerseniz süper olurdu"
82437;;"2019-07-23 11:05:02";"Eski hali mükemmeldi ama artık çok bozdunuz"
106014;;"2018-02-23 08:14:59";"İyi var"
121358;;"2017-04-22 21:14:05";"Keske telden yada tabletten de youtube televizyona baglanabilme özelliğinden olsaydi ama neyseki bazi tv lerede kanali indirebiliyormusuz ve indirdim artik daha rahat izleyebiliyorum teşekkürler"
82212;;"2019-08-28 21:21:45";"İzlediğim hiçbir diziyi bulamıyorum sakarya fırat, avlu hatta avlu vardı izlerken birden kaldırdılar anlayamadım şuan bulamıyorum 1 yıldız bile fazla geliyor şuan"
85535;;"2019-06-29 17:46:43";"Çok güzel uygulama. teşekkürler gönül rahatlığıyla indirip kullanmanızı tavsiye ederim"
117530;;"2017-06-06 13:12:54";Mükemmel
106532;;"2018-02-15 19:16:06";İyi
81949;;"2019-09-30 23:36:48";"Smart evlerde bağlantı hatası vermekte sorunun nuhut ekibi tarafından düzeltilmesi gerekmektedir bu yüzden tek yıldız verdim"
98334;;"2018-09-18 15:23:14";"Arada bir reklam geliyor diye çok görmeyin reklam sayısı az zaten alt yapısı sağlam ücretsiz muhteşem bir uygulama."
115232;;"2017-07-25 13:35:15";"Cok iyi"
107302;;"2018-02-04 10:44:57";Çukur
81691;;"2019-10-19 00:29:40";"Aşırı donuyor sırf reklam hemde 3-5 tane art arda dizinin ortasinda çok saçma"
85537;;"2019-06-29 12:52:13";"ALLAH SİZDEN RAZI OLSUN"
118287;;"2017-05-28 14:02:11";güzel....
123921;;"2017-04-01 10:55:10";"MUHTEŞEM BİŞEY Bİ DE fi dizisi gibi diziler tek burda olsa bir kanal gibi olsa gzl olur yeni diziler olsun"
81440;;"2019-11-05 18:27:31";"Siz uygulama yapmayın kardeşim"
107541;;"2018-01-31 21:57:23";"Gayet güzel bir platform TV izlemeyi pek sevmem dizileri kaçırırım genelde reklam arası falan filan. Boş ve rahat olduğum vakit kaldığım yerden rahatça izleyebiliyorum. Tebrik ederim güzel uygulama :)"
127254;;"2017-02-13 04:45:40";"harika bir uygulama ama daha fazla içerik olursa iyi olur"
103426;;"2018-03-30 10:11:49";"Ben hiç beğen medim kalite görüntüsü çok berbat 😤😤😤"
123668;;"2017-04-02 06:00:11";"Kaçırdığınız tüm dizileri izleme şansını burda bulabilirsiniz ayrıca internette üzerinden yayınlanan dizilerinde burda olması çok güzel çok beğendim"
81155;;"2019-12-02 22:35:11";"Videoyu izliyorum reklam geliyor reklamı izliyorum reklam bittikten sonra biraz ileri alıyorum yine reklam veriyor bide bide videoları yükleyemiyor 2 saatlik videoyu 3 saatte anca izledim"
109838;;"2017-12-30 19:59:38";"Bolumler arasi otomatik gecis olsa iyi olur"
126237;;"2017-02-25 18:14:29";Nice
80911;;"2019-12-11 20:50:57";"Neden bu reklamlarda bu kadar kasıyor eziyete döndü izlemek , memnuniyetsizlikleri dikkate alıp iyileştirildi izlemeye devam aksi halde izlemek mümkün değil .."
120581;;"2017-05-02 08:35:29";"Güncellemeyi yaptım fakat puhu iptal hata veriyor açılmıyor"
116772;;"2017-06-13 19:56:31";Efsane
104199;;"2018-03-22 02:09:30";"Merhaba. Program gayet başarılı kullanımı kolay, fakat site uzerinden dizi izledigimizde 1080 p çözünürlükte izleyebiliyorken program uzerinden en fazla 720 p izlenebiliyor o da yeterli aslında fakat boyle bir farklılık var ?"
80677;;"2019-12-27 08:21:39";"son güncellemelerden sonra görüntü kalitesine müdahale edemiyoruz çok fazla reklam çıkıyor"
80914;;"2019-12-11 15:03:55";"Bi cok diziler yokkk yeni çıkan dizlerde yok ..o yüzden 2 yildizzz"
86812;;"2019-05-19 01:13:32";"mükemmel kalite kokan bir dizi izleme aracı"
104720;;"2018-03-16 22:14:47";"Süper kesintisiz ve kaliteli"
127510;;"2017-02-11 22:18:57";"Süper bi uygulama"
80404;;"2020-01-22 22:27:12";"Bu ne demek ya? Videolarımız sadece Türkiyeden izlenebilir yazmışsınız. Geçen sene izleniyordu ama! Berbat haldeyim şuan yaa.."
115986;;"2017-06-28 19:55:55";"Çok iyi"
89371;;"2019-04-12 21:36:50";guzel
100108;;"2018-06-23 15:10:35";Harka😍
116248;;"2017-06-20 09:32:51";"Her dizi yok puhu tv de ATV dizilerinide ekleseniz iyi olur."
80141;;"2020-02-15 18:09:45";"Boşa indirmeyin içerik yok denecek kadar az ayrıca reklam çok fazla kaldırdım gitti"
81698;;"2019-10-18 20:11:21";"18:9 oranlı ekranlarda tam ekran izlenmiyor 👎🏻"
89372;;"2019-04-12 21:32:29";"Çok iyi sadece bazı diziler yok o kadar ama popüler dizilerin hepsi varr"
99864;;"2018-07-06 11:32:12";"harikasıniz gencler❤😘"
114959;;"2017-08-11 13:34:41";"Guzel ve ücretsiz reklam problem"
79888;;"2020-03-14 08:29:04";"Hayatimda gördüğüm en sacma uygulama lan ben dizileri tvden izlesem daha az reklam izlerim bu nedir her 5 dk da reklam veriyorsunuz bu reklamlari kaldiracak bi program var mi adblok gibi suan itibariyle arastiriyorum reklamlari bloklayacak bi uygulama bulursam yazacam buraya beğenin uste kalsin"
81161;;"2019-12-02 14:40:39";"Yalnizca turkiyede izlene bilmesi çok kötü"
86815;;"2019-05-19 00:37:10";"reklam çoq"
110348;;"2017-12-24 01:43:41";"guzel  ama reklamlar hasta  edici surekli zorunlu reklamlar olmasaydi ve  yabancı dizilerde olsaydi tam puan hakeden bir uygulama olcakti. teskrler."
108580;;"2018-01-19 22:21:49";Süper🙃
79645;;"2020-03-30 22:10:34";"HD kalitesini ayarlanmıyor nasıl bir uygulama"
122142;;"2017-04-15 13:50:17";"Görüntüle kalitesi mukemmel"
92197;;"2019-02-19 08:05:54";"çok güzel bir uygulama tavsiye ederim"
99345;;"2018-07-26 09:57:34";"İstediğim dizileri seyredebiliyorum,ben size teşekkür ederim."
112167;;"2017-11-22 12:50:06";Fevkalâde
76318;;"2020-04-16 19:59:58";Alara
116007;;"2017-06-27 01:10:06";"Muhteşem sade ve kullanışlı bi uygulama"
81959;;"2019-09-29 23:01:17";"Telefonun tuş kısmının olduğu kısımda beyazlık oluyor önceden yoktu çok kötü olmasının yanında gereksiz göz yoruyor ve film izleme kalitesini düşürüyor."
89615;;"2019-04-01 15:28:07";"çok iyi ama bazen çalışmıyor"
99867;;"2018-07-06 09:05:26";"Reklam olması normal adamlar boklarınımı avuçluycaklar"
113692;;"2017-10-23 14:09:44";"Kufur sahneleri biplenmesin lutfen"
76052;;"2020-05-11 20:19:11";"Çok güzel"
79893;;"2020-03-13 21:28:35";"Sürekli donuyor dizi izlemek işkenceye döndü umarım en kısa zamanda düzelir"
106506;;"2018-02-15 20:31:30";"Çok güzel bir uygulama sizi kutlarım indirme şansımız olsaydı daha iyi olurdu"
105478;;"2018-03-04 01:30:11";Güzel
99868;;"2018-07-06 08:36:57";"Oynatma durdurma sıkıntılı bir türlğ olmuyor"
113164;;"2017-10-31 08:26:57";"Gördüğüm en iyi uygulama"
75798;;"2020-06-13 11:18:11";"Her 10 dakikada reklam var Bi diziyi izleyemiyoruz"
122379;;"2017-04-13 14:50:16";"Guzel ama youtubedeki ozellikler olsa daha iyi olurdu"
125721;;"2017-03-05 06:37:59";"Çok süper..."
88610;;"2019-05-12 18:23:37";"arasıra donuyo onun haricinde iyi"
122381;;"2017-04-13 14:33:02";"Çok basarili bir uygulama"
107020;;"2018-02-08 22:22:25";"Çok güzel"
75556;;"2020-08-25 01:55:47";"Ücretsiz güzel bir uygulama kaçırdığım dizi film can sıkıntısı bire Bir başarılı"
75520;;"2020-09-03 09:18:10";"Abi bune buuuu"
80149;;"2020-02-15 08:44:25";"Her şey çok güzel fakat damla çentikli ekranlar için tam ekran özelliği güncelleme ile getirilmeli"
100100;;"2018-06-23 21:30:18";"Ya sizin yapacaginiz isin ben yaa. Sahsiyet i izleyemiyorum duzeltin sunu"
89862;;"2019-03-20 20:48:17";"Süper bayıldım birde reklam olmasa [daha az reklam olsa ]"
125471;;"2017-03-10 17:43:15";"Bugün ilk defa bi dizi izledim şimdi de fi başlasın diye bekliyorum ama başarılı tebrik ederim ;)"
119576;;"2017-05-12 17:14:48";"Reklamlar abartili derecede.  Çok bunaltiyor dikkati dağıtıyor."
75291;;"2020-09-29 08:57:25";"Güzel düşünmüşsünüz reklam yok ama ağız tadıyla bi çukuru izleyemiyorum neden hep donuyor? Takılıyo. Googleden açınca donma yok. internete suç atsam internet hıxlı, telefona suç atsam telwfon iyi, demekki programda sorun vqr usta çok sinirlendim valla ağız tadıyla dizide izleyemiyoruz....."
75523;;"2020-08-31 19:28:40";"Harika bir uygulama indir meniz tavsiye ederim pişman olmazsiniz"
80150;;"2020-02-15 08:07:22";"Ben şuan tek bir diziyi izliyorum 1den başladım 55.bölüme geldim malesef artık bırakmak zorunda kaldım. Diğerlerini bilmiyorum."
124965;;"2017-03-18 23:05:06";"Çok iyi olmuş"
89619;;"2019-04-01 13:32:10";"çok güzel bi uygulama eski dizilerin hepsini bulabiliyorum"
108839;;"2018-01-17 21:10:41";"Harika bir uygulama yapanın   emeğine ve eline sağlık"
109576;;"2018-01-04 14:20:58";"Bütün  diziler olsa harika olcak"
75041;;"2020-10-15 15:57:07";"Puhu TV öldü toprak atın"
75009;;"2020-10-19 14:34:53";"Uygulama güzel ama sürekli donmalar oluyor sorun giderilse daha güzel olurdu yazmıştım verdiğim yıldızları da geri aldım uygulamanızdan nefret ediyorum sürekli donuyor izlediğim diziyi başka yerde bulsam 1 dk bakmam"
98593;;"2018-09-05 07:56:49";"10 numara 5 yıldız"
76058;;"2020-05-10 19:16:51";"Boşuna indirmeyin açılmıyor bile"
88853;;"2019-04-30 17:51:04";"Vartolu saadettin adamdır"
120588;;"2017-05-02 06:56:33";"Harika bi uygulama.  Yalnız kanal d dizileri ne en yok tek eksik bu sanırım."
85788;;"2019-06-15 21:15:10";Efsooo
49152;;"2018-07-18 10:58:10";"Bu ne biçim uygulama ya elli saat reklamdan sonra görüntü gelsin diye 
bekliyorum deli oldum"
49153;;"2018-07-17 23:55:33";Nice
49154;;"2018-07-15 21:59:59";"its super"
49155;;"2018-07-15 20:20:42";"cok begendim.harika"
49156;;"2018-07-15 20:11:45";"İ like this app"
49157;;"2018-07-13 11:19:15";Nice
49158;;"2018-07-12 17:37:53";"There's no English subtitles how could I understand, please add."
49159;;"2018-07-12 10:30:57";"i liked this app, but the main issue is there is no option to change 
language or captions. it would be better if captions are provided, 
specially english ones"
49160;;"2018-07-11 15:14:46";"Tabii ki gelişmeye çok yeri var ama bu şekilde ilerlese gerçekten çok güzel 
bir app. Bence. Kaçırdığım bazi dizileri burdan izliyorum."
49161;;"2018-07-10 13:53:21";"I love it"
49162;;"2018-07-09 04:12:36";"How do you switch to English"
49163;;"2018-07-03 13:09:22";"Love it"
49164;;"2018-07-02 18:50:10";"Casting ozelligi en kisa zamanda gelmeli"
49165;;"2018-07-01 14:48:09";"Cast özelliği ekleyin lütfen dikkat çekmesi adına 1 yıldız verdim"
49166;;"2018-07-01 08:10:13";"This app suppose to be rebuilding!"
49167;;"2018-06-29 12:32:29";"Very good app"
49168;;"2018-06-29 12:06:37";"too much ad"
49169;;"2018-06-28 17:59:35";Perfect
49170;;"2018-06-28 06:39:26";Yes
49171;;"2018-06-22 13:38:41";Perfect
49172;;"2018-06-20 16:47:26";"Can you please put a subtitle option? U Turkish people r doing a great job. 
But subtitle is very essential. Then all can understand please, a foreign 
fan's request."
49173;;"2018-06-16 17:54:59";"Son güncellemenin ardından kaldırılan ""Auto"" seçeneğinin geri gelmesini 
istiyorum. Aksi takdirde sürekli donuyor ve uygulamadan soğumama sebep 
oluyor."
49174;;"2018-06-15 11:31:18";"İts amazing"
49175;;"2018-06-13 17:31:18";"Bu devirde Chrome cast hizmeti ya da herhangi bir cihaz yardımıyla CASTING 
YAPAMAYAN bu app'si uygulamayı kullanmayı red ediyorum. Adam gibi yazılım 
yapın. Netflix'i örnek alın."
49176;;"2018-06-12 00:23:40";Harikaydı
49177;;"2018-06-11 21:51:08";"Sahsiyet dizisi acilmiyor, uygulama patliyor. Uygulamayi yazanlarin eline 
saglik, aferim cocuklar."
49178;;"2018-06-10 21:58:32";"It's very good up but not big library"
49179;;"2018-06-09 16:27:11";mükemmel
49180;;"2018-06-07 14:52:13";"Şahsiyet izleyemiyorum. Diğer diziler sorunsuz çalışıyor ama Şahsiyet 
izlemek istediğim zaman sponsor reklam çıktıktan sonra uygulamadan atıyor. 
Daha önce böyle bir sıkıntı olmadı, bir gün durduk yere hesabımdan çıktı 
kendi kendine, ben de hesabımı unuttuğum için yeni bi hesap açtım ve bir 
daha Şahsiyet izleyemedim. Uygulamayı sadece Şahsiyet izlemek için 
indirdiğimi göz önüne alırsak bu benim için büyük bi sorun. Lütfen en kısa 
vakitte bir çözüm bulun. Teşekkürler."
49181;;"2018-06-05 16:50:58";"Guzel calisiyor"
49182;;"2018-06-05 12:44:37";"Harika severek kullaniyorum."
49183;;"2018-06-04 11:41:24";"Awesome and free"
49184;;"2018-06-01 20:53:24";"Puhutvyi severek takip ediyorum ancak uygulamadan dizi izlemek oldukca zor. 
Play, pause, rew, ff, tam ekrana giris ve cikisi calistirabilmek icin 
birkac kere basmak gerekiyor. Response timeda bir sorun var sanirim. Ayrica 
telefon asiri isiniyor. Umarim en kisa zamanda bu gibi sorunlar giderilir."
49185;;"2018-06-01 16:01:37";"S8de tam ekran izleyememem disinda cok sade ve kullanışlı bir uygulama, 
şarjı fazla harcamıyor. Umarım yakında paralı olmaz..."
49186;;"2018-05-28 02:30:57";"this app amazing helal olsun helal"
49187;;"2018-05-22 05:00:01";"chrome cast yok. en buyuk eksik."
49188;;"2018-05-21 13:46:36";"Çıkınca durduruluyor ama gerçekten iyi kullanması felan"
49189;;"2018-05-20 18:35:53";Super
49190;;"2018-05-19 15:28:09";😍
49191;;"2018-05-18 20:33:32";"It is amazing Within a whole episode i have whatched, even an ad did not 
appear Muhteşem Tam bir bölüm seyrettim, bile bir reklam ortaya çıkmamış"
128550;;"2017-01-29 19:46:43";Supermis
127495;;"2017-02-12 08:49:10";"Ben bayıldım."
126234;;"2017-02-25 18:47:22";Teşekkürler
125197;;"2017-03-15 22:27:14";"Gayet Güzel Ve Hızlı"
124168;;"2017-03-31 17:30:53";"Güzel bir uygulama gece yatarken felan"
123147;;"2017-04-05 17:32:12";Güzel
122135;;"2017-04-15 15:34:04";"Çok  güzel"
124953;;"2017-03-19 07:55:36";Iyi
120343;;"2017-05-03 20:41:35";"Bazı diziler eksik söz ,isimsizler,savaşcı bunlar da eklenirse iyi olur"
119561;;"2017-05-12 18:31:18";"Ilk sürümü müthişti tek uygulamada herşey vardı ama şimdi bir dizi izliyorum 10 dk ya bir 1 tane reklam cikiyo reklamlar yüzünden uygulamayı kaldırdım çünkü sinir bozucu en heyecanlı yerinde saçma bir reklam geliyo"
118785;;"2017-05-22 11:11:28";"Reklam çok fazla"
118562;;"2017-05-24 12:14:41";Müthiş.
117251;;"2017-06-09 21:23:38";"Çok iyi bir kanallll"
116493;;"2017-06-17 09:39:56";"Baya baya baya iyi"
115741;;"2017-07-08 08:33:28";"Çok güzel tavsiye ederim"
121114;;"2017-04-25 05:34:17";İÇERDEMAAAAAA
114456;;"2017-09-11 16:26:01";Harika
113922;;"2017-10-08 13:41:34";"Tüm diziler olsa daha iyi olur.."
125205;;"2017-03-15 17:15:47";"mukemmel bi uygulama"
112670;;"2017-11-11 13:50:45";"Mükemmel bayıldım fi yi sabirsizlikla bekliyorum"
112149;;"2017-11-22 17:56:55";"En kaliteli mükemmel bi dizi uygulaması filmler de mevcut indirin kesinlikle pişman etmez"
111632;;"2017-12-06 00:58:35";Müthiş
111119;;"2017-12-17 16:39:22";Harika
110610;;"2017-12-22 08:39:42";"1 dizide 5 reklam yeterli fazlasina gerek yok bence."
110105;;"2017-12-26 09:25:55";"Diziler hem canlı yayın olmalı ve daha hızlı dizilerin yüklenmeli bunu istiyorum"
109604;;"2018-01-03 21:38:53";"Teşekkür ederiz"
118039;;"2017-05-31 18:53:06";"azaltn oğlm reklamı"
108802;;"2018-01-18 00:23:20";"Az sayıda film var başka bir sorunu yok"
108312;;"2018-01-22 21:10:03";"Allah razi olsun yapandan"
118814;;"2017-05-22 01:37:27";"Savaşçı dizisi nide burdan yayınlar saniz sevinirim güzel uygulama teşekkür ederim"
107529;;"2018-02-01 00:00:15";"Her tikladiginda 10 saniye ileri gitse 5 yıldız"
126480;;"2017-02-21 22:13:10";"Çok güzel olmuş para isteyene kadar en iyisi bu olacaktır"
106758;;"2018-02-13 09:50:55";Süper
122380;;"2017-04-13 14:40:12";"Yalniz hayat sarkisi felan da olsaymis guzelmis"
105999;;"2018-02-23 17:45:02";Kaliteli
111143;;"2017-12-17 07:41:15";"Herşey güzel ama çok fazla reklam var"
105252;;"2018-03-07 06:54:16";"Harika program"
104971;;"2018-03-12 01:53:37";"En yeni bolumlerin geceden dustugu muhtesem uygulama"
108821;;"2018-01-17 22:44:38";Süper
122388;;"2017-04-13 12:31:02";Harika
103963;;"2018-03-24 10:41:19";"Bence çoook güzel uzun zamandır kullanıyorum"
103690;;"2018-03-26 14:39:06";"Anca bol bol reklam var indirmeyin"
104980;;"2018-03-11 21:29:17";"Çok güzel tek eksik yabancı filmlerde eklenebilir"
115216;;"2017-07-26 09:34:08";"istediniz filmi dun verdise bile veriyorlar oysaki yutupan gostermiyor 3gun gecsin sonra veriyorlar"
116745;;"2017-06-14 01:59:26";"Fi olmasaydı haberim olmazdı puhu dan. Ayrıca ileri geri sarmak için kısa yol olmaması kötü."
124430;;"2017-03-29 18:18:40";Harika
102181;;"2018-04-26 06:02:30";"Reklamlar biraz fazla ama yinede güzel"
101920;;"2018-05-05 09:39:37";"Smart tv uygulaması berbat. Sürekli hata veriyor ağ bağlantınız kontrol 
edin diyor ve tv yi kilitliyor. Kapatıp açmam gerekiyor. 
Kullanamıyorum.Uygulama tekrar gözden geçirilmeli..."
101661;;"2018-05-14 19:45:17";"Bu program sonuna kadar 5 yıldızı hakediyor ne para istiyor ne abonelik"
101405;;"2018-05-24 13:54:06";"harika kaçırdığım dizileri buradan takip ediyorum ama daha fazla film 
eklenmesini rica ediyorum"
101151;;"2018-06-01 20:34:23";Harika
100899;;"2018-06-07 17:50:38";"Güzel bir uygulama ama son güncellemeden sonra bazı hatalar var. 
Düzeltilmesi lazım"
127767;;"2017-02-08 18:09:07";"diziyi ileri sarmak parmak hareketiyle olsa ve uygulama televizyonlar için lg smart worlde de çıksa iyi olur"
119826;;"2017-05-08 16:43:19";"Şuanda programa giremiyorum sürekli atıp hata veriyor lütfen çözermisiniz"
119050;;"2017-05-19 11:51:00";"Bölümleri telefona indirebilme şansımız olsa güzel olur."
111875;;"2017-11-28 16:09:50";"Hadi verdiğiniz reklama saygı duyuyorum ordan para kazaniyosunuz cart curt falan filan tamam ama ben bebek emzirirken falan izliyorum diyelimki yarida kaliyorum evet beklemeye aliyorum ama dokunmatikligin azizligi siliniveriyo bazende acil biseler oluyo cikmak. zorunda kaliyorum kaldigim dakikalara ilerleyip devam etmekmistiyorum 5reklami.birden pespese yapistiriosunuz bu nedor ya biktirici tükürürüm fisini çisine silivericem tepem atıyo"
126484;;"2017-02-21 21:51:58";"Super ama ekran dondurme sorunu var yatayda kullanilmali tam elrandan cikinca dikeye donuyor o duzeltilirse super olur. Ve ezel gelsin lutfen!!"
101414;;"2018-05-24 04:54:49";"Muhteşem. bağımlılık yapar. Aşık oldum."
99335;;"2018-07-26 19:39:28";Bayildim
99097;;"2018-08-06 20:26:59";"Beğenerek takip ediyorum"
123422;;"2017-04-03 17:11:36";"Perfect 👍"
124193;;"2017-03-31 17:16:02";"Fi dizisi icin indiriyorum"
122401;;"2017-04-13 08:54:01";"Muhteşem ve hızlı"
98317;;"2018-09-18 20:09:20";"REKLAM REKLAM REKLAM"
129049;;"2017-01-24 22:33:19";"Süper bu kadar olur yani"
108054;;"2018-01-25 17:02:41";"Güzel sansür reklam yok izlediğimde keyf alıyorum"
117519;;"2017-06-06 16:54:48";"Uzun zaman sonra eksiksiz diyebileceğim bir uygulama"
97561;;"2018-10-21 21:14:17";"Yorumsuz 100000000000000000000 yıldız"
112929;;"2017-11-06 18:53:04";Harika
96026;;"2018-11-06 02:49:46";"Uygulama baya iyi tebrikler"
110858;;"2017-12-19 19:47:47";"Abi reklamdan para kazanılır tamamda biz reklam disinda bsy izleyemiyoruzki"
99102;;"2018-08-06 17:23:57";"Mükemmel bir uygulama"
95518;;"2018-11-28 14:46:51";"Çok güzel"
106509;;"2018-02-15 20:15:31";"tek kelime ""mükemmel "" youtubede olmayan herşey burada"
95235;;"2018-12-11 14:46:09";Güzel
119842;;"2017-05-08 11:10:31";"Önceden hiç yapmıyordu fakat artık bölüm içerisinde ileri alınca ya da görüntü kalitesini değiştirince program kapanıyor.  :(   İlgilenirseniz memnun olurum."
99591;;"2018-07-16 18:42:17";Harika
94749;;"2019-01-02 21:12:03";"Ana ekranda kaldığım diziler izlememe rağmen ordan gitmiyor ve böylece yeni izlediğim diziler kaldığım dizilerde gösterilmiyor ayrıca diriliş ertuğrul dizisini neden kaldırdınız ?"
120357;;"2017-05-03 18:57:09";"Chromecast gibi cihazları da desteklese hiç fena olmaz."
119844;;"2017-05-08 10:18:03";"Kullanıslı ve guzel bir uygulama olmus tesekkurler."
98331;;"2018-09-18 17:03:18";"Çukur varsa olur"
92709;;"2019-02-02 18:00:39";guzel
106786;;"2018-02-13 00:33:09";"Harika uygulama"
92445;;"2019-02-12 05:24:44";"müthiş bir tv yapanın eline emeğine sağlık"
114709;;"2017-08-27 21:25:24";"Hangi diziye tıklasam ülkenizde gösterimi yoktur diyor.ne saçma bi program bu😠"
92185;;"2019-02-19 14:28:36";"Uzun süre sonra tekrar indirdim ve bu uygulamaya hâlâ dizileri indirme özelliği lazım."
112912;;"2017-11-07 05:31:44";"Çok güzel 👍"
91929;;"2019-02-27 20:16:34";"çok iyi"
113935;;"2017-10-07 20:39:25";Mükemmel!!!
91677;;"2019-03-07 12:50:18";"birde samsung smart tv lerde çalışsa 10 numara olacak"
99358;;"2018-07-25 18:44:48";"Tek kötü yanı video oynatıcısı, reklamdan sonra çok takılıyor"
89893;;"2019-03-19 14:37:02";"cok guzel"
97281;;"2018-11-01 01:46:44";"Harika bir uygulama teşekkür ediyorum yapımcılara"
124958;;"2017-03-19 03:51:57";Harikaa
110339;;"2017-12-24 06:31:55";Harika....
109859;;"2017-12-30 12:50:02";"Reklam aralığı uzun olsaydı 5 verirdim ne o iki dk da bir reklam koyuyorsunuz"
89350;;"2019-04-13 07:05:02";"reklam sureleri uzun"
103424;;"2018-03-30 10:32:38";"Cok iyi.."
89116;;"2019-04-20 12:15:25";"yeni diziler ve filmler koysaniz cok guzel olacak simdikilerde güzel ama ayni hep biraz değişiklik yapmak gerek yenilenmek cok güzel insallah yaparsınız"
95752;;"2018-11-19 02:16:44";"supper 👏"
115483;;"2017-07-15 07:45:18";"Artık dizi açılmıyor"
88834;;"2019-05-01 17:39:53";Super
128529;;"2017-01-29 21:51:57";"Hiç beklemeden indirin"
88607;;"2019-05-12 21:08:33";"Bence diziler için introyu atla seçeneği getirilmeli. fikrimi degerlendirirseniz mutlu olurum teşekkürler."
119068;;"2017-05-19 08:36:47";"Çok reklam veriyo"
109056;;"2018-01-16 08:25:24";"Reklam çok ama güzel"
86797;;"2019-05-19 09:48:39";"on numara tavsiye ederim"
123927;;"2017-04-01 10:24:52";Hariika
116234;;"2017-06-20 12:07:00";"HARIKASINIZ !"
86529;;"2019-05-23 10:57:39";"böyle devam...."
115460;;"2017-07-15 21:57:00";"Love it"
121639;;"2017-04-21 14:53:21";"cok iyi"
113674;;"2017-10-24 01:18:08";Miminini
99608;;"2018-07-15 23:39:20";"Yapacağınız uygulamaya tüküreyim. Reklam girdikten sonra boku yiyor uygulama"
122646;;"2017-04-10 09:35:27";"Süper bi uygulama"
127257;;"2017-02-13 02:19:45";"Reklam yok , düşük internet hızına rağmen kasmadan izleme . Mükemmel"
123925;;"2017-04-01 10:34:40";"Çok güzel bir uygulama tavsiye ederim"
114947;;"2017-08-12 07:51:08";"Yabancı filmlerde olsa ıyi olurdu"
85768;;"2019-06-16 18:32:26";"bi boka yaramaz"
92929;;"2019-01-23 20:48:26";"guzel ama animasyin falanda gelmeli benve daha iyi olury"
106529;;"2018-02-15 19:19:33";"Güzel bir uygulama ücretsiz olması ayrı bi güzel programın başarılarının devamı dilerim"
85530;;"2019-06-29 22:31:04";"Türkiye'nin Netflix'i. Harika"
129038;;"2017-01-25 00:37:50";"Kaliteli olmuş"
99854;;"2018-07-06 19:54:23";Süper
122913;;"2017-04-07 20:41:34";"Daha önce mi geldi emin değilim ama uygulamaya 4K desteği gelmiş. Türkiye'de böyle kaliteli bir iş uzun zamandır yoktu. Bu derece kaliteli ve sadece tek tük reklamları olan bir uygulama olması muhteşem bir şey. Kesinlikle dizilerinizi buradan izlemenizi öneriyorum, görüntü kalitesi farkını eğer internet bağlantınız ve telefonunuzun ekranı destekliyor ise çok rahat hissedeceğinize hiç süphem yok."
82436;;"2019-07-23 11:45:37";"Uygulama Güzel Ama Daha fazla Animasyon film olmasını isterdim o yuzden 4 yıldız"
125702;;"2017-03-05 14:26:42";"Good but I think you should make live. I need to watch my favoruite shows live."
104193;;"2018-03-22 05:40:31";"Güzel Türk netflix olmaya aday"
82211;;"2019-08-29 12:32:49";"çok beğendim ☺☺"
125451;;"2017-03-10 20:35:55";"Harika baska ne diyebilirimki♥♥"
94980;;"2018-12-23 21:30:00";"Ćok güzel olmuş"
124940;;"2017-03-19 11:40:09";Harika
81948;;"2019-10-01 00:32:02";"Biraz daha erken görüntü yüklensin çok geç açılıyor bunu giderin uygulama geç cevap veriyor işlemlere"
85775;;"2019-06-16 11:09:01";"daha çok güncel yabanci film olursa tadindan yenmez"
95261;;"2018-12-10 13:03:54";Güzel
107784;;"2018-01-29 12:57:04";Harikaaaa
81690;;"2019-10-19 03:53:04";"Jet Sosyete de Yakılan Sigara Puhu TV krallığının Anayasası olmalı"
119811;;"2017-05-08 22:17:51";"Guzel uygulama"
127260;;"2017-02-13 00:55:20";"10 numara yok böle program yapanın emeğine sağlık"
106245;;"2018-02-19 11:20:57";"Vatanim Sensin ve Adi efsane  dizisi koyar misiniz"
81439;;"2019-11-05 19:50:54";"Ya bir bile etmez görüntü kalitesi bu kadar mı kötü olur. Şaşı oldum izlerken"
114462;;"2017-09-11 07:56:28";"Harika,çok beğendim"
95747;;"2018-11-19 10:16:13";"Yazilimlari çok kötü."
102402;;"2018-04-18 21:38:05";"Ne demek yani Poyraz Karayel yok.Ben Poyraz Karayel izlemek için yükledim.O 
yoksa bende yokum"
124691;;"2017-03-24 18:25:48";Süper
81154;;"2019-12-02 22:43:55";"Ya arkadaş cukur izleyelim dedik hic bir videounuz açılmıyor ne rezil uygulama be"
120613;;"2017-05-01 23:01:52";"Yüklediğim halde neden açılmıyor uyeligim olduğu halde açılmıyor yardımcı olurmusunuz"
114955;;"2017-08-11 16:07:01";😘😘😘
80910;;"2019-12-12 00:04:03";"sürekli reklam var. bazen donuyor. Her reklamdan sonra video kalitesi otomatiğe geçiyor."
111874;;"2017-11-28 17:17:31";"güzel değil"
110864;;"2017-12-19 19:00:29";Süperrr
104476;;"2018-03-19 23:51:48";"Altarnetifi yok  bencede olmasın"
80676;;"2019-12-27 11:41:33";"Reklamdan baska bisi yok"
118026;;"2017-05-31 21:47:03";"Reklamları azaltın"
103463;;"2018-03-29 21:32:03";"Puhu Tv  iyi ki varsın"
117521;;"2017-06-06 15:37:59";"Güzel ama ayarlara  youtube gibi sonraki videoyu başlat durdur butonu eklenmeli.Uyuya kalınca videolar sabaha kadar oynamaya devam ediyor"
123160;;"2017-04-05 15:36:04";"Gerçekten harika bir uygulama fakat bütün diziler yok bence hepsi olmalı"
80403;;"2020-01-23 00:09:24";"Ben bu uygulamayı tek bir dizi için giriyodum oda medcezir için lütfen geri getirin... Şimdilik bir yıldız..."
81697;;"2019-10-18 20:26:53";Süper
126468;;"2017-02-22 01:18:11";"Kesintisiz ve net bir seyirdi teşekkürler ama bütün dizileri kapsamıyor galiba her zaman aradığımı bulamiyorum"
100363;;"2018-06-19 18:51:08";süper
117002;;"2017-06-11 20:59:23";"Süper lütfen TV ye aktarma olsun"
80140;;"2020-02-15 21:08:30";"Xiaomi mi box android TV kutusunda daha önce problem olmadan çalışıyordu. Şuan görüntü olmadan ses gelmektedir."
121381;;"2017-04-22 19:35:41";"Gerçekten harika program emeğinize sağlık olsun"
108831;;"2018-01-17 21:54:31";"Çok güzel"
100109;;"2018-06-23 15:07:47";"15 dakikada bı reklam yeter ya"
123140;;"2017-04-05 18:43:08";"Çok başarılı..."
79887;;"2020-03-14 09:04:56";"İzlediğim diziler donup duruyor beni deli ediyo bu uygulama 2 saatlik bölüm 4 saat oluyo aq"
121112;;"2017-04-25 06:44:12";Kaliteli..
102656;;"2018-04-12 16:04:54";"Müthiş tek kelime ile harika....."
97825;;"2018-10-09 01:38:23";"Gayet güzel ,"
109073;;"2018-01-16 03:14:55";"Mükemmel bir uygulama programları tvden izlemek zevk vermiyor artık puhutv ile tanıştıktan sonra TEBRIKLER..."
79644;;"2020-03-31 00:06:30";"Ulan arkadaş bi dizi film izletmedi amk habire dönüyor ben anlamadım ki internetin de gayet iyi olmasına rağmen donuyor"
109320;;"2018-01-10 18:47:18";"Dizilier gec geliyor"
86816;;"2019-05-19 00:22:40";"Çok iyi tavsiye ederim"
109844;;"2017-12-30 18:35:19";"Ben bu uygulamayı silmiycem çok beğendim"
108581;;"2018-01-19 22:20:28";Harika
76317;;"2020-04-16 21:37:41";"Bakıcam ama güzel"
86546;;"2019-05-22 22:06:10";super
103200;;"2018-04-01 23:43:39";"Harika bişey"
105762;;"2018-02-28 08:43:55";"herkes reklamdan sikayetci ama bana hic denk gelmedi :) tek sorun ileri geri sarmakta.. buna bir cozum bulunmali"
100112;;"2018-06-23 12:28:25";Süper
119564;;"2017-05-12 18:20:40";Güzel
76051;;"2020-05-12 00:51:16";"İnternette sorun olmadığı halde donuyor"
121353;;"2017-04-22 21:25:16";"Gerçekten çok başarılı. Android sistemli tvlerde bazen sıkıntılı durumlar yasansada özellikle tlgn için şahane bir uygulama."
82179;;"2019-09-03 08:02:09";💖💖💖💖💖
89860;;"2019-03-20 20:58:22";harika
100113;;"2018-06-23 12:05:51";"Su reklamlarin seslerini kisarsaniz daha iyi olur."
113693;;"2017-10-23 13:25:43";"Tek reklam diyor her 5 dk bir reklam veriyor düzeltin şunu ya"
75797;;"2020-06-13 12:48:50";"Daha stabil ve akıcı olabilir"
118040;;"2017-05-31 18:47:41";"Allah belanızı versin keşke ilk çıktığı gibi kalsaydı ağzına sıçtınız programın. 2 saniye ileri alıyorsun izlediğini reklam giriyor 30 saniye :)) programı alta alıyorsun program donuyor kapatmak zorunda kalıyorsun. Sizin ben yaptığınız yapacağınız işe sıçayım"
102401;;"2018-04-18 21:58:41";"Anlatmaya gerek yok mıkemmel"
116232;;"2017-06-20 13:08:08";Mukemell
108544;;"2018-01-20 12:16:47";"5 yıldız az oldu sayısız yıldız yolluyorum 👏👏👏"
118816;;"2017-05-22 00:26:50";"Daha çok dizi"
75555;;"2020-08-25 07:12:13";"Dizilerini izliyorum. Çok güzel"
75522;;"2020-09-01 07:18:32";"Diziler açılmıyo amk"
127008;;"2017-02-15 00:49:31";"Sağlam program olmuş ama dizi sayısını arttırmaları lazım"
119584;;"2017-05-12 14:54:52";"Kolaylığıyla harika ..."
111645;;"2017-12-05 20:49:12";Süper...
99870;;"2018-07-06 06:19:41";"Ben begendim ama içinde aradığım 1,2 film yok ama dizi izleme konusunda 
mütiş"
116506;;"2017-06-17 06:12:27";"Reklam reklam reklam ard arda bu kadar reklam mı olur televizyondan mi izliyoz ??? Kaldırıyorum google daki dizi yayınlayan siteler daha iyi bundan"
75290;;"2020-09-29 10:00:25";"Şu donma olayını ekran boyutu oranını artık çözün ya. Önceden çok daha güzeldi şu an tam bir eziyet..."
75559;;"2020-08-24 16:55:20";"Ben üye oldumda herhangi bi ücret ödemek zorundamıyım"
126465;;"2017-02-22 05:54:31";"Bence tvyo gibi çöp olacak bir girişim ."
99855;;"2018-07-06 19:39:42";"severek izliyorum"
104458;;"2018-03-20 02:27:33";"Durmadan reklam cikiyor cok sinir ediyor insani hic tavsiye etmem net uzerinden kacirdiginiz dizileri seyredin daha iyi bosuna yer kapliyor ve cok net yiyor hic begenmedim"
128782;;"2017-01-26 17:44:07";"Eksikler  var ak güzel"
111126;;"2017-12-17 13:29:06";"Aşırı güzel bir şey kunlanı"
75040;;"2020-10-15 16:18:15";iyi
75008;;"2020-10-19 15:55:00";"Player bi yerde takıldı mı sittin sene devam edemiyosun. 1 saatlik bölümü bitirmek günümü alıyor. 47 48 mbit internetle 2000leri yaşıyoruz. Korsan dizi siteleri bu uygulamadan daha akıcı"
118027;;"2017-05-31 21:08:42";"Süper, bayıldım."
75012;;"2020-10-19 09:31:06";"Kralsınız 👏👏"
102933;;"2018-04-06 20:39:51";iyi
80924;;"2019-12-10 19:32:29";"Uygulama çok iyi amma artdığım hiç bir film yok"
105487;;"2018-03-03 22:12:39";Sevdim
49408;;"2017-05-02 16:45:57";"شكرا جزيلا على هل برنامج الرائع"
49409;;"2017-04-30 17:53:09";"Program bi harika. Zaten bu PuhuTV olayı müthişti. Ancak keşke Samsung TV içinde bir uygulama olsa izlememiz için."
49410;;"2017-04-30 10:51:56";"Perfect  program"
49411;;"2017-04-29 21:28:49";"Çok güzel bir site"
49412;;"2017-04-29 06:08:15";"Umarım hep böyle ücretsiz kalır"
49413;;"2017-04-27 22:08:37";"Goruntu sık sık donuyor ve takılıyor. 1 saatlik diziyi neredeyse 2 saatte ancak bitirdim. Kaldığım.yerden devam edebilmek için defalarca uygulamadan çıkıp yeniden girmek zorunda kaldım."
49414;;"2017-04-23 20:56:38";"Çok kaliteli ve zengin içerik umarım uygulama bozulmaz"
49415;;"2017-04-23 06:41:56";"Really this app is better than others  its not stopping and stability."
49416;;"2017-04-22 21:45:50";"Fikir olarak güzel bir platform. Umarım diğer kanallardaki yapımlar en kısa zamanda eklenir. Ayriyeten anime yapımlarını da bünyenize katarsanız bayağı bir kitleyi kendinize çekersiniz."
49417;;"2017-04-22 18:36:34";"Iste bekledigim televizyonculuk fikir ve uygulama muthis emeklerinize saglik her gecen gun cok daha iyi olacaginiza eminim yolunuz acik olsun."
49418;;"2017-04-22 13:19:21";"Gayet güzel Tebrikler"
49419;;"2017-04-21 22:05:01";"Berbat bir uygulama Youtube'daki videolar SAYENİZDE silindiği için bizi bu uygulamaya mecbur ediyorsunuz ama  video player berbattt YouTube kat ve kat daha hızlıydı! Madem böyle bir işe giriştiniz daha iyisini yapın hayret ya!! Netflix özentisi"
49420;;"2017-04-21 20:45:41";"""a short review"""
49421;;"2017-04-21 16:14:44";"Chromecast desteği bu kadar zor olmamalı"
49422;;"2017-04-21 00:21:57";Chromecast
49423;;"2017-04-20 09:45:18";"daha fazla dizi eklenmesi gerek fi bu arada efsane olmuş"
49424;;"2017-04-19 20:25:02";"It is OK"
49425;;"2017-04-19 16:48:30";"Chromecast desteği şart..."
49426;;"2017-04-17 12:32:21";"Reklamli ve bedava tamda olmasi gerektigi gibi turkce filmler icin harika bir alternatif"
49427;;"2017-04-17 08:40:29";Good
49428;;"2017-04-16 10:31:20";"Kesinlikle chromecast özelliği gelmeli."
49429;;"2017-04-16 09:22:26";"Yurtdisindan izliyemiyoruz ubuntuda location degistirdim . illa vpn mi kullanmamiz gerekiyor calistirmak icin"
49430;;"2017-04-15 20:32:36";"fewer ads please"
49431;;"2017-04-15 09:16:38";"Süper 👍"
49432;;"2017-04-13 21:32:40";"Portekizde yayin haklari yazan bir uyari sebebiyle video acamiyorum. Azra kohen takip etmeye calistigim degerli bir yazar. Finin uyarlamasini izlemek istemistim. Sevgiyle."
49433;;"2017-04-13 12:37:11";"Çok güzel fiyi izleyebildimmmmmmm"
49434;;"2017-04-13 10:18:42";"Çevrimdışı izleme de ekleseniz muhteşem olacağına emin olduğum bir uygulama.  Bir de yabancı dizileri de bekliyorum. Çoğu Netflix'te de olsa siz de alabilirsiniz bence"
49435;;"2017-04-12 21:20:58";Harika
49436;;"2017-04-12 17:55:20";"Fikir güzel, yazılım ebenizin amı gibi"
49437;;"2017-04-11 07:56:18";Awsome
49438;;"2017-04-11 05:48:38";"Televizyona yansitma lazim"
49439;;"2017-04-11 05:03:48";Guzel
49440;;"2017-04-10 23:39:59";"Thank you puhutv"
49441;;"2017-04-08 20:25:33";"Sene 2017, Netflix-vari bir app sunuyorsunuz ve Chromecast destegi yok. O vakit ivedi Uninstall gelir; vasata deger verilirse vasat, vasat kalir zira."
49442;;"2017-04-08 18:30:42";"just turkish tv series!!!!! not worth it!!!"
49443;;"2017-04-06 08:06:28";Awesome
49444;;"2017-04-05 21:30:20";"Çok beğendim. Yabancı dizide eklerseniz birde Chromecast desteğiyle dahada süper olur. 👍"
49445;;"2017-04-05 19:56:11";İyi
49446;;"2017-04-05 15:22:43";"It's good application"
49447;;"2017-04-05 12:36:53";İyi
128548;;"2017-01-29 19:53:00";"Kanal d dizilerini de ekleyin uygulama cidden çok başarılı"
127493;;"2017-02-12 10:18:56";"cok begendim. televizyon izlemeye gerek yok artik..."
126232;;"2017-02-25 18:53:05";"Mütiş bir uygulama sorunsuz kusursuz yanliz yabanci dizi secenekleride gelirse bundan daha iyisi olamaz"
125195;;"2017-03-15 23:18:29";Yok
124166;;"2017-03-31 17:33:43";"En üstte görünmesi icin 5 yildiz verdim .. o çok reklami yapilan ""fi"" dizisini izlemek için indirdim . Fakat uye olup giris yapamiyorum hata veriyor . Neden acaba ??"
123145;;"2017-04-05 17:48:08";"Fİ nin bütün bölümleri verilecek mi???"
122133;;"2017-04-15 15:39:44";"La oğlum manyak la bildigin zuperr... :)"
127249;;"2017-02-13 07:00:32";"Katkilarinizdan dolayı teşekkür ederiz"
120341;;"2017-05-03 20:51:28";Super..
119559;;"2017-05-12 18:35:37";"çok güzel bir uygulama mı desem ne desem bilemedim ama süper. istediğiniz her diziyinin bölümlerini ve fragmanlarını izleyebiliyorsunuz"
119334;;"2017-05-15 08:45:17";"Reklamın ölçüsünü lütfen kaçırmayın! Uygulama için tşk ederim"
120326;;"2017-05-03 22:40:18";"Uygulama gayet güzel olmuş. Bazı bölümleri önceden izlemiş olabiliyoruz. Bunun için manuel olarak işaretleyebileceğimiz, bölüme 'İzlendi' seçeneği getirilmeli. Öneriyorum. Güzel uygulama."
117249;;"2017-06-09 21:37:29";"Takip ettiğimiz dizilerde hangi bölümde kaldığımızı işaretlese çok tatlı olur. Bi'de Behzat Ç.' De 19. Bölüm yazan yere 18. Bölüm yüklenmiş üst üste düzeltilirse güzel olur. Film çeşitleri artırılabilir."
116491;;"2017-06-17 09:57:32";"Mutis otesi"
115739;;"2017-07-08 09:59:31";"Kalp atisi ve adi efsanede gelsin"
119558;;"2017-05-12 18:36:56";"10 numara daha iyisi şamda kaysı tesekkurler"
114455;;"2017-09-11 17:07:47";"Son guncelleme ile  reklamlarin suresi uzadi ve atlama sureside uzadi"
113921;;"2017-10-08 13:53:17";"Çok pratik, eğlenceli."
126242;;"2017-02-25 16:47:18";"Çok güzel bir site olmuş emeği geçenlerin ellerine sağlık"
112669;;"2017-11-11 13:53:53";"İzlemek için açıyoruz telefon kapatıp açıyor"
112148;;"2017-11-22 18:11:02";"Çok işime yaradı"
111631;;"2017-12-06 06:06:57";Süperrrrr
111118;;"2017-12-17 16:54:08";"Süper 🙋"
110609;;"2017-12-22 08:46:24";"Araya çok reklam giriyor"
110104;;"2017-12-26 09:33:14";"Reklam kapatma olsa daha iyi olur"
109603;;"2018-01-03 21:59:35";Süper
118809;;"2017-05-22 07:19:13";"Bence güzel indirme de olsaydı iyiydi ben tekrarlı izlemeye seviyorum"
108801;;"2018-01-18 00:32:42";Mükemmel
108311;;"2018-01-22 21:13:22";Mükemmel
119590;;"2017-05-12 13:12:09";Good
107528;;"2018-02-01 00:01:06";"Emeklerinize ve yureginize sağlık"
129552;;"2021-04-11 16:22:02";"Çök güzel"
106757;;"2018-02-13 09:52:44";"Bence güzel bir uygulama her ne kadar eski dizileri vermesede"
123393;;"2017-04-03 19:35:15";Süper
105998;;"2018-02-23 20:02:04";"Uygulamayı 18:9 formatı ilede görmek istiyorum  Ozmn 5 yıldızı verecegim"
128277;;"2017-02-01 10:37:53";Süper......
105251;;"2018-03-07 08:43:37";"Kesintisiz yayin ellerinize saglik"
104970;;"2018-03-12 07:07:26";"Mükemmel bir sayfa"
109317;;"2018-01-10 20:20:59";"Böyle efsane bi uygulama görmedim"
123401;;"2017-04-03 19:05:52";Iyi
103962;;"2018-03-24 10:47:35";Harika
103689;;"2018-03-26 15:06:58";Har
122384;;"2017-04-13 13:55:44";"Çok iyi"
118803;;"2017-05-22 08:16:51";"Cok ıyo program ama yenı dızıler eksık"
117504;;"2017-06-06 19:36:18";"Seviyor sevmiyoru da ekleyin"
125460;;"2017-03-10 19:05:59";"Bütün diziler yok ama güzel bir uygulama"
102180;;"2018-04-26 08:18:37";godd
101919;;"2018-05-05 10:57:34";Efsaneee
101660;;"2018-05-14 22:00:20";Iyi
101404;;"2018-05-24 14:42:48";"Reklamlar olmasi gerektigi kadar. Kalite guzel. (Sahsiyet tavsiyemdir)"
101150;;"2018-06-01 20:40:19";"Farzetki bu aşkı yaşamadık hiç eyvallah başkan"
100898;;"2018-06-07 17:50:57";"Uygulama Basarili. Severek Izledigim Diziler Ayrica Film Yayinlanmadan 
Fragmanlardan Bildirim Alip Izleme Firsati Buluyorum"
129039;;"2017-01-25 00:36:34";"On numara"
120609;;"2017-05-01 23:54:55";Güzeel
119827;;"2017-05-08 16:23:14";"Çok iyi tşkr.😉"
112395;;"2017-11-17 06:03:39";"Reklam azaltilmali"
106497;;"2018-02-15 21:06:57";"Çok güzel ama yabancı dizilerde olsa keşke çok güzel olurdur birde yabancı film olsaydı daha da güzel olurdu"
129035;;"2017-01-25 00:50:56";Muthis
99334;;"2018-07-26 19:59:36";"Daha fazla film gelebilir"
99096;;"2018-08-06 21:20:11";"Benim TV'um puhu tv"
124444;;"2017-03-29 14:46:59";"Gerçekten çok iyi herşeyi gösteriyo"
109340;;"2018-01-09 23:59:30";"Gayet guzel bir uygulama"
125465;;"2017-03-10 18:31:33";"İlgimi çeken bir dizi olmadığı için siliyorum."
98316;;"2018-09-18 20:26:25";Cukur
98087;;"2018-09-27 08:25:43";"Çok iyi ama yerli diziler daha fazla olsun"
108806;;"2018-01-17 23:35:06";"Ücretsiz olmasına rağmen çoğu ücretli olan programlardan çok daha başarılı"
99105;;"2018-08-06 12:29:35";"Videolara hızlandırma özelliği gelirse daha iyi olur."
97560;;"2018-10-21 21:15:43";"Kullanisli ve hizli"
119568;;"2017-05-12 18:15:10";"Cok iyi"
96025;;"2018-11-06 06:22:44";Süper
111370;;"2017-12-13 08:13:26";"Reklam çok fazla. Onun haricinde güzel uygulama"
124947;;"2017-03-19 09:32:21";Cezbedici
95517;;"2018-11-28 16:37:35";"Reklamsız güzel dizi keyfi yaşıyorum çok teşekkürler!.."
120584;;"2017-05-02 08:10:43";Mükemmel
95234;;"2018-12-11 15:31:43";"Hakkını veriyor"
120833;;"2017-04-29 09:07:47";"Cok cok iyi"
101158;;"2018-06-01 17:06:54";"Çok güzel"
94748;;"2019-01-02 21:14:31";"cok iyi"
104450;;"2018-03-20 04:45:11";İyi
120835;;"2017-04-29 08:50:23";"Canlı yayın yooooook"
98563;;"2018-09-06 22:12:40";"Arama motoru geliştirilmeli."
92708;;"2019-02-02 18:36:40";"İndirme özelliği olsa 5 yıldız olurdu"
107533;;"2018-01-31 23:52:04";"Mükemmel ötesi"
92444;;"2019-02-12 06:29:50";"istediğimiz her diziyi burada seyretsek mükemmel olur unutulmayanlar fatma gül gibi yaprak dökümü gibi aşkı memnu gibi..."
113440;;"2017-10-27 14:27:51";"Cook reklam var bole devam ederse programi silicem"
92184;;"2019-02-19 15:19:10";"Güzel 2 saat youtubeden aramak zorunda kalmıyorsun"
121122;;"2017-04-25 01:30:00";"Çok başarılı olmuş. Ufak eksiklikler var gibi ama geri kalan herşey süper"
91928;;"2019-02-27 20:53:36";"Bir çok Türk dizi ve filmi var nerdeyse aradığınız herşeyi bulabilirsiniz reklamlar çok az ve kısa ve para ödemeden de kaliteli ve iyi bir hizmet alabilirsiniz denemenizi tavsiye ederim"
112914;;"2017-11-07 03:33:33";"Çok sık reklam var çok sıkıyor"
91676;;"2019-03-07 14:06:01";muhtesem
99599;;"2018-07-16 13:54:12";Mükemmeell
89892;;"2019-03-19 14:57:20";full
105749;;"2018-02-28 15:27:37";"Canım sıkıldıginda bile acip bakiyorum ne izlesem diye. Tv ye bakmak yerine puhu diyorum süpersiniz. Bi kere sansür yok. Ee daha neee"
120842;;"2017-04-29 05:33:41";"Ücretsiz olması, hemen hemen her diziye ulaşabilmem, yayın kalitesi, sansürsüz olması ve zaman kısıtlaması olmaması gerçekten çok iyi. Umarım bozulmadan devam eder. Bir cep telefonuma puhu tv premium paket şu kadar gibisinden bir mesaj gelirse işte o gün başka bir sitede olacağımdan kimsenin kuşkusu olmasın."
92453;;"2019-02-12 00:51:13";"cok güzel kesintisiz muhteşem"
110363;;"2017-12-23 23:01:43";"Iyi süper bir  uygulama"
89349;;"2019-04-13 07:16:06";"biraz daha zengin içerik olması lazım onun dışın da güzel"
102920;;"2018-04-06 23:43:42";Güzel
89115;;"2019-04-20 12:26:51";super
103718;;"2018-03-26 06:02:13";Guz
116231;;"2017-06-20 13:12:15";"Reklam işini daha az olsa süper olur"
113671;;"2017-10-24 04:23:50";"Harika bu olmasa hiç, bir şey izlemezdim iyiyim ki varsın"
114704;;"2017-08-28 05:15:44";"Çok işe yarar bir uygulama"
88606;;"2019-05-12 22:15:58";"Harika bir program ellerinize sağlık"
107544;;"2018-01-31 21:31:53";Harika
118038;;"2017-05-31 19:09:32";"Türk yaparsa zaten anca bu kadar olur arkadaş düzgün bir uygulama yapmışsın arayüz güzel herşey tamam da 4 dakikada bir reklam nedir para kazanıcam diye gözünüzü para bürümüş yazık telefonda yer bile kaplamasına gerek yok idm ile istediğim yerden indiririm daha iyi."
86796;;"2019-05-19 10:02:54";"tam aradığım program teşekkürler"
97809;;"2018-10-09 18:13:44";"Mal gibi"
122912;;"2017-04-07 20:47:50";"Number one"
86528;;"2019-05-23 11:15:32";super
99366;;"2018-07-25 12:39:33";"En sevdiğim dizinin bölümünü kaçırmıştım bu uygulama sayesinde izliyorum 
hangi bölümü kaçırdıysam yanı uzun lafın kısası çok güzel bir uygulama 
herkese tavsiye ederim"
122645;;"2017-04-10 09:50:17";"Sade,anlaşılabilir ve kolay.Teşekkürler"
95755;;"2018-11-18 21:36:24";"Çok iyi"
99851;;"2018-07-07 00:21:14";"Reklami az guzel kesinti yok denecek kadar az"
123660;;"2017-04-02 07:25:09";"Süperrrrrr 👍😊"
118310;;"2017-05-28 11:50:19";"Süper bir uygulama"
126728;;"2017-02-18 15:27:07";"Video net güzel ama vizyondan çıkan Türk filmleri yayinlasaniz"
115489;;"2017-07-15 06:54:46";"Bir uygulama bu kadar kötü olabilir mı güncelleme ile. Evet olabilirmiş 1 yıldız bile fazla ve kaldırıyorum uygulamayı"
85767;;"2019-06-16 20:09:29";"tek kelimeyle MUHTEŞEM♥♥"
108551;;"2018-01-20 09:52:34";Süper
108320;;"2018-01-22 20:24:54";"güzel mkkkk"
85529;;"2019-06-29 23:46:51";güzel
88841;;"2019-05-01 11:53:02";"Lutfen Zalim İstanbul dizisini de ekler misiniz? ben onun icin indirmistim ama o yok"
100099;;"2018-06-23 21:49:14";"Ben sadece cukuru izlemek için yükledim"
120069;;"2017-05-06 07:12:17";"Telefonuma yukledigim en güzel uygulama umarım sonrasında ücretliye cevirmezsinz teşekkürler 🤗"
82435;;"2019-07-23 15:40:23";"Çok güzel olmuş"
97574;;"2018-10-21 01:49:11";👻👻
104470;;"2018-03-20 00:08:40";Süperrrr👍👏
82210;;"2019-08-29 19:29:55";Mükemmel
128004;;"2017-02-04 19:20:44";Harikasiniz
106510;;"2018-02-15 20:12:11";"Böyle devam ederse 10 numara"
107301;;"2018-02-04 10:50:31";"Efsane,indirin izleyin ve oynayın."
81947;;"2019-10-01 06:35:14";"""AVLU"" dizisini neden kaldırdınız ?"
110879;;"2017-12-19 17:10:39";Harika
99109;;"2018-08-05 22:27:40";"super bi sitesiniz vallahi kesinlikle"
118043;;"2017-05-31 18:38:35";"Android tv box ımda videolar başlamıyor. Açılan sadece reklam. Web sitesinden izlerkende sürekli donuyor. İyi olacağına inandığım bir uygulamaydı ama isteklerimi tam olarak bulamadım."
81689;;"2019-10-19 05:32:11";"Sırf jet sosyete için indirdim güzel bir uygulama"
129540;;"2021-08-15 12:06:13";"Ar muchaobs"
94982;;"2018-12-23 19:13:11";"Çok Güzel Bir Uygulama"
106534;;"2018-02-15 19:14:22";"Kalite + mükemmellik = mutlu saatler teşekürler puhu tv"
81438;;"2019-11-06 16:31:31";"ya ben indiriyorum olmuyor bu ne ya ne biçim bir yükleme bu hiç beğenmedim"
82440;;"2019-07-22 22:52:26";"Adam gibi uygulama yapın sinirde telefonu kırcakdım arkadaş giriş yapıyorum uygulama atıyor beni çıkış yapıyor dizileri seyredemiyorum verdihi sorun şu sadece türkiye içi seyredebilirsiniz diyor ekranda diziyi açmıyor mk sizin tvnizin sinir oldum lan yorumlarda herkes aynı şikayet ama cevap bile veremiyorlar rezilihi açıklayamıyorlar tabi"
122635;;"2017-04-10 14:02:08";"Aşık oldum"
102667;;"2018-04-12 08:35:01";"Harika mi site"
125722;;"2017-03-05 05:58:33";"Puhu Tv okadar guzelki abone olunca kaldigimiz yeri gösteriyo,yeni cikan bolumleri hemen yukluyo, herkese tavsiye ederim mutlaka indirin☺☺☺"
81153;;"2019-12-02 22:53:01";"İkide bir atıp duruyor, bağlantım mevcut olsa bile donmalar fazla."
99617;;"2018-07-15 16:31:31";"Aradığım filmlerin bazısı yok."
127488;;"2017-02-12 11:47:01";"Çooook  güzel"
80909;;"2019-12-12 05:01:37";"Şu reklamlardan sonra takılma işini kalıcı olarak düzeltemediniz."
85539;;"2019-06-29 08:29:51";"çok memnunumteşekkür ederiz"
92937;;"2019-01-23 16:15:14";"çok güzel"
128532;;"2017-01-29 21:33:32";"Herşey çok iyi ama telefonun parlaklığını açmak için üts paneli indirmek istedigim zaman video kuculuyo. Bence bu biraz sacma olmuş. Düzeltilirse daha iyi olur.."
80675;;"2019-12-27 12:41:45";Süper
98586;;"2018-09-05 12:24:53";"Sürekli olarak atıyor giriş yapmaya çalışınca"
89356;;"2019-04-13 05:19:18";harika
98588;;"2018-09-05 11:36:04";"Keşke YouTube deki gibi TV ye bağlan yeri olsa cok iyi olurdu ama yinede mükemmel"
116504;;"2017-06-17 07:54:29";Süper
80402;;"2020-01-23 03:53:23";"2,5 saatlik filim 3,5 saat sürdü reklamdan"
117283;;"2017-06-09 18:26:14";"Fi yi izlemek için indiriyorum. Uygulama disinda olağanustu yavaşlikta bir site olduğu için. Umarim bunda daha hizlidir (Kesinlikle daha hızlı)"
89611;;"2019-04-01 21:15:51";"iyi ama geliştirilmeli"
100611;;"2018-06-11 21:44:40";"Berbat etmişsiniz, açılmıyor bile"
117762;;"2017-06-03 17:38:39";"Göruntuler gidiyor ses devam ediyor.samsung tab4 sm t 532"
80139;;"2020-02-15 21:47:45";Mukemmel
115471;;"2017-07-15 12:04:32";"Dizi birden bire dondu ve devam etmiyor"
89612;;"2019-04-01 20:37:08";"S8+ Kullanıcısıyım Çok geç açıyor bazen de hiç açılmıyor sinirlenip kapatıyorum. Bu yüzden puan kırdım."
100364;;"2018-06-19 17:48:54";Süper
116249;;"2017-06-20 09:02:40";"Uygulama güzel de götleri kalkmasın diye 1 verdim"
79886;;"2020-03-14 11:30:32";"Ya düzeltin şu leş gibi sunucuları ya da dizilerin yayın hakkını bırakın da başka bir yerden adam akıllı izleyelim,insanlara eziyet etmeyin artık"
124437;;"2017-03-29 17:40:58";harikaaa
110861;;"2017-12-19 19:17:12";okuyucuyu
98052;;"2018-09-28 17:24:02";"Baykuş yani başkabişey değil."
109570;;"2018-01-04 16:05:40";"Keşke yabancı dizilerde olsaydı"
79643;;"2020-03-31 01:38:06";"Fi dizisinde görüntü kalitesi butonu kayboluyor nedeni nedir neden düzeltilmiyor bu hata?"
80145;;"2020-02-15 11:18:15";"Telefonda acilan diziler tvde acilmamaya basladi zaten donup donup duruyo senelerdir hic kendinizi yenileyemediniz mi bi adim bile ilerlememissiniz"
104984;;"2018-03-11 20:25:53";Süper
97826;;"2018-10-09 01:04:36";"Samsung Galaxy J7 Prime Uygulamada sorun var önceden böyle değildi videolar açılmıyor"
109074;;"2018-01-16 01:46:28";"Sırf şu uygulamayı indirsinler diye chrome üzerinden modemin dibinde olmama rağmen 20 dk ka açmak icin ugrastimm filmi izlemek için indirdim ve şimdide siliyorum."
76316;;"2020-04-16 22:49:42";"Uygulamaya wifi ile giriş yapamıyorum sadece mobil veri düzeltin neden"
80917;;"2019-12-11 09:34:28";"reklamlarından 1 sansüründen de 2 yıldız vermedim sansür olacaksa reklam olacaksa ne diye indirdim bu işe yaramaz uygulamayı"
125703;;"2017-03-05 13:52:14";Muhteşem
89859;;"2019-03-20 22:16:26";👍
100367;;"2018-06-19 15:33:30";Süper
114962;;"2017-08-11 06:48:30";"Uyguluma çok güzel ve çok kaliteli sadece küçük bir sorun var. Bazen izlediğim dizi donuyor ve ilerlemiyor"
76050;;"2020-05-12 01:05:06";"CIDDEN MUQ INDIRMENIZI ŞIDETLE TAVSIYE EDERİM!♾♾💛💛🖤💜🧡🧡💋💋💝💝💞🖤💜💜😘😘💜💛🧡❤💙💗💙💌❣❣💋💞"
98824;;"2018-08-21 19:49:44";"Eski dizilerde gelmeli 2000 li yillarin filmleri mesela"
120854;;"2017-04-28 22:18:05";"Süper kalite"
109857;;"2017-12-30 13:28:43";"Muazzam bir şey"
100368;;"2018-06-19 14:58:37";"Guzrl Cok isime yarıyo"
118788;;"2017-05-22 10:54:48";"Dizileri ve filimleri telefona indire bilirsek daha güzel olur"
75796;;"2020-06-13 16:07:48";"Amina kayayim reklamdan izlenmiyor film"
110369;;"2017-12-23 22:35:40";"Cok guzel bir uygulama"
120840;;"2017-04-29 06:06:04";"Reklamlardan ve reklamların başlamasını beklemekten sıkıldım , böyle olursa tvden ne farkınız kalır o zaman gidip tvden izleyelim , düzeltirseniz gayet güzel bi uygulama olur"
97285;;"2018-10-31 18:48:28";"Harika program yapanin ellerine saglik"
97829;;"2018-10-08 20:58:41";"Reklamdan fenalık geldi"
107796;;"2018-01-29 08:14:47";"Harikaaa birsey yapan kimse yapsmis en guzelinden"
75554;;"2020-08-25 18:14:50";"Cok guzel boo uykum"
75558;;"2020-08-24 18:38:31";"Acayip bir şey çok iyi tavsiye ederim yapanlara teşekkürler"
116762;;"2017-06-13 21:54:07";"puhutv - Ben nasıl izlersem"
82452;;"2019-07-21 08:02:58";"sert çalişiyo lütfen tekrar bakinis"
105738;;"2018-02-28 19:38:32";"Puhu tv ye dizilerin bölümleri indirilmesini istiyorum indirme gelirse cok memnun olurum"
100115;;"2018-06-23 11:07:39";"Kuzey güney dizisi için indirdim yok yüzden beş para etmez şahsi fikrim 
hadi eyvallah."
112641;;"2017-11-12 01:01:17";"Emeğinize sağlık. Çok başarılı bir iş olmuş."
75289;;"2020-09-29 10:40:52";"İntroyu atla, ve yanlardan ses, parlaklık arttır azalt gelmeli"
120355;;"2017-05-03 19:11:31";"Fi :)"
106770;;"2018-02-13 07:09:01";"süper ötesi puhutv de dizi izlemek mükemmel herşeyden önce orjinal izliyosun çukur dizisi hastası olarak sansürsüz izlemek çok güzel"
88842;;"2019-05-01 11:29:23";MÜKEMMEL👏👏
89863;;"2019-03-20 20:01:18";"efsane bi şey"
112921;;"2017-11-06 23:07:18";Mukemmel
120334;;"2017-05-03 21:39:55";"Bölümlerde izledim butonu olsun +1"
75039;;"2020-10-15 19:25:48";"Uygulamayı çok beğendim emeğinize sağlik cok hoş uygulama ❣️"
75011;;"2020-10-19 09:35:19";"Lütfen uygulamaya sen anlat Karadenizide yüklermisiniz"
123649;;"2017-04-02 08:23:09";"Ya bu uygulama mükemmel"
75044;;"2020-10-15 12:08:54";"fazla donuyor sadece ben de böyle sanıyordum burdaki yorumlara bakınca anladım ki uygulama berbat dikkate alınması lazım"
76320;;"2020-04-16 15:53:23";"Çok donuyorrrrr!!!! Güncellensin lütfen!!!!"
107787;;"2018-01-29 11:22:29";Keyifli
115464;;"2017-07-15 19:15:34";"Cok begendimm kolay ulasiliyorr bolumlere bayildimm:);):')"
49664;;"2021-09-23 20:29:39";"جميل جداً"
49665;;"2021-09-23 14:17:04";"جيد جدن"
49666;;"2021-09-18 02:04:22";"هل يمكنكم اضافة دبلجة عربية؟"
49667;;"2021-09-11 13:42:12";"Güzel idare eder 🔞"
49668;;"2021-09-09 17:57:46";فاشللللللللل
49669;;"2021-08-22 03:59:22";👎
49670;;"2021-08-16 20:16:25";💗💗💗💗💗💗💗💗💗💗💗💗💗💗💗
49671;;"2021-07-04 06:50:33";"Son günceleme çok kötü"
49672;;"2021-07-02 10:59:32";"Cokcok iyi puhutv ،👍👍👍👍👍👍"
49673;;"2021-06-24 04:39:37";بفلوس
49674;;"2021-06-23 12:52:52";🤩🤩🤩🤩🤩😍😍
49675;;"2021-06-20 12:39:00";"تطبع اصبح فاشل بعد التحدث الاخير"
49676;;"2021-06-12 23:31:58";❤️❤️❤️
49677;;"2021-06-03 17:35:57";"تطبيق حيل حلو ما شاء الله الله يسعدكم"
49678;;"2021-06-01 00:10:22";بشار
49679;;"2021-05-29 07:49:41";"çok iyi program keşke Hayat şarkısı dizisini indirseniz lütfen"
49680;;"2021-05-28 19:21:58";"ال است"
49681;;"2021-05-26 15:40:56";"راحت نجمتين لأن الحلقات ما يتنزلن 🙁"
49682;;"2021-05-25 02:32:52";"Çok Gozail"
49683;;"2021-05-22 19:22:45";"كتير كويس المسلسلات الي مالها بل يوتيوب عم تطلع بهل برنامج"
49684;;"2021-05-10 21:32:29";Love.you
49685;;"2021-05-07 01:34:56";"تطبيق كتيرر حلو و ساعدني أني أتعلم اللغة التركية بشكل كتير منيح"
49686;;"2021-05-03 21:20:13";"Çukur evimiz"
49687;;"2021-04-28 20:41:21";"Ben de sisle dizi çekmek istyom sis beni alısnıs beni diziye lutven benide alın diznise🥰🥰🥰🥰😊😊😊"
49688;;"2021-04-27 01:43:46";..جميل
49689;;"2021-04-23 22:34:51";"جميل جدا"
49690;;"2021-04-18 19:15:17";Nays
49691;;"2021-04-18 16:12:15";"حلو وجميل لكن ليس مترجم ليس الكل يعرف اللغات... اتمنى ان تترجموه. 😔😔😔😔😔😔😔😔😔😔😔😔😔😔"
49692;;"2021-04-07 22:43:11";"اطلق برنامج لانه ببلاش"
49693;;"2021-04-07 14:07:59";Guzel
49694;;"2021-03-31 13:04:59";"Çok güze bir uygulama"
49695;;"2021-03-31 09:41:05";😈😈👹👺👹😈😈👹👺😈😈😺👹👹👺👹👹👺👹👹👺👺👹😈👹👺😈😈👹👺👹👹👹👮👮👮🖕🖕🖕🖕🖕🖕🖕🖕🖓🖓🖓👎👎👎👎👎💨💨💢💢💢
49696;;"2021-03-29 23:44:21";"برنامج زبال نص نجم كثير عليه 💔"
49697;;"2021-03-26 21:42:27";Çukur
49698;;"2021-03-23 20:09:13";"رائع جدآ"
49699;;"2021-03-22 13:53:02";حلوه
49700;;"2021-03-11 22:26:10";جيد
49701;;"2021-03-08 22:11:49";"جميللل جداااااا ✔️1000 نجوم 👏👏"
49702;;"2021-03-02 11:32:27";"زباااالة 💩👎💩👎"
49703;;"2021-02-15 19:09:47";"🙅🙅🙅🙅🙅🙅🙅 ماهو مترجم 👹👹👹👹"
128546;;"2017-01-29 19:59:51";"Dizilerin hepsi yok ve  film yetersiz"
127491;;"2017-02-12 10:48:39";"Guzel uygulama"
126230;;"2017-02-25 19:05:40";"Len  siktir git"
125193;;"2017-03-16 00:36:12";"Gayet güzel ve başarılı.... ☺☺"
124164;;"2017-03-31 17:35:18";"Uygulama güzel ama Son güncellemeden yükleme başarısız diyo acil çözümmm"
123143;;"2017-04-05 17:57:31";Muazzammm
122131;;"2017-04-15 16:13:53";"Muthis ama eskiya dunyaya hukumdar olmaz ejlerseniz iyi olur"
121127;;"2017-04-24 23:50:35";"Savasci dizisini de ekleyin fox tv ile felan anlasin"
120339;;"2017-05-03 21:02:49";"Çok güzel bir site☺"
119557;;"2017-05-12 18:37:37";"Fi harika"
121111;;"2017-04-25 07:23:20";"Şimdilik süper"
122118;;"2017-04-15 18:45:29";"Harika mutlaka indirin"
117796;;"2017-06-03 10:18:30";Super
116489;;"2017-06-17 10:02:18";"3 dk bir reklam bu ne gogledan bulur izlerim başka siteden çok zor değil 😡"
115737;;"2017-07-08 10:53:09";Muhteşem
120340;;"2017-05-03 20:52:12";"Uugulama güzel, Behzat Ç süper..."
114454;;"2017-09-11 17:19:03";Harika
113920;;"2017-10-08 15:47:30";"Sizin sayenizde yeni gelinni izleye biliyorum"
127503;;"2017-02-12 00:14:03";"Cook iyi"
112668;;"2017-11-11 14:09:08";"Cok iyi"
112147;;"2017-11-22 18:42:42";"Güzel program"
111630;;"2017-12-06 08:22:25";"Smart projektörde açtığım uygulama büyük ihtimal Android TV layoutunu kullanıyor. Zaten Beta yazısı çıkıyor. 2 tane hata var biri reklam girdiği anda ekran kararıyor ses geliyor görüntü gelmiyor ve bir süre sonra yanıt alamadığından dolayi crash oluyor. Diğer sorun ise içerik oynatılırken çıkmaya çalıştığımda crash oluyor. Acil bir güncelleme gerekiyor."
111117;;"2017-12-17 17:27:11";"Harika bir detaysın puhu TV mükemmel"
110608;;"2017-12-22 08:49:29";"Efsane bir seylan ne ararsan var icinde ama reklami az verseniz cok guzel olur"
110103;;"2017-12-26 09:57:44";Süper
109602;;"2018-01-03 22:03:07";"Cok iyi fakat cok reklam cikiyor"
119585;;"2017-05-12 14:35:21";"Reklam sureleri cok uzun"
108800;;"2018-01-18 00:45:01";"En iyisi 👌"
108310;;"2018-01-22 21:16:03";"Harika..Takılmıyor, görüntü net, diziler hemen yükleniyor, reklam az.."
120580;;"2017-05-02 08:40:21";"Normalde 5 yıldızı hak eden bi uygulama bi tv programı ama en son guncellemeden sonra açılmıyor. Yükleme basarisiz diyor hem 4g de hemde wifide bu hatayi veriyor. Acil çözüm sağlarsınız minnettar kalırım :-)"
107527;;"2018-02-01 01:26:41";Yesss
128798;;"2017-01-26 13:14:04";tşkler
106756;;"2018-02-13 10:02:19";"Tv  ye yansıtma gelse daha da müthiş olacak yapın şunu"
124936;;"2017-03-19 12:57:33";"Çok iyi"
105997;;"2018-02-23 21:14:28";"Reklamlar izin verirse izlersiniz 5 dk da bir kesiliyor çünkü rezalet"
119573;;"2017-05-12 17:58:29";"Cok güzel ama tek reklamlarını birde serenayın böyle olmasını sevmiyorum ilaki acık olmak zorunda degil bu dizide dizideki kadınlarda."
105250;;"2018-03-07 10:23:03";"Harika bir uygulama 👏"
104969;;"2018-03-12 07:41:39";"Hayat kurtarıyor hayat site site gezmekten kurtardı."
113409;;"2017-10-27 18:24:00";"İleri geri hareketlerde çok reklam veriyor,bir de kanal D nin dizi leri neden yok"
124423;;"2017-03-29 20:26:57";"Dahada iyi olabilir canlı tv izleme eklense güzel olur"
103961;;"2018-03-24 10:53:08";"Eşkiya dünyaya hükümdar olmaz dizisini de ekleseniz kral olursunuz"
103688;;"2018-03-26 15:24:55";"Bir kadin bir erkek'in eklenmesiyle site daha iyi olmus. Cikan reklamlardan neden bukadar rahatsiz anlar var anlamis degilim. En azindan tvdeki gibi, filmin son sahnesinde 10dk reklama girip, reklam bitiminde ayni yerden son sahneyi verip enayi yerine koymuyorlar kimseyi. Emeginize saglik bir de yabanci diziler eklenirse fevkaladenin fevkinde olcak."
118050;;"2017-05-31 17:12:03";"10 Numara 5 Yıldız 👍👍"
119577;;"2017-05-12 16:43:11";"Reklamdan geçilmiyor başka site buldum siliyorum google ye videoseyredin yazın bu serefsizlere muhtac kalmayın..."
120325;;"2017-05-03 22:50:28";"Tek sorunum kaldı acaba kaldığın yerden devam etteki bölümleri nasıl kaldırıyoruz ? İzledim bölüm bitti fakat hâlâ oradalar"
126498;;"2017-02-21 19:47:27";"İyi iş"
102179;;"2018-04-26 09:06:51";"10 sn ileri 10 sn ye geri gitmeyi ekleseniz çok daha güzel olur."
101918;;"2018-05-05 12:02:56";Harika
101659;;"2018-05-14 22:37:56";"Işte burdur bravo size"
101403;;"2018-05-24 15:58:44";Forever
101149;;"2018-06-01 20:41:11";Mükemmel
100897;;"2018-06-07 17:51:36";"Çok iyi ekrana çift tıklamayla ileri-geri sarma özelliği geldi teşekkürler"
100647;;"2018-06-11 09:59:09";"Kaçırdığım bütün dizileri sayenizde keyifle izliyorum"
121607;;"2017-04-21 17:48:51";"iyisiniz uygulamaya hemenulaşılıyor."
120610;;"2017-05-01 23:31:33";Super
112919;;"2017-11-07 00:04:21";Muhteşem
106788;;"2018-02-13 00:03:31";"Çok iyi"
124432;;"2017-03-29 18:14:32";"Çok iyi"
99333;;"2018-07-26 20:08:02";"Dizi kitaplığını büyütseniz yani uygulamadaki dizilerin çoğu 
televizyonlardaki saçma sapan türk dizileri"
99095;;"2018-08-06 22:31:42";"Yakın güzel ve hakkını veriyor"
125474;;"2017-03-10 17:26:15";Muhteşem
109840;;"2017-12-30 19:34:25";"Doğuş digital saol çok iyi bir uygulama bu arada burda biz velet değiliz oyun olmayan birşey veletlerin beynidir. Zaten aptal (stupid) aptal dedim"
126502;;"2017-02-21 18:33:31";"Her şeyini çöl beğendim"
98315;;"2018-09-18 20:28:12";Harikasınız
98086;;"2018-09-27 09:25:10";"süper bi uygulama ücretsiz olması daha muhteşem yapıyor 😉😉"
121365;;"2017-04-22 20:48:00";"Her şey için çok sağolun bayıldım"
99344;;"2018-07-26 11:05:15";"Cok fazla reklam var"
97559;;"2018-10-21 22:27:05";Süper
114188;;"2017-09-26 07:48:51";"Reklam izlemekten diziyi izleyemiyoruz"
96024;;"2018-11-06 06:28:50";"Tavsiye ederim muko bisey"
111886;;"2017-11-28 13:11:21";Harika
115461;;"2017-07-15 21:13:55";"Çok güzel bi kanal"
95516;;"2018-11-28 18:01:56";"Chromecast destegi yok."
107278;;"2018-02-04 19:50:23";"Mükemmel uygulama Teşekkürler"
95233;;"2018-12-11 15:35:53";"Değil 5 yıldız 10000 yıldız vrrilmeli"
121623;;"2017-04-21 16:37:00";"Tek kelime on numara"
104713;;"2018-03-17 08:10:35";"Aradığım filmlerin bazıları yok ama yinede sevdim"
94747;;"2019-01-02 21:18:37";"Durdurunca veya araya reklam girince tekrardan kalite ayarı yapmak gerekiyor. Kendini otomatik e alıyor ve kalite çok düşüyor."
104729;;"2018-03-16 19:04:39";"harika bayildim yeni gelin cok komik"
121625;;"2017-04-21 16:29:06";"Uygulama gayet guzel fakat daha fazla izlenicek secenek olsa mukemmel"
103439;;"2018-03-30 03:40:38";"Süper harika gerçekten. 👏👏👏👉👍👍👍"
92707;;"2019-02-02 20:27:56";güzel
110336;;"2017-12-24 07:16:05";"Çok iyi"
92443;;"2019-02-12 06:51:46";süper
116509;;"2017-06-17 04:10:26";"Reklamlardan gına geldi, yeter artık."
92183;;"2019-02-19 16:23:19";"Tel için iyi lakin smart tv de çok çömez kalmış bir uygulama"
108037;;"2018-01-25 21:51:11";"Iyı begendım"
91927;;"2019-02-27 21:18:57";"bi sorun oluştu diyo giremiyorum sorunu çözer msnz"
113441;;"2017-10-27 14:24:31";"Güzel bir uygulama fakat izlediğim bir kaç tane dizinin bölümleri yayınlanmıyor. Vatanım sensin'in de bölümlerini yayınlarsanız çok daha iyi olur..."
91675;;"2019-03-07 14:30:13";mükemmel
99842;;"2018-07-07 14:27:31";Guzel
89891;;"2019-03-19 15:29:53";muhteşem
126731;;"2017-02-18 15:13:39";Merhaba
121632;;"2017-04-21 15:50:57";Mukemmel
98564;;"2018-09-06 21:37:34";"Hiçbir filmi açılmıyo. Bide daha fazla film eklenmesini arz ederim."
110871;;"2017-12-19 17:41:46";Muhtesemmmmmmmmm
89348;;"2019-04-13 07:29:41";"hercai icinde yok"
103189;;"2018-04-02 09:36:47";"Güzel bir platform, teşekkürler."
89114;;"2019-04-20 12:31:33";süper
97284;;"2018-10-31 20:19:34";"Teşekkürler güzel uygulama için"
122122;;"2017-04-15 17:52:22";Harika
95250;;"2018-12-11 00:25:06";"Çok beğendim sıfır kasma, sıfır reklam. Çözünürlük ayarlama ibaresi de var. Program dediğin böyle olur :)"
102922;;"2018-04-06 23:31:48";"Kesinlikle en iyisi.."
88605;;"2019-05-12 23:05:04";👍
110863;;"2017-12-19 19:02:06";"Tek kelime ile harika"
109863;;"2017-12-30 11:38:05";Super
86795;;"2019-05-19 10:12:37";"emeğinize sağlık"
112393;;"2017-11-17 11:35:19";"Reklamda olmasa bir sıkıntı yok güzel uygulama."
128534;;"2017-01-29 21:19:14";"Bütün diziler yok olsa daha iyi olur mesela ATV deki diziler ve kanal D deki diziler olmalı kesinlikle yabanci filmlerde olmalı ve arkadaşlar 2 veya 3 yildiz falan vermeyin ne olursa olsun çok güzel bir uygulama ve üstelik ücretsiz kralsin puhu TV :) :) :)"
86532;;"2019-05-23 07:59:26";👍👍👍
99607;;"2018-07-15 23:49:53";"Hocam internet bağlantısı yani hızı sabit değil.ara ara telefonda sıkıntı 
yokken internet baglantısı kopuyor.umarım yeni güncelleme ile bu sıkıntı 
giderilir."
123659;;"2017-04-02 07:25:14";"Çok güzel bir uygulama ama lütfen ulan ıstanbul eklensin"
86802;;"2019-05-19 08:46:39";süper
100096;;"2018-06-24 07:56:40";"Biraz daha güzel olabilirdi"
124683;;"2017-03-24 21:15:47";"Evet bayıldım ama keske yabancı filmlerde olsaydı"
129048;;"2017-01-24 22:41:26";"Program çok güzel tavsiye ederim."
98578;;"2018-09-06 00:16:50";"Izleyemedigim tum dizileri izleyebiliyorum emegi gecenlerin ellerine saglik"
116237;;"2017-06-20 11:32:57";"Söz diziside koyulsun"
85766;;"2019-06-16 20:25:06";"Arada bir reklam izlemeye giriyorum. Ama bazen araya dizi falan giriyor bu sorunun bir an önce düzeltilmesi gerek."
129045;;"2017-01-24 23:06:13";Harika
107298;;"2018-02-04 11:41:28";"Zırt bırt reklama girmese çok iyi olur zaman zaman sinirlendiriyor yakında bıktırır şimdiden söyleyimde"
85528;;"2019-06-30 08:01:39";"4 gündür puhu tv de dizilerin kliplerini ve fragmanlarını açamıyorum. Dizi bölümleri de açılmıyor sonra ana sayfada listemdekiler gözükmüyor.."
109861;;"2017-12-30 12:20:11";"Arka sokaklar nerde?"
101669;;"2018-05-14 13:46:03";"Mazzör fakat daha fazla dizisi olmalı"
120853;;"2017-04-28 22:31:50";"Uygulama çok güzel. Kaçırdığım, izleyemediğim dizileri buradan takip ediyorum. Dizinin televizyondaki yayını bittikten hemen sonra uygulamada yayınlanması ayrı bir güzellik. Teşekkürler."
82434;;"2019-07-23 18:14:36";"Kaldığımız yerden devam edebildiğimiz zamanlar daha iyiydi"
120837;;"2017-04-29 07:49:12";"bence çok fazla güzel de yil çünkü ask ve mavi yazıyoruz o hiçbir sonuç bulunamadı diyir"
123399;;"2017-04-03 19:20:47";"Abi yabancı sinemalarda gelsin  daha güzel olur"
82209;;"2019-08-29 19:42:46";"Çok güzel bir uygulama hem telefonumda hem televizyonda kullanıyorum"
85774;;"2019-06-16 12:18:50";"güzelim uygulamayı reklamlar ile mahvetmişsiniz. bölüme kaldığım yerden devam etmek için en az 10 kere reklam izlemek zorunda kalıyorum.Eskiden böyle değildi reklam koyucaksanız bölümü açtığımız zaman çıksın berbat bir reklam sistemi."
95260;;"2018-12-10 15:34:18";Mükemmel
107783;;"2018-01-29 12:58:08";"Zamanda yolculuk isteyen herkese tavsiye ederim......"
81946;;"2019-10-01 06:52:49";"Guzel gerçekten Adminlere sesleniyorum kanal d deki diziler gelsin lütfen Teşekkürler"
95758;;"2018-11-18 20:41:14";"Valla sadece ertugrul icin super bi uygulama cok guzel"
118022;;"2017-05-31 23:28:17";"GüZEL BİR UYGULAMA 😘😄😄😅"
108572;;"2018-01-20 01:05:03";Guzel
81688;;"2019-10-19 07:03:41";"Yabancı film sayıları çok az"
85776;;"2019-06-16 10:13:54";"Leş gibi uygulama reklamdan dizi/filmi izleyemiyorum böyle bir şey olmaz ya tamam para kazanman lazım da abartma be 3 dk da bi reklam nedir?? 👎👎👎👎"
105753;;"2018-02-28 12:45:53";"Tek kelime ile harika begendim"
107009;;"2018-02-09 07:53:03";😍😍😍
81437;;"2019-11-06 18:22:09";Sūper
128020;;"2017-02-04 16:09:55";"Güzel uygulama olmuş elinize sağlık"
96039;;"2018-11-05 18:59:35";"Kaldığın yerden başlamaması kötü"
102934;;"2018-04-06 20:37:54";"Helal lan guzel"
127006;;"2017-02-15 01:14:43";Süper
81152;;"2019-12-02 22:56:26";"Uygulama bir işe yaramıyor. Çok hoş diziler, tiyatrolar, filmler var, reklamsız ama izlemede sıkıntı var. Asla bir Netflix edemezsiniz.."
99860;;"2018-07-06 15:16:47";"Şahsiyet için indirdim. artık internetden diziler dönemi başlasın. ve 
arkası kesilmesin. çok kaliteli bir dizi. ve netfilix örnegi verenler var. 
reklamları çok kısa ve bedava ve muhteşem kaliteli çözünürlükler. 
Kesinlikle çok kaliteli ve akıllıca."
116245;;"2017-06-20 10:13:01";"Harika ama kara sevda 1. Bölümden son bölümüne  kadar olsun bide arka sokaklar 1. Bölümden son bölümüne kadar olsa harikaaaa olur arka sokaklar dizisini yükleseniz süpeŕrr olurr"
80908;;"2019-12-12 05:05:09";"Bazen takılıyor"
124426;;"2017-03-29 18:42:40";"Çoban yıldızı dizisinide eklemenizi istiyorum onun dışında mükemmel"
127263;;"2017-02-12 23:00:20";Harikaaaa
109313;;"2018-01-10 23:15:13";Mukemmel
80674;;"2019-12-27 13:24:46";"Ben dizileri kaldığım yerden izliyor biliyorum mükemel"
81158;;"2019-12-02 22:01:14";"Hiç bir şekilde uygulamaya girmiyor"
121636;;"2017-04-21 15:20:20";"Reklamları kaldır gerisi mükemmel 👌"
98822;;"2018-08-21 20:37:20";"İyi ki bu programı yapmısşınız size minnettarım 🙏🙏🙏"
113158;;"2017-10-31 11:33:39";"Gayet Güzel bir Program birde Lg store ye de koysanız bizde tv den sizi takip etsek iyi olurr Teşekkürler"
80401;;"2020-01-23 07:53:48";"Kancik bir uygulama reklam ustune reklam veriyo Bi dizi bile izletmiyor arkadas sikayetciyim"
128775;;"2017-01-26 19:49:11";"Çok güzel bir uygulama."
107288;;"2018-02-04 16:08:54";"Helal lan"
101410;;"2018-05-24 10:07:18";"Çift tık ile 10 saniye ileri alma özelliği de gelse çok güzel olur. Onun 
haricinde çok başarılı"
118528;;"2017-05-24 19:55:38";"Iki reklam izlicez araya dizi koymuşlar aq"
80138;;"2020-02-15 22:39:27";"Dizi izlemek tamamen işkence. 720p veya 1080p çözünürlükte internetten bağımsız sürekli takılmalar mevcut. Performans ve kararlılık konusunda ciddi sıkıntıları var."
123650;;"2017-04-02 08:09:53";"Eskiden çok sevdiğim diziyi internette 360p ve 480p izlerken puhu tv sayesinde full hd izleyebiliyorum. Kullanımı kolay arayüz, dizi açıklamaları ve mükemmel görüntü kalitesi 👍👏"
113420;;"2017-10-27 18:06:42";sűper
100612;;"2018-06-11 21:42:03";"Açılmıyor artık yazık etmişsiniz uygulamaya"
117003;;"2017-06-11 20:46:15";"Kaliteli bir platform."
79885;;"2020-03-14 14:40:12";"Netflix gibi tvtime gibi olabilse iyi olur Bide Deli Yürek dizisi ve filmi olsa iyi olur 5yildizi vermemin nedenlerinden biride ücretsiz olması"
103459;;"2018-03-29 21:39:35";"Kesinlikle dizileri filmleri internetten takip eden herkes indirmeli. Güzel bir uygulama. Teşekkürler ve tebrikler. Reklam olayı az ve kısa olmasi güzel ama keşke daha kısa olsa ya da 5. Saniyeden sonra geç butonu çıksa 😊😊 daha güzel olur."
119078;;"2017-05-19 07:05:26";"Reklamlariniza skaym"
103714;;"2018-03-26 09:29:59";"Eskıler hatırlanıp izlenıyor"
124169;;"2017-03-31 17:30:18";"Üye olamıyorum!"
79642;;"2020-03-31 10:23:24";"Aslında çok güzel ama sadece bu dönem için bile olsa İnternetsiz olsa çok güzel olur"
113688;;"2017-10-23 16:55:27";"Çok güzel uygulama emeği geçen herkese eyw ""Reklamsız oldu benim tlfonumda""."
119570;;"2017-05-12 18:12:17";:)
98053;;"2018-09-28 16:26:02";İndiriyorum
109571;;"2018-01-04 15:59:21";"Bence 10 numara"
76315;;"2020-04-17 07:39:55";"Yeni izleyeceğim"
79892;;"2020-03-13 21:30:16";"Usenmeden geldim 5 yildizlik puani 1 yaptim bu ne saçma uygulama olmuş böyle kaldigim yerden devam etmiyor etmesin zaten bastan acsin ama hic baslamiyor donup duruyor kendi kendine kalitesi düşüyor donuyor beles mal bu kadar oluyo iste illa neyflix falan alin demeye getiriyorlar işi"
82178;;"2019-09-04 06:00:02";"Program kendi kendine kapanıyor, önceden filmin neresinde kaldıysa oradan devam edebiliyordum artık o yok ve izlendi tiki kalkmış kötü olmuş."
110361;;"2017-12-23 23:15:18";"Keşke bütün filmler bu kadar güzel bir görüntü kalitesine sahip olsa ve estetik olarak iyi bir çalışma çıkarsa. Ve PUHU TV bunu en güzel şekilde örneklemiş."
100615;;"2018-06-11 21:39:50";"Donuyor, tv den de pc den de tel den de donuyor. Hevesimizi kursagimizda 
birakti."
120336;;"2017-05-03 21:31:15";"Uygulamayı severek kullanıyorum ancak aralarda reklam süreleri gereksiz uzun ve geçişlerde sürekli bi kasılma oluyor. Çözümlenirse mükemmel bi uygulama olurr 😊"
76049;;"2020-05-12 06:16:32";güzel
88850;;"2019-04-30 20:58:25";"süper pratik..."
101668;;"2018-05-14 17:29:35";"Biraz olsun reklamlardan kurtulmak için yükledim fakat tam tersi her dakika 
diş protez reklamı oynadı. Bende sinirlenip sildim, tavsiye etmiyorum. 
Elbette reklam olacak ama bu her 20 dakika da bir olmaz."
109332;;"2018-01-10 13:02:41";"Sansürsüz dizi seyretmesi güzel birde filimler olsa"
100616;;"2018-06-11 21:38:49";"Programa cate bulun yarım saattir giremiyorum acilll çözüm"
114963;;"2017-08-11 06:46:29";"Şevkat yerimdar  eklensin"
75795;;"2020-06-13 19:36:31";İyi
110887;;"2017-12-19 16:20:12";"On numara"
81952;;"2019-09-30 19:31:12";"Tam ekran sorunu çözülürse iyi"
88855;;"2019-04-30 15:20:16";👍👏👏👏👏
98056;;"2018-09-28 14:12:34";"Hiç kasma yok sorun yok çok iyi"
110622;;"2017-12-22 00:43:51";"Çok iyi Ama En He canlı yerinde Reklam girmesi Güzel olmuyor 😊"
75553;;"2020-08-25 18:49:14";"Alef isimli bir polisiye türk dizisi var, onu da eklerseniz çok mutlu olurum. Çok kullanışlı bir uygulama, emeği geçenlere teşekkürler 👏🏼"
106256;;"2018-02-19 06:36:34";"İzlerken reklam girebilir anlıyorum bundan para kazanıyorsunuz ama videoyu ileri geri alırken sürekli devreye giren bir reklam kaç kere izlenebilir ve tahammül edilebilir..."
113937;;"2017-10-07 18:49:16";"Çok güzel olmuş kaçırdığım diziyi yada izlemediğim filmi rahatça izliyorum hemde hd kalitesinde bilgisayarlarada olsa güzel muhteşem olur😃😃😃😃😃😃😃😃😃😃😃😃😃😃😃😃😃😃😃😃😃😃😃😃😃😃😃😃😃😃😃😃😃😃😃😃😃😃😃😃😃😃😃😃😃😃😃😃😃😃😃😃😃😃😃😃😃😃😃😃😃😃😃💲💲💲💲💲💲💲💲💲💲💲💲🎩🎩🎩🎩🎩🎩🎩🎩👓👓👓👓👓👓👑👑👑👑👑👝👢👙👗👛👛👗🎒💼👗👠👡👢💄💄🔰👔🐕🐕🐕🐕🐕🐕🐕🐕🐕🐕🐕🐕🐕🐕🐶🐶🐶🐶🐶🐶🐶🐶🐶🐶🐶🐶🐶🐶🐶🐶🐶"
113942;;"2017-10-07 14:18:05";Mukemmel
112416;;"2017-11-16 19:25:09";"Teşekkür ederiz"
100370;;"2018-06-19 14:06:45";"Bence istediğin şey var."
113166;;"2017-10-31 06:58:56";"Sevgili Doğuş Dıgıtal    Yaptığınız uygulama gerçekten takdir edilecek nitelikte olmuş. Bir sonraki güncellemede 5 veya 10 saniye ileri geri alma yapılandırması eklerseniz daha iyi olur. Çünkü android izleyicilieri videoyu 10 saniye ilerletmek isterken 1 dakika ilerliyo. Daha sonra tekrar geri almaya çalışıyo...."
75288;;"2020-09-29 12:59:34";"Devamli donuyor net hizim normal sadece puhu tvde donma sorunu yaşıyorum"
95775;;"2018-11-18 10:13:52";"Reklamlar kaldırılmış guzel olmus. Onceden surekli reklam çıkıyor diye silmiştim"
103192;;"2018-04-02 06:41:51";👍👍👍👍👍👍👍👍👍👍👍👍👍👍👍👍👍👍👍👍👍👍👍👍
82453;;"2019-07-21 07:59:37";"Fena değil idare eder."
108557;;"2018-01-20 08:45:59";"Kalp atisi yok"
124441;;"2017-03-29 16:14:18";"Beni affet dizisi ne yok bu günü ya şunu düzgün koyun ya lütfen"
118802;;"2017-05-22 08:24:55";"Fi  yayınladıkları icin Teşekkürler"
75038;;"2020-10-15 20:53:18";"Ücretsiz olup bu kadar kaliteli olması da ayrı bi güzel 🙏🌹"
75043;;"2020-10-15 14:30:42";Donuyor
121371;;"2017-04-22 20:10:27";"Güzel bir uygulama"
124190;;"2017-03-31 17:18:46";"Üye olamıyorum ya"
76326;;"2020-04-15 13:14:01";"Sizin yapacağınız uygulamaya salayım ben, ulan madem Bi işin içine girdiniz adam gibi yapın."
111887;;"2017-11-28 12:51:45";"Reklam sayısı ve süresi ciddi anlamda Can sıkmaya başladı gına geldi artık.."
86034;;"2019-06-05 14:18:46";"cok güzel program"
49920;;"2018-06-20 00:27:52";متاز
49921;;"2018-06-15 11:07:18";"çok güzel bir uygulama"
49922;;"2018-06-13 11:56:21";Good
49923;;"2018-06-12 11:40:58";"Please I need language arabic. thinks."
49924;;"2018-06-09 21:21:09";"يجب ان تضعو ترجمه"
49925;;"2018-06-09 10:23:52";"البرنامج رااقي بس ما ضايفي الترجمه ع المسلسلات والافلام"
49926;;"2018-06-07 21:30:34";"10 numara"
49927;;"2018-06-05 12:22:01";الكل
49928;;"2018-06-02 18:51:48";Efsane
49929;;"2018-05-28 00:16:40";"احببت ذالك"
49930;;"2018-05-25 11:49:03";"الاعلانت طويلة"
49931;;"2018-05-22 16:57:37";"جيد جدا"
49932;;"2018-05-22 09:32:14";Supernatural
49933;;"2018-05-12 16:43:47";"البرنامج حلو لكن نبي الترجمة"
49934;;"2018-05-07 19:59:51";"برنامج رائع"
49935;;"2018-05-04 07:43:47";"يبغاله ترجمه"
49936;;"2018-05-03 06:30:31";تت
49937;;"2018-05-01 17:55:13";روعة
49938;;"2018-04-29 01:36:40";"الترجمة غير موجودة على البرنامج بينما على المتصفح تعمل بشكل جيد"
49939;;"2018-04-27 09:05:55";"هذا بس فليم تركي يعني ماكو ترجمه مع اسف"
49940;;"2018-04-27 09:03:33";"شكرا لكم على اضافة اللغه العربيه تأكدوا العرب اكثر الداعمين لكم ننتظر اضافة 
اللغه العربيه للتطبيق"
49941;;"2018-04-27 07:55:36";"لوفية ترجمة للعربية"
49942;;"2018-04-25 13:52:51";"ياريت تخلو منه عربي"
49943;;"2018-04-22 23:01:45";"ترجموه الى العربي"
49944;;"2018-04-22 22:16:55";"برامج كلش حلووو"
49945;;"2018-04-20 23:38:00";"هاذ تركي كله حته لفشار مشيلي مبقي"
49946;;"2018-04-19 19:23:44";"الترجمه رجاء ممكن احد بيعلمنه كيف"
49947;;"2018-04-13 09:48:13";"كيف اترجم  لازم اروح لقوقل واترجم الكلمه وارجع اظغطها صعب  ترجموه وخلصنا♡"
49948;;"2018-04-12 13:20:03";"ايش فادة البرنامج  بدان ترجمه عربية🖓🖓🖓"
49949;;"2018-04-11 19:27:25";"جميل بس مافي ترجمه♥🇹🇷✍💛"
49950;;"2018-04-10 12:35:01";"كيف نترجمو؟؟ !"
49951;;"2018-04-10 06:07:16";Harika
49952;;"2018-04-09 18:14:30";"نبي ترجمة"
49953;;"2018-04-08 20:50:55";روعة
49954;;"2018-04-08 20:19:36";"البرنامج جميل، ولكن لا يوجد ترجمة للغة العربية ☹ وإذا وجد أتمنى شرح الطريقة 🤔"
49955;;"2018-04-08 18:49:04";"Çok sevdim"
49956;;"2018-04-08 09:23:43";"حلو مره بس كيف نترجمو ياعالم."
49957;;"2018-04-07 21:44:46";"ارجو ترجمه الى العربيه برانامج رائع"
49958;;"2018-04-06 23:34:06";"تطبيق جميل"
49959;;"2018-04-05 14:37:48";"كيف بدنا نترجمو"
128544;;"2017-01-29 20:10:12";"Ya niye bodrum masalı yok"
127489;;"2017-02-12 11:45:40";"Kaçirdim diye uzulmuyorum"
126228;;"2017-02-25 19:13:02";"Tek kelimeyle mükemmel( diğer programlara beşe katlar)"
125191;;"2017-03-16 02:05:12";"Behzat ç ve leyla ile mecnunun yeni bölümleri gelse bundan sonra ayda 100 lira ödeyip kullanıcaksın deseler düşünmeden kullanırım. (Not: zengin değilim)"
124162;;"2017-03-31 17:36:58";"Fi yi hâlâ açmaya çalışıyorum bağlanamiyo diyor neden acaba ???"
123141;;"2017-04-05 18:35:22";Güzelmiş
122129;;"2017-04-15 16:51:01";Nays
121125;;"2017-04-25 00:02:56";Harika
120337;;"2017-05-03 21:22:21";"Uygulama gayet güzel ama söz dizisi neden yok ya"
119555;;"2017-05-12 18:46:12";Fak
122916;;"2017-04-07 20:29:07";"is güç kaçırdığımız dizileri izlemek bukadar kolay olmamıştı  teşekkürler çok hoş bi arayüz var eksik dizilerde zamanla eklenir ama en iyisi elinize sağlık"
123939;;"2017-04-01 09:47:46";"Süper bayıldım"
123932;;"2017-04-01 10:05:25";"Cok fazla ağır işliyor"
116487;;"2017-06-17 10:21:35";"Az reklam koyuyorsunuz onun için hiç beğenmedim 1 YILDIZ bile çok fazla bu kadar reklam olurmu bir uygulamada ya."
115735;;"2017-07-08 12:04:49";"On numara"
128519;;"2017-01-29 23:37:18";Harika
114453;;"2017-09-11 18:24:29";"Bazı eksikler var. Şevkat Yerimdar yok Ver Elini Aşk veya eskilerden Seni Bana Yazmışlar yok lütfen eksikler tamamlasın."
113925;;"2017-10-08 10:34:30";Güzel
128774;;"2017-01-26 19:52:18";"Daha düzenli olabilir"
112667;;"2017-11-11 14:23:14";"Reklam Olmasa Daha İyi Olur."
112146;;"2017-11-22 18:57:20";"Çok güzel ve kullanışlı."
111629;;"2017-12-06 09:46:45";"Dakika başı reklam yazıklar olsun!"
111116;;"2017-12-17 17:27:58";"Harika bir program"
110607;;"2017-12-22 09:06:00";"Uygulama gayet güzel. Uzun bır süredir kullanıyorum. Fakat bu reklamlar.."
110102;;"2017-12-26 09:59:24";guzel
109601;;"2018-01-03 22:22:34";"On numara teşekkürler puhutv ekibi"
121103;;"2017-04-25 09:14:24";"Her aradigimi buluyorum"
108805;;"2018-01-17 23:39:51";"Çok iyi"
108309;;"2018-01-22 21:17:38";"Başarılı bir program üyeliğede gerek yok , reklamda çok az indirilebilir"
121369;;"2017-04-22 20:20:21";Mükemmel
107526;;"2018-02-01 03:32:22";"Babaaaa fenaaaaaaaa"
107047;;"2018-02-08 17:06:25";"💝💞💓💞💛💜💞💞 💘💞💞💝💞💞💞💞💞💞💞💞💞💞"
106755;;"2018-02-13 10:15:20";"Dizileri reklamsız ve sansürsüz izlemek süper"
125445;;"2017-03-10 21:27:17";"Çok iyi"
105996;;"2018-02-23 21:24:59";"Dizileri gayet rahat bir şekilde istediğim yerden devam ederek izliyorum. Oyu bir uygulama."
112897;;"2017-11-07 15:03:19";Şahane
105249;;"2018-03-07 11:40:42";"Dizi başlamadan reklam giriyor. Reklamın 2. Saniyesinde reklam donuyor.Wi-Fi de sıkıntı vardır diye kapatıyorum, mobil veri ile deniyorum sonuç ayni.."
104968;;"2018-03-12 08:30:13";"Güzel tavsiye ederim"
119581;;"2017-05-12 15:20:22";"Süper 👍 👍 👍 👍 👍"
125453;;"2017-03-10 20:27:42";"Harika umarım ücretsiz olmaya devam eder"
103960;;"2018-03-24 11:07:56";"Cok iyi ama cok reklam var"
103687;;"2018-03-26 15:25:21";"Kesinlikle en iyi dizi uygulaması böyle devam edin"
106012;;"2018-02-23 11:15:46";🎊🎊🎊🎊
117265;;"2017-06-09 20:29:04";"Filmlerin fragmanlarını önceden izlemek çok guzel"
119040;;"2017-05-19 13:56:07";"Mükemmel bence kısa bir reklam en fazla 30 saniye gerisi HD kalitesinde tavsiye ediyorum herkse"
127760;;"2017-02-08 18:38:33";"Cokcok güzel cok"
102178;;"2018-04-26 10:04:40";"Harika aradığım herşeyi bulabiliyorum"
101917;;"2018-05-05 12:12:33";Harika
101658;;"2018-05-15 04:28:30";"Cok iyi"
101402;;"2018-05-24 16:12:46";"ÇOK güzel"
101148;;"2018-06-01 20:49:37";Bayildim
100896;;"2018-06-07 17:55:00";"Harika bir uygulama teşekkür ederim emeği geçenlere"
100646;;"2018-06-11 10:18:30";"Son guncelleme uygulamanin icine etti. Reklam gecisleri sirasinda donma 
meydana geliyor"
122403;;"2017-04-13 08:31:35";"Uygulama başarılı fakat dizi izlerken çağrı geldiğinde başa dönüyor bu yüzden kullanışsız. Kesintisiz Dizi izlemek için telefonunuzu uçak moduna almanız gerekiyor."
121608;;"2017-04-21 17:43:38";"Bence çok güzel."
113447;;"2017-10-27 10:43:33";"Cok guzel birde kirgin ciceklerin tum bolumleri de yuklense ve su durduk yere reklam da olmasa gayet iyi olur👍"
107266;;"2018-02-04 22:29:41";"İndirmeden. Bayildim yt de gordum hosuma gitti . 😂"
119042;;"2017-05-19 13:49:17";"Arkadas bu reklam 5 dk bi geliyor"
99332;;"2018-07-26 20:34:45";"Beni böyle sev izliyorum ve bu içerik yayın hakları sebebiyle ülkenizde 
gösterilmemektedir diye bir uyarı çıktı karşıma dün akşama kadar izliyordum 
ne oldu şimdi lütfen cevap verin"
99094;;"2018-08-06 23:56:12";Süper
126726;;"2017-02-18 16:19:57";Güzel
110344;;"2017-12-24 03:47:43";"Mükemmel bir hizmet. Böyle devam ederse çok güzel."
124433;;"2017-03-29 18:14:05";"Hiç beğenmedim istedim film çıkmıyor."
98314;;"2018-09-18 20:36:57";"süper bi uygulama"
98085;;"2018-09-27 09:37:43";Zehir
109343;;"2018-01-09 22:57:48";"Çok güzel harika"
99585;;"2018-07-16 19:54:26";Bayıldım...
97558;;"2018-10-21 23:21:43";Puhuuuuuuuuuuu
114725;;"2017-08-27 09:45:35";"Abi bi yabancı film, dizi koyun Allah aşkına bune full sikik sikik Türk dizi, filmleri"
96023;;"2018-11-06 08:24:17";"Uygulama süper yalnız çoğu dizi eksik mesela atv dizileri onlar da eklenirse 5 yıldızı hak eder"
112406;;"2017-11-16 21:58:28";Iyi
99108;;"2018-08-06 08:11:56";"Çok güzel bayıldım"
95515;;"2018-11-28 19:01:35";👍👍👍
115973;;"2017-06-29 07:29:20";"Bayıldım çoooooooookkkk güzellll bir şey yaaa"
95232;;"2018-12-11 16:04:20";"Abicim şu sansür olayını Bi kaldırın ya herşey on numara fakat sansür sıkıntı Bi yanıt bekliyorum"
122629;;"2017-04-10 15:37:08";Harika
113414;;"2017-10-27 18:17:02";"İyi bir platform"
94746;;"2019-01-02 21:44:08";"Film ve dizilerin çeşitliliği artmalı"
119808;;"2017-05-08 23:06:57";"On numara"
122631;;"2017-04-10 15:19:28";"Güzel Ok."
111879;;"2017-11-28 14:40:06";"Çok güzel"
92706;;"2019-02-02 20:41:37";"puhu puhu söyle bana varmı senden iyisi bu dünyada"
112915;;"2017-11-07 02:08:45";"Yapacağınız işe fide gecen tum kufurleri armağan ediyorum. Fitik oldum izlerken uygulamayi yuklemek zorunda kaldim sacma sapan video takilmalari başa sarmalar pehh"
92442;;"2019-02-12 07:11:24";vav
118812;;"2017-05-22 05:34:35";"Ağzına sıçmışlar  indirmeyin bu kadar reklam mı olur ya. Daha doğru düzgün kimse kullanmayınca neden reklam yoktu mahvetmişşiniz elinize sağlık"
92182;;"2019-02-19 17:38:10";"tebrik Ederim sizi"
104983;;"2018-03-11 20:25:54";Muhteşem
91926;;"2019-02-27 21:33:54";"Uygulama süper bence şahsiyet gibi bir dizi bırdaysa kalitesi var daha da artacaktır elinize sağlık ücretli üyeliği hak ediyor 2 3 senedir kullanırım sorunsız uygulama teşekkürler :) :) :)"
112388;;"2017-11-17 17:34:59";"Harika bir uygulama. Çi favorim:))))"
91674;;"2019-03-07 15:27:47";"Puhu tv ile herhangi bi sıkıntım yok fakat uygulamadaki reklamlar puhu tv ye olan bakış açımı değiştirmeye başladı eğer böyle devam ederse 5 yıldızdan 1 yıldıza indireceğim oyumu"
120602;;"2017-05-02 04:16:40";"Reklamlar insanı bezdiriyor."
89890;;"2019-03-19 15:47:02";"coğ güzel interneti ama internet yemiyor"
97803;;"2018-10-09 20:50:17";"Pek ve pek iyi"
122638;;"2017-04-10 11:39:26";Mukooo
122632;;"2017-04-10 15:17:57";Super
111383;;"2017-12-12 21:08:55";"Reklâm çok"
89347;;"2019-04-13 07:51:01";"çok güzel çukuru kaçırdığımda burdan izliyorum"
103460;;"2018-03-29 21:36:44";"Eşkiya dizisi neden yok veya ATV de yayınlanan dizileri yayınlanıyordu sunuş"
89113;;"2019-04-20 14:00:29";harika
104723;;"2018-03-16 21:19:56";"Daha fazlasını istıyorum"
117541;;"2017-06-06 10:33:50";"Super girisim.. Herkes reklamdan sikayet etmis, kimse siz dizi izliceksiniz diye para kazanmadan uygulama yapacak degil bos konusmayin veya biraz empati yapin."
89120;;"2019-04-20 09:26:43";güzel
103191;;"2018-04-02 06:48:46";"10 numara"
88604;;"2019-05-13 01:09:59";güzel
108045;;"2018-01-25 19:39:01";"Sen anlat karadeniz dizisi olsa çok güzel olur onun haricinde harika bi uygulama"
110367;;"2017-12-23 22:41:48";"İlk baştan 5 yıldız verdiydim ama şuan 4 yıldıza indim oda favori dizim eşkıya dünyaya hükümdar olmaz poyraz karayel ve vatanım sensin dizilerinin uygulamada yer almaması sebebi ne peki TRT star TV dizilerini koymussunuz"
86794;;"2019-05-19 10:36:21";müthiş
109842;;"2017-12-30 19:21:13";"Güzel bir uygulama ben şahsen çok memnunum"
118309;;"2017-05-28 11:56:50";"Bütün dizileri izligcem"
114207;;"2017-09-25 18:12:11";"Kesinlikle harika! Yabancı anime vs gelirse dahada kaliteli olacağına eminim"
99850;;"2018-07-07 00:35:15";"Aradığım her diziyi bulsam daha güzel olabilir yine de güzel bir uygulama."
124682;;"2017-03-24 22:03:03";"On numara beş yıldız"
110627;;"2017-12-21 22:39:35";"Aradığım kaçırdığım her diziyi rahatlıkla izliyorum.harikasınız😉"
122130;;"2017-04-15 16:27:10";Güzel
125714;;"2017-03-05 09:44:52";"Süper bi program yapmışsınız ellerinize emeğinize sağlık 😊"
86534;;"2019-05-23 06:36:50";👍🏾
115456;;"2017-07-16 02:31:48";"mutus ama reklam cok"
126220;;"2017-02-25 20:43:35";"ellerinize sağlık umarım kendinizi bozmassınız…"
85765;;"2019-06-16 20:43:58";"çok iyi tavsiye ederim"
119843;;"2017-05-08 11:08:15";"Çok iyi uygulama"
107780;;"2018-01-29 15:12:30";Muhteşem
85527;;"2019-06-30 09:25:22";"reklamları zorunlu izletmeseler tam yıldız vericektim , uzun uzun reklamlar koyuyorlar cok sıkıcı gec butonu da yok gecemiyorsun"
120836;;"2017-04-29 08:16:44";"Reklam olmasa cok guzel olurdu bence"
129034;;"2017-01-25 05:34:13";"Çok güzel"
124951;;"2017-03-19 08:17:19";"Öncelikle çok güzel bi uygulama teşekkür ediyoruz fakat vido lar biraz geliştirilmeli"
82433;;"2019-07-23 18:31:15";"sosyetik gelin neden yok"
113431;;"2017-10-27 15:59:25";İyidir
110623;;"2017-12-22 00:32:01";"Bıktım ya bi dizi izleyemiyoruz bir sürü reklam cidden baydınız"
82208;;"2019-08-29 20:06:14";"Neden 2 sizce? Tamam nostalji yapıyoruz eski dizilerimizi yeniden izliyoruz fakat neden kaldığımız yerden devam etmek isterken sıfırdan başlatıyor neden sürekli hata veriyor ve neden istediğim zaman geri sarabiliyorken ileri saramıyorum?????"
111391;;"2017-12-12 18:36:37";"Uygulamanızı beğendim. Lakin Savaşçı dizisi eklenmemiş eklenmesini rica ederim."
99348;;"2018-07-26 08:05:08";"ya buna nasil güzel diyisunuz hayla anlamadım filimi izliyosunuz reklama 
giriyo 15 tķ boyunca donuyo ve internet fuull cekerken flimin içine ediyo 
izliyemiyosunuz bide guzel demeyin suna allah icin zor durumda kalmasam 
emin olun bu iygulamayi bile yuklemem sirf dizi hicbiryerdenizlenmiyi diye 
indirdim 😑😑"
118813;;"2017-05-22 02:58:35";"Fi dizisini izliyorsaniz olmuşsunuzdur."
81945;;"2019-10-01 07:09:32";"Kanal d dizileri neden yok puhu tvde yasak mı telif hakkımı var ?? Zalim İstanbul vs"
86020;;"2019-06-06 06:07:09";"çok güzel bi uygulama😊😊😊"
95763;;"2018-11-18 17:01:54";başarılı
109065;;"2018-01-16 05:56:06";"Bu kadar uzun reklamlar da olmasa aralara yayılsa daha iyi olur."
81687;;"2019-10-19 09:41:11";"Reklam izlemekten biktim"
110371;;"2017-12-23 22:33:21";"Sürekli reklam çıkıyor. Görüntü kalitesi sabit kalmıyor."
95262;;"2018-12-10 12:06:21";"Çoook iyi bir uygulama"
107303;;"2018-02-04 10:41:34";"5 yıldizlik ama reklam asiri fazla"
81436;;"2019-11-06 22:17:38";"kesinlikle açılmıyor 👹"
120348;;"2017-05-03 19:35:53";"Teşekkürler puhu 🙏"
121628;;"2017-04-21 16:21:21";mükemmel
103203;;"2018-04-01 20:53:51";"Sonunda o sayfa bu sayfa o kanalın sitesi bu kanalın sitesiyle uğraşmadan dizileri izleye biliyorum."
128024;;"2017-02-04 14:22:18";"Yabancı  dizileride ekleyin lutfen"
98571;;"2018-09-06 08:20:55";"Çok guzel"
100105;;"2018-06-23 16:41:07";"Keşke internet ki olmasaydı"
116999;;"2017-06-11 21:22:58";"İçerde için yükledim ama söz neden yok yaa"
80907;;"2019-12-12 09:06:41";"Ara yüzü geliştirin biraz mecburiyetten değil isteyerek kullanıcamız biryer olsun"
125704;;"2017-03-05 13:46:14";"Harika bişey kim yaptıysa kim düşündüyse kimin emeği geçtiyse her kez mükemel yapmışlar tebrikler"
97570;;"2018-10-21 08:13:39";"Çok iyi"
105496;;"2018-03-03 21:06:16";"elinize sağlık"
80673;;"2019-12-27 13:30:42";"Yabancı filimler neden türkçe değil"
120858;;"2017-04-28 21:28:01";"Bütün diziler olsa TV bile izlemem. Kaliteli, kesintisiz, eğlenceli kısacası hayatın bir parçası bir program puhu TV dir"
98573;;"2018-09-06 07:47:02";"Çok reklam var böyle saçmalık olmaz dizi filmleri zaten internet sitelerinden izliyebiliyoruz niye boşuna indirelim"
117506;;"2017-06-06 19:14:35";"Çok iyi"
113687;;"2017-10-23 18:39:26";"Tesekurler boyle bi program yaptiginiz icin"
80400;;"2020-01-23 12:11:03";"Ayar kısmına basınca uygulamadan atıyo"
82441;;"2019-07-22 20:23:06";"çok güzel uygulama"
129281;;"2017-01-19 18:46:53";"Çok güzel bir uygulama gerçekten de peki indirme oluyormu bu uygulamada olmuyorsa indirme işlemi de eklenirse şahane olur gerçekten"
118801;;"2017-05-22 08:26:33";"İos da sorunsuz çalışan uygulama burda berbat takiliyor acmiyor kitleniyor hata verip duruyor tarayici uzerinden daha kolay dizi izleniyor"
119300;;"2017-05-15 17:37:11";"Tv den çok reklama giriyo bu nedir"
80137;;"2020-02-16 00:16:18";"Güncelleme geldi ama Yine Atv kanalının içeriği yok.? Niye atv kanalının içreriklerini yüklemiyorsunuz ? atv kanalının dizilerini niye eklemiyosunuz ? Anlaşın telifini alın ekleyin ayrimcilik yapmayin her kanalin içeriği var atv nin yok olurmu böyle benim gibi düşünen bi sürü insan var bu uygulamanin trent olmasini istiyorsaniz bunlari yapmalisiniz yada kullanilacak diye beklersiniz bidaki güncellemede atv dizileri olmassa uygulamayi silicem"
81957;;"2019-09-30 11:14:20";"Philips Android tv me yükledim goruntu 5 saniye sonra gidiyor ama ses devam ediyor..arada bir baglanti hatasi veriyor..uygulamayi bir an once guncellemeniz getekiyor..."
89856;;"2019-03-20 22:55:08";harika
101155;;"2018-06-01 18:54:25";MÜKEMMEL
117763;;"2017-06-03 17:35:15";"Birşey sorucam film indirmek için hangi uygulamayi yuklmeliyiz yardimci olurmusunuz lutfen"
79884;;"2020-03-14 17:06:28";"İzlediğim bir kaç dizi kaldırılmış"
98580;;"2018-09-05 21:33:21";"Böyle yenilikçi ve özgün işlerin her daim arkasında olucağım valla helâl olsun puhutv ekibine de 💖"
120607;;"2017-05-02 00:33:33";"Tek kelime super )🎅🎅🎅"
115463;;"2017-07-15 20:47:14";"İlk başlarda çalışıyordu içerde dizisini izliyordum 28. Bölümde aniden kasılmaya başladı. Sonra dondu çıktım tekrar girdim videolar açılmadı. Silip tekrar yükledim işe yaramadı ben de sildim"
128278;;"2017-02-01 10:36:19";"Güzel ama her dizi yok mesela kırgın çiçekler. Lütfen bu işe bir çözüm bulun!!"
79641;;"2020-03-31 11:31:56";"Allah belanizi versin 30 dakikada sadece 2 dakika ilerleyebildim"
111132;;"2017-12-17 10:53:26";"Çok güzel"
118307;;"2017-05-28 12:03:20";İnmiyo
103441;;"2018-03-30 00:53:11";Efsane
113940;;"2017-10-07 16:11:19";"Çok güzel fiyi izliyorum sadece"
76314;;"2020-04-17 10:20:54";"Lost beyfendiye katılıyorum"
115207;;"2017-07-27 05:49:48";"Inteenetin olmasina ragmen cok fazla donuyor cozum bulun!"
123923;;"2017-04-01 10:42:34";"Özellikle sansür olmamasi ve reklamsiz ücretsiz olarak yayin yapan uygulama.  İlk defa bi uygulamaya yorum yapiyorum.  Basarilarinizin devamini dilerim.  Cizginizi bozmayin tebrikler 👏👏👏"
92190;;"2019-02-19 10:42:33";"söz diziside olsun lütfen ..puhu tv güzel başarılı. teşekürler"
100865;;"2018-06-07 22:01:34";Harika
116252;;"2017-06-20 08:23:17";Guzel
76048;;"2020-05-12 09:56:44";"Flash player i android sistemde nasil aktiflestirebilirim. Yardimci olurmusunuz lutfen"
81694;;"2019-10-18 22:29:11";"Ücretsiz olması en yeterli sebep ve görsellikte gayet iyi. İlk iş eşime de tavsiye etmek"
129284;;"2017-01-19 14:05:04";"Teşekkürler çok guzel durduruldu hatası bazen oluyor ama olsun yani :)"
113666;;"2017-10-24 06:21:18";"Reklamlar cok"
100866;;"2018-06-07 21:45:13";"Son güncellemeden sonra yrk gibi oldu aferin aynen boyle devam edin s2kler"
119554;;"2017-05-12 18:46:59";"Fi'ye can feda;)"
75794;;"2020-06-13 21:00:25";"Uygulamada herhangi bir sorun yaşamadım şu ana kadar. Yaşamamayı da umut ediyorum."
79650;;"2020-03-30 15:40:45";"Neden sürekli donuyor 1 saatlik filmi 3 saatte bitiriyoruz neden ya böyle olacağını bilseydim yüklemezdim 😠"
81703;;"2019-10-18 18:44:55";"Ben çukur hayranıyım ve bu uygulama sayesinde sevdiğim filmi izliyorum yani dahası ne olabilirki?"
104461;;"2018-03-20 01:39:51";"Filmleri çok az sayıda reklamla ücretsiz izlemenin en kaliteli programı"
117269;;"2017-06-09 20:02:53";"Televizyona  alternatif olması güzel.Daha başka nitelikli dizi film görmek istiyorum."
128792;;"2017-01-26 14:38:23";"Bence güzel herkese tavsiye ediyorum"
75552;;"2020-08-25 19:10:04";🙂👍👍
123917;;"2017-04-01 11:07:44";"Baya iyi"
81159;;"2019-12-02 21:37:30";"Allah sizin belanizi versin son guncelemelerden sonra hic kulanilmio bosuna indirmeyin arkadaslar"
115469;;"2017-07-15 12:30:10";"Guzel ama reklam var"
125473;;"2017-03-10 17:31:10";"Çok iyi içerikleri daha fazla artırın nostalji istiyoruz"
100618;;"2018-06-11 21:28:27";"Uygulamaya giriş yapamıyorum"
113695;;"2017-10-23 12:16:47";"Reklam aralıkları çok uzun olmuş biraz daha sık yapın ya böyle olmaz ki. 5 dk dizi 2dk reklam olsun 10 dakikada bir reklam çok çok az. Safları sıklaştırın yani böyle hayrı kalmıyor. Bide 25 saniye sonra reklam geçilebiliyor ya mesela o da çok kısa şöyle reklam 2 dk diyelim onun reklam geçme butonu 1:55 te falan çıkmalı. Reklam izlemeye geldik biz buraya sonuçta reklam izlemek hakkımız!"
75287;;"2020-09-29 15:11:09";"Tek reklam yazıp bir dizi bölümünde 10 reklam verip reklamdan sonra görüntü kalitesini 240 p iken otomatik olarak 1080 p yapmak ayıp başkada bişey demiyorum"
116747;;"2017-06-14 00:12:09";"Çok güzel valla filmler sansürsüz dizilerde öyle tşkler puhu"
119057;;"2017-05-19 10:34:12";"Çok kötü sürekli duruyor  SAKIN İNDİRMEYİN !!!!!!"
109062;;"2018-01-16 07:26:50";"Harika teşekkür ederiz .."
91680;;"2019-03-07 10:24:37";"cok guzel harika"
99871;;"2018-07-06 05:43:58";"kırk yıllık romalıyım böyle pro görmedim"
118800;;"2017-05-22 08:32:42";"Dakka başı bir reklam bune amk"
75037;;"2020-10-15 21:41:50";"Bu kadar kötü uygulana görmedim son hiz internette bile donmaktan izleyemiyorum donacaksa yapmayın"
126474;;"2017-02-21 23:18:11";"Smarttv uygulamasi gelmeli ustune ustluk youtube daki gibi tv ye yansit ozelligiyle direkt smarttv de uygulamayla birlikte video acilmali"
76325;;"2020-04-15 14:47:58";"E güzel ama çooooooook reklam giriyo"
111881;;"2017-11-28 14:11:03";"ÇOK GÜZEL AMA İSİMSİZLERİ BİR AN ÖNCE EKLEYİN ARTIK"
105219;;"2018-03-07 23:24:50";Hariiiiiika
81168;;"2019-12-01 22:34:13";"Daha çok yabancı dizi ve film. İndirme seçenekleri altyazı bunlar olursa çok daha iyi olacak."
108566;;"2018-01-20 06:22:50";"Çok güzel çok muhteşem bir uygulama inanıyorum ki bu şekilde gelişirse netflixi falan geçer ancak cidden geliştirmeler yapılmalı fi den başka da kendi dizileri gelmeli macera, aksiyon, süper kahraman, Dram, komedi ve en çok da animasyon alanlarında diziler gelmeli anamenü geliştirilmeli. Biliyorum çok güzel bir uygulama ancak geliştirilmesse 6,7 ay sonra unutulabilir, ücretsiz olması netflixe karşı muhteşem bir avantaj ama sadece bu yetmez, gelişip ilerleyin sadece türkiye değil tüm dünya için bir uygulama olun. Ayrıca çok önemli bi detaya inicem LÜTFEN YABANCI DİZİLER DE GELSİN ALTYAZILI YADA DUBLAJ OLARAK FARKETMEZ AMA TABİKİDE İLK SEÇENEĞİM DUBLAJ. Ayrıca şuan olmasa da ilerde büyük işler yapıp dünyaya yönelik bir uygulama olursanız tüm dizilere altyazı ekleyin lütfen. Söliyeceklerim bu kadar inanıyorum ki gelişip ilerlerseniz netflix yanınızda hiçbişey kalacak"
50176;;"2019-06-27 19:17:09";🖒🖒
50177;;"2019-06-27 10:01:46";"süper denegin"
50178;;"2019-06-26 19:32:55";Super
50179;;"2019-06-25 00:38:47";круто
50180;;"2019-06-19 15:24:17";"Ben Malefiz yazdim ama cikmadi neden,?"
50181;;"2019-06-10 18:19:56";"как изменить язык?"
50182;;"2019-06-05 22:44:33";laylaaa
50183;;"2019-06-02 11:52:12";"Her şey yolunda her şey çok güzel"
50184;;"2019-05-29 21:06:13";"Çok güzel, çok sevdim, çok teşekkürler!"
50185;;"2019-05-29 00:23:48";👍🏻👍🏻👍🏻
50186;;"2019-05-25 17:47:20";"очень хорошая программа 😁"
50187;;"2019-05-21 10:11:28";да
50188;;"2019-05-20 18:16:09";"çok reklam var"
50189;;"2019-05-18 21:13:01";güzel
50190;;"2019-05-18 03:22:38";"Good program"
50191;;"2019-05-18 00:31:15";"çok guzel tsk ederim"
50192;;"2019-05-12 22:07:41";"mukemmel cok sevdim"
50193;;"2019-05-12 12:13:26";good
50194;;"2019-05-09 23:59:08";"beş +"
50195;;"2019-05-06 16:02:58";klass
50196;;"2019-05-06 07:26:40";"✵ A.Y.E ✵"
50197;;"2019-05-04 12:51:02";👆👍👍
50198;;"2019-04-28 10:06:14";"хорошее придожение но нет сериала HERCAI очень жаль😯😕 разработчики добавте пожалуйста этот сериал"
50199;;"2019-04-27 15:54:37";💖💖💖💖💖💖
50200;;"2019-04-27 15:17:21";"çok güzel, çok beğendim"
50201;;"2019-04-26 21:27:42";"классное приложение"
50202;;"2019-04-24 09:38:43";Super
50203;;"2019-04-22 17:53:23";отлично
50204;;"2019-04-21 12:03:46";оооода
50205;;"2019-04-19 20:02:44";нормо
50206;;"2019-04-17 16:19:13";👍
50207;;"2019-04-14 06:31:35";super
50208;;"2019-04-13 09:38:28";super
50209;;"2019-04-12 21:22:18";"Daha çok yeni dizilerden olursa..çok rahat izliyebiliris..tşkrlr"
50210;;"2019-04-06 18:44:28";"hercai dizisini eklermisiniz"
50211;;"2019-04-06 18:09:41";👍👍👍👍👍
50212;;"2019-04-04 20:40:47";sevdim
50213;;"2019-04-04 07:21:36";super
50214;;"2019-04-02 14:54:49";Нормальный
50215;;"2019-03-31 13:21:11";"çok guzel programdi ama simdi her 5 dk bir reklam oluyor, hem de 30 saniyelik, cevirmek fln da olmuyor, artik kullanamiyorum(("
128542;;"2017-01-29 20:38:44";Idare
128273;;"2017-02-01 11:44:30";"İçerik artırılmalı"
126226;;"2017-02-25 20:09:31";"Tam anlamıyla mükemmel, içerdenin bütün kaçırdığım bölümlerini 720pHD olarak donmadan izleyebiliyorum   teşekkürler puhutv 👏"
125189;;"2017-03-16 03:48:09";"Katagorisinde en iyi uygulamalardan birisi. İzlemek istediğim dizileri buradan takip ediyorum. Ölene kadar da eklense harika olacak"
124160;;"2017-03-31 17:37:58";"Uygulamam önce kayıt listemi ve hesabımı yokmuş gibi gösterdi. Silip tekrar yüklersem düzelir sandım. Sildim ama şu an tekrar yükleyemiyorum."
123139;;"2017-04-05 18:49:56";"Çok iyi bir uygulama"
122127;;"2017-04-15 17:16:34";"Site site gezmeden dizi keyfi  keşke eskiya da olsaydı"
121123;;"2017-04-25 00:13:07";İyi
120335;;"2017-05-03 21:39:41";Güzel
119553;;"2017-05-12 18:51:42";"Harika bu uygulamaaa"
124964;;"2017-03-18 23:10:14";"Videolar açılmıyor"
126217;;"2017-02-25 21:35:44";"Vatanım Sensin    dizisini eklemeyi düşünüyor musunuz !!!"
121117;;"2017-04-25 02:59:43";"İyi ki varsınız☺"
116485;;"2017-06-17 10:56:51";"Puhu Tv zamanın dehşetül vahşet uygulamasıydı fakat internetimde hiç bir sorun olmamasına rağmen saniyede bir takılması donması beni ayar etti artık diziyi izlemeyi bıraktım o derece puhu tv lütfen bu soruna bir çözüm getirin rica ediyorum."
115733;;"2017-07-08 12:51:33";"I am playboy"
122132;;"2017-04-15 15:49:39";Güzel
114452;;"2017-09-11 18:49:44";Süper👊
114461;;"2017-09-11 08:34:15";"Çok güzel"
113191;;"2017-10-30 19:34:46";Mükemmel
112666;;"2017-11-11 14:31:42";"Reklam donuyor nasıl iş bu"
112145;;"2017-11-22 19:01:45";Harikaaaa😍
111628;;"2017-12-06 10:02:15";Süpersiniz
111115;;"2017-12-17 18:19:18";"Daha az reklam"
110606;;"2017-12-22 10:12:27";"Reklam olmasa daha güzel olur"
110101;;"2017-12-26 10:13:08";"Bu reklamları bırakın yoksa sizi bırakırlar"
109600;;"2018-01-03 22:29:01";"Müthiş bir uygulama içinde bulundurduğu diziler olsun sınıflandırması kolay kullanılabilirlik dahil herşeye sahip tek problem yabancı dizilerin de olmasını isterdim"
121364;;"2017-04-22 20:48:26";"Çok güzel fakat adı efsane yok neden veya gelecek mi?"
115220;;"2017-07-26 07:09:35";"Her dizi veya film yok"
108308;;"2018-01-22 21:22:35";"Çok Eksik dizi var"
122374;;"2017-04-13 16:32:39";"Çok güzel ama bn fazla dizi izlemiyorum"
107525;;"2018-02-01 08:19:42";"Çok sevdim"
107046;;"2018-02-08 17:58:11";Süper
106754;;"2018-02-13 10:35:25";"Çukur için"
126483;;"2017-02-21 21:52:58";"Harika ötesi be yapanın ellerine sağlık"
105995;;"2018-02-23 21:28:25";"Efsane bir kanal"
113425;;"2017-10-27 17:55:23";"Reklamin abartili oldugunu dusunmuyorum .neticede ucretsiz bir site ee bununda bir kazanci olmali butun dizilerimi burdan takip ediyorum ama kalp atisi yok oda eklendimi 10 numara 5 yildizz 😊😊"
105248;;"2018-03-07 13:42:27";Mukemmellll...
104967;;"2018-03-12 08:44:05";Harika
124186;;"2017-03-31 17:22:58";"Açmıyo bile yalan atmayın bide iyi diye"
126491;;"2017-02-21 21:02:10";"Program harika fakat ilk işi youtube de yayınlanan bütün düzilerin yayın haklarını almış. Artk youtube de hiç bir dizi izleyemiyorum.  Tabi bu işlemi tv den yapıyordum şimdi mecburen telde hiç hoş değil? Bütün tvlere uygulama yapması gerekiyor"
103959;;"2018-03-24 11:20:21";"Güzel ve başarılı bir uygulama"
103686;;"2018-03-26 15:43:32";"Fazla internet tüketiyormu"
122147;;"2017-04-15 12:41:41";"Reklam olduğu için düşük puan veriyorm"
112674;;"2017-11-11 11:30:25";Mükemmel
119817;;"2017-05-08 20:36:19";"harikasınız! 🌺"
129032;;"2017-01-25 08:11:05";"Uygulama harika fakat atv dizisi olan eşkıya dünyaya hükümdar olmaz yok burada onun için 1 yıldız kırarak 4 veriyorum 😉"
102177;;"2018-04-26 10:44:45";"Çok güzel sadece yeni bölüm araları çok uzun."
101916;;"2018-05-05 13:33:57";"Çok güzel olmuş"
101657;;"2018-05-15 05:54:51";Bayıldım
101401;;"2018-05-24 16:32:33";Mükemel
101147;;"2018-06-01 20:57:35";"Uygulama harika. Ama film konusunda yetersiz biraz daha geliştirilmeli yeni 
filmler eklenmeli güncel filmler eklenmeli. Ayrıca dizide eklenmeli (sana 
bir sır vereceğim,şevkat yerimdar)gibi yorumumu dikkate alirsaniz 
sevinirim..."
100895;;"2018-06-07 17:58:42";"Bazı diziler yok ama sevdim 🍀"
100645;;"2018-06-11 11:03:40";Güzel
123416;;"2017-04-03 17:46:41";Mükemmel
122404;;"2017-04-13 08:30:09";"Donmazsa eğer başka çok güzel :)"
114178;;"2017-09-26 13:49:48";"Söz eklenmesi çok güzel oldu 👍"
126478;;"2017-02-21 22:28:57";mükemmel
113437;;"2017-10-27 14:55:35";İyi
99331;;"2018-07-26 20:43:41";"Süper süper bende 5puan verdeim"
99093;;"2018-08-07 00:46:35";"Çok güzel bir uygulama.teşekkürler"
127774;;"2017-02-08 17:11:40";"Keşke yabancı dizilerde olsaydı"
110852;;"2017-12-19 20:46:22";"Kaliteli ve reklamsiz daha ne olsun"
120603;;"2017-05-02 03:53:30";Süper
98313;;"2018-09-18 20:51:30";"İyiki var"
98084;;"2018-09-27 09:49:47";"Kaçırdığımiz dizileri izlemek çok güzel birde Karagül dizisini de eklemenizi rica ederim"
109843;;"2017-12-30 19:02:25";"Cok iyi"
108828;;"2018-01-17 22:26:42";"Mükemmel bir uygulama birde yabancı dizi eklenirse kim tutar seni puhu tv :)) Sanırım yorum yazdığım ikinci uygulama bu oldu çünkü gayet basarilisiniz 👍"
97557;;"2018-10-22 11:24:07";"Kaliteli bir platform"
115467;;"2017-07-15 15:56:04";"Çok güzel uygulama hatalara hızlı geri dönüş var"
96022;;"2018-11-06 09:33:11";"Gerçekten çok güzel"
112930;;"2017-11-06 17:53:17";"kendi internetimden gidiyor bu bi açıklaması varmı"
99347;;"2018-07-26 08:10:14";Nice
95514;;"2018-11-28 19:17:33";"Ilk basta yukleme sebebim vatanim sensin di ama aratirdigimda bulamadım sonra üzüldüm şimdide fi için yüklüyorum insallah guzeldir"
108059;;"2018-01-25 15:28:41";"Bu kadar guzelde yapìlmazki"
95238;;"2018-12-11 13:15:49";"Çok güzel bir uygulama bence ilk defa aradığım dizileri tam bölümün buldum herkes e tavsiye ederim 😁😄😊"
128288;;"2017-02-01 09:20:24";"No:309 yok bu yüzden 4 yıldız verdim😑😑😑😑"
108837;;"2018-01-17 21:20:28";"İyi işte ne diyeyim"
94745;;"2019-01-02 22:18:25";"5 yıldızdan 1 yıldıza düştüm dirilişi veriyodunuz ne güzel amk siliyorum şimdi uygulamayı"
95525;;"2018-11-28 00:30:24";"Çok güzel bır program"
125975;;"2017-03-01 20:54:19";Super
126725;;"2017-02-18 16:38:33";Şüpperrrrrr
92705;;"2019-02-02 20:54:44";mükemmel
114710;;"2017-08-27 21:03:18";"Poyraz Karayeli de koyun lütfen"
92441;;"2019-02-12 07:12:09";"çok güzel âmâ internet ten takip ediyorum ama kesik yerler oluyor sansürsüz olması lazım"
125985;;"2017-03-01 18:21:25";"On Numara"
92181;;"2019-02-19 17:38:14";süper
102915;;"2018-04-07 05:00:56";"Bayıldım muhteşem kaçırdığım bölümleri istediğim zaman izleyebiliyorum muhteşem bi uygulama bencce indirin kaçırdığıniz  bölümleri izleyebilirsiniz"
91925;;"2019-02-27 22:04:44";Güzel
126244;;"2017-02-25 16:28:04";"Herkes indiesin tum diziler var ama recep ivedik yok ama çok iyi"
91673;;"2019-03-07 16:36:50";"Çuk diziyok bütün dizileri ekleyin"
113426;;"2017-10-27 17:52:47";Süperrrrrrr
89889;;"2019-03-19 16:26:06";"söz dizisi neden yok mk deli olcam dün seyredemedim blutv de var sadece illa parami yatircaz milleti sikmeye yer ariyonuzya ..ne youtubede ne bi internet sayfasinda bulabiliyoruz filmi"
119043;;"2017-05-19 13:35:55";"Superrr bayildimmm"
123652;;"2017-04-02 08:07:34";Başarılı
95526;;"2018-11-28 00:11:35";"Bu nedir ya ne yaptınız uygulamaya reklam manyagı olduk resmen bir bölümde 10 tane reklammı çıkar üstelik 15 dakika arayla dizi değil film izliyorum sanki kaç saatte bitti dizi aynı reklamı izlemekten hipnoz oldum eski haline çevirin şunu ya"
111899;;"2017-11-28 01:54:36";"Reklamlar çok fazla 1 dakika geri sarmak için yarın dakikalık video izlemek zorunda kalıyoruz. Eyvallah emeğe saygı fakat size destek olmanın başka bir yolu olmalı"
89346;;"2019-04-13 08:18:12";sacma
116741;;"2017-06-14 05:56:06";"Reklam çok fazla"
89112;;"2019-04-20 14:53:34";"reklamlariniz uzun ve 5 dakikaya Bir reklam çıkıyor. dizi den çok reklam izliyorum. ya düzeltin yada uygulamanizi silecem."
123427;;"2017-04-03 16:12:25";"süpersiniz ne diyeyim başka"
118306;;"2017-05-28 12:08:24";"Harika muhteşem"
115212;;"2017-07-26 18:13:24";Super
103462;;"2018-03-29 21:32:57";"Çok fazla reklam var. 2 dakika ileri alıyım diye tıklıyorum reklam. Bazen duymuyorum geri alıyım diyorum yine tıklayınca yine reklam. Artık güzel bir uygulama değil"
88603;;"2019-05-13 02:17:21";guzel
129564;;"2019-04-18 20:35:49";kuzgun
110875;;"2017-12-19 17:24:07";"Güzel düşünülmüş."
86793;;"2019-05-19 10:41:33";porfek
98343;;"2018-09-18 12:18:28";"Kaç yıl oldu hala tv ye yansitamiyotuz çok saçma."
128527;;"2017-01-29 22:01:02";"Çoooooooook güzel❤❤❤❤❤"
104982;;"2018-03-11 20:44:36";"Reklam çık fazla var"
116755;;"2017-06-13 22:48:13";"13 Haziranı 14 Hazirana bağlayan gecede izlediğim dizilerden hiçbiri açılmadı, izlediğimiz yerden devam etmiyor, çok sık reklam var"
125713;;"2017-03-05 09:45:27";"Harika en sevdiğim dizileri buradan kolayca takip edebiliyorum.Süpersin puhutv"
99356;;"2018-07-25 21:26:39";😊
125198;;"2017-03-15 22:07:27";"Ama yabancı film, dizi ve daha çok güncel içerikler lazım. Ama çok güzel bir uygulama, özellikle tasarım. Süper."
126753;;"2017-02-18 11:07:01";Harika
117260;;"2017-06-09 20:45:52";"Çok güzel bir uygulama"
127513;;"2017-02-11 21:10:59";"Cok iyi"
128282;;"2017-02-01 09:45:17";"Çok güzel bir uygulama"
85764;;"2019-06-16 21:39:27";"bu kadar güzel bir programı düşünen ve uygulayan tüm ekibe teşekkürler. herşeyi ile harika"
94977;;"2018-12-23 21:54:01";"uzun uzun ve sık sık çıkan reklamlar ile anasını s.ktniz programın"
121368;;"2017-04-22 20:24:36";Mukemmel
85526;;"2019-06-30 10:00:24";efsooo
89127;;"2019-04-20 04:36:15";"baya iyi tesekkurler puhutv"
126492;;"2017-02-21 20:37:59";"Abi kardes payinin bütün bõlumleri var"
122649;;"2017-04-10 07:42:47";"cok iyi"
82432;;"2019-07-23 18:37:53";"çok iyi ama reklamlar azaltılmalı"
114195;;"2017-09-25 20:46:32";"Uygulamanın chromecast desteği yok ve videolar sürekli donma yapıyor"
105490;;"2018-03-03 21:42:03";"Çok iyi"
82207;;"2019-08-29 21:59:22";"Ben Türkiyeden ve istanbuldan giriş yaptığım halde yurt dışı diyor mesajda kafayı yemiş sizin hafıza kaydınız"
116748;;"2017-06-14 00:00:50";"Uygulama son güncellemeden sonra diziyi acmamaya başladı lütfen duzeltin"
114190;;"2017-09-26 03:21:52";"Dizimi izliyoruz reklammi belli deil her 20 dk da bi reklam reklan biktim artik. Tam flime odaklaniyorum pat reklam lutfen azaltin artik yeter."
108571;;"2018-01-20 01:24:04";kullanisli
81944;;"2019-10-01 07:25:45";"Android için kaldığın yerden devam etmiyor ve bu kimi zaman gerçekten çok sinir bozucu olabiliyor, iyileştirilmesi gerekiyor"
116236;;"2017-06-20 11:34:30";"Çok iyi"
114712;;"2017-08-27 18:30:19";Güzel
112162;;"2017-11-22 15:01:11";"İyi bir programmm"
81686;;"2019-10-19 10:50:25";"Sürekli izlediğim smart tv'mde artık izleyemez oldum artık nasıl bir güncelleme yaptıysanız açılmıyor artık"
116768;;"2017-06-13 20:32:00";"Güzel uygulama"
114719;;"2017-08-27 14:01:10";"Harika! Televizyonda kullanıyorum ve çok memnunum."
107785;;"2018-01-29 11:52:52";"Birkaç dizi daha eklerseniz daha kullanışlı hale geleceğinden eminim Teşekkürler"
81435;;"2019-11-06 22:22:55";"iyi yani"
117537;;"2017-06-06 11:31:23";Süper
95745;;"2018-11-19 14:30:22";"Sistem mükemmel keşke her kanalın dizisi yayinlanabilse"
121110;;"2017-04-25 07:45:34";"Kayıt etme özelliği olsa televizyon izlemem"
129298;;"2017-01-18 23:52:18";"Çok güzelmiş :)"
89368;;"2019-04-12 21:45:43";"çok iii"
100360;;"2018-06-19 20:44:31";"Muhteşem bir uygulama gerçekten çok güzel ama 2 gün sonra uygulama hata 
vermeye başladı lütfen düzeltin"
117794;;"2017-06-03 10:47:55";"Cok iyi bi uygulama"
80906;;"2019-12-12 09:31:57";Loop
85778;;"2019-06-16 09:08:05";"Sürekli reklam var"
114193;;"2017-09-25 21:19:16";"Tam ve kesintisiz net gösterilen bir yayını çok beyendim teşekkür ederim."
128535;;"2017-01-29 21:18:15";"Kısmetse olur programini koymamissiniz. Lutfen ekleyin uygulama yukleme sebebim o program"
80672;;"2019-12-27 13:41:17";"Bune ya uygulamayi indirdik bi turlu giris yapamiyorum bi, len biri yardim etsin nasil giris yapacam"
104988;;"2018-03-11 17:30:59";"Sırf  fi için  indirmiştim  ama şimdi  efsane biliyorum"
88848;;"2019-05-01 02:16:46";"kendi dizilerini bekliyoruz on numara"
126473;;"2017-02-21 23:27:19";Güzel
124171;;"2017-03-31 17:29:20";"Güncellendikten sonra açılmıyor hep hata veriyor neden."
80399;;"2020-01-23 13:05:28";"Böyle uygulama olmaz olsun"
81956;;"2019-09-30 16:14:51";👍
112417;;"2017-11-16 19:06:22";"çok güzel ben beyendim o yüzden 5 veriyorum"
103702;;"2018-03-26 12:57:04";"Bız  biraz bilmiyoruz biraz interneti öğrendi  yapdım baktım you aynı old dedim indirdim"
120078;;"2017-05-06 06:05:04";Ok
80136;;"2020-02-16 02:02:30";"Çok güzel bir uygulama ama reklamlar olmasa daha güzel olur reklamları kaldırın"
117271;;"2017-06-09 19:55:25";Harika
111897;;"2017-11-28 07:53:58";"Yabancı sinema,dizi ve animasyon alanları bulunmalı bence ancak Türk sinema ve televizyonu için güzel bir arşivleri var"
117505;;"2017-06-06 19:28:48";Efsoooo
118529;;"2017-05-24 19:44:15";"Cok isime yariyor..tesekkurler"
79883;;"2020-03-14 19:54:15";"Son günlerde hiç bir diziyi baştan sona seyredemiyorum sürekli donup başa sarıyor veya sadece donuyor."
81447;;"2019-11-05 12:45:13";"Giriş yapmak için tıkladığım zaman uygulama kapanıyor,listeme eklediğim dizi ve filmleri göremiyorum bu yüzden."
88851;;"2019-04-30 20:33:00";"çak iyi"
98591;;"2018-09-05 09:23:16";Mükemmel
124185;;"2017-03-31 17:23:14";"Güncelledikten sonra açılmıyor"
79640;;"2020-03-31 12:32:38";"Abi iyi bir uygulama hiç donmuyo diğer yorumlara aldanmayın hiç donmuyo"
106522;;"2018-02-15 19:31:53";"Cok iyi bi uygulama ucretsiz olmasi dahada guzel izleyemedigim dizi bolumleri reklamsiz keyifle izliyorum tesekkurler..."
97807;;"2018-10-09 18:55:46";"Bence baya süper bi uygulama herşeyiyle video kalitesine kadar mükemmel keşke canlıda izleyebilsek bi o eksik oda olsa tam olacak üstünde durursanız güzel olur"
114721;;"2017-08-27 13:53:50";"Dizi film aralarında yayınladığınız reklamların sesi çok yüksek. Ve bu sizin kalitenizi etkiliyoe. Eğer kullanıcının memnuniyetini istiyorsanız önce şu reklamların sesini azaltın. Birde çok sık reklam oluyor. Lütfen artık buna bir çözüm bulun. Düzeltin."
119580;;"2017-05-12 15:38:37";"Sizin reklamlariniza sicaym"
76313;;"2020-04-17 13:19:38";"Sadece tüklerin filmlerini var? Türkce düblaj jabancı var mı?"
126501;;"2017-02-21 18:57:08";"Adi efsane eklensin.."
103704;;"2018-03-26 12:56:30";"Super  super super💕💕💕"
114199;;"2017-09-25 19:28:19";Güzel
101666;;"2018-05-14 17:31:15";"Her ileri sardırdığımda reklam izlemek zorunda olmak inanılmaz sinir bozucu 
bi durum. İlla izleteceksiniz madem izlediğim süreye göre koyun. Diziye 
kaldığım yerden devaö etmek istediğimde reklam izlemek zorunda olmayım."
117006;;"2017-06-11 20:05:18";"Poyraz karayel i eklerseniz sevinirim"
76047;;"2020-05-12 11:00:37";"Hicbir film yok neredeyse bostan yere indirmeyin zaman kaybi tv lerde bile recep ivedik oynayabiliyorken burada yok cok sacma tamamen sacma !"
80147;;"2020-02-15 09:47:38";"Android tv de görüntü gelmiyor sadece ses geliyor. Onceden boyle bir problem yoktu"
82450;;"2019-07-21 17:53:15";"Her şey iyi güzel de istediğimiz filmi ya da diziyi telefona indirebilseydik daha iyi olabilirdi."
96036;;"2018-11-05 21:20:54";"cok iyi"
101409;;"2018-05-24 10:22:11";"Bence çok çok çok çok çok iyi"
116253;;"2017-06-20 08:17:05";"Harika bir uygulama"
75793;;"2020-06-13 22:14:03";"Ücretsiz ve berbat. Netflix alın."
123392;;"2017-04-03 19:45:18";İyi
103201;;"2018-04-01 22:21:27";Good
108070;;"2018-01-25 11:27:31";"Çok iyi mukemmel"
112925;;"2017-11-06 20:53:47";"I love puhu"
109077;;"2018-01-16 01:16:49";"Cok güzel bir site"
75551;;"2020-08-25 20:48:50";Sorunsuz
86819;;"2019-05-18 23:41:33";süper
80413;;"2020-01-21 20:18:35";"Bir yıldız kırdım ramo dizisini koydunuz mu onuda itinayla koycam :)"
85772;;"2019-06-16 14:33:27";Mükemmel
114198;;"2017-09-25 20:01:41";"Süper ama söz  hergun yayinlanirsa daha iyi olur"
100868;;"2018-06-07 21:30:31";Guzel
117254;;"2017-06-09 21:05:02";"Fi harika"
75286;;"2020-09-29 16:07:47";"Çok güzel"
99616;;"2018-07-15 18:03:07";"Programın özellikleri çok güzel bütün filmlerde var."
80414;;"2020-01-21 20:03:03";"Çukur dizisi konuşmalar kayıyor filmin sonuna doğru kasıyor bölümler kendi kendine ileri sarıyor güncelleyin artık haftalardır böyle hiç mi farkında değilsiniz?"
101671;;"2018-05-14 11:48:01";"Mobil izleme için çift tıklama 5 veya 10 saniye ileri geri sarma özelliği 
gelirse daha başarılı olacaktır"
111896;;"2017-11-28 08:00:43";"Çevrimdışı izleme seçeneği de olmalı... Onun haricinde gayet iyi bir uygulama"
100116;;"2018-06-23 09:03:01";"Çok güzel bir uygulama👍"
126225;;"2017-02-25 20:09:38";"Harika bir şey ne istersm çıkıyo"
106244;;"2018-02-19 11:25:19";Harrikaa
88852;;"2019-04-30 19:37:30";"uygulama cok guzel de izleme diye bisey yok abi iki dkka da bir donuyor"
98592;;"2018-09-05 08:26:44";"ÇOK güzel"
123164;;"2017-04-05 15:27:27";"Yahu flm bittikten sonra anında siteye geliyor"
76312;;"2020-04-17 14:46:57";"Görüntü kalitesi berbat!!!"
108815;;"2018-01-17 23:12:47";"Çok güzel bide edho dizisini eklerseniz şahane olur"
99602;;"2018-07-16 12:52:26";"Çok güzel bi uygulama arkadaşlar ben çok beğendim tavsiye ediyorum 👍"
125196;;"2017-03-15 23:16:31";Mukemmel
128526;;"2017-01-29 22:04:40";"Atv ve show tv deki diziler de olursa sevinirim"
117766;;"2017-06-03 16:52:02";Süper
76046;;"2020-05-12 14:39:59";"Çok reklam var aşırı sinir bozuyor"
128541;;"2017-01-29 20:38:55";"Çççççççççççççççoooooooookkk güzel"
110373;;"2017-12-23 22:27:54";"Cok iyi"
115477;;"2017-07-15 09:29:49";"Bazen açmıyor internet olsada"
125461;;"2017-03-10 18:54:18";"Çok beğendim Bravo...."
117007;;"2017-06-11 20:02:21";"Aferin güzel bir uygulama"
75792;;"2020-06-13 22:29:38";"Bütün diziler ve kanallar olmasa da bayan iyi bir uygulama hem az yer kaplıyor hemde birçok dizi ve film sizlere sunuyor herkese öneriyorum"
109347;;"2018-01-09 21:50:27";"On numara 5 yıldız.birde daha az reklam verirseniz tadından yenmez bir uygulama olucak :)"
124672;;"2017-03-25 06:56:45";"Çok güzel gerçekten çok sevdim"
124941;;"2017-03-19 11:25:48";"Mükemmel bir uygulama"
98595;;"2018-09-05 06:24:13";Harika
109574;;"2018-01-04 15:08:32";Mikyenmel
75550;;"2020-08-25 21:17:50";"Reklam dan başka bir şey yok"
99840;;"2018-07-07 17:11:14";"Kaliteli bir seçim"
125441;;"2017-03-11 00:49:40";"Süper bir uygulama."
125716;;"2017-03-05 08:58:58";"Adı Efsane dizisini de ekleseniz süper olur"
108056;;"2018-01-25 16:53:43";"10 number.5 star"
101120;;"2018-06-02 14:47:55";"Uygulama olarak çok kullanışlı"
114965;;"2017-08-10 18:00:10";"Fi nin yeni bölümleri ???"
75285;;"2020-09-29 17:00:04";"Bi ise yaramaz"
111642;;"2017-12-05 21:23:43";"Efsâaaaaaaaane uygulama yapanlara selamlsr"
107013;;"2018-02-09 04:10:27";"İyi yha"
122633;;"2017-04-10 14:50:07";"""Söz"" dizisi de gelsin!"
92450;;"2019-02-12 02:16:13";Super
100371;;"2018-06-19 13:50:56";Mükemmel
112642;;"2017-11-11 23:54:31";"Bu kadar reklama ne gerek var? 1 dakika ileri sarsam hemen reklam geliyor."
75036;;"2020-10-15 22:41:19";"yeniden merhaba,yine bir sorunla karşınızdayım uygulama gittikçe kötüleşiyor inş uyg. düzeltebilirsiniz.İnternetim çok iyi olmasına rahmen donuyor donduktan sonra ekran kalitesi düşüyor lütfen bir çözüm bulun bu uyg. bırakmak istemem.."
98597;;"2018-09-05 01:59:34";"10 numara uygulama indirin"
105501;;"2018-03-03 20:01:54";"Herkese tavsiye ederim mükemmel emeği geçen herkese teşekkür ederim"
120338;;"2017-05-03 21:18:55";Super
94990;;"2018-12-23 05:29:38";"on numara diyorum başka bişey demiyorum"
113684;;"2017-10-23 20:55:01";Super
109351;;"2018-01-09 21:09:40";Süper
51968;;"2022-01-26 04:42:56";"Eu espero que seja bom ☺️😜🙏🏼"
51969;;"2022-01-25 16:05:10";"Lixo de app, não tem nada em português e os vídeos não abre"
51970;;"2021-07-13 04:58:55";"Deveriam colocar pelo menos a legenda em português, melhor ainda a dublagem 😌"
51971;;"2021-06-15 21:52:48";"O apricativo é bom, mas seria melhor se tivesse áudio dublado em espanhol."
51972;;"2021-06-02 21:37:52";"Ruim não abre a sere que gosto e não tem legeda em protugues"
51973;;"2021-06-01 20:52:55";Ótimo
51974;;"2021-05-30 20:00:35";"Não tem nada q quero"
51975;;"2021-02-15 14:07:41";Escelente
51976;;"2021-02-13 03:11:54";💝💝💝💞💓💓💟
51977;;"2021-01-24 17:28:05";Péssimo
51978;;"2021-01-14 02:18:34";"Precisa da opção legendas em português ia ficar top só vou dar uma estrela por isso"
51979;;"2021-01-04 01:54:30";"Brezilya portekizcese dahil birçok dilde altyazi ekleyin"
51980;;"2020-09-30 20:55:26";"Uso o app já faz tempo,e não tenho oq reclamar,apenas parabenizar,não possui sim legenda em outras línguas como o português ou inglês, porém isso não compromete em nada ,as novelas existentes no aplicativo são tão boas , quê você consegue entender do mesmo jeito, queria parabenizar aos idealizadores...O aplicativo é realmente incrível!😍"
51981;;"2020-07-08 03:28:42";"Coloquem legenda em português ou até mesmo em espanhol, por favor."
51982;;"2020-06-19 03:22:13";"O aplicativo é ótimo adoro assistir series turcas mas infeliz mente n consigo por a n tem a opção de legendas em português seria ótimo se tivesse . Por favor introduza m legendas em português"
51983;;"2020-05-01 03:20:33";"Falta tradução português"
51984;;"2020-04-25 13:29:09";"Harika bir uygulama ... Ancak, Türk dizisini seven birçok yabancı olduğu için, altyazı seçeneğini koymaları gerekiyor ... Brezilyalı olarak ve burada birçok kişinin bu diziyi sevdiğini bilerek, Portekizce altyazı isteğimi bırakıyorum ... Eğer cevaplanırsa, başka bir yıldız ... teşekkürler"
51985;;"2020-04-15 12:53:34";Ótimo
51986;;"2020-03-21 13:34:04";"Deveria ter em português, lindas história, mais o idioma não entendo. Por favor pense nos brasileiros faça traduções em português, eu ia amar assistir essa história"
51987;;"2020-02-18 12:22:30";Bom
51988;;"2019-11-07 21:12:20";"As series turcas são lindas, mas não tem legenda, no meu caso português . Assisto despois de ver algum resumo. E Kivanc , que é um belo homem e excelente ator com expressão em todos os movimentos corporal, gestos, olhares que faz com que se entenda a cena."
51989;;"2019-07-19 23:23:55";"filme bom"
51990;;"2019-06-19 11:24:07";"Conheço a pouco tempo os seriados e filmes turcos,estou amando. Erkenci kus é maravilhoso, divertido. A história de Sanem e Can,de um amor puro e verdadeiro."
51991;;"2019-06-11 05:29:52";"deveria ter em português"
51992;;"2019-03-10 00:46:51";"adorei mas poderia ter a legenda em portugues para nos brasileiro adoro a serie Erkenci kus por favor ve se vc consegue colocar a legenda em portugues 💖😍😊"
51993;;"2018-12-15 15:10:50";"O App é bom, o ruim é que não tem a opção legenda, assim fica difícil pra você entender a série"
51994;;"2018-10-29 10:14:14";"Gostei muito , só acho que tinha que ter , a opção , legenda !"
51995;;"2018-10-19 23:34:57";"Por favor coloquem legenda em PORTUGUÊS"
51996;;"2018-08-26 15:54:59";"Poderia ter legenda em português seria bom"
51997;;"2018-08-24 15:42:23";"O app funciona muitíssimo bem mais a tradução para português , não tem"
51998;;"2018-08-17 21:16:10";"Pode colocar em portugues ou ter legenda em portugues porfavor."
51999;;"2018-08-07 22:25:53";"O app é ótimo mas não tem em português. Estou vendo erkenci kus."
52000;;"2018-08-07 21:57:58";"Amei masss poderia ser em Portugues"
52001;;"2018-07-22 22:31:46";"Altyazıları başka dillere koyabilirler. Örneğin Portekizce gibi. 😍❤"
52002;;"2018-07-22 00:03:40";"Opção com legendas em português seria ótimo"
52003;;"2018-04-25 19:41:53";"podería ter opção de legendas"
52004;;"2016-12-08 18:54:30";"Poderia coloca em português"
53505;;"2025-02-06 04:04:48";"Hep takılıyor. Birşey izleyemeden sildim. 1 puan bile fazla."
53506;;"2023-09-18 12:53:19";"Reklamlar az olmuş biraz daha arttırın 👍"
53507;;"2023-06-27 12:33:01";"eigentlich wirklich gut aber diese verdammte werbungen alle 2 sätze werbung werbung werbung werbung werbung amk man kann auch übertreiben amk durchdrehen amk ich flipp aus ekelverfluchtnochmalhaft"
53508;;"2023-03-26 02:31:46";"War mal eine super app, jedoch geht seit längerer Zeit gar nichts mehr!"
53509;;"2022-10-09 10:03:57";Mühl
53510;;"2022-09-04 10:47:00";"Yerli Filmler olmuyor"
53511;;"2022-08-19 08:05:15";Perfekt
53512;;"2022-07-02 05:17:38";"Hiç bir şekilde diziler açılmıyor. Güncellediğim halde, üye olduğum halde ve de üyeliğim aktif olduğu halde. Yurt dışından seyrettiğim içindir belkide? Eskiden sorunsuzca izleyebiliyordum."
53513;;"2022-02-22 06:16:54";"Hiç birşey açmiyor"
53514;;"2021-12-12 13:45:56";"Offline izleme özelliği gelirse çok sevirim."
53515;;"2021-11-02 06:32:42";"Leider gehen viele serien nicht ! Schade"
53516;;"2021-10-28 10:52:30";"bazı Diziler yok yasak Elma kardeşlerim camdaki kız vs. eski dizi arşivi yerli dizilerde ayrı olsa"
53517;;"2021-09-28 15:59:01";"Hic bi video olmuyor alay mi geçiyorsunuz bizle puh lan size"
53518;;"2021-09-23 22:36:39";"Übertreibt doch mit Werbung amk alle 7 min. Gierige Leute einfach"
53519;;"2021-09-18 22:49:15";"Viel Werbung leider"
53520;;"2021-06-18 18:05:40";"Arkadaş bunun neyini guncellediniz halen bir şeyler yanlış kitti yazıyor"
53521;;"2021-05-24 15:00:29";"Bütün diziler yok ama az çok var işte 😅"
53522;;"2021-04-10 18:37:37";"Cast yapılamıyor. Ya bilgisayarda izleyeceksin, yada cep telefonda. 2021 de gibi televizyona atabilemiyorsun."
53523;;"2021-02-12 08:56:21";"Viele serien kann man gar nicht öffnen, obwohl diese in der statusleiste angezeigt werden. Ständig wird angegeben, dass ein fehler aufgetreten ist. Aber beheben tut es keiner!!"
53524;;"2021-02-07 02:46:59";"Android tvde sorun çikariyor cok aşa inildiginde takiliyor hic birsey yapilmiyor"
53525;;"2020-12-31 00:44:33";"Çok, Yavas ve hep takiliyo"
53526;;"2020-11-28 11:50:00";"Bombe die Serien"
53527;;"2020-11-15 11:17:40";"Das ist der größte Müll, schon 1 Stern ist zu viel"
53528;;"2020-11-08 23:31:33";"Bu kadar reklam da olmaz ki. Dizi mizi bakmak yerine birkaç dakikada bir reklam izliyoruz. Eskiden böyle kötü değildi."
53529;;"2020-11-06 22:08:35";"Viel Werbung Schrott"
53530;;"2020-06-18 08:18:20";"App güzel ve ücretsiz birçok dizi ve film izlenebiliyor. Ancak hep üyeliğimle giriş yaptığımda tab'i kapattığımda logout yapiyor."
53531;;"2020-04-05 23:16:45";👍🏼
53532;;"2020-01-24 11:20:31";"Çok takılıyor izlediğinden keyif almıyorsun... maalesef sevemedim..."
53533;;"2020-01-14 14:47:14";"Beş para etmez. Uygulamayı açtığımda hemen geri kapanıyor."
53534;;"2020-01-06 15:50:52";"Yurtdisinda izlenmiyor.. cok sacma!!"
53535;;"2020-01-05 14:13:34";"Belirli dakikadan sonra görüntü ve ses donuyor samsung smart tv 7179 uhd de."
53536;;"2019-12-19 11:55:57";"Almanyadan seyredilmiyor..😡😡😡"
53537;;"2019-12-17 18:28:35";"Samsung s10 plus icin calismiyor app"
53538;;"2019-12-17 14:31:33";"Super App und eine sehr große Auswahl an Serien/Filmen. Ein Muss für jeden Liebhaber von türkischen Serien und Filmen"
53539;;"2019-12-17 08:19:11";"Ist nur noch am abstürzen und das seit langem, kann es überhaupt nicht starten."
53540;;"2019-12-17 03:23:54";"Videolar sadece Türkiye'den izlenebiliniyormuş"
53541;;"2019-12-17 01:03:57";"Böyle saçmalık olur mu diziler sadece Türkiye'de izlenebiliyor daha önce yurtdışında izliyebiliyorduk şimdi siz böyle yapınca madalya mi taktılar alın uyulamanizi başınıza çalın siliyorum uyguluamanizi bir yıldız bile fazla size"
53542;;"2019-12-14 01:00:14";"Die App startet nicht bei meinem Huawei Mate 20 Pro. Stürzt direkt beim Starten ab."
53543;;"2019-12-10 18:23:30";"Das startet nicht mal... Huawei mate20 pro"
128528;;"2017-01-29 21:53:43";"Muhteşem Mükemmel Müthiş"
127258;;"2017-02-13 01:02:24";"Harika olmuş ellerinize saglik"
126212;;"2017-02-25 22:21:57";"Uygulama güzel fakat içerik geliştirilebilir."
124962;;"2017-03-19 00:11:36";Başarılı..
123934;;"2017-04-01 09:58:51";"Güzel bir uygulama tavsiye ederim"
122914;;"2017-04-07 20:38:53";"Efsane fi"
122113;;"2017-04-15 19:23:39";Mükemmel
121109;;"2017-04-25 07:53:52";"Film ve yabancı dizilerinde eklenmesini bekliyorum. Gerekirse ücretli yapın ama yabancı diziler ve yabancı filmler de olsun."
120321;;"2017-05-04 00:10:13";"Çok güzel bı program ellerınıze sağlık"
119332;;"2017-05-15 09:21:39";"İkide bir reklam veriyor abi bu nedir ya"
118559;;"2017-05-24 12:34:27";"Cok iyi nemnunum"
117793;;"2017-06-03 11:14:49";iyi
127266;;"2017-02-12 22:23:06";"Çok iyi bir program yapanın eline sağlık"
116481;;"2017-06-17 11:21:20";"Çok güzel bir uygulama"
115732;;"2017-07-08 13:05:44";Guzel
123144;;"2017-04-05 17:48:46";"Video lar açılmıyor görüntü gelmiyor."
114451;;"2017-09-11 19:47:33";"Sadece eski biten diziler olsaymış sahada iyi olurdu"
115202;;"2017-07-27 15:25:26";"Diziler hep donuyor 1 saatlik olan diziyi 2 saatte izliyorum düzeltilmesi gerekiyor."
113190;;"2017-10-30 19:35:52";"Cok saglam bi uygulama kaliteyim diye bağırıyor resmen."
112665;;"2017-11-11 14:32:09";Harika
112144;;"2017-11-22 19:03:42";"Etkili ve kaliteli mükemmel uygulama.Fi yi kacirmayin"
111627;;"2017-12-06 11:18:34";"Yeni filimleri eklerseniz daha güzel olacak"
111114;;"2017-12-17 18:26:48";"Görüntü kalitesi mükemmel"
110605;;"2017-12-22 10:17:45";"Asiri reklam siliyom"
110100;;"2017-12-26 10:19:48";"Cok iyiii"
109599;;"2018-01-03 22:39:31";"Herşey süper ama kusura bakmayın   ben en iyisiyim"
122369;;"2017-04-13 17:58:29";"Vodafone Red tarifesindeyim, otomatik mi algılıyor bunu internetimden yemeyecek acaba?"
126470;;"2017-02-22 00:07:18";"Herşey iyi güzel de Ezel nasıl olmaz abi 😂 başlıycam bak diğer sitelerden izlemeyeyim ona göre 😂😂"
108307;;"2018-01-22 21:27:58";"Çokkkk Iyi"
128289;;"2017-02-01 09:12:56";"Çok güzel! Okul olduğu için Anne ve Hayat Bazen Tatlıdırı izleyemiyordum,bunu yükledim artık izliyorum!Her türlü dizi var ve 2 saatlik bölümü hiç donmadan izledim.Hem de hiç şarj yemiyor!Çokkkk güzel.👍👍👍👍👍👍👍"
107524;;"2018-02-01 08:33:37";Süper
107045;;"2018-02-08 18:40:12";"Sadece fi için idirdim ama Çok  güzel"
106753;;"2018-02-13 11:11:03";"Şu ana kadar sıkıntısız izliyorum 🙌😁 İnşaallah hep böyle olur"
127745;;"2017-02-08 21:54:42";"Hadi YouTube'dan yasakladin. kardeşim iyi güzel de ben smart TV ye YouTube'dan akratip ekrandan izliyordum senin uygulamanda böyle bir özellik neden yok acil iyileştirme istiyorum.. chromecast özelliğini"
105994;;"2018-02-23 21:34:13";"çok iyi fazla iyi"
113957;;"2017-10-07 04:34:15";"Süper uygulama"
105247;;"2018-03-07 14:46:13";Iyi
104966;;"2018-03-12 10:43:50";"Iyi abi isinize yariyor babaniz televizyon izlerken sen gel burdan izle daha heycanli ve guzel oluyor yapana tesekur ederim"
125213;;"2017-03-15 15:18:16";"Çok iyi"
127753;;"2017-02-08 19:56:30";"Cok guzel bir uygulama"
103958;;"2018-03-24 11:23:40";"İstediğim an istediğim dizi yada filmi bulabiliyorum süper"
103685;;"2018-03-26 15:45:57";"İlk başlarda çukur dizisini Show TV'den izliyordum bir bölümünu burdan izleyip tek parti halinde oldugunu ve görüntü kalitesinin yüksekliğini görünce indirip destek olmak istedim elinize sağlık ücretsiz olması da ayrı bir güzel umarım bosmazsiniz"
106774;;"2018-02-13 04:16:25";"Çok güzel"
112907;;"2017-11-07 08:36:16";Guzel
120600;;"2017-05-02 05:49:13";"Yabancı dizileri mesela TWD gibi dizileride koysanız harika olurr"
102439;;"2018-04-17 21:11:24";"Videoları ileri ya da geri alırken kaçıncı dakikaya geldiğimizi gösteren 
bir şey olmalı. İleri alıyorum kaçıncı dakikadayım belli değil"
102176;;"2018-04-26 11:06:52";"Mukemmel bir calisma tesekkurler"
101915;;"2018-05-05 14:08:19";"Çok reklam koyuluyor biraz azaltılabilir reklamlar."
101656;;"2018-05-15 06:41:24";"Sözü kaldırmışsınız bu program bişeye yaramaz artık sildim"
101400;;"2018-05-24 16:44:52";"Sansürsüz izlemek için burdan izliyorum buradada sansür var ne anladım bu 
işten tv den izlerim daha iyi"
101146;;"2018-06-01 21:22:35";Güzel
100894;;"2018-06-07 18:02:47";Mükemmel
100644;;"2018-06-11 11:58:59";Efsane
124438;;"2017-03-29 17:35:59";"Guzel uygulama"
123417;;"2017-04-03 17:45:49";"Çogu dizi yok çok eksigi var yaa"
114715;;"2017-08-27 16:28:40";"Görüntü kalitesi iyi , Ancak TV ye yansıtma özelliği yok bazı yorumcular var yazmış aradım Bulamadım. Cihazim , SONY 4K 65 ANDROİD TV. var ise yardımcı olursanız sevinirim şimdiden teşekkürler.yok ise Uygulama Yapımcısı Bu konuda geliştirmeli.İyi çalışmalar"
108047;;"2018-01-25 19:06:10";"Çok güzel bir uygulama olmus"
120578;;"2017-05-02 09:15:27";"Türk yapımı olarak gurur duydum"
99330;;"2018-07-26 21:06:52";"Eksi diziler de olsa keşke ama iyi baya iyi."
99092;;"2018-08-07 06:08:23";Mukemmel
129046;;"2017-01-24 23:03:30";Mukemmeel
111364;;"2017-12-13 09:51:03";"Çok berbat. Her seferinde baştan seyrettirmeye çalışıyor. Takılıyor durmadan"
115994;;"2017-06-28 08:01:13";"Çokkkkk güzel bayıldım"
98312;;"2018-09-18 20:58:44";harika
98083;;"2018-09-27 10:15:47";"Çok güzel beğendik ama KARA DAYI dizisinide ekleseniz daha güzel olacak.inşallah bunu yaparsınız"
110347;;"2017-12-24 01:44:16";"Bölüm altlarina yorum sistemi de gelirse muazzam olucak herseyiyle iyi bir program."
106787;;"2018-02-13 00:11:08";"Tek kelime ile harika bir program bunca zaman neredeymiş 👍"
97556;;"2018-10-22 13:03:49";Öneririm
123137;;"2017-04-05 18:56:08";"Abicim yabancı dizilerin dublaj ve film seçenekleri fazla olsa daha da iyi okur"
96021;;"2018-11-06 10:28:56";mükemmel
118792;;"2017-05-22 09:30:26";"Ilk 2 3 hafta cok guzelken mahvettiler . Bir bolumde 14 tane reklam nedir ya 10 dkikada bir reklam veriyo sildim programi indirmeyin gereksiz 😤😤"
99588;;"2018-07-16 19:21:47";"İndirimenizi tavsiye ederim çok güzel bir uygulama bayıldım 💙"
95513;;"2018-11-28 19:50:03";"HARIKA BI UYGULAMA"
108548;;"2018-01-20 10:17:35";"İlk defa uzun bi süredir telefonumda tuttugum bi uygulama  süper bişey be 😉"
106766;;"2018-02-13 08:08:18";"Uygulama süper emeği geçen herkese teşekkürler"
124454;;"2017-03-29 11:25:10";Güzel
112392;;"2017-11-17 13:09:09";"çok iyi"
94744;;"2019-01-02 22:33:21";"Ya bu tv de dakka bir reklam verip durmayın iyice saçmaladınız"
96030;;"2018-11-05 23:14:44";"Güzel uygulama mesala evde değilsin o günde sevdiğim bir dizi var bakamadığım için üzülüyorum ama artık bu uygulama olduğu sürece üzülmüyorum"
128284;;"2017-02-01 09:31:39";"Tek kelime ile on numara"
99353;;"2018-07-25 22:49:19";"Uygulama çok güzel ama Şahsiyet dizisini izlerken hangi bölümü açarsam 
açayım sürekli yükleniyor ekranı geliyor ve bölüm bazen açılmıyor, bazen 
açılıyor"
92704;;"2019-02-02 21:16:49";"Çok güzel tavsiye ederim."
122115;;"2017-04-15 19:04:22";"On numara beş yıldız"
92440;;"2019-02-12 08:24:08";fina
102914;;"2018-04-07 07:26:32";"Güzel bir uygulama"
92180;;"2019-02-19 18:12:38";"bes para etmez uygulama bazen aciyir hazen donuyor donuyor hic acmiyor"
103184;;"2018-04-02 13:49:50";"Merhaba güzel bir uygulama"
91924;;"2019-02-27 22:33:14";"Her 10 dk da bir reklam vermek nedir peki? Reklamların son ses gelmesi?"
107552;;"2018-01-31 20:56:51";Mükemmel
91672;;"2019-03-07 16:59:06";"bazı filimler yok kaldığın yerden başlasa çok iyi olur😡😡🧠"
105737;;"2018-02-28 19:47:19";"Börü dizisini bekliyorum lütfen yayınlayın börü dizisini ve dağ filimlerini şiddetle bekliyoruz"
89888;;"2019-03-19 16:35:25";"uygulama çok güzel tavsiye ediyorum"
112926;;"2017-11-06 20:13:01";"Emeğinize sağlık."
124675;;"2017-03-25 05:23:24";Harika
112935;;"2017-11-06 15:35:15";"On Numara beş yoldjsnsk helellll"
112419;;"2017-11-16 18:20:13";"Reklam cok var!!! Sıktı"
89345;;"2019-04-13 08:18:32";güzel
117248;;"2017-06-09 21:43:25";"Çok iyi"
89111;;"2019-04-20 15:13:24";👍
97806;;"2018-10-09 19:29:23";Güzel
119077;;"2017-05-19 07:24:06";Reklam
89355;;"2019-04-13 06:09:12";"aradığım hiç bir dizi yok fena değil."
127490;;"2017-02-12 11:24:10";Harika
88602;;"2019-05-13 07:42:57";"donmuyor ve bölümler ertesi gün yayında,harika!"
95523;;"2018-11-28 07:44:19";"Ücretsiz ve hd yayın yapması güzel 👍"
111387;;"2017-12-12 19:51:14";"Videolar sürekli donuyor 😡"
86792;;"2019-05-19 10:52:50";"soz dizi yok hercai senanlat karadeniz diziler neden yok olması lazım"
98575;;"2018-09-06 04:33:31";"Son iki gündür hiçbirşey izleyemiyorum uygulamanız çöktü mü acaba ??"
120064;;"2017-05-06 07:42:50";"Çok iyi"
86801;;"2019-05-19 08:48:21";"bence güzel ama bütün filmler olsa güzel olur"
109824;;"2017-12-30 22:32:27";"Harika bir yapım"
126752;;"2017-02-18 11:09:03";"ÇOK GÜZEL EFSANE"
88613;;"2019-05-12 14:52:26";"cok guzel ve kaliteli"
104990;;"2018-03-11 16:58:53";"Abi mükkemmel"
128016;;"2017-02-04 17:11:38";"Baba fm  dinlerken reklamini duydum bir indireyim bakalim ne varmis ne yokmus"
119063;;"2017-05-19 09:20:30";"Vodafone red katkılarıyla müthiş"
114181;;"2017-09-26 13:12:03";"Söz dizisinide eklemenizle bizleri fetheddiniz 👍👍"
128531;;"2017-01-29 21:43:02";"şey ben daha küçüğüm bir dizi merak etmiştim bu gün verdi fakat kaçırdım ve izleyemedim yardımcı olabilir misiniz? aslında uygulama güzel fakat araştırmalarıma göre (büyük ihtimalle ""araştırmalarıma göre "" dediğim için benimle dalga geçeceksiniz.) neyse araştırmalarıma göre siz uygulamanıza kötü yorum verenler cevap yazıyorsunuz..."
85763;;"2019-06-16 22:11:36";"bence çok güzel yapılmış aynı zamanda reklamları can sıkmayan vep sitesi teşekkürler"
115226;;"2017-07-25 20:06:16";"Güzel olan bir uygulamayı reklamlarla çok kötü yapmışlar"
108568;;"2018-01-20 04:33:02";Süper
85525;;"2019-06-30 12:42:01";"1 bile az reklaminiza şimdi"
99845;;"2018-07-07 10:41:18";"Note8 de video oynatıcısında problem var. Sağ ve sola çift tıklama ile 
ileri geri sarma yapabiliyoruz fakat süreyi görmek veya alt taraftan 
süreleri ayarlama durdurma gibi seçenekleri görmek için tek tıklama yapmak 
gerekiyor bu da çalışmıyor bazen aktif oluyor bazen hiç çalışmıyor 
düzeltilmesi gerekli"
105735;;"2018-02-28 20:25:18";"Güzel bir uygulama"
123663;;"2017-04-02 07:06:55";"Dizilerin tekrarını telefonumda bu kalitede  ve kolay kullanım   öncü ve çok ilerdesiniz teşekürler"
82439;;"2019-07-23 09:49:16";"Listemdeki diziler kayboluyo sürekli giriş yapmamı istiyo diziler açılmıyo bile bi dizi izlicem kafayı yedim valla eskiden güzeldi bişiler oldu bir an önce düzelsin"
92931;;"2019-01-23 19:17:15";"harika bi uygulama kaçırdığın dizileri HD izleme şansı"
122382;;"2017-04-13 14:06:08";Harikasın
82206;;"2019-08-30 04:33:31";"Kaldığın yerden devam etme özelliğinde sorunlar var, düzeltin lütfen."
86019;;"2019-06-06 07:26:13";"cook guzel"
95762;;"2018-11-18 17:22:16";"İç hoşuma gitmedi saçmalık beğen medim"
109064;;"2018-01-16 06:07:48";"4 k yayını ekleyin artık"
81943;;"2019-10-01 12:56:39";"Bazı diziler yok mesajla arka sokaklar... Lütfen arkasokaklari koyun ikibogani onsankirdim haşa hiç bidizi yok ben yükledim sildim ... Tafsiye etmem."
107265;;"2018-02-04 22:33:11";Mükemmel
97295;;"2018-10-31 10:40:55";"Baya guzel"
123928;;"2017-04-01 10:13:23";Harika
81685;;"2019-10-19 11:47:49";"Aslında daha fazla yıldız vermek isterim. Ancak reklamı izledikten sonra tekrar izlediğim videoya dönmüyor. Sürekli yüklenecek gibi yapıp, simsiyah ekranla başbasa kalıyorum. Bunun nedeni nedir?"
86021;;"2019-06-06 05:44:29";"HA Rİ KA"
112931;;"2017-11-06 17:45:32";Müthiş
117279;;"2017-06-09 19:14:34";"Basit ve güzel bir menüsü var tek kötü diye düşündüğüm içerik olarak film sayısı artırılabilir o zaman mükemmel olur"
81434;;"2019-11-06 23:06:33";"SORUN VAR YÜKLEME BAŞARISIZ DİYOR"
82443;;"2019-07-22 17:28:48";"eskiden daha iyi idi dizileri kaldigim yerden izlemeye istediğim zaman devam ediyordum simdi pause yapiyorum geri donuyorum telefon tus kilidine gecmisse uygulama bastan acilmis gibi oluyor degil devam etmek en bastan diziyi falan bulmak getekiyor. bu tarz uygulamalarda kaldığım yerden baslat olmazsa olmaz olmali"
117533;;"2017-06-06 12:19:00";"Harikkkkaaaa yani mükemmel bence hemen indirin tek kelimeyle muhteşem ellerinize sağlık ❤❤👍👌👌"
108824;;"2018-01-17 22:38:35";"Çukur dizisini puhu tv den izliyorum. Hiç kopma yok akıyor gidiyor. İnşallah bozulmaz. Böyle giderse puhu tv fenomen olur."
81191;;"2019-11-30 11:43:54";"Ne olduğu belli olmayan web siteleri sizden iyi yapıyor bu işi"
103188;;"2018-04-02 09:51:37";"bazen donma yapıyor ama güzel"
100608;;"2018-06-11 21:49:35";Acılmıyor
120324;;"2017-05-03 23:00:29";"Çok güzel teşekkürler"
80905;;"2019-12-12 09:33:25";Harika
115219;;"2017-07-26 07:15:26";"Dizi izlemek isteyenlere harika"
94985;;"2018-12-23 14:47:50";Gralsiniz
106248;;"2018-02-19 10:47:23";"Arkadaşlar herşeyi açıyo ama fi yi açmaya çalışınca yayın hakları falan diyo okul vpn siyle giriyorum ondan mı bilen biri lütfen yazabilirmi"
80671;;"2019-12-27 15:22:57";"Çok reklam var. Artik reklamlardan usandim. Bir dizide en az 30 40 reklam var yani. Sakin indirmeyin. Reklam uzerinden para kazaniyorlar. Ustelik çok yer kapliyor. 100 uzerinden 1bile vermiyorum."
91934;;"2019-02-27 19:18:12";"eskiden istediğim diziler çıkıyordu ama şimdi arıyorum çıkmıyor çok saçmalamış"
111653;;"2017-12-05 18:31:41";"Yapan çok güzel bir uygulama yapmış ellerine sağlık"
119053;;"2017-05-19 11:33:45";"Çok güzel değil ama inede iyi bir uygulama"
114957;;"2017-08-11 15:51:38";"Süper birşey bu yaaaaaaaa................"
80398;;"2020-01-23 16:58:33";"Çok güzel öneririm ama giriş yap diyince durduruldu hatası veriyor ama benim zevkime göre iyi"
104194;;"2018-03-22 05:00:36";"Cok fazla reklam cıkıyor dizi izlerken insanı sıkıyor bölümde iki sefer girse reklam sıkıntı yok ama 10 dk bir reklam giriyor  Birde sen anlat karadeniz dizisinide ekleseniz hiç fena olmaz cevabınızı bekliyorum ilginize simdiden tşkler"
129554;;"2021-03-13 10:15:31";"Çok ıym"
103975;;"2018-03-24 07:39:02";"Uygulama güzel ama video izlerken aşağı kaydırdığımda diğer videoların gelmesi yerine izlediğim video küçülüyor."
120862;;"2017-04-28 21:12:01";Harika
80135;;"2020-02-16 02:43:30";"Aga bak güzel hoş eyvallah da be a.k tek filim diyon ruhum s.ldi la burda içim dışım filim oldu la a.k 2 dk ya bi filim mi konur a.k adam gibi reklam izleyemedik indirmeyin a.k uygulamasını sitesi de aynı s.k a.k"
124935;;"2017-03-19 13:08:28";"Vatanım sensin gelsin video indirme gelsin dahili depolamaya yada sd karta olabilir"
111363;;"2017-12-13 10:06:30";"Reklamınızın aq yeter la dakka başı reklem 4 yıldız verdim uygulama güzel hatta çok güzel ama. Şu reklamları bi kaldırın abi ya..."
103429;;"2018-03-30 07:45:28";Super
119301;;"2017-05-15 17:25:49";Harika
79882;;"2020-03-14 20:10:45";"1 saatlik diziyi 3 saatte zor izledim. Hatta tamamlayamadım. Sinir hastası olmak istemiyorsanız indirmeyin"
119814;;"2017-05-08 21:18:11";Harika
105765;;"2018-02-28 07:22:49";"Başarılı bir uygulama, tek eksik reklam fazla"
98825;;"2018-08-21 15:06:48";"Reklam olmasa daha çok güzel olcak"
124183;;"2017-03-31 17:24:36";Harikq
79639;;"2020-03-31 12:39:33";"Sinir bozucu bir uygulama. Spybox 10 cihazımda kullanmak istiyorum. Ama maalesef hata veriyor. videoları açmıyor. Görüntü donuyor ama ses devam ediyor. Cihazımdaki sürüm 1.2.30. Lütfen çözüm bulun."
80409;;"2020-01-22 08:59:51";"Sürekli donuyor bir filmi veya diziyi tam anlamiyla izleyemiyorum surekli uygulamadan çıkıp girmem gerekiyor wifide sorun var diye düşünüp kendi internetimi actim o bile fayda etmedi lütfen bu sorunu düzeltirmisiniz."
105481;;"2018-03-03 23:44:02";"Reklamsız iyiydi be :))"
98826;;"2018-08-21 14:23:37";"Teşekkür ederim eski filmler ve yeşilçam da olduğu için"
123162;;"2017-04-05 15:32:37";Mukemmel
76311;;"2020-04-17 20:35:27";"Kuzey Yıldızı dizisini izliyorum. Önceden show tv uygulamasından izliyordum ama show tv uygulaması sürekli donduğu için puhu tv uygulamasına geçtim. Sanırım bu bir çözüm olmadı. Son zamanlarda puhu tv çok fazla donmaya başladı show tv uygulamasını puhu tv' ye tercih ederim En azından show tv uygulaması bu kadar fazla donmuyor eğer bu donma sorununu çözerseniz önünüzde hiç bir engel kalmaz indirilme sayınız artmaya başlar."
81446;;"2019-11-05 14:39:20";"Baya güzell bi uygulama."
82449;;"2019-07-21 19:36:38";"Çok çok kötü"
116225;;"2017-06-20 15:31:06";"Vay vay vay vay vay (made in Al yanak)"
112384;;"2017-11-17 19:53:52";"Reklamlarin arasındaki geçişlerde aşırı takılıyor."
118532;;"2017-05-24 19:23:43";"Film izlemenin kısa ve iyi yolu"
76045;;"2020-05-12 18:16:48";"Çok güzel ya beğendim. Mükemmel"
98823;;"2018-08-21 20:02:36";"Kaliteli dizilerin adresi👍"
121603;;"2017-04-21 17:53:52";Mükemmel
113927;;"2017-10-08 08:26:11";"Çok yerinde bir uygulama ama reklam olmasa ufak bir ücret olsa daha iyi olur"
119041;;"2017-05-19 13:54:51";"ÇOK GÜZEL Bİ APP OLMUŞ İNŞALLAH ÜCRETLİ OLMAZ"
117767;;"2017-06-03 16:00:31";Harika!
75791;;"2020-06-14 09:24:17";"Daha yeni yükledimmm ama güzel bir uygulamaya benziyor :)"
110877;;"2017-12-19 17:17:31";Güzel
107281;;"2018-02-04 19:29:58";Güzel
95751;;"2018-11-19 04:39:31";"Süper cok güzel"
98829;;"2018-08-21 07:55:03";"Puhu tv super abi"
112160;;"2017-11-22 15:45:26";"Icine edilmis sinir kupu olana kadar izlemem bes dakkaya bi reklam nedir yani"
75549;;"2020-08-26 13:58:04";"3 telefon değiştirdim hepsine de yükledim hayatımda bu kadar kanser yavaş kasan bi uygulama görmedim lütfen düzgün bi yazılımcı bulun kaç yıldır da piyasadasınız yorumlarda hep kötü nasıl ayakta duruyorsunuz anlamadım"
113160;;"2017-10-31 10:07:16";"On numara beş yıldız tam puan geçer not"
129558;;"2019-10-07 17:09:59";"on nomra beš yuldz čok güzel"
108811;;"2018-01-17 23:20:11";"Çok iyi"
113664;;"2017-10-24 06:57:29";"Allah için filmin 2. Dakikasında reklam nedir bide 3 aşamalı koymussunuz bitmiyor o reklam biraz kisaltin please"
101665;;"2018-05-14 18:50:00";"Az da olsa Reklâmlar olmasa tadından yenmez başarılı uygulama😉🙂"
129562;;"2019-05-20 01:29:42";👍👍👍👍👌
75284;;"2020-09-29 17:36:19";"Yorum dakikası film dakikasından fazla teşekkürler siliyorum."
75802;;"2020-06-11 21:57:20";"Sakın sakın indirmeyin internetteninize yazık olur"
95266;;"2018-12-09 21:58:28";"Çok iyi"
124685;;"2017-03-24 20:30:16";"İstedigim diziler yok bu çok sacma"
113665;;"2017-10-24 06:43:38";Bayıldım
100619;;"2018-06-11 21:24:36";"iğrenç bi uygulama sakın yüklemeyin. durdurmak için tıklıyorum, hiçbir şey 
olmuyor sileceğim artık."
126239;;"2017-02-25 17:46:38";Müthiş
86028;;"2019-06-05 19:24:30";"herşeyi çok kullanışlı teşekkürler"
103968;;"2018-03-24 09:03:07";"Süper 👍"
86290;;"2019-05-28 14:43:31";mükemell
53760;;"2020-07-15 17:47:49";"Ma non ci sono i sottotitoli in italiano e il top"
53761;;"2020-06-20 08:01:11";Ottima
53762;;"2020-02-06 23:41:14";"Po di"
53763;;"2020-01-22 15:17:02";"Mi sono trovata bene"
53764;;"2019-11-23 11:41:29";"Mi piace ma non capisco il turco"
53765;;"2018-11-03 20:54:36";Schifo
53766;;"2018-07-05 18:15:53";Fantastica
53767;;"2018-07-05 03:13:15";"Harika Vallahi ellerinize sağlık"
53768;;"2018-04-20 18:35:14";"Ileriye alirken hangi dkya aliyoruz göstermiyor , ve internet dizileri ne 
zaman cikacak belli degil ve daha fazla eski dizi veya şuan cikan diziler 
olsa daha iyi olacak , ama yinede çok güzel bir uygulama her zaman full ve 
hd ve az reklamsiz ."
122149;;"2017-04-15 12:12:22";"Tek kelime ile süper 👍"
129025;;"2017-01-25 09:52:41";"tam aradığımız site"
103957;;"2018-03-24 11:55:05";"Çok güzel bayıldım çok memnunum."
103684;;"2018-03-26 16:02:01";"Çok fazla reklam var dizimi izliyemiyorum"
115751;;"2017-07-07 18:09:46";"Harika birşey teşekkürler birde indirme linki olsa iyi olurdu"
113435;;"2017-10-27 15:06:21";"Reklamlar azaltılsa gayet iyi"
122904;;"2017-04-07 21:43:32";"This was perfect"
102438;;"2018-04-17 21:30:21";"sonradan bozuyosnz ya uygulamayi yapmayin"
102175;;"2018-04-26 14:54:43";Mükemmel
101914;;"2018-05-05 15:25:04";"Çoooooooook kötü bir oyun istediğim film mi izleyemiyorum bir şeyler yanlış 
gitti diye bir yazı cikiyo hic guzel degil o yuzden 4 yildiz kirdim"
101655;;"2018-05-15 06:48:53";"Diğer uygulamaların aksine üyelik ücreti almayan onun yerine reklam 
gelirleriyle güzel işler başaran muazzam bir platform. Dizi sonlarında 
çıkan reklamları bile size saygımdan kapatamıyorum."
101399;;"2018-05-24 17:37:33";👍
101145;;"2018-06-01 21:26:56";"Güzel faydalı"
100893;;"2018-06-07 18:12:25";"Süper daha cok dizi secenegi olmali guncel dizilerden"
100643;;"2018-06-11 12:03:16";"Bir diziyi hiçbi şekilde listeme ekleyemiyorum. Durduruldu yazıyor üye 
olamıyorum hep aynı sorun güncelleme oldu fakat yine o hata düzelmedi"
125468;;"2017-03-10 18:02:44";"Tek sorun u ADI EFSANE DIZISI yok"
124439;;"2017-03-29 17:02:13";"Süper harika"
115457;;"2017-07-15 23:53:45";"daha fazla film/dizi"
112166;;"2017-11-22 13:30:32";Harika
103969;;"2018-03-24 08:44:13";"Bu ne reklam kardeşim. Sizde iyice ticarete dökmüşsünüz. Reklamsız ve sansürsüz diye izliyorduk. Şimdi iyice çekilmez hal almış."
99329;;"2018-07-26 21:23:42";"Gerçekten çok güzel"
99091;;"2018-08-07 07:42:45";"Arkadaslar bu internetlimi"
98855;;"2018-08-19 21:55:36";Harika
111880;;"2017-11-28 14:37:59";İyi
118031;;"2017-05-31 20:45:54";"4 ay önce reklam yoktu şimdi 4 dakikada bir saçma sapan reklamlar. Reklamda reklam olsa bari onuda becerememiş. Dizi devam ederken reklam ile kesiliyor ama dizi arka planda devam ediyor. Guncelleyin baride dizi kaldığı yerden devam etsin 😆"
98311;;"2018-09-18 21:04:36";"Valla ben cukur izlemek icin indirdim gayat guzell bir uygulama yapanlarin ellerine saglik"
98082;;"2018-09-27 12:15:31";"Çok güzel"
110855;;"2017-12-19 20:17:50";Yesko
112155;;"2017-11-22 17:11:33";Süper
97555;;"2018-10-22 13:11:43";efsane
116766;;"2017-06-13 20:46:11";"Gayet güzel"
96020;;"2018-11-06 11:52:13";"Uygulama güzel bir mantıkta yapılmış ancak bazı eksiklikler var örneğin sürekli donması video kalitesinin manuel olarak düzenlenmesinden sonra tekrar otomatik moduna geçmesi gibi şeyler vakit kaybettiriyor ve üzüyor!"
114189;;"2017-09-26 05:00:45";"Çok güzel"
125462;;"2017-03-10 18:39:04";"Hayatımdaki en iyi uygulama rahatça izliyebiliyorum"
95512;;"2018-11-28 20:00:32";"Reklamlarınızdan dizi izlenmiyor dizi keyfimin ağzına s.çtınız."
117276;;"2017-06-09 19:48:45";"Çeşitlilik artırılabilir"
95522;;"2018-11-28 09:14:24";"Çok güzel di ama bu ara aşırı derecde donuyor ve sanirim 1 aydır puhu tv kullanamıyorum"
125697;;"2017-03-05 15:50:36";"İyi deği.... Saka saka cok ii"
118565;;"2017-05-24 10:17:52";"cok iyi tavsiye ederim"
94743;;"2019-01-02 22:35:35";"dirilis ertugrul filmini kaldirmissiniz o yuzden 1 yildiz 1 yildizi bile hak etmiyorsunuz artik siz"
107276;;"2018-02-04 20:47:29";"Ücretsiz olması harika bir özellik.  Yabancı dizilerde yayınlarsanız harika olur."
125699;;"2017-03-05 15:19:08";"Çok güzel tşkler"
99594;;"2018-07-16 17:35:06";"Keske youtube gibi önden dolarak gitse hani yolculuk yaparken kesilmez hem 
zaten güzelsiniz dahada güzel olurdunuz"
92703;;"2019-02-02 21:21:41";"avlu dizisini. 22.bölümü açılmıyo lütfen düzeltin"
117256;;"2017-06-09 20:55:10";Harika
92439;;"2019-02-12 08:44:36";"Reklamlar kapanmıyor güncelleme gelmesi lazım"
103183;;"2018-04-02 14:03:56";"Çok beğendim Süper"
92179;;"2019-02-19 18:30:35";nice
103455;;"2018-03-29 22:08:12";"Güzel olmus emeğe saygı"
91923;;"2019-02-27 22:37:52";Sahane
104975;;"2018-03-11 23:14:38";Mükemmel
91671;;"2019-03-07 17:26:17";"YA ŞU REKLAMLARI KALDIRIM HA İLLA KOYACAKSANIZ REKLAM SONRASI DİZİ AÇILMIYOR HABERİNİZ OLSUN BİR BÖLÜMÜ REKLAM YÜZÜNDEN 6 KERE AÇTIM YETER"
118786;;"2017-05-22 11:04:26";"Umarım daha çok dizi ve film eklenir ayrıca reklamlar çok yerinde ve abartısız hiç rahatsız etmiyor mükemmel 👌👌👌"
89887;;"2019-03-19 16:38:59";"uygulama çok güzel"
98337;;"2018-09-18 14:54:42";"Güzel program"
125706;;"2017-03-05 12:40:05";"Kardeş Payı 2. Sezon olsa iyi olurdu 1. Sezon youtube da zaten var."
116751;;"2017-06-13 23:22:00";"Videolar açılmıyor çok takılıyor. Duzeltilmesi lazim"
121349;;"2017-04-22 22:03:06";"Reklam geçişlerinde duraksıyo ve sesler kayıyo o sıkıntıyı giderin derim"
89344;;"2019-04-13 10:05:39";"süpere reklamda olmasa"
104460;;"2018-03-20 02:11:05";"Yabancı dizilerde olursa mükemmel olur. Emeğinize teşekkür ediyorum"
89110;;"2019-04-20 16:45:43";"Emeğinize sağlık. izlediğimiz yerden başlamıyor düzeltirseniz cokdaha güzel olacak başarılar dilerim"
123413;;"2017-04-03 18:00:24";"çok güzel ve aynı zamanda ücretsiz... 😄😄😄😄😄😃"
124949;;"2017-03-19 09:07:06";"Çok iyi"
122899;;"2017-04-07 22:28:21";"Umarım ücretsiz kalır."
113954;;"2017-10-07 08:37:43";"Çok iyi hd izliyosunuz"
88601;;"2019-05-13 09:59:45";"reklamdan sonra diziye devam edemiyoruz"
109849;;"2017-12-30 16:57:20";"Şu reklamları azaltın bu ne allasen ya"
111903;;"2017-11-27 23:19:57";"Reklamlar 👎👎"
86791;;"2019-05-19 11:01:50";"yeni içerikler güzel de ücretliye dönerseniz kaybedersiniz"
113446;;"2017-10-27 11:03:25";"Atv neden yok"
120848;;"2017-04-29 01:18:51";"Kesintisiz takipteyiz"
107293;;"2018-02-04 14:14:45";"Neden yurtdisindan Fi'yi izleyemiyoruz? VPN indirmek zorunda kaliyorum ve o da bi sure sonra calismiyor.."
121379;;"2017-04-22 19:53:29";Good
128015;;"2017-02-04 17:30:23";"Neden 10 TL ücret istiyor ve diziler açılmıyor"
107536;;"2018-01-31 22:35:31";"Kaldığın yerden devam etme özelliği gelmeli."
106783;;"2018-02-13 01:16:05";"güzel bir program herkeze tavsiye ederim"
129290;;"2017-01-19 11:06:49";"Harika bir uygulama bir çok dizinin tüm bölümlerini anında izleyebilirsiniz, düşünmeden indirebilirsiniz."
86803;;"2019-05-19 08:43:14";iyi
129044;;"2017-01-24 23:08:10";Güzel
124961;;"2017-03-19 00:57:19";"Butun dizi bolumlerini izleme imkani sunuyor.hiz ve goruntu kalitesi super.hicbir sekilde baglanti hatasi vermiyor..ellinize,emeginize saglik.."
85762;;"2019-06-16 22:40:39";"reklamları azaltırsanız çok daha iyi olur"
95257;;"2018-12-10 18:37:48";"Televizyon çalışmasında b0pufutv te bakarız ve televizyonda ileri geri yok p6futv"
109061;;"2018-01-16 07:33:37";Bayıldım
85524;;"2019-06-30 15:09:54";"Harika ve muhteşem tavsiye ederim"
89362;;"2019-04-12 23:29:42";bakıcaz
106782;;"2018-02-13 01:19:55";"Televizyonda 20 dakikalik reklam bekliyorsunuz burda 2 dakika bekleyiverin. Adamlar ücretsiz yapmış daha ne kimileri gibi para istemiyor. Çok güzel ve verimli bir uygulama ama reklamsiz izlemek isteyenler içinde ücretli icerik gelirse güzel olur :)"
124686;;"2017-03-24 20:26:46";"Bence güzel ama ara sıra donuyor"
116993;;"2017-06-11 22:43:24";Efsane
113949;;"2017-10-07 11:29:35";İÇERDEMA
106242;;"2018-02-19 11:43:25";Super
82205;;"2019-08-30 20:38:30";"Yurtdışı izlemeye kapalı."
117797;;"2017-06-03 10:14:44";"Bu kadar reklam olmasa çok daha iyi olurdu. Ama yine de güzel bir uygulama. Emeğinize sağlık."
118276;;"2017-05-28 14:49:37";"Tv'ye yansıt ne zaman gelecek"
123157;;"2017-04-05 16:07:54";"Uygulamanin yurt disina acilmasi cok guzel oldu. Mukemmel olmus.."
81942;;"2019-10-01 15:25:23";"4k seçeneği ve youtubeda ki gibi chromecast özelliği olsa tvden çok güzel kontrolü olur teşekkürler ücretsiz olması çok güzel"
86276;;"2019-05-28 18:51:23";harika
122399;;"2017-04-13 09:38:14";"Ok sahane"
128785;;"2017-01-26 16:26:39";"ellerinize sağlık  istediğim dizileri filmleri kolaylıkla donmadan izliyorum"
81684;;"2019-10-19 14:34:05";"Uygulamaya akilli telefondan ""giris yapmak"" istedigimde ""ne yazik ki durduruldu"" uyarisi aliyor ve giris yapamiyorum"
115488;;"2017-07-15 07:05:44";"Açılmıyor sil yükle ne kadar"
95764;;"2018-11-18 16:48:51";"Reklam izleme tercih butonu olsa daha memnun olurum"
108573;;"2018-01-20 00:16:44";Başarılı
81433;;"2019-11-06 23:25:08";"Video kalitesini ayarlamaya çalışırken uygulamayı kapat hatası alıyorum. Uygulamayı silip tekrar yükledim ama sorun devam ediyor."
114212;;"2017-09-25 14:40:21";Guzel
94754;;"2019-01-02 17:23:30";"Mükemmel bi uygulama"
104197;;"2018-03-22 03:27:05";Harika
81190;;"2019-11-30 14:34:00";"huawei mate 20 lite android 10 ile uyumsuz uygulama hiç açılmıyor."
89608;;"2019-04-01 22:30:27";"10 numara"
123409;;"2017-04-03 18:24:21";"Tek kelimeyle mükemmel"
119297;;"2017-05-15 17:44:47";Harika
80904;;"2019-12-12 12:26:12";"Uygulamanın Anasını Ağlattınız Nerde Gereksiz Filmler Var Hepsi Burda insanların işlerine yarıyacak Filmler ve diziler koyun , Reyting Rekorlari kıran Kurulus osman gibi bir dizi yok dizilerden bir cogu yok yapacaksaniz isinizi Adam Gibi Yapin Milletin bosa vaktini calmayin"
95256;;"2018-12-10 18:47:55";"Teşekkürler Puhu tv görüntü şahane"
104727;;"2018-03-16 19:32:56";"Çok güzel hd kalitede seyir"
127744;;"2017-02-08 22:35:53";"Discovery 1 telefonda acmiyor"
80670;;"2019-12-27 16:50:01";"Lanet bişey ya reklam yüzünden film acilmadi arkadaş varmı böyle bişey yükledim kaldırdım birdaha tovbe onu geçtim 30 sn 40 sn reklam mi olur ya"
98329;;"2018-09-18 17:32:16";Süpersin
99357;;"2018-07-25 20:16:05";"Cok reklamin haricinde hersey mukemmel"
99619;;"2018-07-15 15:59:56";Teşekkürler
125190;;"2017-03-16 02:49:27";"Sansürsüz olsun laan biiiip"
80397;;"2020-01-23 18:39:16";"5 dakikada bir çıkan reklamada alıştık diyelim ama video ilerlemiyor,hep takılıyor."
107275;;"2018-02-04 20:51:29";"Kore hakkinda hic birsey bulamadim Ama genel olarak iyi  Kore filmleri de koyarsaniz sevinirim"
127267;;"2017-02-12 21:57:24";"Üçretsiz diyosunuz ama 5 dakika kadar izledim ve internet paketimden baya gitti. Aciklama bekliyrum lutfen!"
103427;;"2018-03-30 09:41:04";"Teşekkürler güzel bir program"
121861;;"2017-04-18 18:28:59";"Cok guzel bir uygulama fakat izlediklerime izlendi isareti koysa dahada muthis olabilir ☺"
80134;;"2020-02-16 04:23:15";"Android tv uygulaması felaket. Siyah ekran sorunu, donma sorunu, başlamama sorunu, ileriye alma sorunu, duraklatma sorunu. Sahi hiç test etmediniz mi?"
82176;;"2019-09-04 16:07:48";"Uygulam bi harika fakat kategoriler kısmına girdiğimde uygulama durduruldu diyerekten beni atıyor buna bi çözüm gelmesini istiyorum Teşekkürler..."
116226;;"2017-06-20 15:15:24";"Fi harika"
103701;;"2018-03-26 13:05:37";"Çok reklam var doğru dizgün film izleyemiyorum hep reklam veriyor şikayetçiyim bu sorun düzelsin."
120079;;"2017-05-06 05:52:43";"Çok kötü diziyi ileri sararken kapanıyor acil düzelmesi lazım o yüzden 1 Yıldız ve çok reklam var"
79881;;"2020-03-14 21:04:54";"Takılıp duruyor sürekli bi film izleyemedim"
122634;;"2017-04-10 14:16:16";"Şu uygulamayı televizyon uyumlu yapamadınız ya yazıklar olsun netflix e devam"
125705;;"2017-03-05 13:15:06";"This is  very goog"
129036;;"2017-01-25 00:48:01";"Guzel Haha"
120356;;"2017-05-03 19:08:28";Güsel
79638;;"2020-03-31 12:56:32";"Kullanışlı güzel bir uygulama.Daha fazla dizilere erişim sağlanırsa çok daha keyifli olur."
109070;;"2018-01-16 04:03:39";"Daha güncel filmler olabilir  ödüllü yabancı ."
95247;;"2018-12-11 01:56:01";Harika
127765;;"2017-02-08 18:11:43";"Beş para etmez"
119574;;"2017-05-12 17:40:14";"Diziyi atlamak istediğim de sürekli reklam giriyor 5 dk aralıklarla dahi olsa bu sorun çözülsün"
76310;;"2020-04-17 22:33:31";"Bazi dizelerde goruntu kalitesi sifir !"
80146;;"2020-02-15 10:28:09";"Dikkat! Bu program yüksek oranda donma ve düşük çözünürlük içerir..."
110881;;"2017-12-19 17:09:40";Muthis
94756;;"2019-01-02 15:04:38";"Leyla ile Mecnun dizisini neden kaldırdınız acaba?"
127761;;"2017-02-08 18:37:07";"Suna canlı yayında dizi var kacirdigimi düşünsek puhu tv ye ne kadar süre sonra yukleniyor bilen varsa lütfen yardımcı olun"
119304;;"2017-05-15 16:51:20";"Yüklememle silmem bir oldu. Her 10 dakikada bir 30 saniyelik reklam çıkıyor. Ne biliyim sadece bölümün başında fln olsaydı bari reklamlar."
76044;;"2020-05-12 18:25:50";"Bunu gören herkese çok teşekkür ederim. Bu uygulama sayesinde çok istediğim dizileri ücretsiz izliyebiliyorum. Behzat Ç. mesela hem de bedava. Çok güzel ama şu reklamlar olmasa daha bi fıstık olurdu. Ama yine de çok iyi ücretsiz olması."
98341;;"2018-09-18 12:51:49";Perfect
120590;;"2017-05-02 06:40:35";"İnternete bağlı olduğum halde internete takrar bağlan yazısı çıkıyor ve herhangi bir işlem yapamıyorum."
122134;;"2017-04-15 15:37:56";"DAha çok dizi olsa güzel olurdu özellikle yabancı diziler"
101923;;"2018-05-05 06:14:29";"Bu kadar reklam izleyecek olsam tv den izlerim hayırdır"
118533;;"2017-05-24 19:22:47";"Bence benzeri uygulamalara göre çıtanın en üstünde yer alıyor reklam olabilir ama bedava izliyorsunuz sonuçta olsun o kadar"
75790;;"2020-06-14 09:58:37";"Ćok iyi"
120839;;"2017-04-29 06:46:49";"Reklam olmasa güzel olacak"
128021;;"2017-02-04 16:03:45";"Tüm dizileri vermiyor ama fena değil mesela eşkıya yok eklermisiniz aramadada çıkmıyor bilginiz olsun"
89377;;"2019-04-12 20:37:55";"çok beğendim benim istediklerimde vardır yapandan bin kere razı olsun Allah"
114713;;"2017-08-27 17:54:06";"Muhteşem on numara beş yıldız 👑"
117270;;"2017-06-09 19:59:30";"Harika bi program çok başarili gercekten"
75548;;"2020-08-26 15:40:25";"Medcezirin bölümleri neden yok yüklermisiniz başka bir sorunum yok"
75801;;"2020-06-11 23:22:47";"Hepsi eski film Yeni yok Hangi it beni hesabımdan atıyor laaaaannnnnnnnnnnnn Cevap verinlan BIRDE TÜM FILMLER ESKI YETER LAN YENI FILMLER EKLEYIN ADAMIN AASABINI BOZMAYIN İBNELER"
86024;;"2019-06-05 21:42:32";gözübüyük
101412;;"2018-05-24 08:47:50";Süper!!
99595;;"2018-07-16 17:13:07";"İleri geri sarma olsa videolarda daha da güzel olur"
101924;;"2018-05-04 23:33:48";"Nıce butaway"
116255;;"2017-06-20 07:34:18";"Reklamlardan diziye gecerken ekran siyah kaldı sadece ses gelmeye başladı kapatıp açtığımda kaldığım yerde de değildi ileride alinamiyor mu artık."
75283;;"2020-09-29 17:49:48";"Dizi izlerken donuyo çozum bulun lütfen"
121357;;"2017-04-22 21:15:55";"Hersey iyi hos ama guncellemeden sonra yarım kalan yerden devam etmesi yerine bastan almaya basladı duzeltilsin lutfen"
108060;;"2018-01-25 14:19:08";"efsano  değil  efsayes espiriyi anladıysan yorumu beğen"
106021;;"2018-02-23 01:04:34";"Çok güzel bir uygulama"
126739;;"2017-02-18 13:17:35";"Hep bu kalitede ücretsiz gittiği sürece benden tam destek👏 Spotify kadar harika bir uygulama.Bu film,dizi için olan versiyonu sadece.."
100869;;"2018-06-07 21:24:11";"Vakit gecirmek icin güzel"
113167;;"2017-10-31 05:43:11";"Dogus Tv Bu Uygulama Ama Her Başka Dizi İzlediğimde Reklam Veriyor Bence Sunu Kaldirin 1kere Reklam versin Dahada Vermesin Insanın Hevesi Kaciyor ya !"
75035;;"2020-10-16 09:41:49";"Çok fazla dönüyor Gelistirilmesi lazım"
89379;;"2019-04-12 19:30:55";"Yabancı filmlerde getirin şu uygulamaya"
103177;;"2018-04-02 15:22:05";"Çok güzel bi uygulama"
121116;;"2017-04-25 04:07:59";"Biraz daha geliştirilmeye ihtiyacı var film kısmı zayıf kalmış birde ileri geri sarma kolaylastirilabilir"
79647;;"2020-03-30 18:54:47";"Dizimi mobilden ve googledan denememe rağmen açamıyorum sürekli o isaret dönüyor ama asla oynatmıyor"
107269;;"2018-02-04 21:59:48";Bayıldımmmmmmmmm💜💜
107777;;"2018-01-29 16:10:02";Guzel
56320;;"2024-09-23 12:38:24";"Çok kötü rezalet"
56321;;"2024-09-19 22:17:32";"aşırı reklam çıkıyor abonelik sistemi gelmeli en azından ayrıca kaldığın yerden devam edemiyorsun büyük saçmalık"
56322;;"2024-09-15 19:10:09";"Rezalet bir uygulama.her 10 saniye anlattığımda bir reklam çıkıyor bune arkadaş"
56323;;"2024-09-11 22:42:31";"Android tv lerde ses ve goruntu sapmasi var ileri geri yapinca duzeliyor. Ama her bes dakika da bu tekrarlaniyor."
56324;;"2024-09-11 14:23:24";"Reklam çok"
56325;;"2024-09-10 23:51:18";"O reklamları azıcık dengeleyin,videoyuyu ileri sarmak zulüm.reklam algoritması felaket. Behzat Ç.'yi de sansürsüz yayınlayın. Burası televizyon değil."
56326;;"2024-09-10 02:47:40";"Reklamdan dizi izlenmiyor"
56327;;"2024-09-07 08:59:00";"Ya Allah aşkına bu reklamlar ne ya çok azaltın reklam yüzünden tek hiç izlemiyom gogleden izliyom çok kötü reklamlar"
56328;;"2024-09-05 17:36:25";"Çok güzel bir uygulama"
56329;;"2024-09-05 12:42:49";"İçeriği güzel ancak Video izlerken çözünürlük seçemiyoruz ve çok fazla reklam var. Ayrıca Android tv sürümünde uygulamayı kullanamıyorum sürekli ses ve görüntü senkronize sorunu var. Ses önden gidiyor görüntü geride kalıyor."
56330;;"2024-09-05 01:51:43";"bu uygulama kadar saçma reklam veren bir uygulama görmedim her 15 saniyede bir reklam görüyorum izlediğim dizi biter bitmez silicem. birisi demişki 4 reklam giriyor abartmayın daha ne kadar görelim bi bölüm zaten ortalama 1.45 saat allah bu uygulamayı kullananlara sabr versin"
56331;;"2024-09-05 00:46:58";"Her şeyi geçtim akıllı televizyondaki uygulamasında neden hızlı sardırma özelliği yok kaldığın yerden devam et filan değil sadece hızlıca ileriye sardırmak yok bölümü rahatça izleyemiyorum 1.saatine gelip yarıda kesersem 10 sn 10 sn ilerletmek zorunda kalmayayım diye. Bu kadar hantal bi uygulama daha premium gibi bir şey bile yok parasını verip reklamsız izleme yok reklamla ben dizi izlemek istemiyorum premium getirin ve televizyon uygulamasına hızlı sardırma özelliği getirin(android tv değil)"
56332;;"2024-09-02 02:47:38";"Bu iğrenç bi uygulama olamaz sürekli.reklam reklam reklam 🤮🤮🤢"
56333;;"2024-09-01 21:54:41";"Çok reklam veriyor uygulama"
56334;;"2024-09-01 07:00:25";"2 gündür uygulamada sorun var neden oluyor"
56335;;"2024-08-31 13:55:21";"Sırf behzatçe için yukledim yoksa kötü"
56336;;"2024-08-30 16:11:37";"Geliştiricileri reklamların arasına dizi sahneleri koymuşlar. Gerçekten, tam reklama odaklanıyorsunuz ve bir anda dizi sahnesine geçiyorsunuz. Neyse ki çok uzun sürmeden reklamları geri izlemeye başlayabiliyorsunuz. ""Reklam içerir"" uyarısını da yanlış yazmışlar. ""Dizi sahneleri içerir"" deseler daha doğrucu. Bu sebeple puanım 1."
56337;;"2024-08-30 13:58:39";"İçimizden Biri Neden 13+ Genel İzleyici olucaktı 😡"
56338;;"2024-08-30 02:59:53";"Berbat ötesi asla seyir keyfi yok zırt pırt reklam çıkıyor"
56339;;"2024-08-29 11:14:52";"Reklamdan dizi izleyemiyoruz...."
56340;;"2024-08-29 07:05:32";"Uygulama reklamdan geçilmiyor rezalet"
56341;;"2024-08-28 17:45:07";"Reklamın, program ile ses farkı en az 5 tık daha fazla. Azıcık kısın reklamın sesini lütfen!"
56342;;"2024-08-26 00:32:18";"Güzel bir uygulama fakat en büyük sıkıntı kısa sürsede çok sık reklamla bölünüyor keşke youtube da olduğu gibi aylık cüzi bir ücretle reklamsız izleme seçeneği olsa(Premium gibi) olmalı da bence böylelikle isteyen reklamsız izleyebilmeli acilen premium gelmeli"
56343;;"2024-08-25 06:31:18";"Güzel uygulama ama hızlandırma ve ya indirme gibi özellikler olsaymış daha iyi olurmuş."
56344;;"2024-08-21 05:43:57";"Rezalet Bir uygulama Her dakika başı reklam çıkıyor reklam vermek zorunlu olmasaydı 1 yıldız bile vermezdim"
56345;;"2024-08-20 23:20:33";Super
56346;;"2024-08-20 21:29:42";"Sakin yüklemeyin yağmurdan kaçarken doluya yakalanır gibi olursunuz 1 saatlik dizi izliyon 500 defa reklam ve saçma olan şey 4 kere üst üste aynı reklam çıkıyor bir puan bile buna fazla boşuna zaman kaybı yaşamayın"
56347;;"2024-08-19 21:19:49";evdo
56348;;"2024-08-19 10:17:40";"oynatma hızı da eklenmeli onun dışında reklam anlatıldığı kadar çok yok izlenir yani ama oynatma hızını ayarlayamadığımız için çok tercih ettiğim bir uygulama değil"
56349;;"2024-08-17 14:21:57";"Saniyede 1 reklam yiyorum inşallah düzelir"
56350;;"2024-08-17 03:34:53";"Dakka başı reklam"
56351;;"2024-08-16 06:43:46";"Oynatma hızı yok. Bu devirde büyük eksiklik!"
56352;;"2024-08-15 13:05:07";"bi 5dakikada bir reklam çıkıp duruyor çok kötü uygulama 1 puanı bile hak etmiyor ayıp olmasın diye verdim"
56353;;"2024-08-15 12:19:13";"Gayet güzel"
56354;;"2024-08-14 20:41:01";"Dünyanın en berbat uygulaması bune ya?Abi sürekli mi reklam olur sürekli mi ya?Abi dizi izliyorum 10 dakika sadece 6 dakika reklam 4 dakika dizi abi bune ben reklam için mi indirdim uygulamayı?!Tamam koyun reklam ama her dakika mı olur saramiyorum diziyi öyle böyle değil çok gereksiz reklam var rezalet resmen rezalet.Rezalet bile az kalır ayıp olmasın diye söylemiyorum daha ağır itaamlar hak ediyor uygulama.Eğer reklam bağımlısı iseniz bu uygulamayı dinleyin bide birkaç dakika dizi var ama olsun"
56355;;"2024-08-14 09:53:17";"Kaldığı yerden izlemek imkansız, sık sık sesler ve gmründü bir biriyle uyuşmuyor bir illeri yada bir geri yaptıktan sonra düzeliyor. Çok sıradan bir uygulama sanırım ücretsiz olduğu için pekte umursamıyorlar bu eleştirileri"
56356;;"2024-08-12 18:57:40";"Yani araya biraz fazla reklam giriyor ama bayağıdır kullanıyorum ve çok memnunum reklamlarda bence gayet iyi"
56357;;"2024-08-12 16:03:01";"Tavsiye ediyorum çok güzel bi uygulamada reklamlar biraz sınıyo haricinde güzel"
56358;;"2024-08-12 13:45:36";"Nedense diziyi izlerken bi anda çıkıyor asla keyif vermiyor.Bazen de kaldığım yerden devam edemiyorum bi acıyorum başa dönmüş bölüm"
56359;;"2024-08-12 06:34:11";"5 dakikada bir reklam çikiyo bunaldım"
128516;;"2017-01-30 04:44:39";"Çok kafa yormayan bir menusu var ve eski yani farketmez bütün  dizilerin bulunduğu bir camia herkese tavsiye ederim"
127246;;"2017-02-13 07:19:32";"Çok güzel olmuş"
125986;;"2017-03-01 18:08:49";"Çok güzel bir program olmuş, kesinlikle telefonunuzda olması gereken bir program"
124950;;"2017-03-19 08:58:04";Harikaa
123922;;"2017-04-01 10:43:27";"Teşekkür ederim çok güzel olmuş"
122902;;"2017-04-07 21:49:45";"Gayet kullanisli ama daha fazla dizi eklenmeli özellikle yabancı dizi"
121891;;"2017-04-18 11:37:21";"Daha film konulmasını isterdim çok az var yoksa kendisi iyi rahat izlenebiliyorsunuz"
121100;;"2017-04-25 09:55:42";"Güzel bence"
123929;;"2017-04-01 10:07:46";"Kemal Sunal filimleri ağırlık olsun üçkağıtçı davaro tokatçı bide aşkı mennu dizisi olursa sevinirim ☺"
119330;;"2017-05-15 09:59:03";"her sarmaya reklam"
118558;;"2017-05-24 13:26:49";"çok geniş bir dizi içeriğine yada film seçenekleriyle süslenebilir uygulama. kazanmak istiyorsanız insiyatif almalı ve bunu göz ardı etmemlisiniz"
117792;;"2017-06-03 11:20:54";"Mükemmel bir platform. 😌"
128536;;"2017-01-29 21:00:35";"Mükemmel ötesi"
116480;;"2017-06-17 11:25:54";"Izliyip bitirdigim bolumu hala devsm etmek istermisiniz diye gosteriyo o hayasi düzeltmeli"
115731;;"2017-07-08 15:25:39";"istedigim dizileri bulamiyorum mesela kalp atisi"
124165;;"2017-03-31 17:35:13";"Ya acilmiyoki program hep hata veriyor bu ne ya"
114450;;"2017-09-11 19:55:50";"Bence cok guzel iru uy6glama"
115747;;"2017-07-08 00:01:15";Super
113189;;"2017-10-30 19:43:29";"Harika bir fikir gerçekleştirdiniz tşk ler😀"
112664;;"2017-11-11 16:10:18";Harika
112143;;"2017-11-22 19:04:32";"Film izlemek için çok güzel bir uygulama"
111626;;"2017-12-06 11:20:54";"Kaldıgın yerden devam etse ve 10 ar saniye ileru ve geri özelliği olsa süper olur"
111113;;"2017-12-17 18:55:36";"Çok fazla takılma sorunu var. Videolar akıcı izlenemiyor"
110604;;"2017-12-22 10:22:28";"Reklamlar fazla biraz daha az olsa reklam iyi olur"
110099;;"2017-12-26 10:49:42";"Reklamsız olsun diye burdan izliyorum ben maşallah maşallah reklam üstüne reklam ne anlamı kaldı ki"
109598;;"2018-01-03 23:33:50";"Güzel Tebrik Ediyorum PuhuTV..."
123171;;"2017-04-05 14:18:06";"Fi açılmıyor bide bir kac dizi açılmıyor"
110113;;"2017-12-26 07:14:36";"Bence süper daha iyisi varsa söyleyin"
108306;;"2018-01-22 21:32:45";"Güzel bir uygulama fakat reklam çok"
124197;;"2017-03-31 17:14:06";"UYGULAMANIZ guzel ama sıfır biri de ekler seniz çok iyi olur"
107523;;"2018-02-01 09:18:30";Harikaa
107044;;"2018-02-08 18:45:10";Süper
106752;;"2018-02-13 11:27:07";"Reklâm vermeseler da güzel"
128801;;"2017-01-26 12:25:25";"Guzel bi uygulama"
105993;;"2018-02-23 21:37:39";"İyice berbat oldu diziden çok reklam izliyoruz birde sebepsiz kasılmalar boku çıktı artık yarında düzeltilmez ise programı kaldıracağım gereksiz yere internet harcamaya gerek yok ilginize...."
114693;;"2017-08-28 16:47:45";Giremiyorum
105246;;"2018-03-07 14:59:08";"Reklam sıklığı dışında çok memnunum"
104965;;"2018-03-12 11:28:53";"Süper 👍"
116505;;"2017-06-17 07:34:28";"harika puhutv"
104231;;"2018-03-21 19:49:50";"Sağolun 😀😀"
103956;;"2018-03-24 12:02:10";"5 yıldız vermemin sebebi iyi bir uygulama ama indirin diyemicem belli başlı kanalların belli başlı dizileri var bu çok kötü bir yani eğer daha çok tutulan dizileride eklerseniz daha iyi olur ama eklemeyeceğinizi zaten biliyorum yinede aöylüyorum bu arada reklamlar bangıt bangır ses yapıyo kısmama rağmen yinede bangır bangır şuna bir el atın reklam çok çıkmıyo o iyi işte son olarakta tüm kanallar diyemeyeceğim ama en çok izlenen kanallardaki dizileri bir zahmet koyun  izlenmeyeceğini bildiğiniz halde koyduğunuz dizileri değil!! Örneğin Fox Star Trt1 Kanalde Atv ve Tv8 çünkü onlarında kendiletine ait uygulamaları var ama burdan paylaşırsanız siz daha karlı olursunuz bu kadar bu arada uygulamayı indirene kadar tüm kanalların uygulamasını indirin daha iyi!!!!!!!"
103683;;"2018-03-26 16:04:52";"Kusursuz.tesekkurler puhu tv."
107548;;"2018-01-31 21:08:46";"Kaçırdığım dizileri rahatça izleye biliyorum"
121345;;"2017-04-22 22:15:15";"Tek kelime muhteşem  bir uygulama."
122394;;"2017-04-13 11:36:08";"Zayif ve eksikleri  çok olan bi uygulama ici boş bile sayılır"
102437;;"2018-04-17 21:36:53";"Merhabalar ben bu programızı bayadır kullanıyorum yaklaşık 5 ve ya 6 aydır 
fakat ilgilimi çeken durum bölümlere sansür koyulmuş sanırım ben özellikle 
tv den değil de bu programdan izlememin sebebi sansür derdinin olmaması 
lütfen sizlerden rica edip sansür olayını çözmenizi isterim bu program 
özgür bir program olmalı sansür olmamalı. Ve bir de bir ricam daha var Dip 
dizinin bölümleri çok seyrek düşüyor pek tutulmuyor galiba ben çok beğendim 
diziyi umarım yeni bölümleri çıkar zaten çok başarılı oyuncular aktörler 
oynuyor bölümleri çıkmıcaksa söyleyin bari hergün bakmak zorunda 
kalmayayım. Sizi tebrik ederim muazzam bir program ve proje başarılarınızın 
devamını dilerim hoşçakalın."
102174;;"2018-04-26 15:09:16";"Hem websitenize hem de uygulamaya ""izlemeye devam et"" kısmındaki yarım 
kalmış dizileri kaldırma seçeneği eklenmesi lazım. Hatta bazen bitirdiğim 
dizi bile yarım kalmışlar arasında görünüyor, kaldıramayınca da iyice 
kalabalıklaşıyor."
101913;;"2018-05-05 17:08:01";"Yapacağınız isin koyacağınız reklamın emegi gecen herkesin anasının amina 
koyim"
101654;;"2018-05-15 07:35:48";Harika
101398;;"2018-05-24 18:04:13";"E F S A N E"
101144;;"2018-06-01 21:30:06";Mukemmel
100892;;"2018-06-07 18:20:09";"On numarasın puhu tv"
100642;;"2018-06-11 13:05:09";"güzelbi uygulama"
126720;;"2017-02-18 17:19:12";"Eski film ve güncel dizileri izlemek için süper bi uygulama ama liste yi dahada kalabalik olması lazım öyle çok daha iyi olur"
125469;;"2017-03-10 17:56:25";"Sansür var kaldırın"
116003;;"2017-06-27 12:15:26";Super
128791;;"2017-01-26 14:45:45";"İnternet sitesi zaten çok başarılıydı. Uygulaması da harika olmuş. En iyi özelliği reklamsız olması. İşin içine reklam katarlarsa eğer güzelim uygulama mahvolur... Çok başarılı 👍"
103436;;"2018-03-30 05:33:45";"Ben sevdim kacirdigim dizileri hep burdan izliyorum reklamlarin cok kisa olmasi guzel birde kaldigim yerden izleme sansimin olmasida cok iyi"
99328;;"2018-07-26 22:46:54";"Reklam arası film izleme programına hoşgeldiniz. Bu kadar kaliteli 
yapımların olduğu ama reklam politikasının da bu kadar iğrenç olduğu baska 
program yok heralde"
99090;;"2018-08-07 09:02:05";Güzel
98854;;"2018-08-19 22:35:48";"Aynn bu uygulama 10 numara beş yıldız tam 100 tane yıldızı hakediyor..."
112400;;"2017-11-17 00:27:56";"cok begendim"
106776;;"2018-02-13 03:11:12";Harika
98310;;"2018-09-18 21:13:06";"İndirin super"
98081;;"2018-09-27 13:47:58";Mikemmel
111367;;"2017-12-13 09:08:08";"Harika bir program"
111873;;"2017-11-28 17:25:25";"Bu kadar reklam TV deyok"
97554;;"2018-10-22 13:17:43";😍
117525;;"2017-06-06 14:33:09";"Sen sevdamısın yoksa ponçik bir uygulamamı?"
96019;;"2018-11-06 12:15:06";"Youtube de bulmadığım dizilerin tüm bölümleri veya filmleri burda buldum teşekkürler 😊"
114726;;"2017-08-27 06:40:25";"Bencede süper ama internetli olduğu için elektirikler giderse now giremwsseniz ama bayıldım"
105739;;"2018-02-28 19:27:08";"Kısa aralıklarla girilen reklamlar çok rahatsız edici..."
95511;;"2018-11-28 20:48:01";"Güzel izlemediğim bölümleri izliyoeum vs eski filmlerimi izliyorum açık cası puhutv çokk güzel denemeyenler denesin"
109348;;"2018-01-09 21:46:54";"Cok iyi"
125443;;"2017-03-10 22:30:52";"Baya iyi"
126736;;"2017-02-18 13:40:13";"İstediğim uygulamayı buldum. Adamsınız"
117510;;"2017-06-06 18:16:20";"Vestel smar tv de puhu tv uygulaması markette yok eklenmeli"
94742;;"2019-01-03 07:41:38";"dirilişi ertugrulu silmeniz dışında herseyiyle super bi uygulmaydi..."
96035;;"2018-11-05 21:32:30";"fazlasiyla iyi super reklamlari bile zevkle izliyorum.."
126738;;"2017-02-18 13:17:56";"Filimler az kalmış onlarda eklendiğinde 5 yıldız ama şu anlık 4 yıldız indirmenizi tavsiye ederim"
116754;;"2017-06-13 22:53:53";"Videolar acilmiyor"
92702;;"2019-02-02 22:00:32";super
114469;;"2017-09-10 17:02:47";"Güzel bir uygulama"
92438;;"2019-02-12 09:31:16";mükkemmel
103454;;"2018-03-29 22:34:54";Fevkalade
92178;;"2019-02-19 18:31:50";"Çok iyi ileride bir netflix olur senden puhu 😉"
120596;;"2017-05-02 06:08:22";"Dizilere çoğu zaman kaldığım yerden başlayamıyorum, kaldığım yerin gerisinden başlıyor dizi. Böyle ufak bir problem dışında çok iyi"
91922;;"2019-02-27 23:05:31";"çok güzel"
102916;;"2018-04-07 04:04:13";"Çok reklam var"
91670;;"2019-03-07 20:02:07";"Uygulama yag gibi akiyor cok iyi.sadece izledigimiz bolum veya actigimiz fragman alt tarafta kaliyor saga veya sola ittirerek kapatamadim."
115204;;"2017-07-27 14:47:14";Süper
89886;;"2019-03-19 16:59:08";"acilmiyo. birseyler yanlis gitti diyo caliamiyor videolar."
98569;;"2018-09-06 09:33:19";Mükkemmelllll
126745;;"2017-02-18 12:09:35";"Harika yani ne diyim bilemedim"
129058;;"2017-01-24 20:48:26";Guzel
113669;;"2017-10-24 05:41:33";"Mükemmel bir uygulama yabancı dizi versiyonuda olsa keşke çooook beğendim bu arada Meryem'ide ekleyebilir misiniz? 😊👌💞"
89353;;"2019-04-13 06:23:50";"süper birşey ama benim sevdigim diziler ve filmler yok.👌"
104739;;"2018-03-16 15:12:16";"Bütün diziler var tamam kalite tamam ama her ileri sarıldığında reklam mı vericek bu uggulama? Bu nasıl bir para odaklı uygulamadır  2 dakika ileri sarıyosun reklam gero sarıyosun reklam reklam reklamda reklam"
89109;;"2019-04-20 16:49:22";"harika bi uygulama tavsiye ederim cukuru hep burdan izliyorum begenmesseniz Instagram dan yazin ( okantrnn )"
111366;;"2017-12-13 09:34:13";"Çok iyi"
120845;;"2017-04-29 03:55:52";"Çok güzel"
91682;;"2019-03-07 04:52:58";Süper
104462;;"2018-03-20 01:20:17";"yabnci dizileride eklerseniz sewinirz..."
88600;;"2019-05-13 11:33:31";"🔟 Numara beş yıldız Çukur için ve türk yapımı olduğu için gurur duyuyorum sizinle DoğuşDigital"
95252;;"2018-12-10 22:46:13";"Çok diziler bu izleniyor"
112423;;"2017-11-16 17:38:42";"Super olmuş emeğinize sağlık 😁"
86790;;"2019-05-19 11:44:26";güzel
106500;;"2018-02-15 20:47:44";"Guzel bir uygulama elinize saglik"
121638;;"2017-04-21 15:12:28";"Reklamsız dizi kadar keyifli bir şey olamazdı mütiş diyebilirim."
92196;;"2019-02-19 08:17:57";"Uygulama gayet iyi ve akıcı halde. Ancak yeni akıllı telefon ekranlarının 16/9 yerine 18/9 ekran formatında olduğundan dolayı yeni akıllı telefonlarda izlerken ekranı doldurmuyor. Bu sorun da düzeltilirse gayet başarılı bir uygulama."
114694;;"2017-08-28 14:24:07";"Çok donuyo"
129289;;"2017-01-19 11:32:39";"Samsung galaxy A5"
88838;;"2019-05-01 15:09:41";"Batı taraflı filmler içeriyor hep"
108041;;"2018-01-25 20:16:29";Müthiş
86055;;"2019-06-04 14:33:32";mükemmel
106524;;"2018-02-15 19:28:17";"Ücretli olmazsa reklamlar çekilir netflix gibi olursa iş yapmaz bence"
99609;;"2018-07-15 23:33:51";"Son güncellemeyle çift tıklama ile 10 saniye ileri-geri özelliği de gelmiş. 
Onun dışında beğenerek kullandığım bir uygulama. Teşekkürler"
120067;;"2017-05-06 07:15:55";"Ulan ne harika birşeysin puhutv"
85761;;"2019-06-16 23:39:20";super
112898;;"2017-11-07 14:58:44";"Çok iyi"
122136;;"2017-04-15 15:10:43";"Çok güzel ve yararlı bir uygulama olmuş teşekkürler!"
85523;;"2019-06-30 18:42:57";"reklam reklam reklam"
113427;;"2017-10-27 17:50:32";"Ya sürekli reklam 3 dakikada bir dizi bile izleyemiyorum yeter artık"
111644;;"2017-12-05 20:51:36";"Daha fazla yeni filmler lütfen.."
125717;;"2017-03-05 08:17:58";"On numara bi program olmus tesekkurler..."
112922;;"2017-11-06 22:14:01";"Eksikler var ama gene de güzel"
122915;;"2017-04-07 20:37:40";"Banshee  yi yüklermisiniz?"
106531;;"2018-02-15 19:16:15";Güzel
82204;;"2019-08-30 20:51:27";"Videolar açılmıyor."
122370;;"2017-04-13 17:39:23";Harika
97294;;"2018-10-31 12:22:58";😍😘😍
121361;;"2017-04-22 20:57:04";"Son güncellemeden sonra ""Bıraktığınız yerden devam edin"" kismi çalışmamaya başladı. Ve eski izledigim bölümlerde takılı kaldı.. Uygulamayı sıfırlamama rağmen herhangi bir sonuç alamadım."
81941;;"2019-10-01 15:39:03";"puhutv ye üyeyim lakın izledigim flim dizileri kaldığım yerden izlemiyorum üstelik surekli hata veriyor duzeltilmesini rica ediyorum"
114945;;"2017-08-12 11:47:25";"Çok guzel"
114724;;"2017-08-27 11:58:25";"Şahane bir uygulama"
110884;;"2017-12-19 16:33:19";dehset
81683;;"2019-10-19 14:46:08";"Bütün yorumlar mi kötü olur iyi deneyimi olanlar yazmamış diye düşündüm yüklerken ama daha açılmadan kapanıp hata veriyor?!!"
97811;;"2018-10-09 17:08:11";"Çukur için"
112157;;"2017-11-22 16:17:13";Super
109066;;"2018-01-16 05:51:12";"Artık yaşamamın bir anlamı var.. Ücretsiz olması ve kaliteden ödün vermemesi sebebiyle 5 yıldız az bile diyorum..."
81432;;"2019-11-07 08:50:04";"Bu kadar reklam olamaz seyir zevki gidiyor"
124446;;"2017-03-29 14:21:27";"Bence gayet hoş bi uygulama.."
111892;;"2017-11-28 11:11:30";"Reklamdan başka hiç bir şey yok."
104474;;"2018-03-19 23:54:14";"Emeğinize sağlık"
81189;;"2019-11-30 14:52:56";"Keşke indirip daha sonra izleme şansımız olsa"
108558;;"2018-01-20 08:30:33";👌👌👌
103703;;"2018-03-26 12:56:54";"cok guzel"
120075;;"2017-05-06 06:37:57";"Kesinlikle harika 😊😊😊"
80903;;"2019-12-12 13:06:52";"Emui 10 ile uygulamaniz acilmiyor lutfen bunu duzeltirmisiniz"
86023;;"2019-06-05 23:58:48";"kesintisiz net güzel beğendim"
95265;;"2018-12-09 22:02:24";"Güzel bi uygulama👍✌✌"
107012;;"2018-02-09 04:43:31";"Süper bir uygulama elinize sağlık teşekkürler..."
80669;;"2019-12-27 17:25:05";"Uygulamayı indirdim dizi izliyecem sürekli reklam giriyor ve reklamda donuyor lütfen düzgün bir şekilde güncelleyip donmamasını sağlayın sağlanmıyorsa puhutv kapatın"
81444;;"2019-11-05 15:26:31";"Yahu önceden dizinin izlediğin bölümünde nerede kaldıysan ordan devam edebiliyordun şimdi hiçbir şey belli değil hangisini izlemişsin hangisininde yarıda kalmışsın buna acilen bir çözüm getirilmeli yoksa kaldıracağım programı"
122640;;"2017-04-10 10:45:38";"Perfect 👌"
99862;;"2018-07-06 13:38:44";"Mükemmel MMM meleklerle kullanılması"
116247;;"2017-06-20 09:37:56";"Çok güzel fakat 'Söz' dizisi de gelirse efsane olur"
80396;;"2020-01-23 20:51:15";"Hercai Dizisini bekliyorum burdan Yetkililete duyrulur."
82214;;"2019-08-27 21:15:51";"Aradığım hiç bir dizi yok..."
116500;;"2017-06-17 08:45:17";"Harika bir program fi dizisi için yükledim ama gerçekten takılma yok renkler süper reklamlar olması gerektiği kadar tebrikler"
129033;;"2017-01-25 06:42:01";"Tam bir  ****** uygulaması"
122658;;"2017-04-09 23:44:17";"Iyi olmuş beğendim"
80133;;"2020-02-16 04:24:53";"Herşey çok güzel istediğim diziyi izleyebiliyorum harika sürekli çukur kuzey yıldızı hepsini izleyebiliyorum bence indirin pişman olmazsınız ama bir tek sorun isteğim bazı diziler yok örneğin afili aşk her yerde sen lütfen bunları da yüklemisiniz"
123664;;"2017-04-02 06:58:53";"Arkadaşlar gerçekte uygulama güzel tavsiye ederim"
104721;;"2018-03-16 22:00:18";Harika
125209;;"2017-03-15 15:59:29";Güzel
120863;;"2017-04-28 20:07:04";"Bir çok sitede bulamadığım dizilerin bütün bölümlerini burada çok rahat bir sekilde buldum emeği geçen herkese çok teşekkür ederim iyiki böyle bir uygulama yapmışsınız"
79880;;"2020-03-14 21:49:34";"Nvidia shield pro ile arattığında playstore da çıkmıyor"
129294;;"2017-01-19 03:13:31";"Netflix'in tr şubesi mübarek bayıldım bir de indirme seçeneği eklenir ve popüler yabancı diziler eklenirse tadından yenmez !!!"
122910;;"2017-04-07 21:06:58";"Poyraz Karayeli de ekleyin lütfenn"
124198;;"2017-03-31 17:12:33";"Uygulama güzel ama dizilerin çoğunu açmıyor yükleme başarısız tekrar deneyin diyor devamlı ??"
114466;;"2017-09-10 19:47:23";"😍 mühim olan  aşkla yapmak"
79637;;"2020-03-31 15:00:02";"Hep Donuyor Yaaa"
97300;;"2018-10-31 05:59:47";"Uygulama kullanım olarak iyi ama içerik konusunu biraz daha arttırmalısınız"
119076;;"2017-05-19 07:26:52";"Berbat indirmeyin tek reklam diyor 30 saniye boyunca gecemiyorsunuz dizi boyunca 15 20 tane cıkıyor reklam berbat bi uygulama"
107268;;"2018-02-04 22:18:18";"Kalp atışı dizisini eklerseniz memnun olurum. :)"
113930;;"2017-10-08 06:34:17";"En iyi film uygulaması."
76309;;"2020-04-17 22:33:58";"Kalite ayarını kaldırmasanız çok iyi"
113159;;"2017-10-31 11:08:08";"Rezalet sürekli reklamla bölünüyor."
97292;;"2018-10-31 14:05:43";"Gayet Başarılı bir uygulama"
115476;;"2017-07-15 09:42:04";"Kaldığım yerden devam etmek için giriyorum reklam çıkıyor ve raklam bitince siyah bir ekran ve dönüp duran beyaz bir çember daha düne kadar hiç bişey yoktu gayet iyi izliyordum diziyi dün akşamdan beri açılmıyor lütfen düzeltin artık şu sorunu"
102147;;"2018-04-27 15:56:47";"Çok reklam varr çokk"
120082;;"2017-05-06 02:39:41";"Reklamlarınız batsın ipneler.. 5 tane reklamı zorla izlettikten yarım saat sonra zorla programdan çıkıp  tekrar girdirerek üzerine  bir 5 reklam daha izlettiren ockar para aşkınızdan geberin.. 5⛤ verenin de 4minagosunlar millet mal mk mal"
76043;;"2020-05-12 19:27:54";"Gozel bence bir sıkıntı yok yani severek izliyorum sağolun 😍😍"
127754;;"2017-02-08 19:55:40";"Şuan çok güzel"
128018;;"2017-02-04 16:56:17";Güzel
97572;;"2018-10-21 07:24:44";"Ama biraz kasıyo. Kasmasaydı 5 yildız verirdim"
102148;;"2018-04-27 14:18:45";"Güzel bir uygulama ama hızlı oynatma ve ileri sarmanın da eklenmesi 
gerekiyor..."
119305;;"2017-05-15 16:36:18";"Dizinin kaldığı yerden devam etmemesi ve zorunlu reklamlar gerçekten çok kötü...hem internetten izle hem de zırt pırt reklam arasi bence bu konu düzenlenmeli"
75789;;"2020-06-14 14:06:11";"İnternetin çok iyi olması gerekiyor, yoksa çok donuyor. Birde çoğu dizi yok, sadece kuzey yıldızını izlemek için yükledim."
79894;;"2020-03-13 21:21:15";"Kesinlikle indirmeyin reklam cikiyor surekli donuyor sacma sapan bir hal aldi önceden boyle degildi siliyorum simdi"
102664;;"2018-04-12 11:24:33";"Donmadan Çok Fazla Reklam Olmadan Türk Dizilerini İzliyorum Türk Dizileri Internette Biraz Sıkıntılı oluyor part part fln show twde internet sitesinde reklam birsurü her parrta 3 tane reklam reklamlar donarak gidiyor puhu tv yi iyiki indirdim deneyin"
107558;;"2018-01-31 20:13:11";"Sansürsüz ve az reklamla izleme imkanı olması harkulade.."
124416;;"2017-03-29 21:48:20";"Türkiye kapsamında ciddi anlamda kalite içeren bi uygulma"
128522;;"2017-01-29 22:57:04";"Yabancı dizileride bekliyoruz......"
75547;;"2020-08-27 07:59:04";"Yav kardeşim reklam koyun koyun da her dizinin başına koyuyorsunuz hangi bölümde kaldığımı bulmam için 10 tane reklam izliyorum ileri sarıyorum reklam bunedir arkadaş azcık azaltın şu reklam sürelerini 35 sn reklam izlemek istesek açar televizyon izlerdik"
121355;;"2017-04-22 21:24:31";"30 dk reklamdan sonra programdan atiyor. Bı daha baştan izlemek zorunda kalıyoruz yine aynı yerde tekrar atiyor. Lütfen düzeltin program ile ilgili sıkıntıları"
80644;;"2019-12-29 18:36:11";"Reklam manyagi bi site 7"
85786;;"2019-06-15 21:56:46";Beğendim.
110865;;"2017-12-19 18:43:19";"Helal sana be o derce yani 😊"
101889;;"2018-05-06 11:31:41";"Anlatmaya gerek yok mükenmel bi dizi programi herkeze tavsiye ediyorum 
basarılarinizin devami diliyorum"
117009;;"2017-06-11 19:53:43";"süper en iyi izleme kalitesi veriyorlar 😄"
75282;;"2020-09-29 17:57:43";Aliii
119825;;"2017-05-08 16:51:42";Muhteşem
80645;;"2019-12-29 15:24:42";"Siteden çok daha kötü, görüntü kalitesini ayarlayamıyoruz. Ayar işareti bazen çıkıyor onda da basarsak uygulama çöküyor"
89126;;"2019-04-20 07:24:51";"guzel 😊"
126243;;"2017-02-25 16:30:01";Mükemmel
101121;;"2018-06-02 14:41:38";"10 numara 5 yıldız 👌"
113696;;"2017-10-23 11:09:36";"Gayet güzel bir uygulama"
75034;;"2020-10-16 18:22:52";Mükemmel
126221;;"2017-02-25 20:40:17";Kiralık
111390;;"2017-12-12 18:41:59";"Reklamlar olmasa cok iyi olacak 👋"
89618;;"2019-04-01 13:34:04";"çok iyi"
79654;;"2020-03-30 10:28:30";"Çözünürlük seçme deden yokki 144p de izliyorum bu ne"
81411;;"2019-11-09 21:42:16";"SAKIN İNDİRMEYİN !!! İNTERNET SİTENİZDE BERBAT SÜREKLİ Bİ REKLAM.."
118045;;"2017-05-31 18:28:09";"Ayakta alkışlıyorum çok güzel bir uygulama"
56576;;"2024-04-13 06:05:39";"Koyun koyun reklamı filim de nerede kaldığımı bulmak istiyorum her ilerletigimde reklam yiyiroum bravo size indirmeyin kullanmayın"
56577;;"2024-04-12 10:59:28";"Senin gibi uygulamanın ben ap 5 dk bir 30 sn reklam"
56578;;"2024-04-11 08:47:13";"Reklam izletip donma nedir ya. Bi izleyemedim diziyi. 30 saniyeden kısa reklam yok. Dönüp duruyor"
56579;;"2024-04-11 01:18:54";"Yapacağınız sitenin de verdiğiniz bin dk reklamın da a........ Kimseye indirtmeyecem bu uygulamayı"
56580;;"2024-04-10 19:13:05";"lanet olsun böyle reklamlara tamam reklam koyarsın ama aynı reklamı koyma farklı koy hep 30 sn reklam ya"
56581;;"2024-04-10 14:34:04";"Dizi izlerken her reklam verdiğinde bölümü en baştan başlatılıyor....!!!"
56582;;"2024-04-10 09:11:36";"Hiç beğenmedim"
56583;;"2024-04-10 02:01:08";"2 dakika bir seye bakayim dedim sagolsunlar 500 tane reklam izlettiler eyvallah para kazanmaniz gerekiyor anliyoruz da seyircinin seyir zevkini dusurerek sadece kendinize zarar verirsiniz bu konuda destege ihtiyaciniz olursa seve seve yardimci olurum duzelltme: Siliyorum duzeltme bitmistir"
56584;;"2024-04-09 00:37:41";"Ortalama 6-7 dk reklam çıkıyor bu kadar kötü bir uygulama görmedim"
56585;;"2024-04-08 23:12:57";"Böyle reklam politikası olmaz"
56586;;"2024-04-08 21:18:54";"Bir film izleyek dedim flmden çok reklam izledim Değmez boşuna indirmeyin adamı flimi izlemekten soğutuyo"
56587;;"2024-04-08 06:31:57";"Yüklemeyin kesinlikle Önermiyorum Dizileri Kendi Kanal Sitelerinden İzleyin zırt pırt Reklam ve gereksiz zaman kaybı"
56588;;"2024-04-07 22:18:57";"Apple reklamından bıktım artık çok reklam çıkıyor"
56589;;"2024-04-07 12:02:46";"Reklam üstüne reklam berbat"
56590;;"2024-04-07 00:22:26";"Reklamlar cok sinir bozucu. Hadi en bastaki neyse, ama ortalarda cikanlar butun keyfimi kaciriyor. Bu ilk sorundu. İkincisi, bolumleri indiremiyoruz. Bolumleri indirip cevrimdisi izleyebilsek cok guzel olur."
56591;;"2024-04-05 21:19:35";"Çok fazla reklam"
56592;;"2024-04-04 20:13:33";"Sizin reklam anlayşınız yokmu kardeşim televizyonda yok bu kadar reklam öldünüzmü ya o kadar reklama ne lüzum var art arda reklam ilerletmeye gelmiyor ya diziyi Cat anında reklam ya adam gibi yapın yada hiç yapmayın"
56593;;"2024-04-04 14:01:46";"Çok sık reklam cikiyo bu sebepten dolayı siliyorum"
56594;;"2024-04-02 20:52:07";"Reklam fazla Okey de indirme getirin su uygulamaya parasıylada makul bi fiyat yapın işte"
56595;;"2024-04-02 11:36:23";"Abi başlarım sizin reklamınızada çıldırırsın yemin ederim bi reklam geç yapın anasını santim sırf para için bide o amk iPhone 15 reklamı beni benden alıyo zaten bide en sinir olduğum şey işim çıkıyo filimim yarıda kalıyo işim bitihindede o yeri yakalamak için binlerce reklam izliyorum amk"
56596;;"2024-04-01 16:54:38";"reklam izlemek için baya güzel platform yalnız reklam aralarında çıkan dizi kısmını atlamak için buton olmalı (!)"
56597;;"2024-04-01 09:53:29";"Sürekli reklam çıkıyor ve geçilmiyor en az 30 saniyelik oluyor ve sürekli çıkıyor"
56598;;"2024-04-01 09:09:23";"Reklam uygulaması ??"
56599;;"2024-03-30 20:25:40";"Sevgili puhutv yapımcıları puhutv de isim düzenleme yerine basıyorum girmiyor ve izlediğim diziler kaldığı yerden devam etmiyor lütfen bunları düseltin ve en kısa zamanda güncelleme gelmesini diliyorum iyi günler dilerim"
56600;;"2024-03-30 14:07:56";"Allah çarpsin çok iyi aga insanlar reklam falan demiste bana daha reklam çıkmadı netflixin türk dizileri paylaşan versiyonu gibi bide ücretsiz"
56601;;"2024-03-30 02:07:19";"Daha fazla reklam koysaydınız az olmuş."
56602;;"2024-03-29 01:42:14";"Lanet gelsin bu bildiğin reklam programı iğrenç iPhone reklamı yüzünden telefonu satacam atacam bu ne ya indirmeyin indiren varsa da silsin igrenccccc c"
56603;;"2024-03-28 20:27:57";"Şu reklam zırvalik larina Bi çare bulun."
56604;;"2024-03-27 17:29:53";"Uygulama genel olarak güzel ama reklamlar cidden kafayı yedirtebilir dk başı reklam 30 saniyelik birde lütfen reklamları düzeltin para kazancaz diye kullanıcılarınızdan olmayın"
56605;;"2024-03-27 07:40:57";"Tamam reklam koyuyorsunuzda ileri sardirdiğimizda neden reklam izlemek zorundayız 1 puandan fazlasini hak etmeyeyecek bi uygulama"
56606;;"2024-03-26 07:14:18";"Bı film izletmediniz 10 dakikada bir reklamın olur"
56607;;"2024-03-25 23:11:24";"Az daha reklam koysaydınız film yada dizileri izlerken canımız sıkılmazdı! 10 saniyede 3 reklam nedir insaf yahu"
56608;;"2024-03-25 21:37:51";Berbat
56609;;"2024-03-25 15:29:13";"Berbat bir uygulama her dakikada bir reklam çıkıyor rezalet."
56610;;"2024-03-24 23:19:48";"Reklamlarinizdan gına geldi reklam parası kazanacağınız a kadar uyelik parasi isteyin ondan daha iyi"
56611;;"2024-03-24 07:06:44";"Uygulama aşırı kötü sadece REKLAM üzerine tasarlanmış bi uygulama, uygulamaya giriyorum REKLAM film izleyecem reklam filmi biraz ileri alıyom yine REKLAM ne bu kardeşim ben Filmimi mi izleyecem sizin Reklamlarınızımı olmaz bu kadarda ya Youtubede bu kadar Reklam çikmiyo bı Film izlicem 8,10 tane reklam çikiyo bı filmde"
56612;;"2024-03-24 00:47:06";"aga bu ne sardırmaya kalksam reklam izlemeye baslasam reklam ortasında en iyi yerinde her yerinde reklam var eyw koyun reklam sizde kazanında izleyemedikten sonra biseyleri kazanmayin sizde tilt oldum 15 dk da 5 reklam izledim sardıramıyorumda asla indirmem daha da"
56613;;"2024-03-24 00:33:21";"Şu obez adamın galerisini daha fazla görmek istemiyorum ne reklamış (iphone 15)"
56614;;"2024-03-23 23:17:10";"Siz nasıl insanlarsınız bir uygulama ancak bu kadar kötü olabilirdi helal olsun reklam için kendinizi satmışsınız 40 saniyelik fragmanda bile iki reklam olur mu ?"
56615;;"2024-03-23 17:28:00";"Hep reklam hep reklam"
128514;;"2017-01-30 05:47:00";"Harika bir uygulama"
127244;;"2017-02-13 07:41:00";"Mükemmel valla behzat c bile var yapanlarin eline sağlık"
125984;;"2017-03-01 18:54:50";"Çok başarılı teşekkürler. Birde yabancı diziler ve filmler için olsa mükemmel olur"
124948;;"2017-03-19 09:11:11";"Gerçekten nefis bir uygulama"
123920;;"2017-04-01 10:58:59";"Annem bilgisayardan izliyor süper"
122900;;"2017-04-07 22:13:57";"Daha rahat izlemek icin kesinlikle indirim"
121890;;"2017-04-18 12:21:03";"Eskiler yeniler güzel arşivi olan zaman geçirmek için ideal bir program"
121099;;"2017-04-25 10:09:24";"Donma kasma hiç bir sıhıntı yok ellinize sağlık ha birde diğer dizler yok söz dizisi mesala savaşçı dizisi onlarıda koyun uygulamaya"
124957;;"2017-03-19 04:34:14";"Kaliteli internet dizisi çekmeye başlar ise blu tvden çok izlenir ücretsiz olması sebebiyle"
119329;;"2017-05-15 10:10:07";"Harika. Dizi kaçırdım diye üzülmüyorum artık."
118557;;"2017-05-24 13:42:45";Harika
117791;;"2017-06-03 11:37:14";Ehh
117031;;"2017-06-11 14:53:54";"Süper uygulama"
116482;;"2017-06-17 11:18:43";"Ben nasıl izlersem"
115730;;"2017-07-08 15:27:11";güzel
125194;;"2017-03-15 23:31:52";"ulan Türk dizisinden başka dizi yok Türk dizisi izlemek istesem televizyondan izlerim degil mi yapacagınız isi s"
114449;;"2017-09-11 20:41:09";"Güzel uygulama"
116499;;"2017-06-17 09:05:15";"Normal  tv de  3 bilemedin 4 reklam sende 5 dakikada bi reklam bu ne la  reklam izlemek icin mi yukledik bunu Reklamlardan artik bi hal olduk lan buna bi çözüm bulun 3 yıldız şimdilik yeter reklamları azaltirsaniz 5 e çıkar"
113188;;"2017-10-30 19:51:02";Güzel
112663;;"2017-11-11 17:27:39";"DİZİYİ SON KALDIĞIM YERE İLERLETİCEM 7 DEFA REKLAM İZLETTİN İNSAFSIZ ALLAH BELANI VERSİN"
112142;;"2017-11-22 19:16:20";"Cok iyi canli tv izlrme özeligide gelse"
111625;;"2017-12-06 12:44:30";"Aq 64 Mbps indiriyo bu ne aq"
111112;;"2017-12-17 19:04:12";"Mükemmel teşekkür ederim emeği geçen herkese"
110603;;"2017-12-22 10:45:23";"Reklâm  uygulamayı düşürüyor. Çok reklam veriyor"
110098;;"2017-12-26 10:59:51";"Gü güzel"
109597;;"2018-01-03 23:42:14";"Görüntüyü 18:9 formatında izleyebilsem daha güzel olurdu S8 vb cihazlar için güncelleme gelmesini ümit ediyorum"
124192;;"2017-03-31 17:16:22";"Üye olunamıyor Facebook ile bağlan seçeneği var onunlada giriş yapamıyosun sürekli yüklenemedi hatası veriyor koskoca doğuş grubu sistemi oturttamamış yazık !"
110620;;"2017-12-22 03:19:36";Fevkalade
108305;;"2018-01-22 21:34:46";🤗🤗😁
125968;;"2017-03-01 22:03:30";"Biraz daha fazla seçenek ve katogori lazım."
107522;;"2018-02-01 10:04:58";"Cok guzel bi program ama bazı dizi ve filmler eksik"
107043;;"2018-02-08 18:45:47";"Keşke  tv ye yansıtma olayını da ayarlasaniz o zaman harika olacak iste"
106761;;"2018-02-13 09:09:48";"Mesela suanki guncel surum icin performans gelistirmeleri var demissiniz.ama performans mukemmel .guncellemeye gerek yok"
106279;;"2018-02-18 19:18:19";"Tolg show unda olmasını isterdim en cok ilgi gören showlardan birisi"
105992;;"2018-02-23 21:41:29";"Bölümü biraktigim dakikada baslatsa cok iyi olur bolumleri izleyip izlemediğin gösteriyor ama dakika ozelligide gelse cok iyi olur"
115234;;"2017-07-25 11:54:55";"Bir an önce Poyraz Karayel'i de yüklemelisiniz. Saçmalık, resmen Poyraz Karayel hariç türkiyede ki bütün diziler var. Onun için Poyraz Karayel'i attığınız zamana kadar 1 yıldız veriyorum."
105245;;"2018-03-07 15:03:53";Ok
104964;;"2018-03-12 11:47:55";"Aşırı derecede reklam var dizileri izlerken dizi süresiyle neredeyse başabaş  reklam süreleri buna bir el atılsa geri kalanı super sadece reklamlar kisaltilsin ve azaltilsin baska bir sey yok.."
112901;;"2017-11-07 14:34:07";Mükemmel
104230;;"2018-03-21 19:53:52";"Hem kendi özel dizilerinin özel , kısa ve güzel olması, hemde tv dizilerinin kaçırdığımız bölümleri minimum reklam arasıyla izliyebilmek çok güzel. Tebrikler."
103955;;"2018-03-24 12:17:58";"Güncellemeler hızlı. Yayın kalitesi güzel kopma donma yaşanmıyor."
103682;;"2018-03-26 16:06:36";"Çok güzel TV beğendim paralı olursa yazık olur"
108033;;"2018-01-26 02:54:43";"Çok güzel"
114703;;"2017-08-28 06:30:55";"P2W Netflix gibi"
123407;;"2017-04-03 18:32:33";"Tek kelimeyle çoooooook güzel"
102436;;"2018-04-17 21:46:20";Bayıldınız
102173;;"2018-04-26 15:16:41";"Reklam cok fazla yoksa guzel"
101912;;"2018-05-05 17:17:36";"güzel uygulama şahsiyet izleyin tavsiye"
101653;;"2018-05-15 11:49:32";"Şaka gibisiniz ya . Tamam ücretsizsinizde internetteki siteler gibi tıklar 
tıklamaz ekrana reklam başlıyor ..."
101397;;"2018-05-24 18:49:22";"Komedi programları da olsa daha iyi olur örneğin Güldür Güldür"
101143;;"2018-06-01 21:33:19";"Guzel bir uygulama sadece reklam cok fazla ama uygulamanin kalitesi bunu 
bastiriyor"
100891;;"2018-06-07 18:24:02";Teşekkürler
100641;;"2018-06-11 13:15:05";"Kullanılabilir kolay menü ve mükemmel video kalitesi."
127768;;"2017-02-08 17:52:45";"takılmadan anlik izliyorum cok guzel"
126721;;"2017-02-18 17:17:51";"Böyle devam etsin çok güzel , şimdi reklam yok bundan sonrada inşallah olmaz , gazamız mübarek 😂😂😂😂"
116756;;"2017-06-13 22:46:36";"adam gibi uygulama yapın !icine ettiniz izlediğimiz dizilerin . uygulamadan diziyi izlerken çıktım yanlışlıkla tekrar dönemedim açmıyor diziyi dönüp duruyor yuvarlak !!!!!!!!ahhhhhh youtube ahhhhhhhhh"
109336;;"2018-01-10 06:57:30";"GüzeL SevDim Bunu"
103709;;"2018-03-26 11:51:57";"Harika çok sevdim"
99338;;"2018-07-26 18:27:34";"Güzel Bir uygulama"
99089;;"2018-08-07 09:49:08";Açılmıyor
98853;;"2018-08-20 00:13:50";"Haeika ama daha çok çeşit film olursa double tree harika olur"
112924;;"2017-11-06 21:20:02";Mukemmellll
103169;;"2018-04-02 17:57:28";"Az reklam"
98309;;"2018-09-18 21:14:07";"Ucretsiz olması harika allah razı olsun kesintisiz sunabildigi içi saygılar iyi çalışmalar"
98080;;"2018-09-27 14:19:33";Mükemmel
111883;;"2017-11-28 13:54:58";Bayıldım
116000;;"2017-06-27 19:31:17";"Sirf fi icin"
97553;;"2018-10-22 13:32:14";Harika
118290;;"2017-05-28 13:57:35";"tek.kelime ile mukemmel hiç usenmeyin emeğe saygi"
96018;;"2018-11-06 12:56:17";"Içerik sorunu dışında güzel"
115468;;"2017-07-15 13:35:45";"Oooooooooo kısa bir yoruuuuum"
109834;;"2017-12-30 21:05:07";"Gayet güzel istediğim filmleri buluyorum"
95510;;"2018-11-28 20:55:20";Mükemmel
109848;;"2017-12-30 17:20:23";"Reklamlar biraz sıkıcı"
108546;;"2018-01-20 11:20:16";"Kesinlikle harika bir program düşünmeden indirin"
128270;;"2017-02-01 12:47:16";"Harika olmuş"
118274;;"2017-05-28 14:56:06";"Hersey çok guzell"
94741;;"2019-01-03 08:44:39";"bu reklamlar insanları sıkmaktan başka bir işe yaramıyor reklam devam ettikçe insanlar o uygulamayı indirmez ve hatta puhutv yi de siler yeter ama artık yaaa her dakika reklam olmaz"
108545;;"2018-01-20 11:44:14";"çok iyi de bazı dizileri gösteremiyor onları da göster dimi super olur"
128001;;"2017-02-04 19:49:42";"Mükteşem :D"
103707;;"2018-03-26 12:09:33";"Reklam fazla babuş"
92701;;"2019-02-02 22:05:01";super
108830;;"2018-01-17 22:02:06";"Yeni filmlere de yer verirseniz daha  da mükemmel olur"
92437;;"2019-02-12 09:47:44";süper
127248;;"2017-02-13 07:03:18";"Lütfen hint dizisi Bir Garip Aşk  da eklensin. İndirme sebebim bu diziydi ama yok malasef."
92177;;"2019-02-19 18:58:11";"kaliteli yayin"
109319;;"2018-01-10 19:08:06";Muthus
91921;;"2019-02-27 23:20:36";"Aradığım bütün diziler filmler mevcut güzel bir uygulama"
103185;;"2018-04-02 13:20:15";Muhteşemmm
91669;;"2019-03-07 21:01:01";💪🤗👍👍
112390;;"2017-11-17 14:21:24";"Çoook iyi ama yabancı filmlerde olsa iyi olur"
89885;;"2019-03-19 17:42:43";"Dizinin tam ortasında Menderes Türel reklamı görmek zorundamıyım mk"
125463;;"2017-03-10 18:36:41";"Aradigimi buldum"
128008;;"2017-02-04 18:46:23";"Cok mukemmel tavsiye ederim"
109345;;"2018-01-09 22:10:20";Güzel
114202;;"2017-09-25 19:06:34";Harika
108559;;"2018-01-20 08:06:36";"Neden güneşin kızları yok eklermisinşz lütfen!?"
112899;;"2017-11-07 14:57:27";mükemmel
89108;;"2019-04-20 16:52:36";Super
98340;;"2018-09-18 13:17:37";Yüüpp
121635;;"2017-04-21 15:31:10";"Müthiş bir uygulama"
115480;;"2017-07-15 08:42:38";"Tamam herşey iyi güzel ama şu anda tek bir film bile açmıyor genel bir soeun mu var yoksa benim telefonda mı sorun lütfen yardımcı olursanız sevinirim"
104741;;"2018-03-16 14:32:25";"Reklamınızın AMK"
88599;;"2019-05-13 13:56:53";"güzel ve iyi"
119046;;"2017-05-19 12:33:04";"İdare eder güzel bi uygulama"
118024;;"2017-05-31 21:58:50";"2dk da bir reklam bu nedir"
86789;;"2019-05-19 12:17:26";"10 numara kanal..👏👏👏"
116006;;"2017-06-27 01:22:53";"Behzat sansürsüz olsa süper olucakmis ama böyle de fena değil"
122644;;"2017-04-10 10:24:11";"savascı dızısınıde ekleyınız"
88612;;"2019-05-12 15:55:57";"tüm diziler olsa on numara olur"
108319;;"2018-01-22 20:29:05";"Reklamlar azalmış biraz iyi olmuş 1 bölümde 2 kere reklam girdi eski bölümlerde 10 sefer giriyordu."
86311;;"2019-05-28 05:53:22";"Süper güzel"
111385;;"2017-12-12 20:10:42";"Harika bir aplikasyon"
128538;;"2017-01-29 20:49:36";Süperrrrr
86054;;"2019-06-04 16:04:32";"Buyuk keyif"
91939;;"2019-02-27 17:08:55";"güzel sadece star tv nin dizileri neden yok"
99852;;"2018-07-06 23:21:43";"Tv de kaçırdığı m bütün dizileri izlenebiliyor um manyak bişi"
120851;;"2017-04-28 22:51:14";"Harika fi 'ye bayildimmm"
85760;;"2019-06-17 00:41:55";"harikasınız Allah razı olsun çok ama çok teşekkür ederim çok ama çok güzel bir uygulama"
121121;;"2017-04-25 01:35:04";"Çok iyi yapım tebrikler."
124189;;"2017-03-31 17:19:48";"Ne üye girişi yapabiliyorum ne de facebook dan giriş yapabiliyorum her iki durumda da olmuyor sacma"
85522;;"2019-06-30 19:37:27";wonderful
89602;;"2019-04-02 00:57:42";mükemmel
110111;;"2017-12-26 07:58:51";"Sinema  flimleri de olsa çol daha güzel olur"
126756;;"2017-02-18 10:20:49";"Efsane bir program"
105767;;"2018-02-28 05:43:54";"Goruntu kalitesi,icerigin guncellenmesi mukemmel"
118295;;"2017-05-28 13:55:52";"Çok güzel program  teşekkürler"
107534;;"2018-01-31 23:51:05";"Mükemmel olmuş"
82203;;"2019-08-31 05:48:55";Süper
86275;;"2019-05-28 18:59:07";"Leyla ile Mecnunu neden kaldırdınız? ne güzel izliyorduk.."
120604;;"2017-05-02 01:14:47";"Tekrar dene diyo yükleme başarısiz bu ne bisey anlamadım"
110375;;"2017-12-23 22:23:04";"Dizi izlemek için Güzel bir uygulama ama  filmler çok eski."
81940;;"2019-10-01 15:53:58";"Android TV de neden hata veriyor.. Ses var görüntü yok.. İki gün önce hiç bir sorun yoktu..kaldırıp tekrar yükledim sistemi güncelledim değişen hiç bir şey yok.. Önerisi olan var mı dır.."
103444;;"2018-03-30 00:23:40";"Emeğinize sağlık 🖒"
97817;;"2018-10-09 11:50:46";Iyi
111396;;"2017-12-12 17:44:51";"10 nr 5*"
81682;;"2019-10-19 15:00:07";"Jet sosyete izlemek icin indirdim ama surekli uygulamadan atıyor"
86277;;"2019-05-28 18:26:52";"harika bir uygulama 👍👍👍"
97296;;"2018-10-31 10:33:41";"Başarılar dilerim."
111643;;"2017-12-05 20:51:51";"Güzel  bir uygulama"
81431;;"2019-11-07 09:09:18";"Görüntü aktarmak için ChromeCast desteğinin acil olarak sağlanması gerektiğini düşünüyorum. +çok kullanışsız bir uygulama, sevdiğim halde jet sosyeteyi izlemeyi bıraktırdı"
86536;;"2019-05-23 06:28:55";guzel
92935;;"2019-01-23 17:41:30";"uygulama neden inmio"
119809;;"2017-05-08 22:56:11";"10 sn ileri ve geri sarma özelliği gerekli"
81188;;"2019-11-30 18:29:18";"Mi9t pro da uygulama açılmıyor,"
114705;;"2017-08-28 04:12:30";Mükemmel
104708;;"2018-03-17 09:37:58";"Reklama gecislerde ani ses yükselme probleminin cözülmesi gerek"
120859;;"2017-04-28 21:23:58";"1o Numara eLinize KoLunuZa SaqLıq :)"
80902;;"2019-12-12 13:52:51";Super
114209;;"2017-09-25 17:28:36";"Büsürü reklam çıkıyor"
98326;;"2018-09-18 18:03:08";Harika
126479;;"2017-02-21 22:26:21";Kalite
80668;;"2019-12-27 17:39:15";"Reklamına her dk başına reklammı verilir lan oç lar"
104473;;"2018-03-19 23:56:15";"Uygulama mükemmel. Bazı arkadașlar reklamlardan șikayetçi. E kimse babasının hayrına yapmıyor bu iși emek var ter var bunun sayesinde evine ekmek götüren var. Altı üstü bir iki reklam yani. Buradan emeği geçen herkeze teșekkür ediyorum"
111882;;"2017-11-28 14:06:46";"Yemin ederim ücretsiz süperrrrrrr 😀😀😀😀😀😀😀❤❤❤ Yapanların ellerine sağlıkkkkk"
100107;;"2018-06-23 15:39:23";"Güzel indirin"
117001;;"2017-06-11 21:00:26";"Puhu tv den çok memnunum ama umarım paralı bi uygulamaya dönüşmez"
80395;;"2020-01-23 20:57:27";Guzel
124687;;"2017-03-24 20:25:32";"Başarılı bir program  ve siteside çok güzel  olmuş eline sağlık"
119071;;"2017-05-19 07:48:40";"Tek kelimeyle SÜPERRRRRRRRRRRRRRRRRRR"
102406;;"2018-04-18 21:02:49";"Bayildim tek kelimeyle elinize emeginize saglik.."
123672;;"2017-04-02 05:14:55";"Harika bir program 😇"
80132;;"2020-02-16 07:59:45";"TV den açıp izliyorum çok memnunum 👍"
108322;;"2018-01-22 20:14:04";"Reklamlar dışında harika bir uygulama. O da çok sorun değil.  Teşekkür edrriz"
118300;;"2017-05-28 13:07:22";"guzel bir uygulama"
102144;;"2018-04-27 16:53:53";"reklam olmasa dahada iyi başarılı program."
121862;;"2017-04-18 18:28:54";"birkaç sevdiğim dizi eksik ancak ilerdeki güncellemelerle gelecektir yine güzel emeğe saygı"
79879;;"2020-03-14 21:56:33";"Arkadaşlar niye donuyo diyonuz benimki donmuyo bidaha yalan atmayın lütfen mis gibi uygulama indirin"
81699;;"2019-10-18 19:48:42";"Jet sosyete yeni sezon izle diyorum. Uygulama kapanıyor."
124449;;"2017-03-29 13:45:02";Dhagafahh
116758;;"2017-06-13 22:20:47";Harika
113161;;"2017-10-31 09:50:38";"YABANCI FİLM YOK SÖYLESEYDİNİZ İNDİRMEZDİK BU NE REZALET"
79636;;"2020-03-31 16:09:50";"1 yıldızın eksik olmasının sebebi çok daha gelişebilecek , içeriği zenginleştirilebilecek bir uygulama olduğunu düşünmem. İlk başta reklamlarda gördüğümde rahatsız olmuştum 'ne bu her dakika' diye ama uygulamayı indirip inceledikten sonra çok beğendim. Çok sevilen ve beğenilen bir çok dizi ve film farklı izleme kalitesi seçenekleriyle kullanıcıya sunulmuş. Uygulama biraz daha renklendirilebilir, yorum yapma ya da oylama özellikleri gelebilir. Emeğinize sağlık , tebrikler."
127506;;"2017-02-11 22:55:06";Super
125450;;"2017-03-10 20:52:34";"Behzat Ç.'nin sansürsüzu gelmediği sürece çöp."
116005;;"2017-06-27 09:59:11";"Harika fi dizisini de buradan izleyebiliyorum düşünme yükle"
113162;;"2017-10-31 08:48:39";"Herşey çok güzel fakat birde indirme özelliği gelmesini bekliyoruz"
76308;;"2020-04-17 22:37:10";"Diziyi 144p izletiyorsunuz resmen üstelik internet kalitem iyi olmasına rağmen bu sorunu düzeltmelisiniz"
122397;;"2017-04-13 10:22:51";"Özellikle fi için ama siteye göre çok daha hızlı ve kullanışlı"
86017;;"2019-06-06 08:24:55";"çok güzel"
128533;;"2017-01-29 21:32:52";"Eksikler tamamlanırsa süper olur"
102410;;"2018-04-18 20:02:42";"çok güzel kesintisiz çok az reklam güzel beğendim"
120866;;"2017-04-28 19:19:14";"Muhteşem bir uygulama tavsiye ederim kesintisiz HD film dizi  izleyebilirsiniz . Ben ders çalıştığım zamn kaçırdığı filmleri dizileri buradan izliyorum uygulama sahibine teşekkür,  yükleyen tavsiye , ederim ..."
76042;;"2020-05-12 21:10:21";"İnternet arayüzü gibi uygulama her ileri almamda reklam veriyor"
80411;;"2020-01-22 00:23:46";"Uygulama iyice çöp oldu. Videolar donup donup kalıyor."
106780;;"2018-02-13 01:58:14";"S8 tam ekran olmuyor"
111893;;"2017-11-28 11:09:49";"Reklamlar çok sık ve uzun"
102411;;"2018-04-18 19:36:29";mukanmel
120083;;"2017-05-06 02:37:44";"Fi dizisi yuzunden indirdim  inanilmaz dizi  bide araya kucuk reklam koymasa tadindan yenmez"
75788;;"2020-06-14 17:05:09";"çok güzel bir uygulama ama keşke internetsiz olsaydı o zaman herkes faydalanırdı☺☺☺☺😊😊😊💗💗💗💗💖💖💖💖💘💘💘💙💙💙💚💚💚❤❤❤💛💛💛💓💓💓💓💕💕💕💞💞💟💟💟💝💝💜💜❤❤"
125212;;"2017-03-15 15:29:51";"Yabancı dizilerinde olmasını isterdim açıkçası yabancı dizilerde gelsin internetten girmek zorunda kalmayalım"
122636;;"2017-04-10 13:49:43";Süper
89617;;"2019-04-01 13:42:50";🌍
114180;;"2017-09-26 13:25:30";"Çok güzel bir uygulama kaçırdığım izlemek istediğim herşeyi izlemeye biliyorum teşekkürler 😊"
120358;;"2017-05-03 18:51:10";"cok guzel"
75546;;"2020-08-27 10:22:56";"Felaket şekilde donuyo"
106499;;"2018-02-15 20:59:56";"Başarılı uygulama"
121859;;"2017-04-18 19:17:41";"İyi, güzel de içerik olarak you tube benzese daha iyi olur."
123931;;"2017-04-01 10:06:15";Mükemmel
92678;;"2019-02-03 21:41:42";bı
102150;;"2018-04-27 11:44:12";"başarılı bi uygulama"
117769;;"2017-06-03 15:31:41";"gayet güzel bence reklam çok fazla değil en azından.tv de reklam arası film izleniyor"
75281;;"2020-09-29 18:36:59";Harika
114699;;"2017-08-28 12:14:43";"Uygulama güzel fakat ileri ve geri sarma ile ilgili bir yenilik gerekiyor.10'ar saniyelik ileri ve geri alma yapılması gerekiyor."
120860;;"2017-04-28 21:23:10";"Görüntü kalitesi gerçekten çok iyi. Reklamlar içinde hoşgörülü olmak gerekir hiç degilse 15 20 dk sürmüyor."
85787;;"2019-06-15 21:28:39";"harika perfect 😂😂"
92448;;"2019-02-12 03:16:52";"reklam olmasa daha iyi ama 5 yildiz"
101408;;"2018-05-24 11:05:50";"Cok harika bi uygulama"
116496;;"2017-06-17 09:07:26";"Şahane bir iş"
75033;;"2020-10-16 18:26:49";"Uygulamada indirme yok indirme gelirse daha mükemmel olur mobil veriden interneti yutuyor çok gidiyor"
89121;;"2019-04-20 09:23:58";"çok sevdim"
107792;;"2018-01-29 08:51:06";"İntiharcı için indiriyorum çok bekletmeyin !"
75295;;"2020-09-28 23:40:23";"Yemin ediyorum iğrenç Bi uygulama.Donmasından izleyemedim.İzlediğim diziyi başka yerde bulabilseydim asla burdan izlemezdim."
105218;;"2018-03-08 00:14:02";"Güzel bir program"
122653;;"2017-04-10 06:54:54";"Guzel bi program"
86553;;"2019-05-22 17:46:13";"harika bir program"
56832;;"2023-12-14 17:14:44";"5 dkya bir reklam"
56833;;"2023-12-14 12:16:55";"Ulan oç 20 saniye 30 saniye reklammı olur saçma sapan bir uygulamanız ve siteniz var"
56834;;"2023-12-14 10:52:50";"İlk başta iyiydi ama bir saatlik filmde iki saat reklam oynatmaya başladı. Reklamdan filmi izleyemiyorum"
56835;;"2023-12-13 21:56:22";"İğrenc filmden cok reklam oynuyor, bu kadar köttü olanı görmedim"
56836;;"2023-12-13 17:18:48";"KESİNLİKLE İĞRENÇ 5 DAKİKADAN FAZLA İZLETMİYOR REKLAM VERİYOR 2 SAATLİK FİLMDE TOPLAM 30 DAKİKADA REKLAM İZLİYORSUN .10SN İLERİ SARDİRMADA DA DİREK REKLAMA SOKUYOR BERBAT."
56837;;"2023-12-13 16:59:51";"TV için yükledim az dizi ve fazla reklam var bunun düzelmesini arz ederim..."
56838;;"2023-12-13 05:52:36";"1 yıldız bile çok saçma sapan bir uygulama"
56839;;"2023-12-12 21:06:55";"2 saatlik dizi de 1 saat reklam izliyorum ak"
56840;;"2023-12-12 08:39:02";"aile dizisini açtım 36 saniye için 4 reklam önüme çikti puhu TV buna devam ettikçe kaybedecek."
56841;;"2023-12-08 17:14:34";"Diziler maximum 60 dk olursa daha iyi olur."
56842;;"2023-12-08 15:16:04";"Gerçekten çok saçma olmuş kesinlikle hiçbir videoyu açmıyor eskiden daha iyidi bu yüzden bir yıldızı bile hak etmiyor Nalet olsun burdan yüklemek isteyen arkadaşlar sakın bu hataya düşmeyin gereksiz bi uygulama artık"
56843;;"2023-12-08 13:55:46";"Umarım bu yazdığımı okursunuz son güncellemeden sonra berbat etmişsiniz. Kaldığım yerden tekrar izleyemiyorum başa sarıyor hadi ilerletiyim diyorum reklam çıkıyor rezalet."
56844;;"2023-12-07 19:38:56";"Reklamdan insan boğmak suç değilmi arkadaş bu nedir yav kaçak site bile sizin yaptiğınızın 10 da birini yapmıyo"
56845;;"2023-12-07 14:42:04";"Android TV de dizi aramasi yapıp diziyi buluyor ama oynatmıyor"
56846;;"2023-12-07 14:05:49";"Izlediginiz dizi de kaldığınız yeri bile ayarlayamayan ama reklama gelince her ana reklam sıkıştırıyor. Siliyorum insanın sabrını sınıyor ve sabrım bittiiii"
56847;;"2023-12-07 11:11:31";"Reklam izlemekten diziyi takip edemiyorsunuz ki. Reklam bitince kaldığı yerden de devam etmiyor, tekrar kaldığınız yeri buluyorsunuz hop yine reklam yeter!!"
56848;;"2023-12-07 10:45:01";"Mustafa'nın selamı var"
56849;;"2023-12-07 07:56:26";"sabrımı sınıyo bu uygulama ard arda 3-4 reklam tıkıyor usta bı dur dizi izleyelim ne reklammis al bütün para senin olsun al"
56850;;"2023-12-06 22:13:24";"Siz ne kadar vicdansızsiniz. Böyle rezil bir uygulama ilk defa gördüm. 5 dk bir reklam kitliyorsunuz. Daha da beteri reklam takiliyor, dizinin ortasında kaldığın yeri tekrar açana kadar 10 tane reklam daha seyrettiriyorsunuz. Ya sizde hiç mi utanma, arlanma yok. Haram zıkkım olsun reklamlardan kazandığınız paralar. İnsanlara eziyet ediyorsunuz vicdansizlar. Gerçekten ayıp, bu kadar sık reklam vermeniz tam bir rezillik. Paralı yapın bari, insanlara bu eziyeti çektirmeye hakkınız yok."
56851;;"2023-12-06 21:31:59";"Para verelim reklam görmeyelim bu nedir"
56852;;"2023-12-06 05:26:00";"Eğer ki film yerine reklam izlemek istiyorsaniz tam aradığınız uygulama"
56853;;"2023-12-05 22:55:45";"reklam izlemek için güzel uygulama"
56854;;"2023-12-05 22:46:16";"Neden ileri ve geri sarınca reklam çıkıyor acaba?bu kadar reklam çok fazla keşke ücretli olsaydı uygulama.."
56855;;"2023-12-04 02:37:27";"2 saniyede 1 reklam görüyorum aq böyle saçma bir şey yok"
56856;;"2023-12-02 06:02:30";"Bu kadar bunaltıcı bir uygulama olamaz herhalde başka reklamda boğuluyor izleyici bundan sebep hep yarıda bırakıyorum izlemeyi sonra sövüyorum diyeceklerim bu kadar ilgili kişilere duyrulur"
56857;;"2023-12-01 07:43:50";"O kadar çok reklam veriyorki gerçekten izlemekte sıkıntı yaşıyoruz reklamdan sonra başa sarıyor kaldığı yerden devam etmiyor. Siliyorum kullanmıcam artık"
56858;;"2023-11-30 05:48:12";"Biderek programma aljagam bolman ustune bassan basylanoga dalimi namemi 👎👎👎👎👎👎👎👎👎👎👎👎👎👎👎👎👎👎👎👎"
56859;;"2023-11-29 22:48:35";"Uygulama güzel lakin çok reklam çıkıyor, ilerletiyorum hemen reklamdan sonra kaldığım yerde değilim bir daha ilerletirken bir reklam daha. Reklamları geç veya sustur özelliği de yok. Geçmemesini anlarım ama sesini kısma özelliği olmalı"
56860;;"2023-11-29 21:59:43";"ASIRI FAZLA REKLAM VAR.BARI PREMIUM OZELLIGI GETIRIN ALALIM REKLAMSIZ IZLEYELIM.COK DANDIK BI UYGULAMA.KACAK SITELER DAHA COK IS YAPIYOR."
56861;;"2023-11-29 12:56:11";"Aşırı reklam var"
56862;;"2023-11-28 21:56:03";"YA NE DEMEK PREMİUM YOK! KARDEŞİM REKLAM İZLEMEK İSTEMİYORUM PARASI NEYSE VERİRİZ ADDLOCK AÇIYORUZ İZİN VERMİYORSUN PARASINI VEREYİM DİYORUM ONA DA İZİN VERMİYORSUN. REKLAM İZLEMEK İSTEMİYORUM YA YAPACAĞINIZ İŞİN İÇİNE..."
56863;;"2023-11-28 21:35:03";"Reklam reklam :("
56864;;"2023-11-27 22:04:00";"Uygulamayı rezil etmişsiniz bir dünya reklam millet tvde reklam izlememek için sağ soldan izliyorlar bune saçmalık reklamdan filmlerden dizilerden bişey anlamıyorsun"
56865;;"2023-11-27 01:21:05";"3 dk izliyorum 1 dk reklam veriyor çıldırdım 10 dk izle dim kapattım bide küfür leri de bip liyor bunlar duzeltilirse izlenir belki"
56866;;"2023-11-26 22:16:16";"Reklam kusucam yeter cidden illallah geldi her ileri sarmama reklam kaldığım yeri ararken 10 kere reklam izliyorum elim ayağım titriyor yeter premium yap parasi neyse verelim izleyelim !!"
56867;;"2023-11-26 22:05:10";"Filmden reklam izliyemiyorum"
56868;;"2023-11-26 12:19:47";"Reklamlar çok fazla ve süresi uzun."
56869;;"2023-11-25 21:50:42";"Böylesine saçma sapan bir uygulama daha yok dakika da bir reklam çıkıyor ve diziyi tekrar başa sarıyor yeter ama ya kaldığım yere tekrar tekrar sarmaktan sıkıldım ağız tadıyla izleyemiyorum bir yıldızı bile hak etmiyor."
56870;;"2023-11-25 21:27:18";"Sürekli reklam çıkıyor reklam izlemekten bişey izlenmiyor bunun için gereken yapılırsa güzel uygulama"
56871;;"2023-11-25 19:04:51";"Anladık reklamdan para kazanıyorsunuzda kardeşim 10 dakikada bir reklamda koymazsın dimi silcem ben bu uygulamayı izliceğimi tvden izlerim daha iyi en azından saat başı reklam giriyor orası hayır en azından parası neyse verelim şu reklam saçmalığını çekmeyelim"
128512;;"2017-01-30 06:46:29";"Kanal d dizileri hic yok"
127242;;"2017-02-13 08:05:42";"İyi olmuş 🙂"
125982;;"2017-03-01 19:02:58";"Uygulama icin teşekkürler"
124946;;"2017-03-19 10:24:58";"Cok iyi tebrikler uygulama için"
123918;;"2017-04-01 11:05:05";"Tek kelimeyle muhteşem"
122898;;"2017-04-07 22:35:47";Harika
121889;;"2017-04-18 12:34:03";"Cok begendimm"
121098;;"2017-04-25 10:18:20";"Simdilik iyi"
127009;;"2017-02-15 00:42:36";"Çok güzel bir uygulama olmuş emeğinize sağlık"
119328;;"2017-05-15 10:11:16";"Çok güzel bi rogram ama Yeni çıkan dizilerin hiçbiri yok o yüzden şimdilik iki yıldız veriyorum malesef :("
118556;;"2017-05-24 13:50:06";"Güzel bir program"
117790;;"2017-06-03 11:43:28";"Tek reklam diyor ama filmde en önemli yerlerde 10 tane reklam çıkıyor buna olaya bi el atın"
117030;;"2017-06-11 15:00:39";"Çok güzel ama reklam işi sıkıntı"
123942;;"2017-04-01 09:31:21";:)
115729;;"2017-07-08 15:35:51";"Kullanışlı bir uygulama. Dizi eklenmeli."
126231;;"2017-02-25 18:59:27";"bence iyi ama bazen bolumler anlamsızca donuyor"
114448;;"2017-09-11 20:53:26";"Yaaa bodrum masali nerde...???"
117257;;"2017-06-09 20:52:47";"Programdan çıkıp tekrar girildiginde kaldigin yerden devam edilmyor.."
113187;;"2017-10-30 19:52:51";"Reklamdan dizi izleyemiyorum. Ben bu uygulamayı dizi film izlememiz için mi yaptınız yoksa reklam izlememiz için mi ?"
112662;;"2017-11-11 17:30:37";Süper
112141;;"2017-11-22 19:20:00";Super
111624;;"2017-12-06 13:04:43";"Kesinlikle mukemmel bir program en kisa surede diziyi kendi kanali paylasmadan buradan izleyebilirsiniz"
111111;;"2017-12-17 19:15:00";Guzelmis
110602;;"2017-12-22 10:57:13";Süperrrrr
110097;;"2017-12-26 11:03:49";"Bu kadar reklam olmaz uygulamayı içine ....... bu nedir bu kadarda olaz"
109596;;"2018-01-03 23:48:30";"Sade ve şık  tebrik ederim 😊"
125221;;"2017-03-15 12:35:16";"Çok guzel"
111131;;"2017-12-17 10:57:23";👍👍👍👍👍👍teşekür
108304;;"2018-01-22 21:36:08";"Güzel beğendim emeklere sağlık"
126477;;"2017-02-21 22:34:00";"İNŞALLAH paralı yapmazsınız"
107521;;"2018-02-01 10:14:47";"Çok güzel"
107042;;"2018-02-08 18:48:28";"Çok kaliteli bi site ama biraz daha filim getirirseniz çok güzel olucak eşkiya mesela"
122377;;"2017-04-13 16:12:13";"En iyisini aramayon su anda en iyisine bakıyosunuz"
106278;;"2018-02-18 19:22:25";"Gayet güzel bir uygulama 10 yıldız 👍👍"
105991;;"2018-02-23 21:55:37";"Çukur evimiz"
115981;;"2017-06-28 22:17:18";"Muhteşem uygulama"
105244;;"2018-03-07 15:13:00";"Çukur süperrr"
104963;;"2018-03-12 11:57:17";"Kesintisiz hizmet çık teşekkürler"
113429;;"2017-10-27 16:14:51";"Poyraz karayel niye yok :("
104229;;"2018-03-21 20:02:09";"Sadece şu youtubeda olduğu gibi 10 sn ileri geri olsun lütfen. Onun dışında mükemmel"
103954;;"2018-03-24 12:28:42";Süpeeeer
103681;;"2018-03-26 17:01:13";"Harika bir uygulama  ama reklamları biraz azaltılırsa cok güzel olur ama ücretsiz olduğunu düşünürsek reklamlarin olması normal bir şey herkese öneririm."
122372;;"2017-04-13 17:02:34";"Başarınızın devamını diliyorum"
124163;;"2017-03-31 17:36:19";"Üyelik yapamıyorum bağlantı hatası diyor😠"
124429;;"2017-03-29 18:21:59";"Gayet güzel"
102435;;"2018-04-17 22:51:01";Guzel
102172;;"2018-04-26 15:26:13";"Biraz daha güncel filmler yüklerseniz daha iyi olacak"
101911;;"2018-05-05 17:32:20";"Çok güzel☺☺😀☺😊😀😊😀😀☺☺"
101652;;"2018-05-15 13:18:24";"İçerikleri de kendisi kadar güzel."
101396;;"2018-05-24 19:34:22";Güzel
101142;;"2018-06-01 22:41:14";"Cok memnunum"
100890;;"2018-06-07 18:36:42";"10 numara program adamlar hakkını vermiş helal olsun"
100640;;"2018-06-11 14:15:47";"Bence çok başarılııı..."
129040;;"2017-01-25 00:33:10";"İçerik açısından zayıf, geliştirilmesi lazım."
127769;;"2017-02-08 17:50:35";"Güzel 🤗"
117515;;"2017-06-06 17:37:25";Bayıldımm
109836;;"2017-12-30 20:33:24";"Çok mükemmel bir uygulama olmuş"
128518;;"2017-01-30 01:29:54";"Herkese tavsiye ederim süoer bir uygulama."
121606;;"2017-04-21 17:48:56";"Fi mükemmel bir yapım"
99088;;"2018-08-07 11:10:39";"Çok yararlandim uygulamadan ancak bölümleri indirmemizi sağlayacak bi 
seçenek eklenmeli"
98852;;"2018-08-20 06:49:02";"Reklam cıktıktan sonra dizi yuklenmiyo sabahtan beri aynı sey bıktım artık"
124175;;"2017-03-31 17:28:41";"Üye olunamıyor hata veriyor sürekli düzeltirseniz bizde izleyebiliriz dizileri"
103440;;"2018-03-30 02:27:50";"En iyi uygulama. Çıktığı andan beri indirdim kullanıyorum. Reklam çok kısa ve bir iki tane çıkıyor"
98308;;"2018-09-18 21:16:49";"Behzat c burda ya çok iyi😁"
98079;;"2018-09-27 15:07:15";Iyi
112403;;"2017-11-16 23:18:56";"On numara"
119824;;"2017-05-08 17:01:27";Güzel
97552;;"2018-10-22 13:36:58";Ok
119061;;"2017-05-19 09:27:38";"Fi gibi diziler bekliyoruzz :) Ayrica izledigim butun dizileri artik buradan takip ediyorum.. Cok basarili bir uygulama tesekkurler"
96017;;"2018-11-06 12:58:44";"Çokk keyifli"
122125;;"2017-04-15 17:40:14";Mükemmel!
110337;;"2017-12-24 07:07:38";"Fi nin duzenli bir zaman araligi olsa iyi olur bide bir saat dizi de dünya kadar reklam izletiyosun"
95509;;"2018-11-28 21:12:38";"Çook güzel bi uygulama emeğinize sağlık"
110352;;"2017-12-24 00:49:42";"Istediğiniz dizinin bölümünü rahatlıkla bulabildiğiniz harika bir uygulama"
96032;;"2018-11-05 22:08:41";"Bende uzun zamandir kullanmaktayim harikaa"
129057;;"2017-01-24 21:07:59";"Umuda kelepçe vurulmaz eklenmeli bir çok dizi eksik"
116749;;"2017-06-13 23:53:42";"Önceleri güzeldi şimdi izliyemiyorum bekletiyor açılmıyor"
94740;;"2019-01-03 09:40:57";"leyla ile mecnunu kaldırmışlar"
97571;;"2018-10-21 07:38:31";"Film arasında reklam giriyor sonrasnda başlanlmıyor. Filmi komple kapatıp aynı dakikayı bulmam gerekiyor . Sorunum ne ? Puhu TV ?"
129059;;"2017-01-24 20:48:11";Harıka
107264;;"2018-02-05 05:43:13";"güzel bir uygulama"
92700;;"2019-02-02 22:25:56";"çok iyi..."
105729;;"2018-02-28 21:39:58";"Muhteşem dünyada en iyi ama bağzı eksikleri var bağzı diziler koyulmamış ve sadece bu yani kötü"
92436;;"2019-02-12 09:55:25";"süper hızlı"
112161;;"2017-11-22 15:35:17";"Cok basarili 👏👏👏"
92176;;"2019-02-19 19:24:06";"Gg çok güzel"
104455;;"2018-03-20 03:18:36";Muazzam
91920;;"2019-02-27 23:31:38";"daha fazla dizi olması dileğiyle 👍"
103456;;"2018-03-29 22:00:40";"Kaçırdığım dizileri reklamsız seyrediyor  olmanın keyfi bir başka"
91668;;"2019-03-07 21:04:17";"Güzel işlevsel bi dizi izleme sitesi"
112913;;"2017-11-07 05:20:29";İyi
89884;;"2019-03-19 18:30:24";"çok iyi"
125222;;"2017-03-15 12:34:38";"Telefona indirme olmali bolumleri"
129282;;"2017-01-19 17:54:20";"Aşırı derecede güzel bir uygulama. Dizi izlerken verim alabiliyorum. İçerde gibi dizilerin kaçırdığım bölümlerini buradan izleyebilmem çok güzel bi şey"
111889;;"2017-11-28 12:15:50";Süper
127256;;"2017-02-13 02:20:33";Adamsınız
91935;;"2019-02-27 18:50:15";"Türk dizilerini izlemenin en kolay yolu ! keşke reklamlar biraz daha az çıksa ama neyse :)"
105480;;"2018-03-04 00:24:11";Başarılı
89107;;"2019-04-20 17:22:23";"güzel bir uygulama"
98572;;"2018-09-06 08:11:30";"Çok güzel ama bir o kadar da reklam var gözünüzü sevim kaldırın şu reklamları"
122641;;"2017-04-10 10:43:51";"Uygulama çok güzel Telefonda sorunsuz izleniyor fakat samsung smart tvde hiçbir video açılmıyor lütfen ilgilenin"
112409;;"2017-11-16 21:30:13";Teşekkürler
124182;;"2017-03-31 17:24:57";Bayıldım
88598;;"2019-05-13 17:50:09";"puhu super"
119840;;"2017-05-08 12:07:23";"Bu uygulamanin tek beğendiğin özelliği reklam olmayişiydi şimdi her dizide 5-6 reklam 30 saniyeden aşşa reklami atla yok  İndirmeyin arkadaslar dizinin azina şiçiyo reklemlar  bu ne aq her yerde reklam"
113673;;"2017-10-24 01:39:41";"Bence harika hep böyle devam etsin teşekkürler"
86788;;"2019-05-19 12:45:12";"Yeni şeyler de bekliyiz"
99365;;"2018-07-25 14:38:29";Guzle
123658;;"2017-04-02 07:33:51";"Abi çok güzel"
115223;;"2017-07-25 22:13:13";"Reklamlar olmasa adeta bir şaheser..."
115970;;"2017-06-29 10:22:50";"Muhteşem bir uygulama"
86310;;"2019-05-28 07:16:31";"gozal program"
111872;;"2017-11-28 18:11:05";"Behzat Ç"
107554;;"2018-01-31 20:44:01";"Çok güzel bir uygulama"
86053;;"2019-06-04 18:08:01";"çok iyi"
88614;;"2019-05-12 14:20:00";"indirmek ücretsiz mi"
100097;;"2018-06-24 07:48:27";"Harika bir uygulama"
127247;;"2017-02-13 07:12:25";"YAZDIGIMIZ ICERIGI ACMIYOR"
85771;;"2019-06-16 14:40:15";"Reklamlar yüzünden dizi izleyemiyorum azaltın şu reklamları keyifmizi kaçırıyor reklam süreleri de uzun bari 5 sn. den sonra geç ikonu ekleyin"
95759;;"2018-11-18 20:16:44";"Cok guzal bi uygulama, sevdigim dizileri iyi kalitede izliyorum, elinize saalik"
110372;;"2017-12-23 22:28:13";"Reklam çok"
85521;;"2019-07-01 00:27:15";"Çok sık reklam var."
111382;;"2017-12-12 21:10:56";Harikaaaa
104985;;"2018-03-11 19:28:08";"Reklamdan gecilmiyor"
128019;;"2017-02-04 16:29:17";"Ben çok sevdim istediğim diziyi, filmi istediğim zaman izleyebiliyorum bence siz de yükleyin çok güzel"
85534;;"2019-06-29 17:57:43";"Reklam çıkıyor donuyor açılmıyor dizi"
94979;;"2018-12-23 21:43:02";mukemmel
107300;;"2018-02-04 11:12:03";"Süper teşekkürler"
82202;;"2019-08-31 09:08:04";"Dizilerde izlediğin bölümler belli olsa cok guzel olur.Bir yerden sonra karışıyor"
115487;;"2017-07-15 07:18:54";"Ya çok güzel bi uygulama bence reklamları o kadarda fazla değil bi yerden para kazancaklar ama şu an sadece bende değil galiba uygulama açılmıyor sadece siyah ekran var"
115466;;"2017-07-15 16:29:36";"Çok başarılı bir çalışma olmuş. Tebrik ederim. Çalışmalarımızda başarılar dilerim..."
110883;;"2017-12-19 16:43:52";"İlk defa kullandım ve çok beğendim. Yalnız dizilerdeki argo kelimeler sansürlense daha iyi olur tv deki gibi. Çocuklarda rahat kullanabilir o zaman.."
81939;;"2019-10-01 17:40:23";"Kaldığım yerden devam etmiyor ve tam ekran olmuyor, sanal tuş bölmesi beyaz renk alıyor, geri kalan ekranda görüntü oluyor. Cihazım Android One kullanıyor. Son güncellemeye kadar çok iyiydi"
86539;;"2019-05-23 05:18:33";"çok güzel yalnız biten dizi leri izleyemiyoruz"
128799;;"2017-01-26 13:04:43";Süper
128779;;"2017-01-26 18:29:28";"Süper lan"
81681;;"2019-10-19 15:17:32";"Amına koyim bune lan zırpit reklam giriyor önceden öyle bişey yoktu şimdi puhutv nin amına koydunuz 1 puan bile hak etmiyor."
114208;;"2017-09-25 17:43:43";"Uygulamalara puan veren biri değilim, açıkçası çok saçma ve yersiz bulurdum, faydalı ve başarılı olmak için yetersiz gorur ve puanlamazdım. Ama gerçekten 5 yıldızı hakeden bir uygulama, reklam yok, yuksek kaliteye sahip. Başarılı. Tek temennim devamında da bu şekilde kalitesini duşurmemesi. Gercekten harika gonul rahatlıgıyla indirip dizilerin tadını cıkarabilirsiniz 😊👏👏"
121604;;"2017-04-21 17:51:47";Mükemmel
119582;;"2017-05-12 15:16:57";Perfect!!!
81430;;"2019-11-07 09:59:44";"hem samsung tvde hemde android box da sorunsuz izliyom...tesekurler"
85538;;"2019-06-29 11:48:31";"para goz resil adamlar sizi diziyi reklam diye verseydiniz"
113955;;"2017-10-07 06:39:04";güzel
120331;;"2017-05-03 22:06:00";Tamam
81187;;"2019-11-30 21:01:50";"Puhutv android 10.0 sürümünü desteklemiyor bilgilerinize"
114200;;"2017-09-25 19:17:16";"Harikaaaaa TV dizi bitiği andan 10 15 dakika sonra Puhutv izleyebilirsiniz iyi seyirler.,. 😉😉"
104987;;"2018-03-11 19:15:35";Guzel
121858;;"2017-04-18 19:22:18";"Güzel bir program. Keyifle film izledim. Dilerim hep aynı kaliteyle yayın hayatına devam eder"
80901;;"2019-12-12 14:35:57";"Hızlandırma secenegi olursa iyi olur"
103173;;"2018-04-02 16:57:19";Efsane
111371;;"2017-12-13 06:38:18";"Reklamlar aciliyor da diziler niye acilmiyor amk yapacaginiz uygulamaya sokayim"
107788;;"2018-01-29 11:11:36";"Uygulama efso"
80667;;"2019-12-27 17:48:58";"Sizin yapacağınız işin ben ard arda 3 tane reklam izledim bu kadar da olmaz ya şimdi sildim daha da indirmem reklamdan başka bir şey yok sizde sakın indirmeyin!!!"
98560;;"2018-09-07 05:45:47";Hahah
89370;;"2019-04-12 21:37:38";"Sadece çukur var diye 5 yıldız"
100362;;"2018-06-19 18:59:09";"Hakkıdır ki 5 yıldız verdik"
117761;;"2017-06-03 17:40:14";"Beğenmeyenlere söylüyorum daha iyisini yapında görelim"
80394;;"2020-01-23 23:32:35";"Sizin ananızı awradınızı sikiyüm amk götleeri sizi ."
106781;;"2018-02-13 01:33:42";"Süper hemen düşüyor flimler"
103447;;"2018-03-29 23:31:04";"Anlatmaya gerek yok 😊😊"
102671;;"2018-04-12 03:26:23";"Çok hızlı bir uygulama eminim sizde memnun kalacaksınız"
124695;;"2017-03-24 15:56:54";"Eski diziler arasında doksanlar yok eklersenuz çok sevinirim"
80131;;"2020-02-16 08:36:26";"Çok çok fazla reklam var, yıldırdınız!"
104738;;"2018-03-16 15:33:29";"Doğru düzgün izleyemiyoruz cok fazla reklam var bezdiriyor bide reklam illaha 720 veya 1080p aciliyor. Filimi 480 p izlioz az insaf"
95244;;"2018-12-11 08:10:03";"Çok harika bir uygulama"
102407;;"2018-04-18 20:21:10";"Keşke ileri geri sarmada olsa videolarda dahada iyi olacak !"
122659;;"2017-04-09 23:12:06";"Güzel bir uygulama"
79878;;"2020-03-14 22:55:45";"Çok iyi uygulama ama çok reklam var"
104472;;"2018-03-19 23:59:30";"10 numara 5 yıldız"
89373;;"2019-04-12 21:31:54";"ileri sarma özelliği geldi sıra chromecast özelliğinde:("
99622;;"2018-07-15 14:07:52";"Harika bayıldım ❤❤❤"
113690;;"2017-10-23 15:51:25";"Bence cok iyi bir uyguluma olmuş tevsiye ederim"
79635;;"2020-03-31 16:47:10";"Behzat c ızlemek ıcın ındırdım 1 saatlık bolumu ızleyemeden sılmek zorun da kaldım cok donuyor sureklı yuklenıyr dıyıp duruyor"
80640;;"2019-12-31 00:10:34";"Reklami fazla cikmasa super uygulama"
89374;;"2019-04-12 21:20:26";süper
99623;;"2018-07-15 12:51:59";"Super uygulama indirmenizi tavsiye ederim"
113691;;"2017-10-23 15:02:43";"Hep reklam aq"
76307;;"2020-04-17 23:33:13";"Ya uygulama güzel ama çok reklam çıkıyo reklamlarda en az 30 sn reklamların azaltılmasını ve kısaltılmasını istiyorum"
88849;;"2019-04-30 22:34:37";harikaa
129292;;"2017-01-19 10:00:22";"Sansürsüz bölümlerin olması lazım, mesela Behzat ç. çoğu bölüm sansürlü. Uygulama olarak çok kaliteli, Netflix ile içerik olarak kapışamasada hız olarak kapışabilir."
112413;;"2017-11-16 20:26:59";Harika
102675;;"2018-04-11 22:31:27";"Gayet güzel"
121865;;"2017-04-18 18:13:04";"Güzel bi uygulama"
76041;;"2020-05-12 21:11:33";"Gerçekten bu kadar reklama düşkün bı uygulama görmedim ben,dizinin en heyecanlı yerine reklam koymuşlar reklam izliyoruz hadi ona bişey demiyorum reklam bittiğinde diziyi kapatıp tekrar açmak gerekiyor yine açıyorum aynı yerde tekrar reklam var bu nasıl bişey acilen su reklamlara el atılması lazim"
118016;;"2017-06-01 07:11:00";"Biraz daha az reklam koysa daha iyi olur"
105479;;"2018-03-04 01:25:50";"Ya bide bişey dicem uygulama çok güzel ama bazı dizileri yazınca çıkmıyor bide yeni çıkan diziler onuda düzeltirseniz çok güzel olur..."
92676;;"2019-02-03 22:28:24";"çok guzl ama reklam.olmasa daha iyi"
102676;;"2018-04-11 22:27:02";"Dizileriniz kısıtlı olduğu için sadece tek bir dizi için kullaniyorum. Dizi sayıları arttırılmalı"
120867;;"2017-04-28 19:14:21";Süper
75787;;"2020-06-14 19:59:56";"Cok ney"
98590;;"2018-09-05 09:25:05";Süperr
82180;;"2019-09-02 21:13:29";"Lütfen eski sisteme geri dönün.Kaldığın yerden devam et özelliği artık çalışmıyor.Diğer dizi sitelerinden bir farkınız kalmıyor."
113959;;"2017-10-06 21:52:37";"Reklamlar  size girsin. Like yapın. Gorsunler"
126723;;"2017-02-18 16:43:41";"Uygulama ucretlimi beyler"
117264;;"2017-06-09 20:30:10";"Çok iyi uygulama ama daha çok dizi katabilirler efsanelerin hepsi yok"
75545;;"2020-08-27 11:28:14";"Kötü yazanların neden kötü dediğini anlamıyorum, Çok Güzel Bir uygulama, Özelilkle Şahsiyet Yapımına Bayılıyorum, Çok Güzel Bir uygulama Çok Güzel Diziler ve Filmler var."
89376;;"2019-04-12 20:49:45";"bu siteyi yapanın eline salik on numara olmus"
129553;;"2021-03-23 04:08:03";Uji
106507;;"2018-02-15 20:24:20";aas
117284;;"2017-06-09 18:16:52";"yerli netflix adeta"
102413;;"2018-04-18 19:05:51";"Anlatmaya gerek yok neresini anlatsambos yapmis olcam sadec seyredin"
118535;;"2017-05-24 18:35:33";harika
75280;;"2020-09-29 19:41:01";"Optimizasyon berbat 480 e alıyorum kendi kafasına gore 1080 e alıyor donuyor duruyor ileri gerisi youtube gibi değil hala duzeltilmedi"
97575;;"2018-10-20 22:35:05";Memnunum
103430;;"2018-03-30 07:14:06";"Super cukur yetiyor bize bide arka sokaklarida eklerseniz sevinirim ☺☺"
125447;;"2017-03-10 21:12:11";"Başarılı valla birde hemen dizinin düsmesi daha güzel"
110357;;"2017-12-23 23:40:03";Muhteşem
101664;;"2018-05-14 18:51:38";"söz dizisi neden yok iki haftadır tamamen silinmiş durumda ?"
114966;;"2017-08-10 17:51:52";Süper
75032;;"2020-10-17 09:21:52";"Ne olduysa bu programa,habire donuyor,size 1 yıldız bile fazla!!!!!"
82181;;"2019-09-02 19:14:43";"Çok güzel program emeği geçenlere teşekkür ederim sadece tek bir sıkıntı var argo küfür sansürü yoktu şimdi sansür olmaya başladı"
79653;;"2020-03-30 13:04:21";"Uygulama guzel icerikler guzel falat doru duzgun bir uygulama yapin arkadas ikide bir donup kaliyor duzeltin"
109575;;"2018-01-04 14:56:42";"Chromecast destegi yok ondan düşük puan verdim"
94989;;"2018-12-23 05:40:53";"Beyler 1 saatlik dizi de 3 en fazla 4 reklam cıkıyor tek kelimeyle mükemmel bir uygulama"
105733;;"2018-02-28 21:02:08";"Çok iyi"
104743;;"2018-03-16 14:16:49";"Gerçekten tek kelime ile H A R İ K A"
57088;;"2023-08-26 19:58:19";"İnternet hızı iyi olmasına rağmen görüntü bir türlü netleşmiyor"
57089;;"2023-08-26 17:08:58";"Sakın güncellemeyin. İleri alıyosun reklam geri aliyosun reklam. Vidyodan atıyo. Daha ne diyeyim"
57090;;"2023-08-26 14:17:46";"Kino arasında"
57091;;"2023-08-26 11:00:34";"Filimden çok reklam izliyorum bu nasıl bir uygulamadır böyle 😡😡😡"
57092;;"2023-08-26 06:25:10";"Son günlerde dizi izlerken sürekli donuyor kapat aç tekrar izle yine dondu tekrar dene kimse fark etmiyor mu veya kontrol etmiyor mu bu sorunları. Güncelleme sonrasında Android box ve telefonda kalite ayarı yapılamıyor. Eski diziler 240p resmen. Yorumlara biraz göz atsanız düzgün bir app yapacaksınız ama ilgilenmiyorsunuz"
57093;;"2023-08-25 18:36:04";"Bune yaa berbat güncelleme gelirse çok güzel olur"
57094;;"2023-08-25 18:29:56";"Cok fazla reklam var görüntü kalitesi cok düşük"
57095;;"2023-08-25 16:27:58";Mükemmel
57096;;"2023-08-25 03:30:46";"Her on dakikada bir 4 reklam izletmeniz, reklamdan sonra geriye sarmanız ve ileri sardırdığımda yeniden reklamla karşılaşmam dayanılmaz duruma getirdi. Düzeltin şu uygulamayı"
57097;;"2023-08-24 20:11:59";"Donuyor, takılıyor arayüz berbat. Oynatma ekranı hiç kullanışlı değil ve fonksiyonsuz. Aşırı reklam var. Çok klişe ama reklam arası film izliyoruz gibi."
57098;;"2023-08-24 15:14:02";"1 puan bile fazla. Bugüne dek kullandığım en başarısız uygulama. Madem öyle alt yapıyı iyileştirip ücretli yapın bu eziyeti çekmeyelim. Reklamlar donar, bölümlerde senkron kayar, sürekli silip yeniden yüklemek, yeniden başlatmak zorunda kalırsınız. Çekilir dert değil. Düzeltme: reklam azaldı çözünürlük felaket. Behzat ç izlenmiyor."
57099;;"2023-08-24 07:58:56";"Her 10 dk da bir 4 reklam koymak ne tövbe tövbe"
57100;;"2023-08-24 05:42:58";"Önceleri gayet iyi idi son güncellemeden sonra hiç bir şey izlenmiyor düzeltılmezse tamamen sıleceğim"
57101;;"2023-08-23 21:43:51";"Filimler açılmıyor"
57102;;"2023-08-22 12:25:58";"Reklam reklam reklam reklam reklam Düzeltme: sonunda daha az reklam çıkıyor"
57103;;"2023-08-22 08:04:34";"Reklamdan sonra video başa dönüyo bazen"
57104;;"2023-08-20 23:55:07";"Çok iyi hele Türkmenistan'da kulanacak en iyi prog ama ara sira acilmiyor ama çok iyi 😸✌🏻"
57105;;"2023-08-20 12:49:12";"Diziden cok reklam izlemek isteyen varsa tam size göre"
57106;;"2023-08-19 22:55:04";Berbat
57107;;"2023-08-19 18:37:33";"Uygulama mükemmel! Ama korku filmleri gelebilir. Mesela it 1 falan, TV'DEN izliyoruz. Ücretsiz olmasida ayrı bi güzel."
57108;;"2023-08-19 18:35:27";"ayni reklami 10defa veriyo ve tekrar tekrar"
57109;;"2023-08-19 12:39:39";"Reklamdan diziyi izleyemiyorum"
57110;;"2023-08-19 11:56:51";"Bu ne reklam ya oha"
57111;;"2023-08-19 03:28:06";"reklam içerir ne 0c lar dakkada 4 reklam var"
57112;;"2023-08-19 00:07:11";"Fakirmizin abi 4 5 reklam ney parnız yoksa para karşılığında reklam ları kapayın lan"
57113;;"2023-08-18 22:50:53";"Daha yeni indirdim Behzat ç. İzlemek için sürekli reklam cikiyor çıkan reklamı atlayamiyorzuda ilk başta çıkmasıni normal buluyorum ama dizinin ortasında yada reklamı izledikten sonra birdaha reklam çıkmasını hiç beğenmedim üstelik reklam izledikçe daha çok reklam cikiyo ilk bata 2 tane ile başladı sonra 3,4 diye çoğaldı gerçekten hiç BEĞENMEDİM"
57114;;"2023-08-18 21:07:09";"Sürekli reklam sürekli reklam berbat"
57115;;"2023-08-18 19:56:26";"Bu ne reklam ya günde 200 tane reklam mı olurmuş. Hayır bide ezberledim artık gün içinde aklıma geliyor rüyalarıma giriyor. İndirmeyin. Bıktım reklamlardan sürekli reklam hep reklam reklam reklam reklam indirmeyin abi"
57116;;"2023-08-18 18:16:58";"😍😍😍😍😍 Harika"
57117;;"2023-08-18 18:02:01";Reklamtv
57118;;"2023-08-18 17:56:05";"Reklam arayüz hepsi kötü olmuş 10 dk bir reklam geliyor o kadar parayı nereye götüreceksiniz @puhutv"
57119;;"2023-08-18 17:20:07";"Reklam platformu. İçerikler arada fragman gibi geçiyor. Reklam da hep aynı marka, ürün. Reklam severlerin buluşma noktası."
57120;;"2023-08-18 16:14:20";"Kanka reklam cok az ya biraz daha reklam artsin hic izlenmiyor amk 000"
57121;;"2023-08-18 00:03:57";"Hatalarla dolu"
57122;;"2023-08-17 21:57:46";"Rezil bir uygulama bir dizi izleyeyim dedim elli tane reklam. Dizi yayinlanirken bu kadar reklam çikmsmiştır..."
57123;;"2023-08-17 20:48:25";"Çok aşırı reklam veriyor 3 reklam art arda nedir yaaaa saçmalamışlar illa üyelik almamız için baya iyi çalışmışlar"
57124;;"2023-08-17 18:45:41";"çok fazla reklam var diziden çok reklam izliyorum son güncelleme hiç iyi olmadı"
57125;;"2023-08-17 17:47:07";"Bu nasıl uygulama aşırı reklam var"
57126;;"2023-08-17 14:31:54";"Sürekli reklam çıkıyor film mi izliyoruz reklam mı vallahi bilemiyorum ya"
129574;;"2024-08-27 22:39:41";"Çox pox bir program geriyə verəndə ilişib qalır. Tv versiyadada hər qabağa verəndə reklam verir. Yükləməyin normal adam olsanızda dəli olacaqsız əsəbdən!"
128294;;"2017-02-01 08:17:54";"Çok güzel hiç bir sorununu görmedim"
127240;;"2017-02-13 08:21:04";"Arama yerine kırgın çiçekler yazıyorum çıkmıyo yaa"
125980;;"2017-03-01 19:15:41";Guzel
124944;;"2017-03-19 10:39:39";"Güzel 😊"
123916;;"2017-04-01 11:08:02";"İzlerken yükleme seçeneği de olsa bazen elektrik gidiyor tekrar yüklemek zaman alıyor"
122896;;"2017-04-07 22:42:04";"Bravo sadece bravo🥂"
121888;;"2017-04-18 13:16:19";"Çok güzel 👌👌👌"
121097;;"2017-04-25 10:24:11";"Bravo!! Yoruma gerek yok"
127253;;"2017-02-13 04:53:23";"Süper cok guzel"
119327;;"2017-05-15 10:47:41";"Çok güzel her pazar yatakda Yeşilçam keyfi yapiyorm😊😊"
118555;;"2017-05-24 13:55:05";Super
117789;;"2017-06-03 11:56:37";"Çok keyifli kaçırdıklarınızıda izleyebilirsiniz, harika 👍"
117029;;"2017-06-11 15:15:46";Harika!
117799;;"2017-06-03 10:06:33";Tebrikler
115728;;"2017-07-08 15:47:48";"Uygulama güzel beğendim 😊"
127492;;"2017-02-12 10:19:04";"Harika uygulama bazı filmlerde eklense ustune yok"
114447;;"2017-09-11 21:20:09";"Bence dizi ve filim olayına el atın filimler çok eski biraz daha ilgi istiyoruz. Bu şekilde başarı sağlamanız imkânsiz."
118021;;"2017-06-01 00:49:19";"Filmlerden cok reklam izledim. Gider sitelerden izlerim. Sizin ne ayricaliginiz kaliyor."
113186;;"2017-10-30 19:56:51";"Çok iyi ya"
112661;;"2017-11-11 17:30:56";"Daha az reklam."
112140;;"2017-11-22 19:35:29";"Hep donuyor ve filmlerde çok güzel keşke kontrol etseler"
111623;;"2017-12-06 13:21:18";"Gayet güzel"
111110;;"2017-12-17 19:17:41";"Merhaba çok beğendim"
110601;;"2017-12-22 11:21:22";"Emeği geçen herkese teşekkürler ama olmayan diziler ve film ler var onlarda olursa harika olur"
110096;;"2017-12-26 11:11:42";"Kaldığın yerden devam etme özelliği gelmeli, biten film yarım kalmış gibi görünüyor ve ekranda kalıyor, arayüz iyileştirmesi yapılmalı, içerik biraz daha dış sinemaya dönük olmalı. Bunlar dışında gayet iyi bir platform. Reklam çok diyenler parasız bi uygulama bu elbette reklam olacak."
109595;;"2018-01-04 00:30:43";Mükemmel
126472;;"2017-02-21 23:36:06";"Çok güzel ve pratik. Teşekkürler"
111646;;"2017-12-05 20:44:10";"Elinize kolunuza sağlık normalde puanlama yapmam ama gercekten emek var başarılarınızın devamını dilerim....."
108303;;"2018-01-22 21:42:11";"Emmi fena güzel"
127524;;"2017-02-11 19:26:13";"Fena degil gelistirilebilir"
107520;;"2018-02-01 10:24:15";"Gayet başarılı"
107041;;"2018-02-08 18:48:32";Harikaaaaaa
107535;;"2018-01-31 23:34:20";"Izlerken sitedeki gibi 1080 p olursa daha iyi olur tesekkurler"
106277;;"2018-02-18 19:24:05";"Tek kelimeyle mükemmel"
105990;;"2018-02-23 21:58:45";Müthiş
117798;;"2017-06-03 10:12:37";"Cok güzel"
105243;;"2018-03-07 16:12:03";"Yabanci dizilerde olsa güzel olurdu..."
104962;;"2018-03-12 12:08:15";"Amk ler oç lar"
127500;;"2017-02-12 02:05:35";"Türkiye'nin en iyi dizilerinden olan EZEL nerede?"
104228;;"2018-03-21 20:13:09";Supertrrr
103953;;"2018-03-24 12:31:58";"Kaldigim yerleri sasirmasa guzel uygulama aslinda."
103680;;"2018-03-26 17:12:20";"Reklamları belli bir ücret karşılığında yıllık veya süresiz kaldırma özelliği gelmeli"
108826;;"2018-01-17 22:31:21";"İdare eder filmlerin güncellenmesi gerek"
115991;;"2017-06-28 14:17:15";"Mühteşem bir uygulama"
125459;;"2017-03-10 19:09:37";"Fi 💞💞💞💞"
102434;;"2018-04-17 23:17:52";Süper
102171;;"2018-04-26 15:33:26";"Cok güzel program"
101910;;"2018-05-05 18:30:20";Guzel
101651;;"2018-05-15 13:42:26";"Çok iyi bir kanal"
101395;;"2018-05-24 21:04:55";"Gerçekten çok farklı ve kaliteli bir uygulama..Emeği geçen herkese çok 
tesekkur ediyorum..Lütfen sizde yorum yapın ve oylamaya katilin..Bu zamanda 
bu kadar isabetli ve mükemmel.bir uygulama bulabilmek zor.."
101141;;"2018-06-01 22:47:34";"Sorun yaşamadığım tek site"
100889;;"2018-06-07 18:37:01";"Kasmadan izleyebiliyorum ama mobil sitede az bi kasıyor en yüksek kalite de 
ama uygulamada öyle değil"
100639;;"2018-06-11 15:02:57";"Güzel bir uygulama ama arada hata veriyor ve ekran sıkıntı yapıyor"
100391;;"2018-06-18 15:39:36";"Tek kelimeyle muhteşem"
129041;;"2017-01-25 00:11:36";Muhtesem
118280;;"2017-05-28 14:21:33";"Adı efsane filmi neden yok?"
110340;;"2017-12-24 06:23:13";"Uygulama gayet iyi fakat reklam çok fazla"
108822;;"2018-01-17 22:42:48";Bayıldım
104714;;"2018-03-17 06:52:44";"Mükemmel dizileri var ve televizyondaki dizilerinde gösteriyor"
99087;;"2018-08-07 11:14:21";"Acayip güzel bir uygulama herkese tavsiyem"
98851;;"2018-08-20 07:08:29";"Istedigim filmi rahagca isliyorum"
114183;;"2017-09-26 10:16:37";"Harika bir program istedigim sevdigim butun programlar elimin altinda tesekkurler puhu tv"
103713;;"2018-03-26 10:05:11";"Çünkü reklami surekli artırıyor  ayni tv deki gibioldu reklamdan dizi izlenmez oldu"
98307;;"2018-09-18 21:21:41";"Güzel ama 15 saniye ileri geri yok"
98078;;"2018-09-27 15:36:13";"Inanılmaz bir uygulma android için daha çok"
112927;;"2017-11-06 19:50:14";"Çok fazla reklam içeriyor"
122400;;"2017-04-13 08:59:10";"Yabancı filmlerde olsa tadından yenmeyecek. Türk filmlerinide biraz cogaltirsaniz daha iyi olur."
97551;;"2018-10-22 14:05:56";"Diziyi açıyorum reklamdan sonra dizi açılmıyor berbat bir uygulama"
119838;;"2017-05-08 12:20:43";"Guzel ama reklam cok"
96016;;"2018-11-06 13:01:40";"İyiki varsın puhu"
116767;;"2017-06-13 20:43:49";Harika
114460;;"2017-09-11 11:01:02";Bayıldım
95508;;"2018-11-28 21:13:12";"Harika bir şey"
110860;;"2017-12-19 19:32:38";"Çok reklam var."
109845;;"2017-12-30 18:34:30";"Tüm filmler olmasada    güzel"
95015;;"2018-12-21 23:14:24";güzel
118020;;"2017-06-01 00:54:37";"bu kadar reklam olurmu ya zirt birt reklam cikiyor 45 saniyelik sirf bu bunaltici reklamlardan dolayi siliyorum uygulamayi"
94739;;"2019-01-03 13:01:11";"bu uygulama harika"
97796;;"2018-10-10 00:45:59";"Mükemmel bir uygulama"
92967;;"2019-01-22 05:34:18";"Selamun Aleykum Abiler Bende Puhu tv çalışmıyor İnternet Var Yok Diyor lutfen Cozum Bulun"
107559;;"2018-01-31 20:06:07";"ON NUMARA TAVSİYE EDİYORUM RAHATLIKLA"
92699;;"2019-02-02 23:32:56";"Hələ yoxlamamışam yoxlayım görüm necədir ondan sonra yenə qiymətləndirərəm"
102913;;"2018-04-07 07:30:40";"küfürler sansürlendi"
92435;;"2019-02-12 10:04:00";güzel,beğendim
104454;;"2018-03-20 04:08:15";Güzell
92175;;"2019-02-19 20:14:55";"cok guzel"
104734;;"2018-03-16 16:34:49";"Her geçen gün daha fazla reklam alıyorsunuz, içim sıkıldı reklam izlemekten."
91919;;"2019-02-27 23:59:31";"uygulama guzel daha fazla dixi gormek iyi olurdu"
119813;;"2017-05-08 21:54:02";"10 numara 5 yıldız 👍👍👍👍😄"
91667;;"2019-03-07 21:21:22";"Çok kötü"
113933;;"2017-10-08 00:53:25";Müthiş
89883;;"2019-03-19 18:53:52";"Harika sansur kalksın 10 numara"
120614;;"2017-05-01 22:57:53";Reklamlari
89639;;"2019-03-31 10:43:54";👍
95248;;"2018-12-11 01:04:01";"Tüm bölüm tek parça ve tek reklam. Diğer video siteleri gibi reklam izletmek zorunda kalmıyor. Sağa sola tıklayınca başka sitelere yönlendirmiyor. Tek kelime ile muhteşem."
115481;;"2017-07-15 08:14:20";"Videolar açılmadıktan sonra ne işe yarayacak bu uygulama"
125184;;"2017-03-16 08:45:47";"Video oynatıcının sol ve sağ kısımlarına iki kez dokunarak 10 saniye geri sarın ya da ileri atlayın. YouTube da böyle bir özellik var sizde bu tarz bir çalışma yapabilirmisiniz?"
105764;;"2018-02-28 07:41:27";"Cok Güzel bir uygulama tek sorun reklamlar 😊"
89106;;"2019-04-20 19:05:30";"çok güzel🌹🌹🌹🌹❤❤"
123414;;"2017-04-03 17:52:07";"Arkadaşlar en iyisi bu"
123655;;"2017-04-02 07:57:35";Mukemmel
124674;;"2017-03-25 05:43:14";"Çooooookkkk güzelsiniz"
105482;;"2018-03-03 23:37:17";guzl
88597;;"2019-05-13 18:12:48";"cok guzel tavsiye ederim"
95754;;"2018-11-18 22:50:13";"Çok güzel"
114206;;"2017-09-25 18:24:23";"Sokarım böyle uygulamaya be rezalet bi dizi izliycez ya o play tuşu zımbırtısı hak orta yerden kalkmıyo ya çıkmıyo yada reklam yüklenmeyince dizi donuyo herkesin kullanıcağı bişey yapıcaksanız adam gibi yapın tırlattım ya"
86787;;"2019-05-19 13:06:59";"Güzel bir program"
99606;;"2018-07-16 07:46:48";Süper
124681;;"2017-03-24 22:57:54";Muhteşem
88837;;"2019-05-01 15:54:57";"çok güzel reklamsız bir keyif"
108833;;"2018-01-17 21:36:02";Adddaaam
86309;;"2019-05-28 07:45:07";muhtisim
89124;;"2019-04-20 08:56:44";"Puhutv candır gerisi heyecandır 😁"
106017;;"2018-02-23 07:27:39";"Program çok iyi reklam yok ve ücretsiz daha fazlası olamazdı 😊"
86052;;"2019-06-04 18:09:50";süper
125454;;"2017-03-10 20:24:13";"çok iyi!! dizide kaldığım yerden devam ediyor olması müthiş.."
121600;;"2017-04-21 17:56:15";Net
122647;;"2017-04-10 08:05:36";Bayıldımmm
115205;;"2017-07-27 12:32:31";"Hiç bi diziyi izleyemiyorum"
119821;;"2017-05-08 19:15:32";Mukemmel
110880;;"2017-12-19 17:09:49";"Aradigim dizilerin hepsi burdaymis  🏵"
85520;;"2019-07-01 06:01:01";"çok güzel bi uygulama.kullanmak isteyen gönül rahatlığıyla indirebilir. hem bedava bence kaçırmayın."
103168;;"2018-04-02 18:11:40";"Cok guzel"
108034;;"2018-01-26 02:41:09";"Gerçekden harika"
129293;;"2017-01-19 09:15:28";"Coh hojdir :)"
108819;;"2018-01-17 22:59:37";Harika
126209;;"2017-02-25 23:40:15";"Bundan iyiisi olamaz fakat daha fazla film gelmeli"
107782;;"2018-01-29 13:51:32";"Ucretsiz ve kaliteli"
82201;;"2019-08-31 13:21:48";"Sadece Behzat Ç. için indirdim. İlk başlarda güzeldi ama sonradan hangi bölümde kaldığımı göstermiyor."
119837;;"2017-05-08 12:21:28";"Bu uygulama fazla internet harciyo gibi geldi. Burdan bi dizi izleyeyim dedim hemen internet paketim bittk"
97816;;"2018-10-09 12:21:17";Helal
111395;;"2017-12-12 17:59:21";"Reklamlardan dizi  izleyemiyoruz yahu!!"
81938;;"2019-10-01 17:52:04";"MÜKEMMEL AMA DAHA FAZLA FİLM GELSE İYİ OLUR"
110368;;"2017-12-23 22:40:22";"Nerdeyse mükemmel"
106503;;"2018-02-15 20:40:03";"seranay  ın me*me leri izlemek için indiriyorum"
120354;;"2017-05-03 19:16:58";"Kesinlikle mukemmel bir calisma...eline yuregine saglik Doğuş holding...superrrr"
81680;;"2019-10-19 15:51:45";"Jet sosyete izleyemiyoruz. Reklâm girince kilitlenip kalıyor. Reklâm olayını çözmeniz gerek."
97288;;"2018-10-31 17:16:28";"Çok iyi ya"
114187;;"2017-09-26 07:52:20";"Görüntüyü Tv ye aktarma özelliği getirilsin lütfen. Bir de LG TV'lerde neden uygulamanız yok?"
127514;;"2017-02-11 21:02:11";"Birde cevimdışı kaydet seyret olsa mükemmel olurdu"
81429;;"2019-11-07 14:08:01";"Güncellemeden sonra çözünürlük tuşu hata veriyo lütfen düzeltin performans iyileştirmesi yazdınız daha çok bozuldu"
119575;;"2017-05-12 17:16:35";"Samsung tv de uygulamayı yükledim fakat hiç bir şekilde açamıyorum. Çözümü nedir lütfen yardım.  Uygulamayı kaldırdım tekrar yükledim yine açılmıyor. Acil yardım lütfen"
114690;;"2017-08-28 23:44:29";"Çok iyi"
105494;;"2018-03-03 21:19:16";"Harika ötesi"
81186;;"2019-11-30 22:01:49";"Farkında mısınız ? Uygulama bozuk hata veriyor ve atıyor"
115996;;"2017-06-27 22:33:56";Harika
113430;;"2017-10-27 16:00:18";Süperrrrr
122655;;"2017-04-10 04:10:45";"Canlı yayın gelse daha iyi olabilir."
80900;;"2019-12-12 22:37:57";"Bir diziyi listeme ekliyorum bir süre sonra kendi kendine listeden çıkıyor diziyi izlemek istiyorum taş devrinden kalma görüntü kalitesiyle karşılaşıyorum ve değiştirebilmem için seçenek de yok neymiş efendim tarayıcımızı güncelleyecekmişiz böyle bir uygulama yapıyorsanız video oynatıcınızı doğru düzgün bir hale koyun tarayıcı bağımlısı bir hale değil"
86279;;"2019-05-28 18:16:33";güzel
95767;;"2018-11-18 14:15:44";Mükemmel.
115224;;"2017-07-25 21:12:36";"Güzel bir uygulama"
80666;;"2019-12-27 18:15:44";"Reklam dan filmleri leş etmişler. İndirmeyin bence.."
82442;;"2019-07-22 18:54:20";"Harikasın 💜 💛 💕 👍 💝 💝"
103697;;"2018-03-26 13:31:26";"Reklam dışında biraz daha film veya yabancı dizi eklenirse program gayet iyi görüntü kalitesi mükemmel zaten."
100610;;"2018-06-11 21:46:20";"Açılmıyor iğrenç"
118560;;"2017-05-24 12:31:16";"Reklam ver tamamda reklam verince uygula kendinden geçiyor"
80393;;"2020-01-24 06:00:44";"Bu kadar reklam olur mu saçmalık"
89603;;"2019-04-02 00:20:58";efsane
118299;;"2017-05-28 13:18:11";"Gayet başarılı bir site 😊"
102938;;"2018-04-06 19:48:35";👍👍👍👍👍
125726;;"2017-03-05 03:38:20";Süper
80130;;"2020-02-16 09:12:47";"Bu zamana kadar hiç bu sorunu yaşamadım ve çookkk eski dizileri bile kesintisiz izledim ama nedendir bilmiyorum 1 aydır WiFi veya mobil veri fark etmiyor 2 dk da bir donuyor ve sürekli başa sarıyor artık bıktım hemen bir çözüm getirin bence böyle giderse çok üye kaybedersiniz üye olduğum halde bu sorunları yaşıyorum bir an önce çözüm üretin lütfen uygulama güncel olmasına rağmen sorun devam ediyor"
82447;;"2019-07-22 06:41:05";"biray öncesine kadar güzeldi fakat yeni guncellemeler bozdu. artık kaldığım yerden devam edemiyorum."
117534;;"2017-06-06 12:15:01";Güzel
102672;;"2018-04-12 03:22:18";Güzel
123673;;"2017-04-02 05:14:45";"İzleyemediğim bütün dizileri çok rahat izliyorum. :)"
79877;;"2020-03-15 05:04:07";"İçerdiği diziler/filmler gerçekten çok net HD tavsiye ediyorum"
119069;;"2017-05-19 08:04:41";"Reklamı atlama butonu yok bu ne kardeşim dalga mı geçiyorsunuz milletle"
115214;;"2017-07-26 14:04:55";Harika😁
99865;;"2018-07-06 11:02:59";"Ben bu uygulamayı yeni indiriyorum inşallaah güzeldir. Hint diziside varmı"
121894;;"2017-04-18 11:12:28";"daha çok film eklene bilir günümüz filmlerinden"
79634;;"2020-03-31 19:56:57";"sürekli donuyor bu kadar da olmaz"
125724;;"2017-03-05 05:25:22";"Süper 👏👏👏 birde filimleri indire bilseydik çok güzel olurdu"
118023;;"2017-05-31 22:30:10";"Çok güzel bir uygulama kesinlikle tavsiye ederim..."
99866;;"2018-07-06 09:41:09";Bayıldım
120346;;"2017-05-03 20:14:10";"Dizi izlerken bi anda reklama girmese süper ötesi :)"
76306;;"2020-04-18 00:08:40";"Video hızlandırma gelebilir kendim hızlı konuştuğum vb. İçin bu dizi ve filmler bana ağır çekim gibi geliyor. Video hızlandırma özelliği gelirse çok sevinirim"
111130;;"2017-12-17 11:02:36";"Fi çi pi serisi burada bundan daha mukemmeli olamaz"
118054;;"2017-05-31 16:42:01";"Harika bişey bayıldım çok güzel resimlerinden pek öyle anlaşılmıyo ama harika bişey tek kelimeyle bayıldım"
92675;;"2019-02-03 22:36:39";"içerde'nin 23'üncü bölüm açılmıyor.BİR AYAR ÇEKİN."
102942;;"2018-04-06 18:33:20";Looo
122662;;"2017-04-09 22:14:52";Güzel
76040;;"2020-05-12 21:41:10";"Bence süper bir uygulama istediğimiz filmi izleyebiliyoruz"
95768;;"2018-11-18 14:09:23";"Çok iyi"
85784;;"2019-06-15 23:06:36";"cok sahane program yapanın emegine saglik 4 yildiz veriyorum nedeni ise reklamlarin tam heyecenli yerlerinde karsimiza cikmasi. reklam olayi kaldirilirsa 5 degil 1000 yildizi hak ediyor."
113417;;"2017-10-27 18:15:25";"Net ve anlaşılır"
102943;;"2018-04-06 18:28:42";Fenaaa
121866;;"2017-04-18 18:07:01";"Mükemmel 👍"
75786;;"2020-06-15 13:37:08";"Reklam olayı gelene kadar çok güzeldi ama şimdi 5 dakkada bir reklam veriyor ama sizde haklısınız reklam olmasa nasıl para kazancanız"
110854;;"2017-12-19 20:37:56";"Muhtesem 2.30 saatte 2 rekl cikti muhtesem program helal olsun"
120070;;"2017-05-06 06:53:08";Harikasınız
89861;;"2019-03-20 20:50:18";"on numara"
99869;;"2018-07-06 06:39:35";"Herhangi bir dizinin herhangi bir bölümünü açıyorum dakikalarca bekletiyor 
çözünürlüğünü ayarlamak için sağ üst köşeye tıklıyorum ""maalesef durdurdu"" 
hatası verip kapanıyor lütfen bunu acilen düzeltir misiniz?..."
112640;;"2017-11-12 01:14:36";İyi
75544;;"2020-08-27 12:59:40";"Saçma sapan koyduğunuz reklamlar film dizi zevkinin içine ediyor"
104717;;"2018-03-17 01:30:49";"Bu programdan ötesi yok"
91681;;"2019-03-07 05:47:11";harika
86032;;"2019-06-05 14:53:13";"Avlu izleyenler evet e bassin"
92946;;"2019-01-23 02:02:04";"Şahsiyet mükemmellll Teşekkür ederim puhutv"
102678;;"2018-04-11 20:36:38";Harika
119307;;"2017-05-15 16:19:03";"Çok güzel bir uygulama"
75279;;"2020-09-29 19:41:16";"Süper uygulama"
107016;;"2018-02-09 00:55:36";"Cok guzel maasallah"
108069;;"2018-01-25 11:45:09";Süper
123911;;"2017-04-01 11:20:30";Güzel
92679;;"2019-02-03 21:18:11";"behzat ç 64. bölümü açamıyorum"
101890;;"2018-05-06 11:24:59";super
120329;;"2017-05-03 22:29:57";"Hersey guzelde su fi yi iki haftaya bir koymasalar daha iui olur"
75031;;"2020-10-17 10:34:57";"Diziden çok reklam izletiyor. Berbat!"
75294;;"2020-09-29 04:03:16";"Şu reklamı verip durmayın bunedir diziden çok reklam var"
105500;;"2018-03-03 20:03:56";"Videolar oynatmıyor güncellemeden sonra bozuldu"
98830;;"2018-08-21 05:35:46";"Fox yok o olsaydı daha güzel olurdu"
86027;;"2019-06-05 19:24:51";"çok güzel sevdiğim diziler bunda özellikle cukur"
121372;;"2017-04-22 20:10:24";Good
122637;;"2017-04-10 12:10:42";"Fi sayesinde, kaliteli dizi..."
57344;;"2023-06-30 06:34:21";"Harika on numara a*k 5 dakikada bir reklam geliyor bu ne lan iyice b***ku çıktı"
57345;;"2023-06-30 06:19:57";"Bu kadar da saçmalık olmaz ama bune dizi mi izlicez reklammi kesinlikle indirmeyinn her 5 dk ya bir 4 adet reklam variyor."
57346;;"2023-06-30 00:39:05";"Uygulamayi mafettiniz 4 tane reklam izlemek zorundayiz 4 reklam nedir ya zirt birt reklam"
57347;;"2023-06-29 22:15:37";"4 reklam nedir bence az kalmış 10 tane yapın bir de reklam geçmeyi son 5 saniye yerine 1 saniye kala koyun"
57348;;"2023-06-29 21:30:35";"reklam izlemeyi sevenler için harika bir uygulama"
57349;;"2023-06-29 18:30:27";"Bu kadar reklam mı olur!!!"
57350;;"2023-06-29 14:40:18";"Film den çok reklam. var"
57351;;"2023-06-29 12:53:45";"Bu kadar da reklam olmaz bu ne böyle"
57352;;"2023-06-29 09:02:28";"Bu nedir, önceden 1 reklamken şimdi 1 reklamın ardından aralıksız 3 reklam daha çıkıyor. Ardarda 4 reklam nedir!! Vazgeçip kapatmasam, devamı gelecekti herhalde"
57353;;"2023-06-29 06:37:01";"rezillik reklam sayısı 2 bile çok fazlaydı birde utanmadan 4 e çıkartmışsınız bari para ile reklam kaldırma tarzı bişeyler getirin soğuduk artık 30 saniye 4 reklam veriyor 2 dakika reklam sürüyor üyeliği paralı falan yapın gerekirse"
57354;;"2023-06-28 21:29:56";"Diziler güzel ama surekli reklam çıkıyo ve ilerletme yeri çok kötü ve çocuk animasyonları çok az LUTFEN BUNLARI YAPIN !"
57355;;"2023-06-28 21:22:09";"2 saat dizi izliyorsam 1 saat reklam izliyorum tavsiye etmiyorum"
57356;;"2023-06-28 01:24:39";"Çok fazla reklam var. Yapamıyorsanız yapmayın! Herhangi bir film izleyeceğim, sürekli reklam giriyor. Bir tane de değil üç tane. Bari reklamı atla gibi bir seçenek getirin."
57357;;"2023-06-27 22:22:28";"Uygulama mahfolmuş resmen 1 yıldız dahi fazla 5 dk da bir reklam çıkıyor hemde 30 saniyelik reklamlar tek reklam değil 3 adet ard ardına 40 ar saniye 2 dk reklam izletiyorsunuz izliyecegi filmden soğuyor insan"
57358;;"2023-06-27 22:15:19";"3 tane reklam verdi bitince dizi basa sardi daha baslamadan 2 reklam daha verdi dizi tekrar basa sardi daha ben izleyemeden 3 tane daha reklam verdi sinirlenip kapattim.birkac ay once keske reklamlar aylama ozelligi gelse diyordum ama simdi o haline bile hasret kaldim uygulamanın"
57359;;"2023-06-27 19:55:25";"nolur reklamı azaltın Allah aşkına en azından ileri sardığımızda çıkmasın ya"
57360;;"2023-06-27 19:31:15";"Aşırı reklam var diziyi izleyemiyorum sürekli reklam çıkıp duruyor karşıma rezalet bir uygulama indirmeyin"
57361;;"2023-06-27 16:22:53";"Bu kadar reklam veren bi uygulama olamaz 2 saatlik dizide yaklaşık 1 Saat Reklam İzliyoruz."
57362;;"2023-06-27 15:09:05";"Son güncellemeden sonra reklamlar aşırı uzun. Önceden rahatlıkla izliyordum. Sürekli geri alıyor sürekli 4 5 reklam ard arda"
57363;;"2023-06-27 11:50:41";"Son günlerde film izleyemiyorum hep reklam izliyorum maalesef"
57364;;"2023-06-27 10:56:10";"Guzel ama son guncelleme çok kotu"
57365;;"2023-06-27 08:18:57";"Her dakika başı reklam cikiyo reklamlari kaldırın birazcik reklamlar için bile olsa silecem sinir oldum daha"
57366;;"2023-06-26 20:02:23";"Bı behzat c izleyelim dedik 4 tane reklam cikmaya basladi eskiden 2 taneydi katlanıyorduk da 4 çok fazla lütfen bu uygulamaya çok da pahalı olmicak bir şekilde premium(reklamsız, bölümleri indirme vb) paketi getirin ben almaya razıyım bölüm indirmede şart değil reklamsız olsun yeter."
57367;;"2023-06-26 19:08:01";"QMK BU NE KADAR REKLAM YA SİNİR KRİZİ İNT SİTESİNDE BU KADAR REKLAM YOK"
57368;;"2023-06-26 16:58:30";"Siz youtubeyide geçtiniz reklam olayında tamamen cılkı çıkmış durumda sizde ücretli hale gelin bu işkence bitsin en azından ucretlisinde reklam yok deriz birde aynı reklamları izliyoruzya emin olun insanın o ürünü alacağı varsada almaz reklam olayı o derece itici olmuş... Teşekkürler"
57369;;"2023-06-26 15:57:02";"Reklam anlayışınızın amk"
57370;;"2023-06-26 14:18:50";"Ya kardeşim bu nasıl iş ya 5 dakikada bir 4 tane reklam mı olur ya? Tüm seyir zevkinin içine ediyor. Eskiden bi diziye kaldığın yerden devam edebiliyordun artık o da yok. Nerde kaldığını hatırlamıyorsun onu bulmaya çalışıyorsun bide bu sırada onlarca reklam izlemek zorunda kalıyorsun. Bu kadarda olmaz vallahi pes. Tam bir REZALET!"
57371;;"2023-06-26 11:24:17";"1 bölüm izlicem 50 tane reklam bu ne böyle"
57372;;"2023-06-25 22:01:14";"şu dizileri falan bi çekin de reklamları rahat izleyelim"
57373;;"2023-06-25 18:36:19";"Aşırı derecede sacmalık var üst üste 4reklam nedir ya Allah aşkına... Size zahmet şu işi çok acılen çözün.."
57374;;"2023-06-25 14:56:48";"Başta çok memnun kaldım ama şimdi hep reklam veriyor doğru düzgün izleyemiyorum memnun değilim"
57375;;"2023-06-25 12:02:47";"Reklamları yüzde 500 atrtirmissiniz ya bune ya dizimi izleyelim reklammi Allah aşkına ya kaldırın su reklamları ya yoksa uygulamayı silicem benim gibi düşünen kaç kişi var burda"
57376;;"2023-06-25 00:09:42";"amk sefilleri 4 reklam ne aq.hic bı hareket edemiyorum her seferinde reklam geliyor 4 e cikarmissiniz bide nasıl bı yokluktasiniz amk.bu zamanda bile bu kadar yapıyorsanız ya bu işi bırakın yada bı tarafınızı kaldiriverip şu yorumlara bı göz atin"
57377;;"2023-06-24 23:59:14";"reklam der susarım"
57378;;"2023-06-24 23:44:28";"Film değil reklam izlemek için program yapmışsınız 2 dk da bir reklam nedir ya insanlarla dalga geçmeyi bırakın artık"
57379;;"2023-06-24 22:15:34";"Son gelen guncellemeden sonra bir dizi izlerken kaldığım yeri bile açamıyorum resmen diziden çok reklam izliyorum maalesef bir kullanıcı daha kaybettiniz."
57380;;"2023-06-24 21:20:30";"Arayüzü çok garip. Bir de peş peşe 4 reklam olur mu be kardeşim."
57381;;"2023-06-24 16:25:40";"Ya zaten uygulamayı saçma sapan güncellemelerle mahvettiniz şimdi de reklam çıkıyo tek seferde 4 reklam ne ya bir kere de değil sürekli çıkıyor bu ne ya bi film izlicez o filmin süresi kadar reklam izletiyorsunuz amacınız uygulamayı kimsenin kullanmaması galiba"
57382;;"2023-06-24 16:23:46";"5 dk 4 reklam rezil ettiniz siliyorum lanet olsun sizin puhunuza"
129572;;"2025-01-23 18:17:49";"Dünyada gördüyüm ən pis proqramdı endirməyin"
128292;;"2017-02-01 08:31:44";"Mükemmel üstü herkese tavsiye ederim admin eline sağlık on numara..."
127238;;"2017-02-13 08:36:43";"Breaking bad varmı reklamlarda birsürü reklam mı vardi indiriyom"
125978;;"2017-03-01 19:51:42";"Yabanci film ve dizilerde eklenmeli"
124942;;"2017-03-19 11:13:20";"Canli yayin eksik, yoksa cok iyi"
123914;;"2017-04-01 11:08:50";"Çok suber"
122894;;"2017-04-07 23:01:39";"Adamlar Yapmış Gerçekten Harika Bir Uygulama Teşekkürler. ."
121887;;"2017-04-18 13:46:16";"Daha cok dizi ve film olsa iyi olur fi cok guzel arti ucretsiz 10 numara"
121096;;"2017-04-25 10:33:40";"Hersey icerde icin..."
128523;;"2017-01-29 22:56:31";"Yemin ederim reklam siz süper program. Bütün herşey sorunsuz tek kelimeyle mükemmel"
119326;;"2017-05-15 12:37:46";"Reklam reklam reklam. Başka birsey yok"
118554;;"2017-05-24 13:55:43";"10 numara 5 yildiz"
117788;;"2017-06-03 12:27:37";"Diğer kişilerin söylediği gibi fox daki savaşçı star daki söz dizileride konulur sa çok iyi olur bununla ilgili çalışma yapmalısınız şimdilik 3 yıldız diğerleri de olursa 5 yıldız hak ediyor sunuz.."
117028;;"2017-06-11 15:48:49";"Beğeniyorum sizi galibaaaa"
128530;;"2017-01-29 21:45:25";"Niye sorvivor yok mk"
115727;;"2017-07-08 16:01:41";"Çok başarılı bir uygulama. Kolayca dizileri izleyebiliyorum. Herkese tavsiye ederim.👏👏"
128547;;"2017-01-29 19:56:59";"Guzelde muhtesem yuzyil kosemde gelse super olacak"
114446;;"2017-09-11 22:00:33";"Her dizi yok listede ama gerçekten başka uygulamaların yanında en iyisi uzak ara az reklam var bide o çok önemli dizi yelpazesi biraz daha geniş olabilir tek eskiyi bu bence"
118791;;"2017-05-22 10:00:09";"Görüntü kalitesi güzel"
113185;;"2017-10-30 19:59:55";"Reklamdan başka bişi yok amk"
112660;;"2017-11-11 17:58:06";"Niye bir yıldız eksik Çünkü sürekli reklam çıkıyor ve 10 dakikada bir dizi kapanıyor Bu yüzden bir yıldız kırdım Ama güncellenirse iyi olabilir"
112139;;"2017-11-22 20:00:32";"Harika full hd"
111622;;"2017-12-06 14:49:35";"Sinema filmler biraz daha genişletilmeli"
111109;;"2017-12-17 20:14:14";Mükemmel
110600;;"2017-12-22 11:48:46";"Çok fazla reklam oluyor telefondan izlendigi zaman"
110095;;"2017-12-26 11:42:29";"Reklamlar gözümüz önünde bıktık artık siz reklamları musaid bi sekilde kullanın size tavsiyem"
109594;;"2018-01-04 00:43:59";"Mükemmel bir uygulama fakat reklam çok. Reklamların olmasını istemiyoruz."
127519;;"2017-02-11 20:26:54";"Hızı çok iyi"
112165;;"2017-11-22 13:49:55";"Dizilere bayıldim"
108302;;"2018-01-22 21:42:28";Muhteşem
128795;;"2017-01-26 14:07:10";"10 numara 🌟🌟🌟🌟🌟"
107532;;"2018-01-31 23:52:48";"Dört dörtlük program"
107040;;"2018-02-08 18:49:48";👍👏🏿👏🏿
113948;;"2017-10-07 11:45:02";"Gayet kaliteli yayınlar"
106276;;"2018-02-18 19:36:05";"Türk filmleri ve dizilerinden başka bir şey yok ama ücretsiz olması çok güzel 5 yıldız hak ediyor."
105989;;"2018-02-23 22:52:37";"Bu kadar REKLAM olmasa çok iyi olur"
127265;;"2017-02-12 22:31:26";"Ellerinize saglik. Harikasiniz :)"
105242;;"2018-03-07 16:14:22";Muko
104961;;"2018-03-12 13:03:12";"Reklamlarda bug oluyor, 1-2dk ileri geri alip kaldigim yeri bulmaya calisirken her tikladigimda reklam cikiyor... Onun disinda hersey mukemmel"
114697;;"2017-08-28 12:32:44";"Yabancı dizi eklerseniz 10 numara 5 yıldız olacak.. Slm.."
104227;;"2018-03-21 20:13:21";"5 sn ileri geri seçeneği eklerseniz sevinirim şimdiden teşekkürler"
103952;;"2018-03-24 12:50:29";Süper
103693;;"2018-03-26 14:23:35";"yeni yükledim güzel bir uygulama"
109322;;"2018-01-10 17:25:59";"Fi dizisi haftalık mı yayınlanıyor bi sorun"
116744;;"2017-06-14 02:51:28";"Bekleme yapma indir çok güzel  Not:KUSURSUZ UYGULAMA YOKTUR EMEĞE SAYGI.."
126497;;"2017-02-21 19:59:14";"Çok güzel bir uygulama muhteşem manyak bir şey yapmışlar ellerine sağlık ama sinema filimlerinide koysalar iyi olur bence recep ivedik felan o zaman ön numara olur valla"
102433;;"2018-04-18 00:30:47";Harika
102170;;"2018-04-26 16:01:25";"Reklamlarınız uzun daha kısa tutabilirsiniz"
101909;;"2018-05-05 19:13:07";👍👍👍👍👍👍
101650;;"2018-05-15 13:59:38";"Çok güzel uygulama elinize saglik"
101394;;"2018-05-24 23:10:47";"Harika bir program emeği geçenlerin ellerine sağlık Reklam sayısının az 
olması izleme zorunluluğunun can sıkmamasını sağlıyor."
101140;;"2018-06-01 22:47:54";"Gelecekteki Tolgaya mesajım olsun bu programı indir amq salağı canın 
sıkılırsa izlersin bişeler"
100888;;"2018-06-07 18:39:41";"Harika bir program"
100638;;"2018-06-11 15:04:38";"Harika mükemmel"
100390;;"2018-06-18 15:41:19";"Dizimi kolaylıkla izleyebiliyorum harikaaa"
100135;;"2018-06-22 07:45:54";"Çok güzel bir şey ama bir çok filim eksik"
119051;;"2017-05-19 11:38:40";"çok çok güzel"
110848;;"2017-12-19 21:18:55";"Çok iyi ancak şu çift tıklayınca ileri sarma meselesi olsa harika olurdu :)"
104715;;"2018-03-17 04:48:10";"Kesinlikle herkese tavsiye ettiğim mükemmel bir uygulama"
109335;;"2018-01-10 07:40:58";"Gerçekten güzel ama fazla reklam veriyo"
99086;;"2018-08-07 11:15:20";Süper
98850;;"2018-08-20 07:46:41";"Guzel ama sınırlı sayıda dizi ve filmi var"
114720;;"2017-08-27 13:55:03";"Herşey süper sadece birazcik reklam var 😊"
124966;;"2017-03-18 23:03:20";"Uygulama gercekten kaliteli olmus emegi gecenlerin eline saglik. Ama eskiya dunyaya hukumdar olmaz mutlaka olmali cok sasirdim neden yok ki cok seviliyor ve izleniyor sonucta? yorumlarda da defaatle belirtilmis sizden bu konuda bir aciklama bekliyoruz:) tesekkurler"
98306;;"2018-09-18 21:24:32";"Hu hu hu puuu hu"
98077;;"2018-09-27 17:22:03";"Neden Çukura sansür geldi? Sansürsüz izleyemeyecek miyiz?"
121347;;"2017-04-22 22:13:35";"Cok takılıyor uygulama"
123412;;"2017-04-03 18:01:02";"Eğer parasızsa mükemmel.."
97550;;"2018-10-22 14:32:11";"Güzel bence ya"
122907;;"2017-04-07 21:22:35";"Yabancı dizilerinde olmasını istiyorum elbette zor ama ndn olmasın ki 😊"
96015;;"2018-11-06 14:33:41";"Eskiya dünyaya hükümdar olmaz Söz ve savaşçı dizisinide ekleyi"
117526;;"2017-06-06 14:30:55";"Reklam çok abartılı olmuş."
117511;;"2017-06-06 18:07:20";"Cok reklam vermeye basladi ilk basta cok guzeldi veriyosun zorunlu kilma gecebilelim reklami"
95507;;"2018-11-28 22:55:06";goodd
111372;;"2017-12-13 06:17:12";"Ah bir de şu reklamlar bu kadar uzun olmasa..."
97568;;"2018-10-21 15:41:20";"Çok çok iyi"
95014;;"2018-12-21 23:14:51";"Uygulama çok güzel. İlk kurulduğundan beri puhu tvde izliyorum hepsini. Fakat son 1 senedir çok fazla reklam vermeye başladınız. Bu reklamları ya kaldırın ya da en aza indirin 80 saniyelik reklam koymussunuz belli bi aüre sonra reklamı gec bile cıkmıyor"
116511;;"2017-06-17 03:27:28";guzeel
94738;;"2019-01-03 14:37:07";"Eski film bunlar yerli EROTİKTE OLURSA GÜZEL OLUR"
116740;;"2017-06-14 05:58:38";"Pazartesi günleri reyting kıran Söz dizisi nin eklenmemesi büyük hatadır. Acilen eklenmesi gerek"
92966;;"2019-01-22 06:43:22";"güzel bir deneyim başarılı bir çalışma"
128776;;"2017-01-26 19:11:06";"İyi iyi"
92698;;"2019-02-03 00:16:22";porfect
103182;;"2018-04-02 14:06:53";"Güzel bir uygulama olmuş"
92434;;"2019-02-12 11:12:11";mükemmel
104733;;"2018-03-16 17:14:39";Bravo
92174;;"2019-02-19 20:28:15";"bu ne arkadaş 10 dk da bir reklam. ev ye gitsen gidemezsin. içim dışım pop eyes oldu, ifrit oldum hayatta yemem."
115983;;"2017-06-28 20:33:09";"Uygylama çok güzel. Aradığım her diziyi ya da filmi bulabiliyorum. Ama araya çok reklam giriyor. O bir yıldızıda reklamlardan kırıyorum."
91918;;"2019-02-28 01:28:06";"alayı reklam diğer dizi sayfalarından izleyin 5 kuruş etmez"
108823;;"2018-01-17 22:41:02";"çok başarılı lakin canlı izleme eklenmesi dahada iyi  bir konuma taşıyabilir."
91666;;"2019-03-07 21:38:13";"fazla reklam var tek sorunu bu"
109827;;"2017-12-30 21:41:11";"Cok reklam var"
89882;;"2019-03-19 19:41:28";"iyi bi program sevdigim filimleri izleye biliyom"
99359;;"2018-07-25 17:05:05";"Dört dörtlük bir uygulama yalnız yeni bölümlerin fragmanlarini açmıyor. .."
89638;;"2019-03-31 11:22:24";mükemmel
115210;;"2017-07-26 20:23:18";Fi
116229;;"2017-06-20 14:02:31";"Bu mükemmel  bir uygulamaydı  👍"
108036;;"2018-01-25 22:07:17";Mükemmelsiniz
128788;;"2017-01-26 15:40:19";"İleride dizileri televizyonla aynı anda verseler televizyondan cok daha iyi olur"
89105;;"2019-04-20 19:25:48";İğrenç
127235;;"2017-02-13 09:30:10";"Çizgi film yok sıkıcı"
124678;;"2017-03-24 23:55:13";"Cok iyi Iyi yani"
114706;;"2017-08-28 03:34:13";Harika
105766;;"2018-02-28 05:59:45";basarili
88596;;"2019-05-13 18:41:30";"sadece çukuru izlemek için indirdim ama birçok dizde var bence indirin"
103174;;"2018-04-02 15:58:04";Super
120323;;"2017-05-03 23:49:38";"On numara"
86786;;"2019-05-19 13:25:56";"ihtiyaçların çok güzel bir şekilde karşılıyor"
99849;;"2018-07-07 08:24:21";"Icindeki flm ler paralımı"
125712;;"2017-03-05 10:04:30";"Harika bence buradan izleyin hiç donmuyo  Tavsiye ederim 🤗"
111901;;"2017-11-28 00:21:50";"Hersey harika ! Lakin , lutfen reklam olayina bir cozum... en azindan 20 dk da bir oolsun veya reklami gec butonu vs.👍"
108039;;"2018-01-25 20:33:01";"Yok böyle birisi harika yapmışlar"
86308;;"2019-05-28 08:59:30";güzel
104711;;"2018-03-17 08:31:04";"Abi mobilden girince reklam çok var diğer yandan iyi"
103972;;"2018-03-24 08:09:56";"Reklamlar biraz fazla😕"
86051;;"2019-06-04 21:05:57";"Behzat Ç. iyi ki var!"
88839;;"2019-05-01 14:30:19";Güzel
115993;;"2017-06-28 08:09:42";"Oldukça güzel bır aplikasyon.  Ufak tefek eksiklikler de zamanla duzelecektir."
123661;;"2017-04-02 07:22:19";"Her sey cok iyi"
118289;;"2017-05-28 13:58:58";"Çok güzel program teşekkür ederim harikasınız"
97291;;"2018-10-31 14:55:08";"Harika bi uygulama artık akşamları televizyon izlemek zorunda değilim"
111392;;"2017-12-12 18:30:26";"Fi yi izleyebiliyorum obur diziler icinde guzel.(bu arada fi cok iyi)"
85519;;"2019-07-01 07:54:58";"yabancı flim daha çok olsa daha iyi olur"
118302;;"2017-05-28 12:31:56";"Şuana kadar kullandığım en kötü video uygulaması. Ekranı kilitleyince uygulama bir süre sonra kendi kendine kapanıyor uygulamada en son izlediğim videolar gösterilmiyor kaldığın yerden devam özelliği çok kötü madem yapamıyorsunuz youtube den video kaldırtmayında insanlar oradan izlesin izleyeceklerini."
102662;;"2018-04-12 13:56:33";"Çok güzel ya hemde ücretsiz diyerleri hep ücretli bence hiç düşünneyin indirin süperr 😁😁😁😁"
82471;;"2019-07-18 13:57:23";"Güzel indirin"
103171;;"2018-04-02 17:50:43";"Dip izliyorum tavsiye ederim"
95259;;"2018-12-10 18:23:45";"Çok güzel 🤗🤗🤗🤗🤗😊😊"
119589;;"2017-05-12 13:22:09";"Bu reklam  ne önceden reklam   yoktu iyidi boku  çıkmış"
82200;;"2019-08-31 14:41:24";"Reklamlar kalkmış sanırım bu harika yalnız çok eksik dizi var yerli dizilerin hepsini ekleseniz keşke"
86538;;"2019-05-23 06:21:11";"Başarılarınızın devamını dilerim"
118284;;"2017-05-28 14:08:36";"Reklarla daha kisa olmali 😉"
111911;;"2017-11-27 21:35:39";"Süper uygulama"
81937;;"2019-10-01 18:36:44";"Süper ❤️👏🏻"
127234;;"2017-02-13 09:35:18";"Bazi dizilerin eklenmesi ve kanal cesitligi gerekli onun disinda gayt basarili eskiya hukundar olmaz mu hakkak gerek"
121615;;"2017-04-21 17:11:43";"Fi varsa ötesi yok.Türkiye için önemli bir başlangıç 😉"
113153;;"2017-10-31 14:34:18";"Bayıldım ama bazı filimler yok ekleyin  mesela aşk yeniden"
81679;;"2019-10-19 15:57:41";"Philips televizyonumda Puhu tv güncellemesi yaptım. Ana ekran var. Fakat hiç bir sekmeye giremiyorum. Jet sosyete için yüklemiştim. Yazık olucak güzelim diziye. Benim gibi güncelleme mağduru Jet Sosyete izleyicileri puhu tv ile ilgili güzel yorumlarını buraya yazmaya başlarlar. Şimdi puhu tv yi tamamen kaldırıyorum. Çünkü bi işe yaramıyor."
86540;;"2019-05-22 23:57:38";mukemmelll
97818;;"2018-10-09 10:35:29";"Abi efsanr bi film izleme programii yaaa djejdi qmku rks"
110885;;"2017-12-19 16:33:11";"Çogu dizi ler filmler yok onlarıda yaparsanız süper olur"
81428;;"2019-11-07 15:01:59";Süper
113939;;"2017-10-07 16:57:49";"Isimsizler,Savaşçı,EDHO,Arka Sokaklar Bunlarda Olursa Daha Süper Olucak"
115472;;"2017-07-15 10:10:02";"Bağlantımda sıkıntı yok fakat hiçbir şey açılmıyor güzelim uygulama berbat oldu"
118822;;"2017-05-21 22:23:04";"Reklamlarınızı alın kendinize sokun, illallah ettirdiniz bizi dakka başı reklammı olur, puhu tv benim için bitmiştir"
81185;;"2019-11-30 22:56:32";"Ben bukadar kötü bir uygulama görmedim 3 veya 4 gün kullandım yada kullanmadım sinirden en son delirdim sildim dedim belki benim internetimde bir problem vardır diye ama bir internette 4 gün boyunca problem olmaz yani her dizi izlediğimde insanları tanımak kim olduklarını anlamak için kendimi parçalıyorum gözlerim bozuldu neredeyse bukadar kötü görüntü kalitesiyle ben bu zamana kadar ne dizi ne film izlememiştim bidahada bu uygulamayı indirmiycem."
119072;;"2017-05-19 07:48:08";"Fazla reklam var."
107549;;"2018-01-31 21:03:29";"Bu hali ile devam ederse muhteşem lakin güncelleme ile bozulursa ne olur bilmem üye olduktan sonra izlerken hiç reklam vermiyor bu çok çok iyi. Güzel iş tebrikler"
123669;;"2017-04-02 05:58:52";Super
80899;;"2019-12-12 23:36:15";"10 dk da bir reklam bokmu var !!!!"
116502;;"2017-06-17 08:27:37";"Sürekli sürekli sürekli donuyor!!!!! Çok sıkıldım. Izlediklerimden soğudum resmen. Sadce kendi evimdeki wifiden değil bir-çok yerden denedim ama sonuç aynı. Programın alt yapısında mı sorun var anlamadım. Hakikaten boku çıktı yani gerçekten!!!!!!!!!!!"
119819;;"2017-05-08 20:02:48";"Muazzam bir uygulama Teşekkürler"
108576;;"2018-01-19 22:58:05";Perfect
80665;;"2019-12-27 19:13:58";"ÇOK KÖTÜ FLL REKLAM ,İÇERİYOR"
81696;;"2019-10-18 21:23:14";"Reklam dönüşleri takılıyor. Fi zamanı sinir olmuştum, artık çözmüşlerdir diye düşündüm. Gülse Birsel in hatrına indirdim. Ama hala aynı sene olmuş 2019 hala dönen üçgen. Rezalet"
89610;;"2019-04-01 21:24:23";Mukemmel
101667;;"2018-05-14 17:29:36";"Ellerinize ve emeğinize sağlık"
119299;;"2017-05-15 17:39:14";"Reklamlar azaltilirsa daha iyi olur"
80392;;"2020-01-24 07:13:04";Harika
82446;;"2019-07-22 08:21:35";"Ana menüde gezerken herhangi bi diziye girip geri çıktığımda sağa ilerlemiş olduğum halde geriye atıyor. Çok can sıkıcı bir durum *Bir diziyi listeme ekle diyince eklemesi lazım eklendi diyor ve eklenmiyor"
127494;;"2017-02-12 09:12:46";"Çok güzel"
103207;;"2018-04-01 19:48:53";"Uygulama guzel ama mehmed bir cihan fatihinin eklenmesini bekliyoruz"
126979;;"2017-02-15 14:54:26";Super
80129;;"2020-02-16 10:26:43";"Canlı yayın olabilir"
111909;;"2017-11-27 21:59:20";"Uygulama güzel aktif kullanıyorum tek eklenmesini istediğim YouTube de olduğu gibi media oynatilirken ileri ve geri sarmak için ekrana çift tıklandığında 10 sn ileri geri yapması şahsi görüşüm kullanım kolaylığı sağlayacak olması.."
98328;;"2018-09-18 17:51:26";"Süper ötesi bir şey bu"
102939;;"2018-04-06 19:19:02";Guzel
124696;;"2017-03-24 15:32:33";"Süper ya abi nasıliyi yapabiliyorsunuz"
79876;;"2020-03-15 06:58:40";"Dizi ve film sayısı az"
102930;;"2018-04-06 21:11:24";güzel
89613;;"2019-04-01 17:15:43";"çoooooooooooooook güzellllllllllll bayıldımmmmmmm"
100110;;"2018-06-23 13:52:54";"Bu ne yaaa. Reklamdan dizi izlenmiyor. Hadi reklamı izledik kaldığımız 
yerden devam etmiyor. Bezdirdi"
114960;;"2017-08-11 12:09:22";"Efso yani mükemmel"
79633;;"2020-03-31 20:24:48";"Daha kötü olamazdı hiçbirşey izlenmiyor sinir krizi geçirelim diye yapılmış sanki"
102404;;"2018-04-18 21:18:14";"Adam gibi Adam Tek Dizi Ve film Programı Ellerinize Emeğinize Ve Koca 
Yüreklerinize Sağlık"
89614;;"2019-04-01 16:00:57";"süper bir uygulama"
100111;;"2018-06-23 12:32:23";Güzel
114961;;"2017-08-11 11:11:44";"Reklamları birazcık azaltın"
76305;;"2020-04-18 05:55:56";Beyenmedim
80410;;"2020-01-22 01:11:23";"15 dk oldu diziyi açalı 5 tane reklam izledim. ne anlamı kalıyorki televizyon yerine burdan izlemenin"
89601;;"2019-04-02 03:26:45";"tek kelimeyle harika. teşekkrler"
108063;;"2018-01-25 14:00:18";"Beğendim daha çok flim olmasını isterdim"
125457;;"2017-03-10 19:13:34";"Her istediğimizi var süper süper süper lütfen lütfen lütfen yükleyin"
123676;;"2017-04-02 03:31:50";"Kitaplarından sonra 👌👌"
76039;;"2020-05-13 04:03:20";👍👍❤️❤️
97289;;"2018-10-31 16:41:09";Güzel
108812;;"2018-01-17 23:19:13";"Araya reklam alinmasa hersey daha guzel olacak."
92944;;"2019-01-23 06:41:57";"açılmıyor internetim full çekmesine rağmen filmler açılmıyor"
124427;;"2017-03-29 18:39:34";"On numara uygulama süper"
129573;;"2024-11-28 18:24:49";"Yüklədim əladır yükləməyitevsiyə edirəm"
75785;;"2020-06-15 19:24:01";"Avlu dizisi neden koyulmamış"
89607;;"2019-04-01 22:47:24";👍👍😊😊
100355;;"2018-06-19 23:14:44";"Çok güzel güzel bir uygulama"
123170;;"2017-04-05 14:23:07";"Lütfen yabancı dizi seçeneğide eklensin."
100114;;"2018-06-23 11:08:18";"Uygulama çok güzel sorunsuz çalışıyor bence sizin telefonlarınızda sorunvar 
uygulamayı kötülemeyin hakkını yemeyin lütfen."
113165;;"2017-10-31 07:08:37";"Televizyonda bir gecede izlemedigim reklamin on katini puhuda bir dizide izledim. Bir iki koyarsin anlarim neye bassam reklam geliyor. Adam gibi baska yerden izlerim bu ne ya. Sildim gitti."
75543;;"2020-08-27 19:46:31";"Sürekli donuyor 1 bölüm 1 haftada izliyorum hiç birşey yapamıyorsaniz çinli gibi düşünün ve başka bir platormu taklit edin yada youtbeye yükleyip buradan link verin"
95771;;"2018-11-18 11:39:18";"Guzel uygulama tesekkurler."
99101;;"2018-08-06 18:39:37";"Sadece internetsiz olsun"
122121;;"2017-04-15 18:03:12";Super
110629;;"2017-12-21 22:03:42";"Puhu Tv'de reklam istemiyorum"
102945;;"2018-04-06 17:56:48";Good
120085;;"2017-05-06 01:37:08";"Kesinlikle televizyon ekranlarında olması gereken müthiş bir film.herkezi her hafta ekran başına kilitleyecek bir yapıt.mükemmel oyuncular harika karakterler ayakta alkışlıyorum👏👏"
75278;;"2020-09-29 20:38:49";"Acaba internetimden mi kaynaklı diye düşünürken, 8mbs 16 Mbs 24 Mbs ve evimdeki 35Mbs hızına kadar farklı farklı internette denedim yok arkadaş yok yine donuyor yine donuyor 480p bile bazen donuyor nasıl iş bu. Ve donduğu vakit 3-5 dakika kendine gelmiyor sıkıldık artık bu durumdan"
76057;;"2020-05-10 19:53:21";"Eğer indirerek izlersek daha az net gidebilir bu durumu düzeltmenizi isterim donma kasma sorunu yok"
118048;;"2017-05-31 18:01:02";"10 dakkada bir reklam berbat otesi"
86033;;"2019-06-05 14:39:18";"yeni diziler yok"
106513;;"2018-02-15 20:06:53";"Efsane bir uygulama"
102151;;"2018-04-27 10:18:08";"Reklam çok vermeyin"
116256;;"2017-06-20 07:29:29";"Her kanalda verilen dizileri koysanız daha da güzel olur fokx savasci mesala tesekkürler.."
75030;;"2020-10-17 11:03:47";"Bazı eski diziler yok (örn: avlu) çok severdim uygulamayı artık sevmiyorum"
111641;;"2017-12-05 21:44:06";"Reklamsız tek site"
103448;;"2018-03-29 23:04:46";"Kaldigin yerden devam etmiyoo"
89378;;"2019-04-12 19:35:22";süper
118292;;"2017-05-28 13:56:53";"Harika Muhteşem"
106533;;"2018-02-15 19:15:00";Güzel
86822;;"2019-05-18 23:12:46";süper
57600;;"2023-04-17 12:04:28";"Son güncellemeden sonra uygulama çok kötü oldu kaldığım yerden devam edemiyorum giriş yap diyorum mail adresime gelen kodu girince her zaman yanlış diyor çok kötü çok sildim uygulamayı"
57601;;"2023-04-17 05:10:55";"Hep reklam siliyorum"
57602;;"2023-04-16 16:41:32";"Bilader her saniye reklam veriyonuz tm ücretsiz uygulama anladık ama bari her ilerlettiğimde reklam çıkmasın izliyemiyom diziyi"
57603;;"2023-04-16 13:02:53";"Reklamlardan bir şey izleyemiyoruz. Eskiden kullanıyorum bu kadar çok reklam yoktu"
57604;;"2023-04-16 07:19:16";"Puhu TV guncelleme yapıldıktan sonra çok reklam verip arkasindan film kaldığı yerden devam etmiyor memnunluk derecesi 0 (sıfır)"
57605;;"2023-04-15 22:45:06";"Çok donuyor o yüzden hiç tavsiye etmem Berbat bir uygulama"
57606;;"2023-04-15 09:16:07";"Ya benim arada işim çıkıyor diziyi yarıda bırakıyorum geri uygulamaya girince art arda 3-4 reklam çıkıyor aralıksız ve çok sık şekilde reklam çıkıyor. Ben dizi keyfi yapamayacakmıyım?"
57607;;"2023-04-15 00:51:45";"Son güncellemeden sonra berbat olmuş dizimi izliyoruz reklemmi anlamadım sürekli donuyor çıkınca kaldığından yerden devam edemiyosun uygulama çok güzeldi ama şuan hiç beğenmedim ya tam ekran kalkmış uygulama bı garip olmuş hiç sevmedim diziyi izliyim hemen silicem çok sinir etti çünkü"
57608;;"2023-04-13 23:15:09";"Silmiştim ! Belki bir ihtimal acaba diye düşünüp tekrar indirdim Allah'tan korkun iPhone resmi sayfası bile kendi reklamını bu denli yapmıyor silindiniz tekrar."
57609;;"2023-04-13 23:01:05";"2 dk film 5 dk reklam izlettiği için bu siteyi seviyorum amk"
57610;;"2023-04-13 21:23:44";"Reklam izlemeye geldik behzat c diye bi dizi cikiyor ekrana allahinizdan bulun"
57611;;"2023-04-13 20:55:49";"Arkadaş bu ne ya TV ye yükledim 5 dakka ileriye alıyorum zart reklam bozulmuş artık başka uygulama bulmak lazım"
57612;;"2023-04-13 20:40:07";"Film izleyim dedim film bölümüne tıklıyorum 2 film bir reklam var neyapmay uğraştınız çöp"
57613;;"2023-04-13 18:59:54";"kaldığımız yeri yapmışsınız tamam ama 1.sezonda kaldı olarak gösteriyor ben 3.sezona geçicem. her seferinde listeme gidip sezonlara girip bölümü açıyorum bari netflixteki gibi ""sıradan çıkar"" gibi özellikleriniz olsa, geliştirilse keşke"
57614;;"2023-04-13 18:45:24";"Reklamdan birşeyler seyredemiyoruz"
57615;;"2023-04-13 18:04:31";"Doğuş holding aciz olmuş herhalde ki bukadar güzel bir program i çöp yapmış reklam ilede boğmus Allah cezanı versin program ekibi"
57616;;"2023-04-13 15:54:46";"Güncelleme getirmissiniz dahada kötü olmus çok reklam var yardım edin"
57617;;"2023-04-13 12:45:01";"Izledigim dizi burda diye indirdim. Ileri sardiriyorum reklam giriyor. Sardirirken kacinci dakika da oldugum gostermiyor yanlis dakikaya geliyorum tekrar ileri yada geri sardiriyorum tekrar reklam giriyor. Ve bu dongu halinde devam ediyor."
57618;;"2023-04-13 11:53:53";"Son güncelleme uygulamayı berbat hale getirmiş"
57619;;"2023-04-13 09:43:23";"Yenilemissiniz ama gerçekten çıldırmak üzereyim neden izlediğim diziyi kaldığım yerden devam edemiyorum anlamış değilim dünyanın reklami çıkıp duruyor"
57620;;"2023-04-13 09:03:20";"Hic izlenmiyor sürekli donuyor. Hem farklı tvlerde denedim hemde cep ten izlenmiyor hep takılıyor"
57621;;"2023-04-13 00:06:20";"Uygulama çok iyi, reklam konusunda da iyileştirme yapıldı gördüğüm kadarıyla. Reklam derdinden insanları kurtarmak adına cüzi bir ücretli üyelik seçeneği de açılabilir. Ve 5 yıldızım geri geldi..."
57622;;"2023-04-13 00:01:44";"Diziye başladım 3 dakika da 3 tane reklam bravo"
57623;;"2023-04-12 23:36:39";"Araya dizi Film Sıkıştırmışsınız ya Gerek yoktu Reklam izliyorduk ne güzel 🤦"
57624;;"2023-04-12 21:00:23";"Bune ya dakka başı reklamı girilir"
57625;;"2023-04-12 20:52:39";"Bölüme başlarken 2 adet ATLANAMAYAN 30 saniyelik reklam ile karşılaşıyor, devamında da süre çubuğuna dokunmak gibi bir saflık yaparsanız 40 saniyelik yeni bir reklam daha izliyor ve uygulamaya 1 yıldız vererek siliyorsunuz."
57626;;"2023-04-12 18:11:06";"Son güncellemeden sonra herşey batmış tam ekran yok reklamlardan dizi izlenmiyor eski sürüm daha iyiydi yeni güncelleme ile eski haline getirilsin ağız tadıyla dizi izleyemiyoruz"
57627;;"2023-04-12 17:50:28";"Ne güzel reklam izliyorduk araya saçma sapan dizi sıkıştırıyorlar dakika da bir saçmalık"
57628;;"2023-04-12 17:30:50";"Çok kötü yeni güncellemeden sonra , sürekli donuyor reklamdan sonra en başa sarıyor kaldığım yeri arıyorum sürekli lütfen eski haline geri getirin berbat olmuş"
57629;;"2023-04-12 12:29:14";"İlk defa bir uygulamaya yorum yapıyorum ama güncellemeden sonra gerçekten kullanılır gibi değil. Dizi izlerken nerde kaldığımızı biliyorduk. Nerde kaldıysak ordan devam ediyordu ama artık en başa sarıyo. Bu sorunu çözün lütfen."
57630;;"2023-04-12 11:16:57";"Uygulama çok kötü 10 dakika da bir reklam cikiyo hemde 1 dakika birde mesela dizide 1. Saat da kaldim aciyorum 20 dk izliyorum reklam cikiyo reklam bitince kaldigim yerden degil de 1. Saat dan basliyo tekrardan çok kötü sakin indirmeyin bi dizi bile izleyemezsiniz"
57631;;"2023-04-12 07:48:59";"Merhabalar videoyu hızlı oynatma ayarı yok ekranı tam boyut kaplama alanı yok lütfen bunu geliştirmenizi rica ediyorum"
57632;;"2023-04-11 22:14:26";"Son guncellemeyle çileden çıkıyorum. İlk yarım bırakıp çıktığım dakikadan başlıyor sürekli, ilerisini kaybetmiyor her girdigimde oradan başlıyor. Çözünürlük ayarı bulamadım çok kötüü,"
57633;;"2023-04-11 20:07:33";"Son güncellemelerden sonra inanılmaz kötü bir hale getirmissiniz uygulamayı. Sürekli donuyor kaldığım yerden devam edemiyorum. İzlenen programın ortasında en başa döndürüyor ve inanılmaz sık aralıklarla reklam çıkıyor!! En iyisi eski haline döndürün uygulamayı!!"
57634;;"2023-04-11 16:23:09";"DİZİDEN ÇOK REKLAMI İZLİYORUZ SAÇMALIK NEDEN KULLANALIM Kİ 2 DAKİKADA BİR REKLAM 15 DAKİKADA BİR REKLAM OLMALI TVDE Kİ GİBİ OLMASA BİLE DAHA UZUN İZLENMELİ ÜSTTE GÖRÜNSÜN DİYE 5 STAR VERDİM YAZIK."
57635;;"2023-04-10 20:01:09";"Hayatımda ilk defa bir uygulamaya değerlendirme yapıyorum. 5 dakika izlemeden 3 tane reklam çıktı. Gerçekten daha kötü bir dizi/film izleme uygulaması görmedim. Daha kötüsü yapılana kadar en kötüsü sizsiniz teşekkürler."
57636;;"2023-04-10 19:14:14";"Yerimi kaybediyorum bulmak için her ilerlettigimde 30 saniyelik reklam çıkıyor bu kadar da olmaz"
57637;;"2023-04-10 18:31:21";"Yıllar önce yüklediğim de de reklamlarından bikmistim hala aynıymış! Bu kadar berbat bir program olamaz... Sadece reklamlar değil zırt pırt donması da cabası.."
57638;;"2023-04-10 16:14:08";"Yeni gelen güncelleme ile çok kötü oldu"
129570;;"2025-01-25 17:07:52";😊
128290;;"2017-02-01 09:02:11";"Mükemmel kalite ya"
127236;;"2017-02-13 09:00:21";"Daha fazla dizi ve film olursa çok daha iyi olur. Ama güzel bir uygulama emeğinize sağlık."
97299;;"2018-10-31 07:41:55";"Harika bir uygulama gerçekten😇"
109069;;"2018-01-16 04:25:45";"YouTube gibi ekrana çift Dokundugunda ileri geri sarma olsa daha güzel olur"
80664;;"2019-12-27 19:18:10";"Tam ekrana geçtiğinde hata oluştu deniyor ve sürekli duraksıyor."
105492;;"2018-03-03 21:29:39";Cansın
110117;;"2017-12-26 05:18:58";💪👍
106013;;"2018-02-23 09:31:14";"Süper gecmiş te aradıgınız bütğn filmler var"
120077;;"2017-05-06 06:13:15";"Sadece türk dizi ve sinemalarının olması yetersiz yabancı dizi ve sinemalarda olsa 10 numara 5 yıldız olacak teşekkürler"
80391;;"2020-01-24 14:46:48";Harika
123158;;"2017-04-05 16:03:19";Harika
123146;;"2017-04-05 17:38:10";"Harika birsey yahu"
115989;;"2017-06-28 17:32:42";"Biraz daha guncelleyip biraz daha başka flimler ekleyin mesela Kemal Sunal'ın flimlerinden sakar Şakir tokatçı vs. Gibi"
128028;;"2017-02-04 12:25:54";"Chromecast desteği gelirse tadından yenmez. Çok beğendim tavsiye ediyorum."
80128;;"2020-02-16 14:18:16";"Behzat Ç. Ye kalite ayarı ekleyin lütfen"
116765;;"2017-06-13 21:02:34";"Bu kadar reklam olur mu kardeşim ya film mi izliyoruz reklam mı belli değil yazık bu güzelim kanalı mahvediyosunuz"
114196;;"2017-09-25 20:37:22";"5 yıldızı hakediyor Fakat reklamlardan dolayı 3 yıldız"
129029;;"2017-01-25 09:17:28";"Gerçekten harika bir uygulama yapanların ellerine sağlık inşallah güncellemelerle bozulmaz"
125727;;"2017-03-05 03:29:57";"Adı efsane gelsin tadından yenmez"
79875;;"2020-03-15 08:20:05";"Daha kötü bir uygulam1a görmedim kalite seçeneği gidiyor sürekli"
81958;;"2019-09-29 23:14:27";"son guncellemeyle uygulama acilmiyor sorun yasadigim cihaz samsung tabler alarnetif romla kullaniyorum daha once ayni özel romla uygulamayi sorunsuz kullanabiliyordum."
106519;;"2018-02-15 19:44:48";"Süper bi uygulama"
100365;;"2018-06-19 17:14:29";"Guzel yyy"
122128;;"2017-04-15 17:06:50";"Müthiş Harika ötesi"
79632;;"2020-03-31 22:02:22";"Donnnnnn makan başka bişeye yaramıyor"
103176;;"2018-04-02 15:32:53";👍👍
125217;;"2017-03-15 14:06:06";"Lütfen poyraz karayel i de yuklerseniz çok sevinirim"
100366;;"2018-06-19 16:21:06";"İleri aldığında kalite otoya dönüyor. paylas butonunu başka bir yere alınsa 
iyi olur telefon kullanırken habire deyip çıkıyor"
121124;;"2017-04-25 00:04:17";"Reklam olmasaymis daha iyi olacakti ama gercekten cok iyi bir uygulama bayildim"
76304;;"2020-04-18 13:48:45";"Allah belanızı versin bukadar reklam koyulmaz 15dakada bir çıkı yor 1dk reklam var geçmiyor sunda"
108577;;"2018-01-19 22:57:19";"Cooooookkkk ıiiiiiiiyyyyy"
85783;;"2019-06-15 23:11:35";iyi
92943;;"2019-01-23 09:48:31";"Neden atv dizisi yok kardeşim takıntınmıvar yükleyip sildim bakın işinize"
113433;;"2017-10-27 15:43:56";"Süper bir uygulama yapanın ellerine sağlık 😉"
124699;;"2017-03-24 14:16:07";"O kadar kötü ki, bir doğru düzgün film yok. Hepsi yerli, ünlü filmlerin telif hakkını alacak paraları yok. Bunu kullanmaktansa yabancı bir film şirketine para ödeyerek kaydolurum daha iyi Reklam da yapayım: Netflix 1000 kat daha iyi Digiturk ise 50 kat"
76038;;"2020-05-13 06:34:22";"Dizilerin ve filmlerin kalitesi güzel fakat Medcezir dizisinde neden sadece 4. Bölüm var."
80642;;"2019-12-30 15:28:21";"Sekmelerin üzerine tıklayınca filmlerin hepsini göstermesi gerekir ama sekmeye tıklanmıyor ilginç. Örneğin yabancı filmler sekmesine tıkladığımda tüm filmleri görebilmeliyim."
92928;;"2019-01-23 21:06:27";"Diriliş Ertuğrul neden kaldırıldı.. Anlamış değilim.. Geri gelmezse, program hiçbir işime yaramaz.."
103180;;"2018-04-02 14:38:06";"Çok iyi"
112905;;"2017-11-07 09:11:22";"kaliteli yayın"
123677;;"2017-04-02 02:59:29";Harika!
75784;;"2020-06-15 21:46:32";"Begenerek izliyorum"
80148;;"2020-02-15 09:15:20";"Jet sosyete için kullanıyorum ama gayet memnunum"
126224;;"2017-02-25 20:15:44";"Ne kadar iyi bahsedersek ve paylasirsak uygulama daha da iyilesecek ve populer olacaktir. Siddetle tavsiye ediyorum @grafixtanbul"
91933;;"2019-02-27 19:38:31";"bu kadar kötü bir uygulama ben görmedim lanet olsun bunu yapana"
100369;;"2018-06-19 14:29:08";"Mükemmel bir program"
113694;;"2017-10-23 13:14:58";"Çok güzel bir uygulama"
75542;;"2020-08-27 20:12:46";"Yorumum üstte gözüksün diye beş yıldız verdim fakat donma sorunu mu desem,görüntü kalitesizliği mi desem,kaç defa X işareti görünüp yayınla ilgili problem var yazmasını mı söylesem??? Önceleri netten dolayı bir problem oluşuyor sandım ama alakası bile yokmuş,lütfen en kısa zamanda düzeltin,bi izlediğim bu var bunu da siz zehir ediyorsunuz puhutv"
76056;;"2020-05-10 20:38:47";"Lan Yeter Yeter kahpeler her 5 dakikada bir reklam üstelik hep aynı reklam sizin yüzünüzden filimi izleyemez oldum"
80922;;"2019-12-10 22:51:41";"Rezil reklamlarınız batsın.."
121624;;"2017-04-21 16:30:20";Güzel
125204;;"2017-03-15 17:40:17";Güzel
122392;;"2017-04-13 11:59:21";Güzel
120869;;"2017-04-28 18:53:48";"Şu videoların 2 saniyede bir donmasına bir çözüm bulur musunuz artık"
75277;;"2020-09-29 21:07:42";"Son zamanlarda dizilerde çok donma oluyor. Çok sıkıcı"
128513;;"2017-01-30 05:50:04";"İnşallah hep böyle Ücretsiz kalır     😂"
80923;;"2019-12-10 20:49:19";"Sizin getireceğiniz guncellemenin ben amk Allahin mallari sizi"
109059;;"2018-01-16 07:50:12";"Filmleri indirme özelliği gelsin Film izlerken ileri sarabilelim"
92947;;"2019-01-23 00:57:16";"kurtlar vadisi nasıl olmaz ya,hiç yıldız vermeme şansımız yok mu ?"
102414;;"2018-04-18 18:55:29";Odiri
117010;;"2017-06-11 19:52:31";"Reklamları azaltırsanız daha iyi olabilir."
75029;;"2020-10-17 11:57:03";"Şu sorunları giderin artık,rezil ettiniz uygulamayi"
114177;;"2017-09-26 13:53:19";"chromecast uygulamasını da bekliyoruz, acil lütfen..."
111906;;"2017-11-27 22:37:55";"Bende reklamlardan şikayetçiyim diğerleri gibi . Şimdi fi yi izledim 3 reklam ard arda verdi ve sonra 2 reklam daha verdi . Bence gayet normal . Dedikleri gibi 10 dk da bir reklam falan vermedi"
121893;;"2017-04-18 11:20:01";Teşekurler
79898;;"2020-03-12 15:20:54";"Yapacaniz uygulamayi opim amq 5 saniye de bir donuyor ve internetim kotu de deyil sinirsiz hiz testi de yapiyorum yani ama yine donuyor bilmiyorsaniz yapmayin aq"
129555;;"2020-06-01 10:05:00";"Zõr iyi"
106022;;"2018-02-22 23:15:47";"İzlemek istediğim bir kaç diziyi bulamadan da genel olarak memnunum teşekkürler"
62208;;"2023-04-03 20:01:08";"Siz nasıl bir psikopatsınız ya. Bir dizi izlicem burnumdan getirdiniz. Tamam anladık böyle para kazanıyorsunuz da 7 dk bir reklam nedir arkadaş. Sadistmisiniz reklam fetişiniz mi var anlayalım ona göre davranalım."
62209;;"2023-04-03 19:49:55";"Reklam izlemeye girdim arada bi amir falan çıkıyor ben anlamadım"
62210;;"2023-04-03 18:58:53";"Bu nedir ya para kazanmanında bir adabı olur. Adab kelimesinin manasını biliyormusunuz acaba. Reklam reklam reklam. Bunca insan sizin saçmalıklarınız yüzünden geçireceği bir kaç saatte mutsuz oluyor. Utanırmısınız bilmem. Onunda anlamını bildiğinizi sanmıyorum. Biz utandık sizin yerinize. O reklam paralarını harcayın rahat rahat. Adaptan uzak insanlar topluluğu."
62211;;"2023-04-03 18:32:48";"Bu nedir 2 dakikada bir reklam??! Böyle giderse kullanılamaz bi uygulama"
62212;;"2023-04-03 18:31:09";"Son güncelleme ile kesinlikle indirilip kullanılamayacak bir hal aldı 3-4 dakikada bir çıkan reklamlar bıktırmaz gibi reklamlardan sonra izledigimiz şeyin başa sarması rezillik başka birşey değil boşuna indirip vakit kaybetmeyin"
62213;;"2023-04-03 15:37:29";"Son guncellemeden sonra kullanici girisi yapilmiyor. Maile gelen aktivasyon kodu girince yanlış kod diyor. Acilen duzeltilmesi gerekiyor"
62214;;"2023-04-03 15:13:26";"Çok fazla reklam"
62215;;"2023-04-03 14:19:17";"Yeni güncelleme hiç bir işe yaramıyor bir dizi sürekli donuyor reklam başa tekrar dönüş oluyor"
62216;;"2023-04-03 14:09:32";"Çok kötü sürekli reklam"
62217;;"2023-04-03 11:55:18";"Bir numara ama son güncelleme de izlediğin bölümleri bıraktığın yerden izletmiyor güncelleme gelmeden önce dizi yi 102 bölümde bırakmıştım şuan 119 bölümde yim her açtığımda 102 bölümde kalıyor. Lütfen bi çözüm"
62218;;"2023-04-03 09:18:12";"Son güncellemeyle içine etmişler resmen, reklamdan bir şey izlenemiyor, geri ya da ileri alırken de reklam, berbat bir uygulama, kaldırdım..."
62219;;"2023-04-03 08:23:36";"İndirdiğim zaman reklam her bölümde 1 kere çıkıyordu şimdiyse her 10 dk da bir çıkıyo dizimi izleyemiyorum lütfen düzeltin"
62220;;"2023-04-03 07:49:08";"Uygulama güzel fakat çok fazla reklam var. Bununla ilgili bir fikrim var : uygulamayı kullananların aylık belli bir sayıda reklam izlemeleri gerekir . reklamları istedikleri zaman izleme fırsatı olması gerekir böylece izliyiciler reklam seyretmiş olur ve izleyiciler rahat rahat dizi / flimlerini izlemiş olurlar ."
62221;;"2023-04-03 01:26:23";"Uygulama son güncellemede berbat bi hal aldı ve dizinin ortasında bir sonraki bölüme geçiyor ve çift dokunuş özelliği kaldırılmış yapımcılar lütfen eski sürüme geri getiriniz yoksa kullanılacak uygulama değil birde android tv içinde 2 dakikada bir reklam çıkıyor bir ayarlama yapılması lazım...."
62222;;"2023-04-02 23:15:30";"Son güncellemeyi geri alın uygulamanın içine etmişsiniz"
62223;;"2023-04-02 21:52:42";"Reklam gösterecekken uygulama donuyor başa sarıyor ve kaldığım yerden başlama özelliği çok iyi çalışmıyor ayrıca artık içeriği indirip İnternetsiz yerde izleme özelliği gelmeli reklamlara bir şey diyemem elbette gelecek ücretsiz uygulama ama reklam çıkarken uygulama donarsa bu büyük sorundur"
62224;;"2023-04-02 21:43:30";"Samsung tv ye uygulama yükleyemiyoruz bu konuda bir çalişmaniz var midir"
62225;;"2023-04-02 20:49:44";"Donuyor baştan başlıyor berbat olmuş"
62226;;"2023-04-02 19:18:58";"Tam ekran olmuyor son güncelemeden sonra bede"
62227;;"2023-04-02 15:52:49";"Kaldigimiz yerden devam edemiyoruz guncelleme berbat olmus bide reklam almanin da bi ustrubu olur suyu kacirmissiniz valla"
62228;;"2023-04-02 11:59:52";"Uygulamayı indirdim 2 saat sonra sildim bu kadar reklam koyulmaz yani gerçekten pes rezillik kesinlikle tavsiye etmiyorum"
62229;;"2023-04-02 11:14:40";"Herşey güzel hoş da 7 dakika da bir reklam mi olur. . O.Ç'ları"
62230;;"2023-04-02 00:18:55";"Son güncelleme ile bozuldu uygulama her 3 saniyede bir reklam çıkıyor saçmalık"
62231;;"2023-04-01 23:10:57";"Eskiden dizi izlemek için açardım şimdi canım sıkılıyo bende reklam izlemek için açıyorum"
62232;;"2023-04-01 20:42:06";"Güncelleme den sonra çok kötü oldu diziler izlenmiyor ve atlama yapılmıyor keşke güncellenmese iyi olurdu"
62233;;"2023-04-01 19:31:39";"Naptiysanız guncellemeden sonra rezil oldu.hic bisi izlenmiyor,takiliyor surekli"
62234;;"2023-04-01 13:43:02";"Yayınladığınız güncellemeleri lütfen kontrol edin. Dizi bitmeden sonraki bölüme geçiyor ve engel olamıyorum."
62235;;"2023-04-01 11:16:37";"Aslında çok güzel uygulama fakat son güncellemeden sonra izlemeye devam et özelliğini kaldırmışsınız uygulamayı sırf bu yüzden sildim"
62236;;"2023-04-01 09:05:10";"Adım Başı Reklam"
62237;;"2023-04-01 08:15:25";"Bikaç aksaklık oluyo ama. Başarılı bir uygulama"
62238;;"2023-04-01 07:41:33";"Kesinlikle yüklenmemesi gereken bir uygulama. 1 yıldız bile çok. Son güncellemeden sonra herşeyi berbat ettiniz. Diziyi yayın zamanında izlerken bu kadar reklam verilmiyordu. 3 dakikada bir reklam koyan zihniyetinizi..... Sinir krizi geçirmektense sizin gibi dini imanı para olmuş olan bir topluluğa para kazandırmamak için kaldırıyorum uygulamayı."
62239;;"2023-04-01 06:44:05";"Bu ne ya güncellemeden sonra her 10 dakikada bir 20 saniyelik reklam giriyor . İyice cozuttunuz. Böyle yaparak izleyici kaybedeceksiniz . Gider dizinin kanalından izlerim orası daha az reklam veriyor artık düşüncesine kayıyor insan. Saçmaladıniz iyice. Zaten içerik olarakta kısıtlı. Dil seçeneği olmaması da eksi yonunuz."
62240;;"2023-04-01 01:31:55";"Reklam kaldırmak için en azindan Bi bedel olsa da şu çileyi cekmesek artık. Son güncelleme ile videolar donup kalmaya başladı yeni nesil telefonlar için ekran yakınlaştırma gelmeli.3/5"
62241;;"2023-03-31 22:20:06";"Anladik bedava uygulama yapiyosunuzda 3 dk 3 reklam ne be arkadaş madem bu kadar reklam koycan. Paralı abonelik yapsana.Sizde kurtulun bizde kurtulak"
62242;;"2023-03-31 21:24:56";"Nasıl bir güncelleme ise sürekli reklam. İleriye sarmaya calisiyorum hemen reklam ve uzun reklamlar çıkıyor sürekli önceden çok memnundum 1 tane reklam çıkıyordu ama artık her ileri sardığımda çıkıyor umarım düzeltebilirsiniz."
62243;;"2023-03-31 20:25:08";"Ya 8 saniyede bir reklam koymak nedir Allah aşkına. Şaka mısınız??"
62244;;"2023-03-31 19:22:37";"⛔görüntü kalitesi düğmesi yok ⛔sonra izlemek için indirme seçeneği olsun artık çok geridesiniz maalesef..."
62245;;"2023-03-31 17:59:00";"Çukur gibi bir dizinin böyle bir uygulamada yayınlanması gerçekten yazık. Dona dona dizi izlemeye çalışıyoruz. Dönüpte bir bakın uygulamanıza neler eksik neler var neler oluyor diye."
62246;;"2023-03-31 14:22:53";"Bi önceki sürümü daha iyiydi şimdi duruyor lütfen bunu düzeltin eski güncellemeden önce daha iyiydi ve hızlıydı , cok fazla reklam veriyor çok az izleyebiliyorum filmi reklam daha çok çıkıyor ve sürekli takılıyor"
129551;;"2021-05-12 09:04:06";Ajoyib
128271;;"2017-02-01 12:40:39";"Uygulama güzel ücretsiz olduğu sürece kullanıcı sayısı nin artacağını düşünüyorum"
127005;;"2017-02-15 06:19:02";HARIKA
125965;;"2017-03-01 23:13:54";"Birçok eski diziyi barındıran yeni bolumleride anında düsen stabil calısan muthis bir program olmuş umarım hep böyle devam eder."
124933;;"2017-03-19 13:55:06";"İndirme bölümü olsa 10 numaralık program"
123909;;"2017-04-01 11:28:49";"Güzel ama bazı film ve diziler eksik"
122893;;"2017-04-07 23:37:49";"İçerik arşivi genişletilmeli! fi harika"
121886;;"2017-04-18 13:54:06";"Kaliteli bir uygulama"
121095;;"2017-04-25 10:49:29";Bayıldım
120103;;"2017-05-05 22:34:56";"Herşey var çok güzel tavsiye ederim"
119325;;"2017-05-15 12:48:38";Başarılı
118553;;"2017-05-24 13:57:38";"Çok reklam çıkıyor ve uzun sürüyor. Ileri veya geri alacağımız zmn özellikle"
117787;;"2017-06-03 12:42:55";"En çokta BEHZAT Ç.!"
117027;;"2017-06-11 15:50:22";"Ara ara donmalar oluyor onun harici iyi bir uygulama"
121107;;"2017-04-25 08:22:34";Harika
115726;;"2017-07-08 17:46:01";"Hersey elimizin altında güzel"
114983;;"2017-08-09 19:23:00";"Suskunlar yok diye yuklememle kaldırmam bir oldu"
114445;;"2017-09-11 23:31:12";Müthiş...
119567;;"2017-05-12 18:17:34";güzel
113184;;"2017-10-30 20:10:58";"Cok guzel izlemek istedim dizilerde var ."
112659;;"2017-11-11 18:47:54";"Müthiş bi şey dostum"
112138;;"2017-11-22 20:49:26";"So good"
111621;;"2017-12-06 15:37:44";"Harika bir program"
111108;;"2017-12-17 20:20:49";"Android telefon için gayet güzel ama android tvdeki play storda gözükmüyor yardımcı olursanız sevinirim"
110599;;"2017-12-22 12:21:56";Superrrr
110094;;"2017-12-26 11:59:12";"Çok güzel bir uygulama yapanın ellerine sağlık"
109593;;"2018-01-04 00:54:43";"Dizi izleyecekseniz en kral uygulama"
128790;;"2017-01-26 14:52:43";Harika
120353;;"2017-05-03 19:17:45";"Aradığım bazı filmleri bulamıyorum ama güzel bir uygulama"
108301;;"2018-01-22 21:46:26";"Tek bir sorun var zaten o bir yıldızı da ordan kırdım ""SÖZ"" dizisi yok lütfen gelsin...   Onun dışında mükemmel."
107815;;"2018-01-28 20:33:02";"Aradığım tüm diziler burada var. Yormadan izletiyorsunuz teşekkürler. Bir de indirme olsa 10 numara 5 yıldız."
115972;;"2017-06-29 08:13:33";"Dizi ve flimleri ucretsiz izlemek cok cazip geliyor"
107039;;"2018-02-08 18:51:34";Bayildim
108321;;"2018-01-22 20:21:13";"Çukur olması beni mutlu etti ondan 5 puanı haketti"
106275;;"2018-02-18 19:49:54";"Çift dokunma ile 10 saniye ileri veya geri sarma özelliği gelsin bir kelimeyi anlamadık diye 3 saniye geri almak istiyoruz ama elimizin ayarı yok çok geri alıyoruz"
105988;;"2018-02-24 00:06:09";"5 yıldız az benden 10 yıldız"
118053;;"2017-05-31 16:42:02";Harika.,.
105241;;"2018-03-07 16:15:41";Harika
104960;;"2018-03-12 13:30:15";Mokammel
115238;;"2017-07-25 09:18:28";"Her dakika reklam reklam Allah belanizi versin"
104226;;"2018-03-21 20:17:01";"Hayatımız olmuş puhutv :)"
103951;;"2018-03-24 12:53:45";"Mükemmel görüyorsunuz"
103967;;"2018-03-24 09:05:58";"Gayet kaliteli bir uygulama"
110616;;"2017-12-22 05:31:18";"harika bir program"
117795;;"2017-06-03 10:30:06";"Bence harika olmuş. Keyifle izliyorum.."
127759;;"2017-02-08 18:45:46";"İrenç sakın yükleme sürekli aynı şeyler dönüyor fragman, fragman ,fragman...."
102432;;"2018-04-18 05:29:58";"Elinize emrinize saglik"
102169;;"2018-04-26 16:46:10";"Süper bir uygulama"
101908;;"2018-05-05 20:01:49";"Aşırı fazla reklam var"
101649;;"2018-05-15 15:26:02";"Çok kötü aradığım hiç bir filmi bulamıyorum"
101393;;"2018-05-25 00:16:46";"Bayıldım yha çok qüzel indirin pişman olmasınız"
101139;;"2018-06-01 23:24:01";"Aranan kan bulundu."
100887;;"2018-06-07 18:48:08";Tesekurler
100637;;"2018-06-11 16:15:03";"Çok güzel"
100389;;"2018-06-18 15:48:03";"adi şerefsiz filmve diziler"
100134;;"2018-06-22 08:43:10";"Çok güzel bir uygulama. Film içeriği az daha zengin olsaydi."
119828;;"2017-05-08 15:23:16";"Süpermarket olay"
111360;;"2017-12-13 12:12:42";"Şahane bir uygulama"
104995;;"2018-03-11 16:03:28";"Çok güzel bi uygulama ama çok yetersiz dizler"
114714;;"2017-08-27 17:30:22";"Güzel ama daha eski ve çok aranan zamanında çok izlenme rekorları kırmış dizileri ve filmleri de eklerseniz süper olur.. Mesela; Erkekler ağlamaz Zerda Asmalı konak Aşk ve ceza Fırtına Kınalı kar ............VB.."
99085;;"2018-08-07 12:44:35";"Çok güzel"
98849;;"2018-08-20 08:09:16";"uygulamaiyi fakat offline indirme ozelligi gelirse çok iyi olur"
115462;;"2017-07-15 21:08:28";"Fi dizisi yüklenmiyor acil birşeyler yapın!!"
115228;;"2017-07-25 18:19:25";"Bidaha çocuklar duymasın da olsun tekyou"
98305;;"2018-09-18 21:28:49";Up
98076;;"2018-09-27 17:27:09";"Neden 5 yıldız çünkü çukur için verdim"
114186;;"2017-09-26 07:59:35";"Kesintisiz ve süper kalite de dizi izleniyor, teşekkürler.."
121602;;"2017-04-21 17:53:57";Mukemmel
97549;;"2018-10-22 14:57:03";"Gayet başarılı"
121619;;"2017-04-21 17:02:50";💙💚💙💚💙💚💙💚
96014;;"2018-11-06 14:55:12";"Yapanların ellerine sağlık süper bi uygulama."
118291;;"2017-05-28 13:57:34";"Harika program cidden helal olsun."
119823;;"2017-05-08 17:13:29";"Emeğinize saglik bütün ekip harika"
95506;;"2018-11-28 23:44:50";"Şimdilik güzel"
111888;;"2017-11-28 12:27:55";", YouTube'da olduğu gibi direk televizyona bağlanma özelliği olsa daha da iyi olacak"
97793;;"2018-10-10 08:18:08";"Yeni özellikler gelse iyi olur ya bide sansür koymayın keyfi çıkmıyor böyle"
95013;;"2018-12-21 23:38:32";"5-10 dk da bir reklam verilmesi uygulamanin kalitesini arka planda birakiyor ve zorunlu 30sn reklam nedir..."
111137;;"2017-12-17 09:36:55";"Denemelisiniz çok güzel bence sizde beyenceksiniz."
94737;;"2019-01-03 15:27:37";"BENCE EFSOOOO😂😍"
117522;;"2017-06-06 14:50:30";Am
92965;;"2019-01-22 07:27:21";"ya avlu dizisi 3. sezonda bu platforma geçecekmiş."
113443;;"2017-10-27 13:41:02";"Çok donuyor ve bazen çok reklam veriyorsunuz çember dizisinde ozellikle teşekkürler"
92697;;"2019-02-03 01:19:16";"Cok guzel"
103453;;"2018-03-29 22:40:13";"İyi gözüküyor, Acıkcası"
92433;;"2019-02-12 11:13:14";harika
116736;;"2017-06-14 07:19:15";"Hem vodofone dan dolayi hemde uygulamanizdan dolayi hicbir seye yaramaz"
92173;;"2019-02-19 21:02:31";"neden hep fragman"
105475;;"2018-03-04 06:37:33";"Puhu tv'den güzeli yooooooook!!"
91917;;"2019-02-28 05:34:23";"Kardeşim şu dizileri koymayın ama ayıp ya, tam REKLAM izliyorum en güzel yerinde pat dizi çıkıyor, böyle olmaz reklam arası dizi izlemek istemiyorum ama ben, sadece reklam olsun, yapmayın böyle"
104456;;"2018-03-20 02:50:58";"süper bir uygulama."
91665;;"2019-03-07 22:37:42";"ya kardeşim cok iyi bir uygulamaydı taaa ki reklamlarınız dizilerin keyfini kaçırmayana kadar bu saatten sonra tanımadığım adama puhu tvyi önermiyeceğim puhu tv bitmiştir benim için"
110626;;"2017-12-21 22:40:52";"Şu reklamlar birde olmasa"
89881;;"2019-03-19 20:01:42";"cok cok cok iyi"
99600;;"2018-07-16 13:49:27";"Çok güzel bir uygulama 😍"
89637;;"2019-03-31 12:03:02";harika
123430;;"2017-04-03 15:48:53";"Mükemmel kelimesinin sözlük anlamı resmen"
129566;;"2018-10-22 20:40:00";"Çok iyi bir progamm miş"
126744;;"2017-02-18 12:41:24";Mukemmel
106521;;"2018-02-15 19:34:53";"perfect 👌"
89104;;"2019-04-20 20:00:39";mükemmel
118283;;"2017-05-28 14:11:21";Super
125709;;"2017-03-05 12:01:28";"Güzel bir program"
91685;;"2019-03-06 22:49:49";"guzel begendim ama sorunlar ve reklam cikmadikca güzel uygulama"
108323;;"2018-01-22 20:05:52";Superr
88595;;"2019-05-13 19:13:31";"baya iyi baya baya baya iyi"
97286;;"2018-10-31 17:59:27";"guzel uygulama da biraz daha dizi film gelmesi lazım"
115485;;"2017-07-15 07:38:28";"Arka sokakları ekleyin lütfen"
86785;;"2019-05-19 13:38:02";"güzel bir uygulama fakat yabancı film ve dizi olursa dahada çok güzel olur diye düşünüyorum"
117513;;"2017-06-06 18:00:57";Bayıldım
126751;;"2017-02-18 11:10:54";"Yabancı diziler eklenecek mi?"
126737;;"2017-02-18 13:18:33";Muhteşem
118037;;"2017-05-31 19:25:14";"Bir de yabancı diziler olsa efsane olur"
86307;;"2019-05-28 09:17:32";güzel
89359;;"2019-04-13 01:30:54";güzel
102659;;"2018-04-12 14:40:14";"Çok güzel olmuş"
86050;;"2019-06-04 21:12:26";"Aranan kalite"
110873;;"2017-12-19 17:29:01";"Sizin dassaklarinizi yemeyen kiz kalmasin"
104710;;"2018-03-17 08:39:39";"Iyi su an"
124684;;"2017-03-24 20:59:43";supersin
86016;;"2019-06-06 08:55:39";"Çok güzel bir dizi sitesi"
109325;;"2018-01-10 16:46:25";👌👌👌👌
111908;;"2017-11-27 21:59:21";"Evet reklamsız olmaz ama bu kadar reklam ile izleyeceğime hiç izlemem kaldırıyorum tavsiyem reklam izlemek isteyen indirsin ."
85518;;"2019-07-01 10:27:53";"efsane bi uygulama herkese tavsiye ederim"
125967;;"2017-03-01 22:43:01";"Kiraz mevsimi eklensin lutfenn"
102929;;"2018-04-06 21:20:39";"ZORLA REKLAM IZLETIYORSUNUZ !"
82470;;"2019-07-18 14:24:07";"Behzat Ç bölümleri açılmıyor"
85773;;"2019-06-16 12:43:17";"Sakarya fırat ve Leyla ile Mecnun geri yüklenmesini istiyorum"
99589;;"2018-07-16 19:06:27";"Düşünceye gerek yok mükemmel"
108570;;"2018-01-20 02:55:41";Süperr
82199;;"2019-08-31 15:12:48";"Sürekli durduruldu hatası alıyorum bu düzelinceye dek puanım 1."
110876;;"2017-12-19 17:22:50";"Super filmde olsa harika olur"
126481;;"2017-02-21 22:12:04";"Çok iyi ama filmlerde olsaydı keşke inşallah"
121351;;"2017-04-22 21:46:31";"10 numara"
81936;;"2019-10-01 19:47:14";"A..gecen haftaki dizi acilmasini beklerken tv de yeni bölüm basladiA.."
86808;;"2019-05-19 07:35:56";"Çok faydalı"
98583;;"2018-09-05 16:30:43";"Tek kelimeyle muhteşem"
113682;;"2017-10-23 21:07:26";"çok güzel izlenecek çok güzel filimler var.elinize sağlık.damarcı barış"
81678;;"2019-10-19 15:58:14";"5 dk bir kere reklammı olur veririm 15 tl neflix izlerim daha iyi"
128787;;"2017-01-26 16:18:39";"Ya çok az dizi var güncel sinema filmleri yok eski diziler yok daha fazla film dizi eklenmeli yarışma programları gündüz kuşağı da eklenmeli."
108046;;"2018-01-25 19:20:00";Bayıldım❤❤
111397;;"2017-12-12 17:06:08";"Mükemmel bir program"
81427;;"2019-11-07 15:17:08";"Liste düzenlenmiyor. Dizileri listeye alamiyorum. Kaldığı yerden devam etmiyor .. uygulamayı iki kere silip yükledim hata devam ediyor."
85777;;"2019-06-16 09:29:09";"iyi iyi"
94983;;"2018-12-23 18:49:17";"Çok güzel bir uygulama internetin yavaş olsa bile harika çalışıyor emeğinize sağlık çok teşekkür ederim"
106246;;"2018-02-19 11:16:49";"Fi yi izliyorum  nefret edecek şekilde fazla reklam çıkıyo hemde dört er dört er"
81184;;"2019-11-30 23:25:07";"hesabıma giremiyorum"
126734;;"2017-02-18 13:54:30";"Çok güzel bir program daha önce nasıl görmedim"
102403;;"2018-04-18 21:33:13";Guzeel
124692;;"2017-03-24 17:11:07";"Güzel 🖒"
80898;;"2019-12-13 08:00:35";"Facebook ile bağlantıda sorun yaşıyorum ayrıca 10 saniyelik reklam ı tam 5 dk da izliyorum bug oluyor dedim ama bu başka bişey filmin her 10 dkasında bir 2 reklam izliyorum 2. Reklam hep donuyor sürekli kasıyor ağır çekimde bir video gibi"
95756;;"2018-11-18 21:25:15";"TEK KELIMEYLE MUHTEŞEM..."
112678;;"2017-11-11 10:04:01";"Güzel tavsiye ederim arkadaşlar"
110110;;"2017-12-26 08:09:15";"Güzel ama reklam var ... @#@,#) ! 😋😋😋😋😋😋😋😱😱😱"
80663;;"2019-12-27 20:11:42";"Fazla derecede reklam var indirmeyin çok kötü."
92933;;"2019-01-23 18:52:36";"bence çok güzel bir uygulama herkesin indirmesini tavsiye ederim"
121601;;"2017-04-21 17:54:28";Mükemmel
129026;;"2017-01-25 09:39:02";"HD kaliteli olması güzel"
120861;;"2017-04-28 21:16:43";"Yabancı diziler de gelse mükemmel olur, bağımlı olunur.."
80390;;"2020-01-24 15:37:51";Efso
97814;;"2018-10-09 14:27:50";"Gayet güzel"
129060;;"2017-01-24 20:44:22";Harika
113951;;"2017-10-07 10:13:19";İyu
129302;;"2017-01-18 20:03:26";"Simge Fıstıkoğlu sağ olsun👌👌👏"
80143;;"2020-02-15 15:33:38";"Bence hic indirmeyin acilmiyo"
98577;;"2018-09-06 00:36:12";"Ya süper bu 😘😘😘😘🌹🌹🌹"
92672;;"2019-02-04 09:09:25";"uygulamaniz cok guzel sorunsuz ilerliyor fakat nacizane bir istegim var televizyona uzaktan baglama ozelligi de gelse efzo bir aplikasyon olucak yapanlarin emegine saglik"
126229;;"2017-02-25 19:06:16";"O kadar güzel ki 7. Yıldızı  aradim"
126980;;"2017-02-15 14:42:32";"Donup duruyo bi şey izliyemiyoz"
79874;;"2020-03-15 08:57:43";"Puhu tvyi Web üzerinden denedim. Hem telefonun kendi İnterneti hemde wireless üzerinden. Bir dakikaya yakın o mecburi reklamı izledikten sonra Bekliyor bekliyor bekliyorum ki video açsın. Sonra programı indirdim yine tele aynı şey. İzlenmiyor. Diğer bütün programlar YouTube v. S. 1080p kesintisiz izliyorum. Bu Puhu denen oluşum 360p de bile takılıyor. Kısacası bu Puhu adamı kanser eder"
125988;;"2017-03-01 17:45:41";"Inanılmaz mükemmel 😱"
89857;;"2019-03-20 22:54:24";"Süper bide çok reklam olmasa"
100613;;"2018-06-11 21:41:35";"Normal çok iyi bir uygulama fakat son güncelleme den sonra sapıttı o yüzden 
3"
116250;;"2017-06-20 08:59:08";"Bu kadar uzun reklam koymasanız mükemmel olacaktı."
79631;;"2020-03-31 22:13:57";"İnternetim de çekiyor herşeyim tam kaliteyi de düşürsem mobil de donup duruyor pc de fena değil ama mobil berbat"
129051;;"2017-01-24 22:13:27";Güzel
89858;;"2019-03-20 22:39:18";"anlatılmaz yaşanır😎"
100614;;"2018-06-11 21:40:48";"Hata veriyo"
116251;;"2017-06-20 08:50:27";Super
76303;;"2020-04-18 16:31:39";"Özetler yok"
99587;;"2018-07-16 19:24:58";"Çoook güzel"
107297;;"2018-02-04 12:38:57";"Harika bi uygulama teşekkürler"
103451;;"2018-03-29 22:55:03";"Bence çok güzel bir uygulama tavsiye ederim 😍"
118817;;"2017-05-21 23:08:28";"Samsung 7500 serisi tvde program iniyor ama çalışmıyor"
125730;;"2017-03-05 01:28:46";"Çok güzel bir program. Vatanım sensin niye yok acaba?"
76037;;"2020-05-13 06:41:12";"Istediğimiz bölümü seçemiyoruz"
123670;;"2017-04-02 05:44:41";"Teşekkür ederiz fi harika"
86030;;"2019-06-05 16:21:18";"Çok iyiama bazı diziler yok"
95240;;"2018-12-11 11:41:11";"guzel bir uygulama ama bazi diziler yok!!!!!"
124419;;"2017-03-29 20:48:35";"Çok iyi"
124700;;"2017-03-24 11:37:19";"Çok kaliteli bi app herkeze tavsiye ediyorum ücretsiz olmasıda cabası"
75783;;"2020-06-16 08:37:09";"Giriş yapamıyorum"
122148;;"2017-04-15 12:32:44";"Tamamen kiralık aşk için indiriyodum hepsini takip etmeye başladım muazzam bir uygulama"
82451;;"2019-07-21 16:25:11";"filimler çok geç açılıyor"
124177;;"2017-03-31 17:27:55";"Hata veriyor bağlantı sorunu var diyor üye olamıyorum nasıl bir uygulama yapıyorsunuz anlamıyorum!"
100617;;"2018-06-11 21:37:41";"Reklamdan ötürü film izleyemiyoruz.."
118018;;"2017-06-01 05:58:47";"çok iyi bir uygulama"
75541;;"2020-08-27 21:56:45";"Idare eder"
122150;;"2017-04-15 11:43:01";"Kaçırdığını dizilerini artık izleyebilirim"
108575;;"2018-01-19 23:19:56";"Güncellemeden sonra normalde kaydolan izlediğim bölümler sıfırlandı !"
86288;;"2019-05-28 14:53:05";super
109350;;"2018-01-09 21:18:56";"Çok süper"
118799;;"2017-05-22 08:56:31";"Çok güzel istedidim  filmi izleye biliyorummmmmm"
121868;;"2017-04-18 17:56:30";"Merhaba.  Hayatımda kullandığım en güzel uygulamalardan bir tanesi. HD kalitede film ve dizi yayimlaniyor. KULLANMANIZI ŞİDDETLE TAVSİYE EDERİM."
75276;;"2020-09-29 22:06:21";"Sürekli donuyor ne zaman duzelteceksiniz acaba bu problemi"
98827;;"2018-08-21 13:39:33";"Süper bi uygulana çukur <•••>"
115971;;"2017-06-29 09:20:28";"Çok fazla reklam çıkıyor açıkçası reklamla izlemek isteseydim tv den izlerdim."
99592;;"2018-07-16 18:27:38";"Bence gayet başarılı filmleri izlerken hd izleme izliyebiliyoruz çoğu 
sitede bu kadar net olmuyor"
109826;;"2017-12-30 22:11:54";"Çok Tesekkurler"
102679;;"2018-04-11 20:25:24";"Boru dizisi reklamriyla karşıma geldi indirdim resmen yalan"
117770;;"2017-06-03 15:11:15";Süper
75028;;"2020-10-17 12:18:59";"Yapacaginiz uygulamayi **** lan wifi in dibinde cekmiyo lan sg"
104991;;"2018-03-11 16:48:29";"Çok güzel bir uygulama kesinlikle kullanmanızı tavsiye ederim."
80679;;"2019-12-27 05:20:20";"One plus 7 pro modelinde açılmıyor hata verip kapanıyordu son gelen güncelleme ile düzeldi"
125214;;"2017-03-15 14:47:36";"Sırf içerde dizisi için izliyorum"
109569;;"2018-01-04 16:16:07";"Çok başarılı"
102400;;"2018-04-18 22:22:53";"TV reklamlarında ki gibi 12 dk reklam yok en fazla 1.30 dakika o da bir 
bölüm boyunca sadece iki kez. Ve tamamen kaliteli içerik"
88578;;"2019-05-14 07:14:57";guzel
62464;;"2022-12-12 20:28:34";"Sevdiğim kullandığım uygulama fakat 2 gündür uygulamaya giriş yapamıyorum. Bir şeyler ters gitti diye hata veriyor sürekli. Güncelleme var mı diye baktım o da yok. Verileri silio tekrar giriş yaptım yine olmuyor. Sorunun ne olduğunu anlamadım. Kısacası uygulamaya erişim sağlayamıyorum. İnternet sitesinden giriyorum fakat orada ekrana çift tıklayınca 10 saniye ileri sarma olayı yok."
62465;;"2022-12-12 20:23:30";"Kesinlikle izlenmiyor bir şeyler yanlış gitti tekrar dene diyip atıyor kısacası insanı deli eden uygulama."
62466;;"2022-12-12 20:11:35";"Uygulama açılmıyor lütfen yardımcı olur musunuz? Sorunun giderilmesini istiyorum."
62467;;"2022-12-12 20:05:48";"Dün kendi kendine aktivasyon kodu gönderdikten sonra uygulamanız artık açılmıyor."
62468;;"2022-12-12 20:03:13";"Çalışsa kullanacaktım"
62469;;"2022-12-12 19:26:34";"Uygulama gayet güzeldi fakat sabahtan berri giremiyorum"" bir şeyler ters gitti "" diye uyarı verip uygulamadan atıyor arada bi tekrarlıyor çözüm bulunması lazım"
62470;;"2022-12-12 19:24:58";"Neden sürekli bir şeyler ters gidiyor anlamıyorum"
62471;;"2022-12-12 19:04:26";"Neden hep sorun oluştu diyip duruyor anlamadım gitti lütfen düzelsin açıp hiç bir şey izliyemiyorum"
62472;;"2022-12-12 19:03:53";"Uygulama yanıt vermiyor"
62473;;"2022-12-12 18:52:08";"Giriş yapmıyo"
62474;;"2022-12-12 18:08:11";"Saatlerdir Birşeyler yanlış gitti diye kırmızı hata veriyor bakımda falanmı acaba"
62475;;"2022-12-12 18:04:33";"Uygulama açılmıyor"
62476;;"2022-12-12 17:15:34";"Zaten saglikli calismiyordu. Simdi borseyler ters gitti diyor. 1 hafta oldu sorunu cozemediler"
62477;;"2022-12-12 17:12:33";"Derby reklamı görmekten bıktım bu ne kardeşim"
62478;;"2022-12-12 16:44:13";"Uygulamaya giriyon diyimi bir hata oluştu tekrar deneyin yaziyo lütfen bakın bu soruna"
62479;;"2022-12-12 16:31:58";"İndirmeyin bir süre sonra para istiyorlar"
62480;;"2022-12-12 16:23:40";"Uygulama açılmıyor izleyemiyorum"
62481;;"2022-12-12 16:23:35";"Hata veriyor.kaldırdım tekrar yükledim.Ama sorun çözülmüyor."
62482;;"2022-12-12 16:13:26";"Şuanda hiç bir şekilde çalışmıyor malesef silecem uygulamayı."
62483;;"2022-12-12 15:51:17";"Çalışmıyor Çalışmıyor"
62484;;"2022-12-12 15:39:56";"kasma donma kendi kendi programdan atma reklamlar dayanmaya çalışıyoruz derken şimdi programa hiç giremiyorum BEKLENMEDİK BİR HATA OLUŞTU diyor ama böyle bir program kullanıyorsanız hiç beklenmedik bir şey değil 1 yıldız bile fazla"
62485;;"2022-12-12 15:27:51";"Bu kdr saçma bi uygulama olamaz kesinlikle yüklemeyin"
62486;;"2022-12-12 15:07:30";"Ugulama sorun veriyor tekrar deneyin diye uyarı çıkıyor"
62487;;"2022-12-12 14:53:47";"Birşeyler yanlış gitti yeniden deneyin diye hata veriyor. Lütfen ilgilenir misiniz."
62488;;"2022-12-12 14:43:00";"Güzel bir uygulama fakat bugün itibariyle hiçbir şekilde giriş yapamıyorum hata veriyor düzeltirseniz çok iyi olur."
62489;;"2022-12-12 14:35:41";"Uygulamanın bir şeyler ters gitti sorununu düzeltirseniz sevinirim ben çok sevdim uygulamayı ancak dizim yarım kaldı"
62490;;"2022-12-12 14:23:40";"Reklam çok bu kadar sıkmayın usandırmayın"
62491;;"2022-12-12 14:21:32";"son 2 gündür uyg. açılmıyor. üye olmadan açmaya çalıştığımda ""birşeyler yanlış gitti"" üyeliğimle giriş yapmaya çalıştığımda ise"" İnternet bağlantınızı kontrol edin"" hatası veriyor. biraz önce müşt. hizm. işe görüştüm umarım çözüm sağlarlar."
62492;;"2022-12-12 14:08:32";"Çok güzel kaçırdığım tüm dizileri puhutv sayesinde izleyebiliyorum teşekkürler puhutv 😊"
62493;;"2022-12-12 14:03:54";"Dizi izliyorum yarım kaldı açlımıyor hata veriyor düzeltirseniz sevinirim😢 normalde çok sevdiğim bir uygulama"
62494;;"2022-12-12 13:51:31";"Neredeyse bir kaç aydır uygulama aşırı iyiydi hatta bir süre sonra hiç bir reklam çıkmamaya başladı ve ben her gün dizileri izliyordum ama bugün internetim olmasına rağmen uygulamaya giremiyorum bir sorun oluştu diyor lütfen düzeltilsin"
62495;;"2022-12-12 13:48:56";"On numara beş yıldız bir uygulama herkese öneririm yani arada sırada bozukluklar oluyo ama mükemmel bir uygulama ⭐⭐⭐"
62496;;"2022-12-12 13:20:59";"Uygulama neden hata veriyor?"
62497;;"2022-12-12 12:47:42";Reklammm
62498;;"2022-12-12 12:16:06";"Uygulamada bugunki sorun neden dolayı acaba ve ne zaman düzelir? 🤔😏"
62499;;"2022-12-12 12:11:28";"zaten zar zor giriyorduk bugun de tumden gitmis TEBRİKLER"
62500;;"2022-12-12 12:09:57";"Berbat bir uygulama reklam izlemek için indirilmeli. Nasıl bu kadar kalitesiz uygulama yapıyorlar anlamiyorum"
62501;;"2022-12-12 10:49:01";"Sürekli bir şeyler ters gitti hatası veriyor. Sürekli Kullandığım halde giriş yapamıyorum."
62502;;"2022-12-12 10:37:09";"Önceden çok iyidi son zamanlarda korkunç reklam çıkıyor sardırmak isteyince kesinlikle başlamıyor TV üzerinden açınca. Ve bugün bir şeyler ters gitti diye hata veriyor uygulama açılmıyor."
129549;;"2022-09-19 17:46:10";"Çok güzal"
128269;;"2017-02-01 13:08:12";"Iyi bir uygulama fakat indirme de gelse iyi olur"
127004;;"2017-02-15 07:15:16";"Adı efsane gelmeli."
125964;;"2017-03-01 23:19:15";"Valla dizileri filmleri hd kalitesinde izliyorum"
124932;;"2017-03-19 13:58:12";"Cok iyi ama yeni filmler eklerseniz dahada iyi olur"
123908;;"2017-04-01 11:32:07";"Sırf Leyla ile Mecnunu izlemek için indirdim tavsiye ederim her ikisininde 😘😍👌👍👍👏"
122892;;"2017-04-07 23:49:54";"Başarılı teşekkürler"
121885;;"2017-04-18 13:54:12";"Çok güzel bir uygulama teşekkürler ay yapım"
121094;;"2017-04-25 10:58:03";Harika
120102;;"2017-05-05 22:35:23";"Superrr uzun zamandır hayalini kurduğum şeydi puhu TV 😁"
119324;;"2017-05-15 12:49:46";"Keşke kırgın çiçeklerde olsaydı:("
118552;;"2017-05-24 14:35:07";"Artık tv yede gelsin"
117786;;"2017-06-03 12:47:36";Süper
117026;;"2017-06-11 16:05:33";Muhteşem.............
120332;;"2017-05-03 21:57:15";"Güzel bi uygulama ancak tüm diziler yok"
115725;;"2017-07-08 18:22:07";Eyvallah
114982;;"2017-08-09 19:28:55";"Çok iyi"
114444;;"2017-09-12 05:40:10";"Çok güzel 😀"
120349;;"2017-05-03 19:35:38";"Inanin begendigim en iyi dizi platformu. Çok güzel bir uygulama indirmenizi öneririm."
113183;;"2017-10-30 20:13:43";"Kötü diyenleri aldırmayınböyle başka bir uygulama bulamassınz"
112658;;"2017-11-11 19:05:49";"Daha fazla seçenek olabilir"
112137;;"2017-11-22 20:55:15";"Aga izlemek istedigim diziye giriyorum yayin haklarindan dolayi ulkenizde yayinlayamiyoruz diyo bu ne sacmaliktir bana aciklayabilirmisiniz ?"
111620;;"2017-12-06 16:05:38";"Sansürsüz olması mükemmel bence"
111107;;"2017-12-17 20:30:59";Güzel
110598;;"2017-12-22 12:40:38";👍👍
110093;;"2017-12-26 12:22:06";Süper
109592;;"2018-01-04 02:15:33";Harika
109095;;"2018-01-15 21:30:50";"Siyah beyaz aşk"
113413;;"2017-10-27 18:18:05";"Fi sezonu başlıyo indiriyim dedim. BEKLE BENI Çİ"
108300;;"2018-01-22 22:03:39";"Reklamlar olmasa daha guzel olabilir ama gende öbür programlardan daha guzel ve eğlenceli😀😁"
107814;;"2018-01-28 20:58:35";"Harika bir uygulama"
108318;;"2018-01-22 20:34:38";Harikasın
107038;;"2018-02-08 19:00:32";"daha az reklam"
108813;;"2018-01-17 23:16:39";"Içerik daha geniş olsa tadından yenmez ama genede 5 yıldız"
106274;;"2018-02-18 19:51:29";"Puhu tv sevdim Ama yabancı filmlerinde istiyoruz  fena olmaz yani"
105987;;"2018-02-24 00:38:17";"Filim arası çok reklam war daha önce öyle değildi."
118823;;"2017-05-21 22:08:46";"Harika bir film izleme programı herkezin indirmesini tavsiye ederim şimdiden iyi seyirler"
105240;;"2018-03-07 16:16:28";"Gercekten guzel umarim parali olmaz veya sadece vodofone kullanicilari icin yapilmis bi uygulama olmaz..."
104974;;"2018-03-11 23:37:08";"20-30 saniyelik video reklamlar çıkıyor. Reklamı atlayamıyorum 30 saniye izlemek zorunda bırakılıyorum. Bu reklam esnasında geri tuşu da otomatik pasif duruma geçiyor"
115985;;"2017-06-28 19:57:32";Bayıldım
104225;;"2018-03-21 20:19:50";"Çok güzel bir uygulama herkese tavsiye ederim .fi dizisiyle buldum uygulamayı herşey tadında çok güzel  abartmadan yapmışlar herseyi"
103950;;"2018-03-24 12:55:31";Yeterli
126216;;"2017-02-25 21:39:48";"On numara elinize sağlık"
119552;;"2017-05-12 18:56:02";güzel
121113;;"2017-04-25 05:53:48";"Allah belanızı versin. Bir uygulama bu kadar mı dandik olur? Diziyi izlerken sürekli reklam girmesinden bıktım. 2 saatlik dizi oluyor sana 2.5-3 saat. Ayrıca bazen PC den dizi izlemek istediğimiz zaman diziyi açmıyor bile. Bu kadar saçma sapan bir uygulama olamaz."
129031;;"2017-01-25 08:46:36";"Sitede yorum yazma yok - verdim"
102431;;"2018-04-18 06:11:43";Güzel
102168;;"2018-04-26 16:48:54";Muhteşem
101907;;"2018-05-05 20:12:09";"Videoları ileri sarmak için 10 sn lik atlatma eklenmeli."
101648;;"2018-05-15 16:11:31";"bayıldım harika"
101392;;"2018-05-25 01:13:01";Mükemmel
101138;;"2018-06-02 00:32:44";guzel
100886;;"2018-06-07 18:52:01";"Çok güzel bir uygulama sadece biraz fazla reklam çıkıyor yani tam diziye 
dalmışken bir anda reklam çıkıyor falan komik oluyor onun dışında güzel"
100636;;"2018-06-11 16:18:31";"Puhu yu tek geçerim 👍"
100388;;"2018-06-18 16:42:55";"Dizi izlemek için mükemmel olmuş"
100133;;"2018-06-22 09:09:24";Mükemmel
120611;;"2017-05-01 23:22:02";"Önceden çok güzeldi şimdi açılmıyor bile ne yaptılarsa yüklenirken hata oldu diyor"
111876;;"2017-11-28 15:58:34";"Reklam az olsa iyi olur bi de yabancı dizi eklersdniz süper olur"
125211;;"2017-03-15 15:35:14";"Sanmam ama umarım ücretsiz kalır..."
115736;;"2017-07-08 11:35:09";"Çok güzel ama araya koyulan reklamlar kalksin.."
99084;;"2018-08-07 13:21:39";"Bayıldım süper"
98848;;"2018-08-20 09:42:59";"On numara uygulama..."
128540;;"2017-01-29 20:39:20";"Geliştirilmesi gerek. Tam beğendiğim zaman 5 yıldız. Nette sınırsız içerikler var aynı sinema sitesinde. Bunda da olabilir. Çok eksik daha."
104719;;"2018-03-16 22:15:40";"Şu reklamları artık biraz azaltın kusacazz ileri geri yapınca sekiz bin reklam izlemekten zevkini alamıyorum dizilerimin"
98304;;"2018-09-18 21:51:48";"Emeğe saygı dye buna denir."
98075;;"2018-09-27 17:32:33";"On numara"
114723;;"2017-08-27 13:02:38";Olela
118272;;"2017-05-28 15:08:33";"Çok güzel bir uygulama"
97548;;"2018-10-22 15:10:37";"Jet sosyetenin 2. Sezonu neden yüklenmiyor?"
122625;;"2017-04-10 16:03:24";"harika bi program herkse tavsiye ederim"
96013;;"2018-11-06 16:40:18";Muhteşem
119062;;"2017-05-19 09:26:16";"Cizgi film olsa"
120605;;"2017-05-02 00:59:27";"Reklam olayini daha once bu kadar abartan bir uygulama gormedim hayir web sayfanizda da ayni sekilde abartmissiniz reklam izliceksek sizi neden tercih edelimki kimse size verdiginiz emegin karsiligini almayin demiyor ama bu kadar reklam tv de cikmiyor yani.."
95505;;"2018-11-29 00:06:40";"Şahsiyetin devamı gelsin."
112408;;"2017-11-16 21:38:15";"Çok güzel teşekkürler"
127750;;"2017-02-08 20:40:42";"Harika olmuş.  Tv den kaçırdığımız dizileri internetten virüs dolu sitelerden izlemekten bizi kurtardığınız için teşekkür ederim :)"
95012;;"2018-12-22 00:04:03";"8-10 dk da bi reklam reklam atlamada yok televizyonda bile daha az reklam var dizi keyfimizin icine ediyonuz silin gitsin bu uygulayi 5 psra etmez"
103696;;"2018-03-26 13:35:04";Harika
94736;;"2019-01-03 16:34:09";"Çok iyi"
98330;;"2018-09-18 17:29:18";"Tavsiye ediyorm"
92964;;"2019-01-22 08:04:22";güzel
129571;;"2025-01-25 16:37:26";"Benim telefonumda youtube açmadığından başqa bakayım dedim bu ne açmadı donduruyor tavsiye etmedim"
92696;;"2019-02-03 03:01:50";guzel
122390;;"2017-04-13 12:21:51";"Tek kelime. Muhteşem. Ve umarım bozulmadan devam eder."
92432;;"2019-02-12 11:16:33";"allahiniza kurban<•••>"
105474;;"2018-03-04 06:53:38";"Reklam tek sıkıntı az olsa iyi olur ama şimdi de iyi"
92172;;"2019-02-19 21:09:06";"ellerinize sağlık çok iyi ve yararlı bir proğram teşekkür ederim"
105759;;"2018-02-28 10:37:02";"Hayat başarılı tebrikler puhu"
91916;;"2019-02-28 08:32:17";"Çok kaliteli"
104735;;"2018-03-16 16:12:59";"Artık çok reklam var bide bu izinleri istemek fazla deilmi hemde hepsini tek güncellemede....    isterseniz trojan linki atın onu kurayim gerek yok böyle şeylere...."
91664;;"2019-03-07 22:42:25";"süper olmuş elinize sağlık"
115239;;"2017-07-25 08:03:09";"Süper yükleyin istediğiniz dizi var rafadan tayfa bile var o dizinin yeni bölümleri size bildirim olarak geliyor ... Ne duruyorsun hadi sende yükle 😋 !!?"
89880;;"2019-03-19 20:18:26";"cok guzel en sevgim ucretsiz"
99843;;"2018-07-07 13:36:07";"Reklamsız daha iyi olacağını düşünüyorum"
89636;;"2019-03-31 12:44:31";"olum şuna adam akıllı bi güncelleme getirin artık reklam geliyor belli bi saniyede donuyor herseyini temizliyorum arkaplandan gene aynısı yeter ulan"
95750;;"2018-11-19 06:36:33";". muazzam . 🙂"
117539;;"2017-06-06 11:11:52";"Söz geteriseler tamm okacak içerde var zten"
98336;;"2018-09-18 14:59:28";Mukemmmellll
124180;;"2017-03-31 17:25:47";"15  dakika oldu yükleyeli ve hala işlem başarısız diyor... Hiç bir videoyu oynatmıyor... Üye bile olamıyorum hata veriyor... 👏"
89103;;"2019-04-20 20:30:02";"süper ötesi"
99362;;"2018-07-25 15:24:18";"Çoooook güzel"
126748;;"2017-02-18 11:32:35";"Bu gün girdim ama yüklenme başarisiz diyor internet var ama"
129546;;"2023-08-18 18:50:21";"Judayam zur tavsiya qilaman koʻrishni"
106523;;"2018-02-15 19:31:43";"Reklam dozajı gayet iyi, takılma yok, kalite ultra hd olmasına rağmen internetten az mb yiyor. 1996'dan bu yana bifiil(sürekli) internet kullanırım test ettiğim uygulamalar arasında en az Netfliks kadar başarılı. yalnız kendine has yapımlar olmalı fi gibi.. Fi bitince ses getirecek bir yapım lazım. Bu yüzden sizinle iletişime geçmek istedim lakin iletişim bilgilerinizi yok :)  siz bana ulaşın ki yakında bitecek romanımı birlikte senaryolaştıralım.  Bu ülkeye bir seri katil lazım;faili, meçhul olmayan..!"
88594;;"2019-05-13 22:28:49";"Güzel bir uygulama reklam hiç yok kesintisiz izleme keyfi sağlıyor"
128545;;"2017-01-29 20:09:32";"Puhu tv çok eksikleriniz var yeni filmler ve diziler konulmali film ler gercekten eski  Lütfen düzeltin"
116233;;"2017-06-20 13:01:48";"Süper bir uygulama tek eksiği ana sayfanın yana döndürdüğümüzde dönmemesi"
86784;;"2019-05-19 14:04:49";"Bence güzel bir uygulama ama daha fazla film ve dizi olmalı."
104981;;"2018-03-11 21:20:25";"Çok güzel"
128014;;"2017-02-04 17:50:41";"Harika bir uygulama"
89123;;"2019-04-20 09:04:43";"bence cok güzel bir uygulama parali fln da değil 👍"
114698;;"2017-08-28 12:31:25";"yananfi dizilerde olsa super"
86306;;"2019-05-28 09:42:33";efsoi
117273;;"2017-06-09 19:50:55";"On numara uygulama"
102926;;"2018-04-06 22:39:12";"Çok başarılı bi uygulama emeği geçen herkese teşekkürler:)"
86049;;"2019-06-04 21:15:15";"güzel bir"
111891;;"2017-11-28 11:19:36";"Reklam veren uygulama sahibine"
113416;;"2017-10-27 18:16:08";"Harika uygulama"
125715;;"2017-03-05 09:30:27";"Keşke yabancı diziler içinde bu kadar  iyi bir uygulama olsaydı.Gayet güzel bir uygulama"
126211;;"2017-02-25 23:06:45";"Tek kelime ile harika emeği geçen herkesin eline yüreğine sağlık... İleri geri sarma olsa çok çok güzel olacak."
117524;;"2017-06-06 14:38:27";Teşekkürler
124179;;"2017-03-31 17:27:50";"Müthiş ama hint filmleri gelse ve indirme özelliği gelse aşk ve mavi yok glsin"
85517;;"2019-07-01 10:39:57";"10 numara 5 yıldız"
124673;;"2017-03-25 06:12:06";"İkinci ekrana izin verseniz 5 yıldız azdı.."
103198;;"2018-04-02 00:17:38";"Güzel olmuş"
82469;;"2019-07-18 21:53:04";"Reklamdan diziyi izleyemiyoruz ki"
111907;;"2017-11-27 22:03:12";"5 para etmez reklamdan bişey izliyebilirseniz indirin izleyebilirseniz izleyin 1 yıldızı dahi haketmiyor"
114727;;"2017-08-27 06:18:46";"Keşke bütün kanalların dizileri olsa"
109063;;"2018-01-16 07:06:43";"Fi için indirmiştim ancak bugün yeni çıkan fragmanları izleyemiyorum"
82198;;"2019-08-31 15:14:09";"Açılmıyor bölümler"
122385;;"2017-04-13 13:46:25";"Ücretli olmadığı takdirde tüm akıllı cihazlarımızın baş köşesinde olacak bir uygulama. Teşekkürler puhutv"
124945;;"2017-03-19 10:28:04";"yeni başladım kullanmaya"
113152;;"2017-10-31 14:44:55";Mükemmel
81935;;"2019-10-01 20:43:38";"Yapacağınız uygulama batsın abi 10 kere girmeye çalışıyorum uygulama yanıt vermedi diyor video açılırken"
104742;;"2018-03-16 14:28:24";"Reklamlardan diziyi izliyemiyorum ard arda 3 dakika reklam mı olur ya bıktık valla"
98817;;"2018-08-22 10:21:07";"Muhteşem bir uygulama"
114215;;"2017-09-25 09:34:10";"Tek sıkıntım ekranın diğer tarafa dönmemesi ilgilenirseniz sevinirim ç"
81677;;"2019-10-19 16:10:16";"5 dakika reklam veriyo 👎👎"
124178;;"2017-03-31 17:27:54";"Arkadaşlar indirdikten sonra seyretdigimizde internetten  mi gidiyor bilgi verirseniz sevinirim"
120587;;"2017-05-02 07:16:40";"Yükleme başarısız yazısı çıkıyor acil düzeltilmesi lazım."
127508;;"2017-02-11 22:23:32";Güzel
81426;;"2019-11-07 17:44:04";"Etkileyici ve kendine bağlayıcı"
125218;;"2017-03-15 13:59:29";"Helal olsun"
117286;;"2017-06-09 18:14:13";🌟🌟🌟
106535;;"2018-02-15 19:13:13";"Harika bir uygulama"
81183;;"2019-12-01 07:02:54";"Afili aşk dizisi yok lütfen ekleyin onun dışındada berbat ötesi bir uygulama indirdiğim gibi sileceğim!!"
121629;;"2017-04-21 16:10:43";"Harikaa. Ama lütfen daha çok dizi ekleyin 👍👍"
102668;;"2018-04-12 08:01:24";Beautifulllllll.....
125723;;"2017-03-05 05:56:45";"İndirmede olsa süper"
80897;;"2019-12-13 08:30:02";"Merhaba Huawei EMUİ 10 guncellemesinden sonra uygulamayi kullanamiyorum bildirim geliyor fakat acilmiyor."
86542;;"2019-05-22 23:03:39";👍👍👍
112404;;"2017-11-16 22:53:41";"Uzatma işte verdik yıldızını"
117272;;"2017-06-09 19:51:35";Harikaaaaaaaaaa
80662;;"2019-12-27 21:41:53";"Berbat bir uygulama"
115491;;"2017-07-15 06:04:44";"İki gündür videolar açılmıyor sorun neyse artık"
123156;;"2017-04-05 16:29:50";"Fi ne zamanda bir yayinlanacak harika bi uygulama.."
112902;;"2017-11-07 13:27:43";"Muazzam bir şey kesinlikle tavsiye ederim"
121860;;"2017-04-18 19:17:37";"Harika olmuş kaliteli içerikler var hatta özellikle kalitesi ve içeriği zayıf program, dizi ve filmler alınmamış mükemmel bir ayıklama yapılmış tebrikler"
80389;;"2020-01-24 19:00:05";"Çukur izlemenin en kaliteli uygulamasi"
86273;;"2019-05-28 20:01:40";👑
109852;;"2017-12-30 15:44:53";"İyi hoş ama önce ses sonra görüntü geliyor"
104201;;"2018-03-22 01:31:11";"Süper bir uygulama ama  tüm diziler çıkmıyor ki"
80167;;"2020-02-13 22:25:16";"Gayet iyiydi ama samsung tab 3 te üye girişi yaparken kapanıyor artık"
114958;;"2017-08-11 14:15:06";"Süper bir uygulama fakat içeriği artarsa daha güzel olacaktır.:)"
85542;;"2019-06-28 23:45:02";"Çok güzel teşekkürler iyi fragrama unutulmaz"
128789;;"2017-01-26 15:16:15";"Kullanımı kolay, ücretsiz olması cabası...."
106772;;"2018-02-13 06:13:17";"Zaten fi dizisi basli basina 5 puani hakediyor"
128029;;"2017-02-04 12:07:42";"Harika bi uygulama bugün kullanmaya basladım ileride bi sıkıtı cıkmazsa çok güzel  TEŞEKKÜR EDERIM."
79873;;"2020-03-15 09:15:16";"Kuzey yıldızı için iyi"
97800;;"2018-10-09 21:10:26";Güzel
111381;;"2017-12-12 21:58:33";👍👍👍👏👏👏
100902;;"2018-06-07 17:10:29";"Çok iyi"
117004;;"2017-06-11 20:32:03";"YouTube daki gibi smart tv de oynat özelliği olursa daha güzel olur"
79630;;"2020-04-01 00:49:45";"Çok takılıyor hemde aşırı derecede reklam çıkıyor"
80918;;"2019-12-11 08:15:19";"Son bir kaç gündür dizileri izleyemiyorum kesik kesik takılma yapıyor 2 sahnede bir"
110869;;"2017-12-19 18:25:48";"Harika bir program emeği geçenlerin ellerine sağlık"
100864;;"2018-06-07 22:13:31";güzel
117005;;"2017-06-11 20:05:46";"Reklam cok fazla var cozum bulmak lazim"
76302;;"2020-04-18 17:20:26";"Filmler takılıp duruyor ama başka uygulamalarda olmuyor.. bu sorunu düzeltin"
86280;;"2019-05-28 18:07:41";"süper bir uygulama emeği geçen herkesin eline sağlık herkese tavsiye ederim deneyin memnun kalacaksınız"
115221;;"2017-07-26 06:59:45";iyi
104726;;"2018-03-16 19:49:08";"Super bir uygulama."
104205;;"2018-03-21 23:47:34";"Gayet başarılı"
126983;;"2017-02-15 14:13:51";"Dizileri takılmadan izliyorum  çok güzel"
76036;;"2020-05-13 07:22:09";"Türk filim leri cok eski"
103974;;"2018-03-24 07:47:04";"Reklamları kaldırırsanız  daha iyi olur"
110370;;"2017-12-23 22:34:07";Kotu
110354;;"2017-12-24 00:27:23";"Fazla reklam var gereksizce hemde"
104206;;"2018-03-21 23:35:46";👍👍
125731;;"2017-03-05 01:23:17";Ok
75782;;"2020-06-16 11:55:11";Guzel
98589;;"2018-09-05 11:05:13";Muazzam
123168;;"2017-04-05 14:39:36";"gerçekten harika bir uygulama olmuş ala keşke yabancı ve daha fazla seçenek olsa."
125700;;"2017-03-05 15:02:51";"Guzel bir uygulama cok isime yariyor kacirdigim dizileri buradan izleye biliyorum"
100867;;"2018-06-07 21:35:31";Cok
114964;;"2017-08-10 19:24:14";"Adı efsane dizisini de ekler misiniz"
75540;;"2020-08-27 23:43:12";"Boş yapmayın uygulama sorunsuz ve mükemmel çalışıyor"
124436;;"2017-03-29 17:49:05";"ellerinize sağlık"
127746;;"2017-02-08 21:49:55";"Uygulama şimdiye kadar ki en iyi dizi uygulamalarından birtanesi keske yabancı dizilerde olsa."
108565;;"2018-01-20 06:30:14";Harika
94994;;"2018-12-22 21:29:02";"İki senedir kullanıyorum bu sene sıkıntı yaptı donmalar çok oluyor ve artık yeni dizi ve film eklemelisiniz her dizi yoj türk dizilerinden çok azı var sadece ilgilenilirse çok iyi bir uygulama olablir"
106769;;"2018-02-13 07:22:29";Mukemmel
127239;;"2017-02-13 08:23:53";Harika
75275;;"2020-09-30 06:36:45";"Çok güzel anında akşam seyredemedigim diziyi seyrediyorum ama Hekimoğlu dizisi ve kırmızı oda filmleride olsa mükemmel olur👍"
116228;;"2017-06-20 14:31:58";"İçerik zayıf..."
95766;;"2018-11-18 15:24:18";"Çok güzel bir uygulama"
86289;;"2019-05-28 14:44:50";"Dizi platformunun en zirvesindeyim diyorsunuz ama başlı başına diziler yok dizi Seçiyorsunuz, Mesela Zalim istanbul dizisi neden yok bunun gibi bir kaç benzeri daha.."
94752;;"2019-01-02 18:55:53";"gayet güzel ve kullanışlı interneti kokluyor"
102946;;"2018-04-06 17:33:16";Beyendim
118536;;"2017-05-24 18:32:41";"Söz  dizisi İsimsizler dizisi de eklenmeli başka bi sıkıntı yok"
75027;;"2020-10-17 12:35:28";"Görüntü falan yok siyah ekran çıkıyor sadece ses var"
95246;;"2018-12-11 07:09:43";"Sen anlat karadeniz yüklenmiyo"
79897;;"2020-03-13 08:05:01";"Arkadas boyle rezil bir uygulama olamaz 1 saatlik filimde 2 saat reklam izliyoruz bir yildiz bile fazla abartisiz net yani kimse indirmesin indiren de emin olsun pisman olur"
75525;;"2020-08-31 07:36:59";"Bence bu uygulamaya 5 yıldız çok az. Gerçekten harika bir uygulama. Diğer uygulamalar örneğin tv+, blutv gibi bunlar hep para hep para oğlum interneti götürdüğünüz yetmiyor mu birde her ay 19 tl Allah'tan korkun lan ha o yetmiyormyş gibi filmi kiralamak için de 5tl veriyorsunuz birde üye olmak çok zor sıkıntı yaa uğraşmaya deymez hemen indirin puhutv yi hiç uğraşmayın."
97824;;"2018-10-09 05:15:12";Fevkalade
112933;;"2017-11-06 16:29:36";İyi
114205;;"2017-09-25 18:48:10";"Bir dizi izlemek istiyorum saçma sapan bir ton reklam koyuyorsunuz bukadar reklam olması gerçekten çok sinir bozucu ve aynı zamanda dizileri ileri geri almak içinde bir tuş bişey geliştirilmeli"
62720;;"2022-09-07 17:22:46";"Diziyi aç iki reklam izle uzun uzun tam başlasın bir reklam daha izle yarıda izle sonda izle bunla uğraşana kadar muadil APK lı program indirin"
62721;;"2022-09-07 11:11:58";"Bukadar fazla reklam olamaz çok kötü"
62722;;"2022-09-06 21:56:18";"yazık yani bi dizi izlicen 5 dakka bir reklam izledigimden bisi anlamiyorum. Tabi sizde kazancaksiniz ama bu kadar olmaz ya premium felan bisey getirin yada yapmayin bu kadar"
62723;;"2022-09-06 20:53:48";"Çok fazla reklam var."
62724;;"2022-09-06 18:31:35";"İndirdiğime Bin pişman oldum arkadaş reklam ver anladık ama bu bu ne ya flim den çok reklam izliyorum o yüzden puanım 1"
62725;;"2022-09-06 11:21:43";"Goruntu kalitesi ayarlanmiyor. Cok fazla mobil veri tuketiyor."
62726;;"2022-09-06 06:02:00";"Aşırı reklam var. Şu anda yalancı dizisini izliyorum. 5. Bölüm yerine 30 dakikalık bir belgesel var. Komik"
62727;;"2022-09-05 22:46:04";"su reklamlari kisaltin reklam mi izliyoruz dizi mi anlamiyorum"
62728;;"2022-09-05 13:10:25";"Youtube bile bu kadar reklam yok 10 saniyede bir 30 saniye reklam yuh be"
62729;;"2022-09-05 10:40:40";"Çok reklam var."
62730;;"2022-09-05 10:32:47";"Reklam izliyorsunuz ara da dizi indirmeyin"
62731;;"2022-09-04 17:06:06";"Gerçekten çok güzel bir uygulama burdan istediğim her türlü filmi. Ve diziyi izliyorum ve indiriyorum"
62732;;"2022-09-04 09:41:27";"Bence çook ama çok güzel bir uygulama hem ücretsiz hem de istediğimiz filmi izleyebiliyoruz herkese tavsiye ederim:)"
62733;;"2022-09-03 18:15:22";"Bu ne ya reklam reklam reklam. Reklam mı izleyelim sürekli ne kadar berbat bir program olmuş ya"
62734;;"2022-09-03 11:49:07";"Bu ne rezillik be 5dkda bir reklam"
62735;;"2022-09-03 11:15:14";"Cidden rezalet olmuş azicik ilerletiyorum filmi hemen reklam geliyor tek reklam diyor ama bir filmde 50 tane reklam geliyor 5 yildiz vermemin sebebi üstte olmasi icin"
62736;;"2022-09-03 07:36:39";"Reklam izlemek için çok ideal bir uygulama. Arada dizi, film çıkıyor ama olsun. Reklam severler bu uygulama tam size göre :)"
62737;;"2022-09-03 06:35:32";"Abim Allah hakkı için reklamı sade başlarken olsun abım"
62738;;"2022-09-03 01:51:15";"Bu kadar saçma bir uygulama olamaz her dk başı reklam var bundan dolayı artık filmde ne olucak diye değil reklam çıkacak diye bekliyorsun aq"
62739;;"2022-09-02 22:40:48";"Çok kötü bir uygulama dizi yada film ismi yazarken çıkıp duruyor yüklediğim gibi sildim berbat sıfır olsa sıfır verirdim SAKIN YÜKLEME"
62740;;"2022-09-02 16:24:40";"Berbat bir uygulama 15 saniye dizi izliyoz 30 saniye reklam izliyor"
62741;;"2022-09-02 11:37:16";Reklam
62742;;"2022-09-01 21:41:37";👍
62743;;"2022-09-01 07:26:02";"Reklam izlemek için mi indiridik kardeşim bu uygulamayı berbat birşey tamam eyvallah sende kazanacaksın ama onun da bir sınırı var be videoyu durdur reklam 2 dk bekle reklam ileri al reklam geri sar reklam dokun reklam dokunma her 5 dk da bir reklam çok kötü"
62744;;"2022-08-31 09:48:59";"@puhutv program.güzel eýaAllah eyvaAllah'ta nesi güzel anlamadım sayfa açılmıyor diziyi acıyorum bir sorun oluşuyor.Lütfen bulun buna bir çare sizi'de anlıyorum ücretsiz olunca böyle oluyor demekki...."
62745;;"2022-08-30 06:28:02";"Reklam hakkınızdır anladıkta her sarmada reklam koymazsın. İzlediğim diziden ve ya filmden zevk alamıyorum. Tamam ücretsiz bir platform lakin siz böyle reklam dayamaya devam ederseniz uygulamanızı kimse kullanmaz."
62746;;"2022-08-29 07:11:52";"Youtubedan falan izleyin daha iyi . Bu kadar çok reklam, dizinin orjinalinde yok. Ayrıca sürekli de donuyor.. internetten mi diye denedim, yok uygulamadan. Hep ayni yerde donuyor.. Saçma sapan bişey.."
62747;;"2022-08-28 18:14:45";"Reklamdan ibaret bir uygulama daha kötüsünü gormedim"
62748;;"2022-08-28 15:56:31";"Abi her dakika reklam giriyo. Reklamlarda kısa değil 40 saniyelik ve hepsi art arda yeter!"
62749;;"2022-08-28 00:40:44";"Şu logoyu bi düzeltin yeni logo gelsin"
62750;;"2022-08-27 23:04:12";Guzel
62751;;"2022-08-27 11:57:35";"İnternetteki Web TV Programları içinde farklı içeriği ve işlevselliği olan, yerli ve yabancı filmler, diziler ve orijinal eserlerin sunulduğu, kaliteli ve ücretsiz yayın yapılan özel bir site. Emekçilerini Tebrik Eder, Başarılar Dilerim..."
62752;;"2022-08-26 11:37:46";🤮
62753;;"2022-08-26 10:54:56";"Herşey güzel ama bazı filmler ve diziler yok olursa seviniriz"
62754;;"2022-08-26 10:16:31";"Çok seviyorum bu uygulamayı yaaaaa"
62755;;"2022-08-26 03:49:53";"Merhaba Biz işitme engelliyiz. Duy beni dizinde hepsi izledik. 7 ve 8 bölüm altyazili koymamışlar. Ne zaman koyacaklar sabırsızlıkla bekliyoruz. Şimdiden teşekkürler."
62756;;"2022-08-24 22:08:20";"bu reklam ne allah askina ya iki reklam cikiyor bes saniye sonra iki reklam daha giriyor"
62757;;"2022-08-24 13:02:06";"Gerçekten çoook güzel bir uygulama ama her film başı 1 reklam olsa daha iyi olur o yüzden reklamdan 1 yıldız kırdım."
62758;;"2022-08-24 03:58:12";"Bu kadar saçma bir uygulama olabilirmi ya bir dizi izliyeyim diyorsun 25 reklam koymuşsunuz gördüğüm en lanet uygulama yıldızı bile hak etmiyor yapanın emeği geçenin Allah belasını top yekün versin"
129547;;"2023-08-15 16:17:49";"Juda zor"
128267;;"2017-02-01 13:29:21";Staar
127003;;"2017-02-15 07:59:39";"Çok güzel"
125963;;"2017-03-01 23:23:41";"Adamlar yapmış elinize sağlık başarılarınızın dilerim."
124931;;"2017-03-19 15:07:21";"Gerçekten çok iyi bi uygulama tavsiye ederim yapanın ellerine sağlık ."
123907;;"2017-04-01 11:36:37";"Kayıtsız, şartsız. Sevdim."
122891;;"2017-04-08 00:00:58";"Güzel uygulama ama dizinin ortasında kapatmak zorunda kaldigimda  daha sonra kaldığım yerden devam etmesini isterim başa sarmasin"
121884;;"2017-04-18 14:31:31";"Cok rahat ve kolay bi uygulama.. kesintisiz"
121093;;"2017-04-25 11:01:21";"Güzel ama bazı pürüzler var."
120101;;"2017-05-05 22:38:05";"Fi mükemmel bi dizi"
119323;;"2017-05-15 13:25:58";"Ücretli mi izlemek?"
118551;;"2017-05-24 14:52:20";"Tek kelimeyle muh te şem  muazzam herkesin emeğine sağlık.  Konu müzikler ses oyunculuk hepsi fevkalade👏👏👏"
117785;;"2017-06-03 12:48:38";Mükemmel
117025;;"2017-06-11 16:31:37";"fî nin 2.sezonu ne zaman gelir"
121120;;"2017-04-25 01:48:13";"Emeğinize sağlık 👏"
115724;;"2017-07-08 18:35:56";"Güzel bir uygulama ama bazı filmler yok daha çok sinema filmi koysalar daha güzel olucak"
114981;;"2017-08-09 19:33:03";"Valla bende reklam bile çikmiyo hiçbir sorun da yok wl2mf"
114443;;"2017-09-12 08:43:38";"güzel bir uygulama"
121346;;"2017-04-22 22:13:57";"Reklamlar çoğaldı ve donmalar başladı 1 yıldız düştü!"
113182;;"2017-10-30 20:38:50";"Videoyu ileri sardığım zaman hemen reklam çıkıyor bu fazla"
112657;;"2017-11-11 19:10:43";"Çok iyi ya bayılıyorum bu uygulama ya film izlemek istediğimde direk açıyorum"
112136;;"2017-11-22 21:25:33";"Ekran yansıtma ozelligide gelsin rvlere ek aplikasyon trk tus baglanma ozelligi"
111619;;"2017-12-06 16:39:16";"Çok iyi bir program şiddetle tavsiye ederim"
111106;;"2017-12-17 20:38:00";"Very nice"
110597;;"2017-12-22 12:45:25";"Süper ötesi uygulama"
110092;;"2017-12-26 12:22:47";"Tamam kardeşim reklam koyunda bu nedir ya 1 saatlik dizide 5 reklam diye diye 30 tane reklam cıkıyor adam akıllı koyun 3 5 reklam 30 reklam nedir"
109591;;"2018-01-04 03:08:33";"Az reklam koyun lutfen ."
109094;;"2018-01-15 21:39:42";"Puhu tv fi gibi güzel diziler alıp bizlere ücretsiz sunduğu sürece takipteyim ve sonuna kadar izliyorum"
113945;;"2017-10-07 12:53:43";Süper
108299;;"2018-01-22 22:43:04";"O on"
107813;;"2018-01-28 20:59:44";"Çok iyi uygulama ama bazı diziler yok mesela Arka Sokaklar yok , ve Tolg Show da eklense çok daha iyi olur ama emeğe saygı çok iyi uygulama bu ikisi de eklense çok daha iyi olur admin duy sesimii"
108810;;"2018-01-17 23:22:12";"Reklamlar azaltılsa daha da mükemmel olur"
107037;;"2018-02-08 19:21:30";"La 1 tane reklam girmedi çukuru izledim daha ne istiyem reklam giriyo diyenlere inanmayın gerçi 1 bölüm izledim sadece ama adamlar reklamlardan para kazaniyo ücretli mi yapsınlar programı"
110618;;"2017-12-22 03:57:28";"SONY XPERİA Z5 PREMİUM aşırı derecede reklam var reklamları kaldırın youtube yi geçtiniz"
106273;;"2018-02-18 20:00:32";"Harika 😁"
105986;;"2018-02-24 01:04:29";Harika
121106;;"2017-04-25 08:34:12";"Ezcast gibi bir ozekllik te gelmesi lazim akıllı tv uygulamasını getirdiniz madem ki onuda ezcast da ekleyin puhutvye aynı YouTube gibi olsun"
105239;;"2018-03-07 17:01:33";Sağol
128805;;"2017-01-26 10:52:48";Güzel
116738;;"2017-06-14 06:38:11";"Çok güzel bir uygulama"
104224;;"2018-03-21 20:33:46";"Harika ve Teşekkürler"
103949;;"2018-03-24 13:01:47";"Güzel bir uygulama sürekli kullanıyoruum..!"
115231;;"2017-07-25 14:39:50";"Sürekli reklam çıkmasa güzel olur"
119579;;"2017-05-12 16:27:24";"Televizyon a bağlanma özelliği olsa çok güzel olacak"
119333;;"2017-05-15 08:46:02";"Foxdaki savaşçı adlı diziyi de görmek istiyoruz"
102695;;"2018-04-11 15:53:22";Güzel
102430;;"2018-04-18 06:19:58";"Önceden indirip çevrimdışı izleme özelliği gelmesi lazım"
102167;;"2018-04-26 16:49:44";"Çok güzel bir uygulama dizi severler için mükemmel bir şey"
101906;;"2018-05-05 20:39:32";"Cok guzel olmus sglun ama filimi bazen izlerken bir sey oluyor kapatyorum 
tekrar acinca ayni yerden devam etmiyor lutfen ilgilenirmisiniz"
101647;;"2018-05-15 16:18:57";basarili
101391;;"2018-05-25 02:37:20";"Çok reklam var azalabilir sureleri ve sayilari"
101137;;"2018-06-02 01:57:19";"Takılıp kalıyor."
100885;;"2018-06-07 19:20:08";"Uygulamayı yeniden başlat hatası sürekli alınıyor"
100635;;"2018-06-11 17:02:39";"İnternet olmadan açılmıyor değil mi"
100387;;"2018-06-18 16:52:16";"Dacia reklamı çıkıyor fakat bölümün kendisi çıkmıyor bölümü oynatmıyor"
100132;;"2018-06-22 13:09:25";"Reklam izlerken film çıkıyor onları görmek istemiyorum"
121609;;"2017-04-21 17:43:32";Teşekkürler
112396;;"2017-11-17 05:52:18";"Guzel bir uygulama"
105741;;"2018-02-28 18:14:14";"Edho  eklenirse tam puan"
120608;;"2017-05-02 00:22:49";"Bu gorenlerin amk"
99083;;"2018-08-07 14:06:16";HARİKA!!!😍😍😍
98847;;"2018-08-20 10:17:44";"4,5G'de bile açmıyor..."
116761;;"2017-06-13 21:55:03";"Sadece yeni filmlrr gelse cok guzel olur"
104999;;"2018-03-11 14:59:40";Iyi
98320;;"2018-09-18 19:17:17";"P20 lite kullanıcısıyım diziyi izlerken uygulama ekranın tamamını kaplamıyor kenarlarda siyah boşluklar kalıyor. Onun dışında çok iyi"
98074;;"2018-09-27 18:03:31";"Bence ücretsiz olması iyi Star tv nin kopyası bide"
115465;;"2017-07-15 18:44:03";"Süper 👍"
118790;;"2017-05-22 10:39:30";"On numara bı program"
97547;;"2018-10-22 16:53:46";"Eşkiya dünyaya hükümdar olmax .kadın bunşarıda ekleyin lütfen yıllardır hep aynı filimler ve diziler degiştirin artık birax ilgi lütfen"
123428;;"2017-04-03 16:08:55";"Sanki son dönemlerde biraz reklamın suyunu kaçırır gibiler ama onlarda haklı büyük projeler için para lazım"
96012;;"2018-11-06 17:23:46";"Donuyor. İşe yaramıyor."
119839;;"2017-05-08 12:19:44";"Çok başarılı"
119044;;"2017-05-19 13:14:34";"Niye çok reklam var"
95504;;"2018-11-29 03:53:25";"REKLAM İZLEMEKDEN FİLME BAKAMIYOSUN 2 DK DA BİR REKLAM BIDE 4 SN SONRA REKLAMI KAPATAMIYPSUNDA ILLAKI 1 DK IZLICEKSIN KESINKIKLE DUZELTILENE KADAR 1 YILDIZ"
112932;;"2017-11-06 17:40:17";"Subberp Subberp"
119835;;"2017-05-08 12:38:36";"Kalıteyı arttırın 144p nedir ya 360p 480p de olsun"
95011;;"2018-12-22 01:13:56";süper
103178;;"2018-04-02 15:07:43";"çok başarılı"
94735;;"2019-01-03 17:32:22";"Adroid Tv 7.1.2 cihazda 5dkdan sonra video kapanıyor. 1 yıldır kullanıyoruz ama son birkaç gündür maalesef izlenmiyor."
98562;;"2018-09-06 23:39:24";"Uygulama güzel ama Söz dizisini bulamıyorum tek sorunum bu"
92963;;"2019-01-22 09:56:01";"Tek kelimeyle harika tavsiye ederim"
115997;;"2017-06-27 21:10:11";"Reklam reklam reklam reklam reklam reklam reklam reklam reklam reklam reklam"
92695;;"2019-02-03 03:23:03";"çok güzel beyendim tasfiye ederim"
118035;;"2017-05-31 19:57:17";kıyaaak
92431;;"2019-02-12 11:25:52";"mukemmel cok beğendim tavsiye ederim"
105758;;"2018-02-28 11:26:25";"Reklamların televizyondan aşağı kalır yanı yok bu programın ne ayrıcalığı kaldı söyler misiniz?"
92171;;"2019-02-19 21:17:57";guzel
128780;;"2017-01-26 18:08:17";"MÜKEMMEL BİR UYGULAMA"
91915;;"2019-02-28 10:55:07";"süper on numara harkulade"
115236;;"2017-07-25 10:38:08";"Çok güzel bir şey"
91663;;"2019-03-07 22:50:51";"Çok iyi gerçekten ama bazı dizileri de olsa daha iyi olur du."
102917;;"2018-04-07 03:10:41";"Gayet başarılı uygulama tebrik ediyorum tavsiye ederim ."
89879;;"2019-03-19 20:29:29";"harika bi uygulama dizilerin tekrarını hd olarak donmadan kasmadan reklamsız izliyorum"
126500;;"2017-02-21 19:06:00";"Sen sayfası bok hibi"
89635;;"2019-03-31 13:03:06";"Gayet guzel"
126487;;"2017-02-21 21:30:00";"Size çok tesekkur ederim iyki varsiniz"
118304;;"2017-05-28 12:14:38";"Çok güzel bir uygulama bayıldım yüklemenizi tavsiye ederim..."
91683;;"2019-03-07 02:51:56";süper
107290;;"2018-02-04 15:08:35";"Çok güzel"
89102;;"2019-04-20 20:38:38";Muhteşem
99603;;"2018-07-16 12:09:31";Süper
128011;;"2017-02-04 18:00:36";"Mükemmel bir uygulama tam anlamıyla Bayıldım"
91938;;"2019-02-27 17:24:14";"Dizi durduğu zaman yada reklam oynatıldığı zaman 144p den başlıyor her zaman"
111138;;"2017-12-17 08:50:42";"10 numara 5 yıldız"
88593;;"2019-05-13 23:23:18";gzellllll
121618;;"2017-04-21 17:02:53";"Ne olur bozulma,ne olur simarip  guncellenme..suan supersin puhu 💋💋💋"
120330;;"2017-05-03 22:27:27";"Izleyicinin zekasina saygi duyan bir yayin mecrasi sonunda yapildi"
86800;;"2019-05-19 08:57:26";"Yok mu yeni bişeyler"
103432;;"2018-03-30 06:17:47";"Fi için indirdim bu sabah. Şimdilik güzel"
129288;;"2017-01-19 11:55:37";"Süper ama içerikler cogalsınn."
115225;;"2017-07-25 20:17:20";"Adı Efsane nin de gelmesini istiyoruz lütfen yardımcı olun bize"
102658;;"2018-04-12 14:58:53";guzel
86305;;"2019-05-28 09:43:18";"Süper uygulama ana indirme seçeneğide olursa çok daha iyi olurdu"
117538;;"2017-06-06 11:30:10";"Çok çok iyi"
103195;;"2018-04-02 01:32:30";"10 saniye ileri sarma geri sarma özelliği eklenmeli.."
86048;;"2019-06-04 21:34:56";Harika
89125;;"2019-04-20 08:28:06";super
107556;;"2018-01-31 20:24:37";"Şahane tebrik ederim.ama reklamlar çok uzun fi de onu düzeltirseniz sevinirimm"
126754;;"2017-02-18 10:51:06";"Süper otesi"
122389;;"2017-04-13 12:23:19";"Çok güzel bir uygulama söz dizisi gelirse dahada güzel olacak admin"
97813;;"2018-10-09 16:11:48";"Güzel reklam yok show TV elli tane reklem"
114464;;"2017-09-10 21:17:57";"Çok beğendim"
85516;;"2019-07-01 13:28:52";mükemmel
97801;;"2018-10-09 20:57:20";"Çok güzel bir uygulama ama sadece internet üzerinden yayınlanan dizilerin bölümleri biraz geç geliyor. Onun dışından çok iyi düşünülmüş."
123404;;"2017-04-03 18:45:15";"Harika bir platform"
82468;;"2019-07-19 09:14:09";"reklamlar gitmisti tekrar eskisi gibi oldu berbat surekli reklam giriyo"
97290;;"2018-10-31 16:16:46";"Çok güzel bir uygulama.Ama biraz daha korku filmi gelsin"
95761;;"2018-11-18 17:29:31";Güzel
113410;;"2017-10-27 18:23:00";"Çok güzelsin puhu tv 😍😍😍"
82197;;"2019-08-31 15:27:48";"Süper program"
86807;;"2019-05-19 07:43:26";güzel
98582;;"2018-09-05 19:32:44";"Diğer uygulamalar içinde en uygun olanı. Keşke her dizi ve filme ulaşabilsek. Eğer olursa mükemmel olur"
113681;;"2017-10-23 21:27:16";God
81934;;"2019-10-01 21:15:21";"Hiçbir sıkıntısı yok mükemmel"
97569;;"2018-10-21 09:10:26";Harika
103711;;"2018-03-26 10:34:18";"Tek kelime"
114952;;"2017-08-11 18:25:34";"Süper bir program"
81676;;"2019-10-19 16:42:05";"Reklam ve  donma yok ✩✩✩✩✩"
86809;;"2019-05-19 05:59:36";"gayet iyi"
127251;;"2017-02-13 06:15:04";"Harika.  Bir progam"
119572;;"2017-05-12 18:00:22";"Harika bi uygulama reklamın mk koyuyo ama iyi"
81425;;"2019-11-07 19:57:30";"Kalite ayarlaması yaparken çöküyor lütfen düzeltin"
109334;;"2018-01-10 10:49:31";"Sonunda sansürsüz yayın 👍"
95263;;"2018-12-10 05:12:58";"muhteşem uygulama ama fakat şu ""SÖZ"" diziside olsaydı 5⭐ verirdim"
107010;;"2018-02-09 07:37:29";Mükemmel
81182;;"2019-12-01 07:50:15";"Çok güzel teşekkür ediyorum☺️☺️☺️"
105750;;"2018-02-28 15:13:26";"Puhu iz may layf bebeğim"
102935;;"2018-04-06 20:16:51";"gayet başarılı ancak 5-10 saniye sardırma olması gerek"
126976;;"2017-02-15 15:11:54";👌👌👍👍
80896;;"2019-12-13 15:06:06";"Sürekli olarak bir şeyler ters gitti uyarısı alıyorum.Ve bu sorun haftalardır var şuna bir el atında rahatlayalım isterseniz."
109057;;"2018-01-16 08:18:30";"Çok güzel 😊"
97821;;"2018-10-09 06:39:39";"Ulan sayfanızdan dizi izliyorum arada bu kadar reklam olmazki diziden çok reklam izliyorum"
124187;;"2017-03-31 17:21:21";"Gerçekten çok heveslenerek indirmiştim hayal kırıklığına uğradım üye olunamıyor bağlanmıyor hiç beğenmedim"
80661;;"2019-12-27 23:58:33";"Takılıp takılıp duruyor 3. Sınıf uygulama"
81955;;"2019-09-30 18:01:46";İdareeder
122378;;"2017-04-13 14:52:02";"Elinize sağlık mükemmel ötesi olmuş. Tıpkı hayal ettigim gibi. Diziler filmler hepsi elimin altında:)"
103700;;"2018-03-26 13:07:09";"Çok güzel uygulama"
122657;;"2017-04-09 23:50:56";Başarılı...
80388;;"2020-01-24 19:51:12";"Neden yurt disinda izleyemiyoruz?"
85541;;"2019-06-29 02:21:05";iyi
92939;;"2019-01-23 14:48:27";"Çocuklar için Çizgi Film Kategorisi Gelmeli."
104478;;"2018-03-19 23:40:00";"Reklam izlemek istiyorum diyenler indirsin"
80166;;"2020-02-14 00:36:09";"Son zamanlarda reklamlar çok sık gösterilmeye başlandı. Hadi reklam sıklığını geçtim, reklam donuyor ve uygulamayı kapatıp tekrar açmak zorunda kalıyorum. Daha sonra diziye kaldığımız yerden devam etmeye çalışınca da aynı reklam geliyor aynı sorun yaşanıyor. Bu döngü böyle gidip duruyor. Alternatif bir uygulama arayışı içine girdik artık."
99620;;"2018-07-15 15:26:33";"Gayet güzel"
102661;;"2018-04-12 14:06:33";"Sonunda telefondan diziyi donmadan takılmadan izliyoruz"
92940;;"2019-01-23 14:04:42";"Çok güzel bir uygulama sadece Avlu için indirdim ama Avlunun 24.bölümü açılmıyor bir el atarsanız sevinirim tek sorun bu gözümde onuda düzelteceğinize inanıyorum."
104202;;"2018-03-22 01:02:39";"Genel olarak çok güzel bir uygulama , sadece reklamlarda çok kasıyor . Onun dışında hiç bir sorunu yok"
129303;;"2017-01-18 19:10:45";"Bazı hatalar giderilmeli"
79872;;"2020-03-15 11:58:03";"Tek eksiği indirme olmaması, o da olursa harika bir uygulama."
82177;;"2019-09-04 13:33:55";"Güzel bir dizi platformu daha fazla dizi ve film eklerseniz ve biraz reklamla gelişe bilirsiniz"
92451;;"2019-02-12 01:46:11";"10 numara 5 yıldiz."
124431;;"2017-03-29 18:16:12";"Çok iyi ama internetli"
117764;;"2017-06-03 17:23:30";"Sadece reklam çok fazla gerisi süper"
79629;;"2020-04-01 01:48:20";"10 dk da bir reklam giriyor diziden çok reklam izliyoruz Bu soruna bı çözüm bulabilirseniz cok iyi olur."
125216;;"2017-03-15 14:11:47";"Hayat Sarkısı *****"
106762;;"2018-02-13 08:59:13";"10 sn ileri geri yapılsa çok iyi olur Haricinde on numara uygulama elinize emeğinize sağlık"
101926;;"2018-05-04 22:56:30";Harika
117765;;"2017-06-03 16:52:44";"On Numara beş yıldız"
76301;;"2020-04-18 18:57:49";"Aslında iyi bir uygulama her dizi ve filmi tabiki bulamıyoruz ama beğenmediğim önemli şey şu ki çok az orijinal dizisi var tv de veren sıkıcı türk dizileri artık sıkıyor lütfen artık kendi orijinal dizilerinizi üretmeye çalışın. Örneğin şahsiyet dizisi harikaydı."
80641;;"2019-12-30 22:26:06";"2 yıldır kullandığım programı artık sildirdiniz. Bir dizi seyredicem abartısız 5 dk da bir reklam ve geçmek için 30 saniye bekletiyor. 5 dk da bir yahu. Bir bölüme koy 5 reklam tamam. Ama 50 den fazla reklam koymak nedir?"
86029;;"2019-06-05 18:20:16";"Bütün dizileri burdan izliyodum ama açılmamaya başladı lütfen bir çözüm bulun!!!!!"
110862;;"2017-12-19 19:03:29";"Güzel uygulama"
104482;;"2018-03-19 23:11:11";"Çok güzel bir uygulama"
128032;;"2017-02-04 11:25:46";"Madem tvyo puhutv oldu o zaman tvyo gibi bununda telefondan kumanda edebilme özelliği olsun. Tv'de puhutvyi kullanmak çok zor. Buna acil çözüm bulunmalı.."
76035;;"2020-05-13 12:46:26";"Aralara dizi koymuşsunuz kaldırında rahat rahat reklam izleyelim 2 dk bir çıkıyo"
114194;;"2017-09-25 21:04:13";Harika
108549;;"2018-01-20 10:15:58";"içeriği gün geçtikçe zenginleşiyor arayüzü de oldukça iyi"
94992;;"2018-12-22 23:10:21";👍👍👍
104483;;"2018-03-19 23:06:13";"Eksiksiz super"
126984;;"2017-02-15 14:07:56";"Çok başarılı bir program :)"
75781;;"2020-06-16 14:54:09";"Giriş yapılamıyor"
120846;;"2017-04-29 02:04:44";"Özellikle fi ye bittim çok sağlam dizi olmuş tebrikler"
95760;;"2018-11-18 17:44:30";"Harika bir uygulama reklamsız bir film deneyimi için puhutv"
125989;;"2017-03-01 17:44:37";Başarılı
101154;;"2018-06-01 19:08:26";"İcerigin zenginlesmesi lazim"
123936;;"2017-04-01 09:52:03";süper
75539;;"2020-08-28 11:45:00";"Çok güzel .İndirebilirsiniz. hatalar vardı düzelmiş 👍"
118305;;"2017-05-28 12:10:31";"Fi dizisi için kullanıyorum desem yeri aslında ama diger dizileride buradan takip ediyorum o kadar dizi varki hepsini izlemek zor bir de tv de cok daha fazla zaman aliyor reklamlar yuzunden onun icin güzel bir uygulama olmuş 5 yıldız hakkı 🌟🌟🌟🌟🌟"
81166;;"2019-12-02 06:23:05";"Ne demek sadece Türkiye'den izlenebilir?! Türkiye VPN açtım, şimdi de videolar açılmıyor, direkt uygulamadan atıyor!"
103179;;"2018-04-02 15:05:44";"Fevkaladenin fevkinde"
114707;;"2017-08-27 22:33:09";bayıldım
104208;;"2018-03-21 22:59:18";Süper
123679;;"2017-04-02 02:17:38";"Uygulama super emeği geçen herkese teşekür ederim"
75274;;"2020-09-30 08:26:48";"Şu söz dizisini ekleyin lütfen"
92932;;"2019-01-23 19:00:30";"ilk defa indiriyom insallah istedigim film vardir"
81167;;"2019-12-01 22:41:49";"Çok reklam var bu kadarı abartı"
124196;;"2017-03-31 17:14:35";"Keske herkes yuklendiginde siteye yinede izleyebilsek. Fi açılmıyor örneğin şu an"
115968;;"2017-06-29 10:49:29";"SÖZ YOOOK O YUZDE KIRDIM 1 YILDIZI"
124952;;"2017-03-19 08:13:33";"Fi dizisi için indirdimm 🙌"
119308;;"2017-05-15 16:10:38";"Ulan 10 dakkada bir reklam olurmu dizinin heyecanı kalmıyor amk"
75026;;"2020-10-17 12:47:10";"Reklam izlemeye geldik"
127270;;"2017-02-12 21:53:13";"Vatanım sensin,adı efsane"
115217;;"2017-07-26 08:40:06";"Kesinlikle 1 yıldızı bile haketmiyor reklamlari çok iyi oynatıyor ama izlediğiniz diziye gelince en kotu kalitede izleyemiyoruz."
128034;;"2017-02-04 11:18:47";"istediklerim yok olsun"
86814;;"2019-05-19 00:43:17";Eyvallah
81920;;"2019-10-02 22:09:29";"Çözünürlük berbat bir şeyler yapın ayarlara dokunuyorum çıkış yapıyor"
121102;;"2017-04-25 09:19:20";"Ileri geri  ve stop tuşları olsa çok daha iyi olur bi kerede bütün bölümü izleyemiyoruz kaldığımız yerden devam etmiyo"
62976;;"2022-07-01 18:00:28";"Filim izlemeye gelmemisiz reklam izliyoruz kimseye tavsiye edmiyorum uygulama cope atildi."
62977;;"2022-07-01 12:43:02";"Reklam reklam reklam ve reklam. Bu nedir arkadaş. İnternet gider gelir reklam, ileri geri sardın mı reklam, kapat aç reklam, sabit izle 5dakikaya bir reklam. Film/diziden fazla reklam. Bunun haricinde yine reklam. Tek sorun rekkkklammmmm"
62978;;"2022-07-01 00:43:56";"Eski izlediğim bir dizi vardı indireyim burdan izleyiyeyim dedim indirmez olaydım yav anlamadım 5 dk da bir reklam mı olur 30 dk da bir olsa yine şükür 1 bölümde 100 reklam nedir ya kesinlikle tavsiye etmiyorum reklam sayısı düşmeli acil bir güncelleme gerekli"
62979;;"2022-06-30 19:24:47";"Uygulama güzel ama istediğim gibi filmler yok. Ve dizi izlerken sürekli reklam çıkıyor yani baya Bi eksikler var.."
62980;;"2022-06-30 18:41:06";"İyi yanıda var kötü yanıda ama bu yanı daha fazla. reklamdan 2 saatlik dizi oluyor 3saat, açılmıyor donuyor takılma oluyor fln filan telefon sürümü tavsiye etmem ama PC sürümü gayet iyi reklam fazla değil donmuyo takilmiyo gereksiz ..."
62981;;"2022-06-30 18:11:05";"Şahsiyet dizisini izlemek için indirmiştim, o kadar çok reklam çıktı ki sinirlenip sildim. Tamam reklamdan para kazanıyorsunuz ama 10 dakikada bir reklam koymazsınız ya."
62982;;"2022-06-30 11:57:42";"1 yıldızı bile haketmeyen ücretsiz reklam izleme uygulaması. Behzat Ç ye başlayım dedim 4 bölümü yaklaşık 8 saatte izledim. Normalde totalde 6,5 saat yapıyor yaklaşık ama her 10 dakikada bir 30 saniyelik reklam çıktığı için süre 8 saate çıkıyo. Üşenmedim saydım, 4 bölümde toplam 68 tane reklam çıktı"
62983;;"2022-06-30 10:22:51";"Turkce dublajli digru durust film yok hem alt yazili hem birsuru reklam izletiyosun hemde alt yazili film ve diziler yayinliyosunuz uygulamayi bu yuzden sildim"
62984;;"2022-06-30 10:22:07";"Müqememel bir uygulama reklam arası dizi izliyoruz bunun dışında müq"
62985;;"2022-06-30 08:49:45";"5 dakikada bir reklam olmaz ama gerçekten sıkıldım"
62986;;"2022-06-30 08:19:10";"Lütfen artık ya reklamları azaltın ya da ücretli hale getirin premium üyesi olup reklamsız izleyelim"
62987;;"2022-06-29 20:32:56";"Reklamdan film izlenmiyo iğrenç yüklemeyin sinir küpü olursunuz"
62988;;"2022-06-29 15:43:23";"Boq gibi"
62989;;"2022-06-29 14:55:50";"Reklam reklam reklam"
62990;;"2022-06-28 19:55:57";"Çok güzel bir uygulama şayet reklamlar azaltılırsa çok daha güzel bir uygulama olacaktır."
62991;;"2022-06-28 13:47:56";"Daha BERBAT bi platform olamazzz"
62992;;"2022-06-28 11:15:52";"Acayip reklam var sakın yüklemeyin"
62993;;"2022-06-28 02:19:01";İyi
62994;;"2022-06-28 01:15:39";"Reklamdan başka bişey yok. Reklam yüzünden sildim uygulamayı. Yarim yıldız bile hak etmez"
62995;;"2022-06-27 22:40:32";"Reklam izlemek için indirmedim"
62996;;"2022-06-27 19:08:56";MÜK
62997;;"2022-06-27 16:55:01";"5 dakkada 1 reklam bravo size gercekten"
62998;;"2022-06-27 14:00:07";"Reklam yüzünden birsey izleyemez olduk ya ayrıca neden kaldığımız yerden devam etmiyor eskisi gibi kapatıp açınca en baştan başlıyor dizi kaldığımız yeri bulana kadar da 4 5 tane reklam izliyoruz yeni hesap bile açtım düzelir diye ama yok acil güncelleme gerekiyor sanırım!!!"
62999;;"2022-06-27 10:42:48";"Berbat tek kelime ile"
63000;;"2022-06-26 07:19:41";"Çok reklamı var"
63001;;"2022-06-25 22:55:16";"Bu nedir yaaa bi dizi açayım diyorum diziden çok uzuuun reklamlar izliyorum eski puhu daha güzel reklamsız süperdi daha güzel olacağına berbat olmuş"
63002;;"2022-06-25 15:00:32";"Reklam görür görmez kaldırdım bosverin çok yazık."
63003;;"2022-06-25 12:30:02";"O kadar cok reklam giriyor ki yemin ederim diziyi izleme isteğim bile kalmadı bu kadar rezil bir uygulama olamaz ya dizinin daha ilk yarım saatinde 11 defa reklam girdi şaka gibi oturup 25 30 saniyelik reklamlarınızı izlemek zorunda değiliz dizi den çok reklam izlemeye acmisiz gibi resmen rezalet bir uygulama gidip sileceğim simdi reklam izlemeye mi yükledim dizi izlemeye mi belli bile değil YouTube bile bu kadar reklam koymuyor. Rezalet."
63004;;"2022-06-25 10:13:17";"Bence çok güzel biten dizileride izleyebiliyorsunuz ben çok sevdim"
63005;;"2022-06-25 09:34:58";"Reklamları kaldırsaniz iyi olur"
63006;;"2022-06-25 08:13:26";"Arkadaşlar yüklemeyin filmden fazla reklam izliyorsunuz ben yükledim direkt sildim gidin googleden biryerden izleyin filmi acarken 10 saniyelik reklam veriyor bir daha reklam gelmiyor"
63007;;"2022-06-25 07:09:15";"Uygulama çok güzel ama çok reklamlam var siz yüzden bir tane film bele izlenilmiyor böyle saçma şey olmaz reklamlar kaldır lütfen"
63008;;"2022-06-25 06:11:25";"Ben her bu uygulamayı arkan plandan attıktan sonra tekrar izlemek isteyince önceden kaldığım yere tekrar götürmek zorunda mıyım? Gerizekalı misiniz siz böyle bir hatayı nasıl göz ardı edersiniz"
63009;;"2022-06-25 02:03:59";"Hay reklamınıza... Yeter be kardeşim. 3 dakika film izleyemedim 5 dakika reklam izledim. Yeter."
63010;;"2022-06-24 23:36:35";"İnsaf artık. Bu kadar reklam olmaz ki. 5 dakika film, 1 dakika reklam, 5 dakika film, 1 dakika reklam. Uygulamayı kullanmak istiyorum, ama siz tam tersi için elinizden geleni yapıyorsunuz. Neyse ki sizin yaptığınız işi yapan başka uygulamalar da var."
63011;;"2022-06-24 23:07:18";"Dizi izlemeye girdiğim platformda reklam izleyip çıkıyorum."
63012;;"2022-06-24 21:23:32";"Arkadaşlar,reklam arası dizi.Son kullanma tarihi geçmiş dizileri bile izlerken sürekli ama sürekli neredeyse 7-8dakikada bir reklam.İllallah edersiniz soyleyeyim"
63013;;"2022-06-24 20:22:59";"Şu anda tek yıldız vermek zorundasın ki o da fazla Öncelikle uygulamada nefret etmeni destekliyor bir de reklam yapıldı ürünün aklına geldik zamanında ters bir yönde psikolojik olarak etkiliyor ki En azından reklam oluyor ama da geçersinde aynı reklam mı 15 kere 20 kere tekrarlayarak gözüne sokması insanın psikolojik olarak sinirlenmeyi tetikliyor ki bu da stresi bildiğimiz kadarıyla hastalığın Yani önce etkileyici belirtilerinden biri strestir lütfen bunu dikkate almanızı rica ederim."
63014;;"2022-06-24 19:35:54";"O kadar çok reklam var ki pes dedirtiyor insana. Reklam sıklığından izlediğim şeyden gram zevk almadım."
129545;;"2017-09-27 11:00:12";Coolll
128266;;"2017-02-01 13:32:12";"UYGULAMA KESINLIKLE 5 YILDIZI HAKEDIYOR. ANCAK BAZI DIZILERIN BÖLÜMLERININ TAMAMI YOK ÖRNEGIN BEHZATÇ LEYLA ILE MECNUN GIBI. BOLUMLERIN TAMAMI EKLENIRSE UYGULAMA SUPER OTESI OLUR."
127002;;"2017-02-15 08:22:19";Sahane
125962;;"2017-03-01 23:48:26";"Sen olmasa. Ben nerde.izliecem HD yi 😊😊"
124930;;"2017-03-19 15:17:44";"Bu uygulama çok iyi , zaten sadece bir tane dizi izliyorum , onu da arada kaçırıyorum buradan izleyince iyi oluyor"
123906;;"2017-04-01 11:38:01";"Çok Güzel Ama Eşkiya Dünyaya Hükümdar Olmaz Ve Bodrum Masalı Neden Yok puhutv"
122890;;"2017-04-08 00:29:44";"Güzel olmuş"
121883;;"2017-04-18 15:04:27";"Lütfen Tizen Smart TV uygulamasını düzeltin. Web sitenizdeki ve uygulamadaki videoları Tizen açmıyor."
121092;;"2017-04-25 11:03:40";"I LOVE YOU"
120100;;"2017-05-05 22:40:40";"Güzel uyugulama"
119322;;"2017-05-15 13:36:09";"Fazla reklam çıkmaya başladı ve reklamlardan sonra dizi kapanıyor, kesinlikle 1den fazlasını haketmiyor"
118550;;"2017-05-24 15:28:36";Mükemmel
117784;;"2017-06-03 13:02:31";"İzlemeyi bitirdiğim filmleri uygulamayı açtığımda kaldığın yerden devam et diyor,ayrıca kaldığım yerden izlemeye devam edemiyorum."
117024;;"2017-06-11 16:33:44";"Uygulama güzel ancak kaldığın yerden devam etme sistemi geliştirilmeli."
122124;;"2017-04-15 17:41:47";"Fi çok güzle bir dizi olmuş elinize sağlık"
115723;;"2017-07-08 18:55:57";"Tüm filmler izleniyor"
114980;;"2017-08-09 20:11:05";"Mükemmel ama dahada mükemmel olmanızı bekliyorum"
114442;;"2017-09-12 09:09:01";"Netflix in fakir versiyonu"
122141;;"2017-04-15 14:14:43";Muhteşem
113181;;"2017-10-30 20:47:15";"Filimler daha erken gelse on numara olucak babaoğlu güzel uygulama"
112656;;"2017-11-11 19:10:49";"Süperrrr ...👍👍"
112135;;"2017-11-22 21:28:33";Yes
111618;;"2017-12-06 17:39:09";Mükemmel
111105;;"2017-12-17 20:40:20";"Siz iyisiniz."
110596;;"2017-12-22 12:53:27";"Reklamda olmasa"
110091;;"2017-12-26 12:28:22";"Bu ne kadar reklam yani gercekten reklamdan  kazanmak için kendi isminizi kötületiyosunuz hep tavsıye edıyodum sitenizi artık etmiycem böyle devam ederse kaldırıcamda her ilerletigimde on saniyede bir reklam olmaz ama bence bu sizin kötülügünüze!!!!. Reklam programı bu başka bişey degil. Yani tvde reklam var diye kaçıyoruz burda daha çok var !!!!!"
109590;;"2018-01-04 04:54:37";"Bu iyiydi işte"
109093;;"2018-01-15 21:41:18";"Tek televizyonum puhu tv"
119562;;"2017-05-12 18:21:07";"Serenay sarıkayayı bu kadar sexi gösteren herşeye tam puan.."
108298;;"2018-01-22 22:54:03";Super
107812;;"2018-01-28 21:48:31";"Bune be çok az film var ne biçim biraz geliştirin alla alla"
112163;;"2017-11-22 14:28:53";Güzel
107036;;"2018-02-08 19:44:26";Bayıldım
118807;;"2017-05-22 07:35:03";"İyi ki guzel bisey yaptiniz hemen sicin agzina tv de daha az reklam oluyo"
106272;;"2018-02-18 20:26:34";"Genel olarak guzel ama keske reklam olmasa"
105985;;"2018-02-24 01:55:50";"Kaldığımız yerde sadece aynı cıhazda devam edebiliyoruz"
120589;;"2017-05-02 06:43:38";"Yükleme başarısız diyor acil düzeltilmesi lazım"
105238;;"2018-03-07 17:13:07";"Bayıldımmmmmm... harika bir şey"
108817;;"2018-01-17 23:09:51";"Cidden asiri iyi bi uygulama her şeyiyle cok seviyorum puhi tv yukledigimden beri tv izlemiyorum cunku gerek yok burda izledigim diziler var ztn kesinlikle kullanmanizi tavsiye ederim"
127237;;"2017-02-13 08:50:30";"Mükemmel bir uygulama. Bize kolaylık sağladığınız için çok teşekkür ederim"
104223;;"2018-03-21 20:41:06";"Sonuna kadar arkanızdayız. Türklerden böyle güzel girişimler bekliyoruz."
103948;;"2018-03-24 13:21:42";Bayıldım!
104979;;"2018-03-11 22:08:43";"Pi ye devam edin bitmesin lütfennn"
120359;;"2017-05-03 18:45:09";"Uygulama maalesef açılmıyor.Uygulamayı silip tekrar yüklemeyi denedim yine olmadı halen yükleme başarısız diyor.Sürümüm 4.4.2"
119816;;"2017-05-08 20:59:06";"Tek kelimeyle;Muhteşem!"
102694;;"2018-04-11 16:00:53";"Muhteşem ötesi bir uygulama"
102429;;"2018-04-18 06:46:49";"Tebrikler kaliteli bir uygulama"
102166;;"2018-04-26 17:16:55";"Yabancı dizi ve filmler de eklerseniz süper olacak :)"
101905;;"2018-05-05 20:56:37";"ücretsiz olması en güzel özelliğiiiii"
101646;;"2018-05-15 16:33:06";"Çok iyi"
101390;;"2018-05-25 04:20:41";"Bi dizi izliyim dedim üst üste reklam çıktı. Sadece reklam izlemek için 400 
mb internetim gitti. Böyle saçma bir uygulama olamaz. Sadece reklam var. 
Televizyonda bile bu kadar reklam çıkmıyor. Ayrıca reklamlar da hep 25 - 40 
saniye. Rezalet."
101136;;"2018-06-02 02:13:57";"Kesinlikle indirmelisiniz yeni bir algı getirdi dizi sektörüne tv deki boş 
beleş dizilerle kıyaslanamaz bile"
100884;;"2018-06-07 19:47:35";"On numara 100000000000000 yildizz"
100634;;"2018-06-11 17:15:18";"Çok giz3l"
100386;;"2018-06-18 16:55:15";Mükemmel
100131;;"2018-06-22 14:03:07";Müthiş
122405;;"2017-04-13 08:26:30";Efsane
112920;;"2017-11-06 23:23:56";"Ço güzel olmuş ellerinize sağlık"
125446;;"2017-03-10 21:24:09";"Başarılı 😛"
125466;;"2017-03-10 18:08:17";"Mükemmel  ancak atv dizileri yok."
99082;;"2018-08-07 14:19:07";"İnternetsiz izlenmiyormu?"
98846;;"2018-08-20 10:49:17";"Tovsiye edirem"
117520;;"2017-06-06 16:49:38";"Harika olmuş"
115218;;"2017-07-26 07:36:30";Superr
112918;;"2017-11-07 00:29:45";"Mükemmel  kaçırdığım diziyi puhu tv 'den izliyorum"
98073;;"2018-09-27 18:34:44";Mukemmel
125187;;"2017-03-16 05:47:49";"Yabancı diziler yok"
109825;;"2017-12-30 22:18:00";👌👌👍👍
97546;;"2018-10-22 17:36:05";"Güzel tüm flim ve dizileri izleme Adresi burada"
124450;;"2017-03-29 13:06:27";"Bence çok güzel ama arka sokaklar ve Caillou da gelsin ve rafadan tayfa ya yeni bölümler gelsin"
96011;;"2018-11-06 18:32:34";"Sansürsüz olursa daha iyi olacak sansüre hayır"
128515;;"2017-01-30 05:02:13";Harika
115995;;"2017-06-28 01:32:10";Guzel
95503;;"2018-11-29 07:25:41";"Harika mükkemmel gerçekten fazlasıyla iyi."
117258;;"2017-06-09 20:49:47";"On numara 5 yıldız 😊"
98327;;"2018-09-18 18:01:51";"AB efsane kimse bıse dıyemez"
95010;;"2018-12-22 04:17:22";efsa-ne
103449;;"2018-03-29 22:59:49";"Mükemmel uygulama"
94734;;"2019-01-03 18:29:47";"aradigim diziyi bulmuyor...daha önce buluyodu ama simdi yok..kalitesiz bi uygulama"
103712;;"2018-03-26 10:19:07";"Arkadaş niye sansürsüzken sansürlü yapıyosunuz sansürsüz olduğu için zaten kulanıyodum"
92962;;"2019-01-22 10:35:06";"çok iyi"
114708;;"2017-08-27 21:43:27";Hos
92694;;"2019-02-03 04:09:12";"onceden memnundum ama PAYITAHT dizisi cikaRildigi icin sildim neden cikarildi ki o kadar sacma sapan dizi warken"
104453;;"2018-03-20 04:10:11";"Uygulamaya dönüş yaptığımda kaldığı yerden devam etmek yerine hata verip kapattığı için 4 yıldız.."
92430;;"2019-02-12 12:17:24";muhteşem
121352;;"2017-04-22 21:29:52";fi
92170;;"2019-02-19 21:59:27";"Adım başı reklam hadi reklamı anladık reklamdan sonra dönüyor da dönüyor dönüyor da dönüyor bir türlü izleyemiyorsun diziyi"
106516;;"2018-02-15 19:53:18";Mükemmel
91914;;"2019-02-28 11:00:45";"bu ne lan 5 saniyede bir reklam yapacaginiz hizmete sokayim 1 yildiz bile fazla gelir size ."
105476;;"2018-03-04 05:18:19";"Gerçekten harikaa"
91662;;"2019-03-08 02:27:58";"Kesintisiz, tarayıcı ile uğraşmadan.."
103186;;"2018-04-02 12:30:39";"Güncel dizilerin hemen hepsi mevcut. Reklam kısa, görüntü net. Gayet güzel bir uygulama"
89878;;"2019-03-19 21:04:14";"Güzel uygulama"
104992;;"2018-03-11 16:24:30";"Sağlam kalite"
89634;;"2019-03-31 14:13:56";"muhtesem bir tv yayıncılığı. emeği geçenlere çok teşekkür ederiz👍🌹🌷⚘"
97282;;"2018-10-31 23:38:35";"Efso uygulama indirin hemen"
119075;;"2017-05-19 07:37:08";"Evet bundan daha iyisi olamazdı"
99598;;"2018-07-16 14:15:39";"Yalnızca kalite düşük"
122145;;"2017-04-15 13:05:39";"Gayet basarili......"
89101;;"2019-04-20 20:52:49";"Çok güzel program fakat her ileriye sarışımda reklam veriyor"
99846;;"2018-07-07 09:52:07";"Mikapemmel anlatmaya gerek yok😀😀"
129285;;"2017-01-19 13:43:39";"Lütfen  uygulamayi Lg  tvlerdeki webOS isletim sisteminede yapin uygulama harika  netflix e para vereceğinize bunu kullanin"
99597;;"2018-07-16 14:45:08";"Evimin altında kablonet olmasına rağmen diziler duruyor ve kalite düşüyor. 
Ve artık sansür gelmiş"
107292;;"2018-02-04 14:45:27";harika
88592;;"2019-05-13 23:42:59";👍
97808;;"2018-10-09 18:52:44";"Çok Güzel"
117543;;"2017-06-06 10:20:58";😍😍
126222;;"2017-02-25 20:18:03";"on numara 5 yıldız ilk defa bir programa yorum yaptım oda cok guzel program tavsiye ederim."
105736;;"2018-02-28 20:14:40";"Çok güzel bayıldım"
86567;;"2019-05-22 09:02:25";"on numara"
89358;;"2019-04-13 01:45:29";"HERCAİ DİZİSİNİ İSTİYORUZ"
102925;;"2018-04-06 22:45:31";"Güzel. Umduklarımı bulamadım. Geliştirilmeli"
86304;;"2019-05-28 09:45:56";"Ücretsiz olarak verdiği hizmet mükemmel, çıkan üç-beş reklamın lafını yapanları görmek çok üzücü. Dizi keyfini bölecek kadar reklam yok. YouTube'da bile daha çok reklam var. PuhuTV gibi bir platform olduğunu bilmek çok güzel. Bu kaliteli hizmet için PuhuTV'ye çok teşekkür ederim."
122144;;"2017-04-15 13:09:55";"Zamanı dar olanlar için çok güzel uygulama. İstediğiniz yapımı, istediğiniz zaman izliyorsunuz. Tek başına Fi bile yeter. Bu arada işallah belli kesimlerin sansür baskılarına kurban gitmez."
126494;;"2017-02-21 20:16:16";"Uygulama on numara 5 yıldız ama eski diziler de eklenmeli kuzey güney kvp deli yürek güneşin kızları bunlarda olmalı"
86047;;"2019-06-04 21:50:57";"kardeşim ben böyle bir uygulama görmedim yemin ederim o bicim uygulama inanmiyosan adresimi verim güzel deyilse gel bul beni kanya karatay. da oturuyom malenin ismi sedirler kapı numara 255 buyur bul beni"
118805;;"2017-05-22 07:49:05";💝💝💝💝💝💝
108040;;"2018-01-25 20:27:28";Mütüş
128017;;"2017-02-04 17:06:32";"Gerçekten guzel bi uygulama indirmeyen herkese tavsiye ederim"
86272;;"2019-05-28 20:03:29";"cik güzel"
99584;;"2018-07-16 20:15:29";Harika
113678;;"2017-10-23 22:46:22";"Daha fazla dizi olsun cok guzel bi uygulama surekli sardirmassaniz tek raklamla bitiyo 👏👏👏"
85515;;"2019-07-01 14:38:41";"Çok iyi"
128005;;"2017-02-04 19:18:31";Harika...
122151;;"2017-04-15 11:31:52";"İyi ki varsın puhu"
82467;;"2019-07-19 09:41:02";"güzel bi uygulama"
86018;;"2019-06-06 07:53:36";"çok güzel bir uygulama her tür filmler çıkıyo yabancı ,türk ,komedi ,korku filan yani"
120606;;"2017-05-02 00:49:15";"Reklam olmasa 5 ."
123919;;"2017-04-01 11:00:28";"Süper bir uygulama"
82196;;"2019-08-31 15:53:37";"Çok güzel bir uygulama"
127511;;"2017-02-11 22:10:20";"Güzel bir uygulama"
98816;;"2018-08-22 12:26:32";"eski filimlerde olsa daha iyi olurdu"
114214;;"2017-09-25 09:39:34";Harika
81933;;"2019-10-01 21:56:18";"Uygulamaya her girdiğimde bölüm başa sarıyor. Çok önceden izlediğim şeyler izlemeye devam et kısmında dururken yeni izlediğim şeyler orada çıkmıyor. Uygulama sık sık açık olan hesabımı kapatıyor"
125710;;"2017-03-05 11:16:04";"İndirme olsun"
111362;;"2017-12-13 10:19:30";"Tam bir fiyasko!! Berbat sınız. Diziler doğru düzgün izlenemiyor. Sürekli reklam. Hadi reklam veriyorsunuz neden bu kadar sık ?? Diziyi izlerken hiç bir sorun yok ama her  reklamda sürekli donma problemi yaşanıyor. 1 dakikalık reklamı 10 dakika geçiyor. Nasıl bir rezalettir bu!!!"
115494;;"2017-07-15 05:14:55";"Eskiden her diziyi izlerken 2 gündür hic bir videoya girmiyor wifi üzerinden girmeme rağmen acil çözüm"
81675;;"2019-10-19 17:17:56";"SAMSUNG STORE da diğer herşey gibi çalışmıyor"
104463;;"2018-03-20 00:45:56";Harika
98584;;"2018-09-05 14:25:27";"Dün elimi birakma dizisinin 6. bölümü vardi bugun diziye devam edeyim dedim dizinin 6. bolumu yok neden sildiniz aciklarmisiniz"
113154;;"2017-10-31 14:01:43";"Eskideki diziler glsin"
81424;;"2019-11-07 21:47:55";"kullanici girisi yapmama ragmen yarida biraktigim diziyi kaldigim yerden izleyemiyorum ayrica en son izledigim dizi degilde 5 bolum onceki yayini son izlenenlerde goruyorum.. Bu sorun icin hem mail atip hemde telefon ile bildirmeme ragmen hic bir gelisme saglanamadi.."
86022;;"2019-06-06 04:08:57";süper
104998;;"2018-03-11 15:09:19";"Tek kelime ile harika teşekküler"
128797;;"2017-01-26 13:31:54";Mukemmel
81181;;"2019-12-01 10:27:33";"eskiden güzel uygulamaydı lakin şimdi izlediğimiz dizi yarıda kesilip en başa sarıyor ya da uygulamadan atıyor ileri alınca donup kalıyor düzeltilmesi gereken çok şeyi var programın izlerken acaba kaçıncı dakikada kaldım atarsa diye keyif alamıyorum zaten ileri-de almıyor"
120838;;"2017-04-29 06:57:01";Süper
103204;;"2018-04-01 20:20:14";"Uygulamanın ücretsiz şekilde dizi izletmesi süper."
128025;;"2017-02-04 14:04:40";"Çok güzel fakat ingilizce filmler de olsun"
80913;;"2019-12-11 20:21:48";"evet sorun duzeltildi suan icin guzel"
94753;;"2019-01-02 18:31:37";"güzel ama bazı hatalar var durdup başlatınca kalite düşüyo kalite otomatikteyken 360pyi geçmiyo kaldığımız yeri hatırlatması geliştirilmeli"
98048;;"2018-09-28 19:57:52";"güzel fazla reklam yok takılmıyor ve full HD"
128783;;"2017-01-26 17:27:03";"Eşkiya Dünyaya Hükümdar Olmaz dizisi olmadiği için begenmedim"
80660;;"2019-12-28 03:42:58";"Dalgami geciyorsunuz bir filmde 20 tane reklam mi olur ya ardı ardına 5 reklam nedir arkadaşım iyice sacmaladiniz siliyorum ya"
104471;;"2018-03-20 00:03:53";"Güzel uygulama tavsiye ederdim"
117536;;"2017-06-06 11:32:20";Mükemmel
120601;;"2017-05-02 04:38:46";"Öncelikle dünden beri yükleme hatası veriyor program.Program çalışmıyor. Uygulama gayet güzel ancak telefondan izlerken televizyona yansıtma özelliği olsa güzel olurdu.youtube daki gibi.."
123671;;"2017-04-02 05:32:33";Süper
80387;;"2020-01-25 03:13:15";"yamam gowy"
102928;;"2018-04-06 21:57:20";"Çok iyi"
104730;;"2018-03-16 18:09:03";"Reklamları başınıza çalın. Nedir peşi peşine reklam"
116737;;"2017-06-14 07:15:44";"Çok reklam var ve çok eksik var"
80165;;"2020-02-14 08:24:49";"S3ve mini serisi kullanmasin yada androidi 4.0.2ve alti olan."
121634;;"2017-04-21 15:31:44";"Menun kalınacak bir web mobile yansıtma uygulama."
124939;;"2017-03-19 11:53:32";"Türk dizileri için çok iyi. Amaa  yabancı diziler de olsa çok çok daha iyi olur. Ayriyeten internette iken indirse internet yokken izlense. O zaman 😊👍👍"
104451;;"2018-03-20 04:40:35";"Mükemmel neredeyse bütün diziler var eskiler de dahil hem de ücretsiz"
104479;;"2018-03-19 23:29:11";"Daha iyisi olamazdı bence süper"
79911;;"2020-03-10 04:47:03";"Sürekli takılıyor... Bazen ise Türkiye de değilsin mesajı verip hiç çalışmıyor."
79890;;"2020-03-13 21:51:19";"Neden bu kadar donuyorr ???"
122650;;"2017-04-10 07:36:48";"Söz filmini de eklemenizi rica ederim"
115478;;"2017-07-15 08:58:05";Harikaaaa!!!
111655;;"2017-12-05 18:03:30";"Bol reklamlı gereksiz uygulama sildim gitti, abartısız 5 dakkada bir reklam çıkıyor. Aşağıda Xbloodx diye gerizekalı nın biride reklam olmadan nasıl para kazanacaklar diyor."
118530;;"2017-05-24 19:39:08";"Çok güzel bir uygulama, emeği geçen herkese teşekkürler 😉😊😂"
79628;;"2020-04-01 06:13:04";"Yeni eklenen yabancı filmlerde türkçe dublaj seçeneği koymuşsunuz fakat hiçbir şekikde türkçe dublaj oynamıyor filmler."
97820;;"2018-10-09 10:05:41";"On numara"
120342;;"2017-05-03 20:44:09";Süper
116507;;"2017-06-17 05:56:08";"Reklamlar baydı."
118531;;"2017-05-24 19:38:18";"Yüklemeyin kardeş hep film var"
76300;;"2020-04-19 00:51:19";"İyi keyifli zaman geçirdim"
124693;;"2017-03-24 16:46:35";"Harika bir uygulama"
110878;;"2017-12-19 17:13:46";"Aradığım site Allah'ına kurban ama vatanım sensin nerde"
94991;;"2018-12-23 00:50:16";"Süper Ötesi yaaa"
128771;;"2017-01-26 20:12:41";"Yabancı diziler kesinlikle olmalı.."
129306;;"2017-01-18 16:46:08";"Super vs pratik emeginize saglik"
76034;;"2020-05-13 13:25:05";"REKLAM SEVMEYENLER İNDİRMESİN!!! 22 sn.reklam oluyor ve geçilmesini izin vermiyor yani paşa paşa oturup o 22 sn.reklamı izlemek zorundasın aksi taktirde izlemek istediğin bölümün bir parçasını izleyemezsin bu yüzden REKLAM SEVMİYORSANIZ İNDİRMEYİN!!!hiç memnun kalmadım YÜKLEMEYİN!"
122386;;"2017-04-13 13:39:26";"Süper üyelik istemiyor çok güzel tavsiye ederim"
86286;;"2019-05-28 15:32:01";"Reklamlari görmeden izlesek daha iyi olacak ama emeği geçen herkese teşekkür ederiz harika bir uygulama."
107551;;"2018-01-31 21:00:46";"10 numara 💥💥💥💥💥 yıldız cok program lar indirdim en iyisi bu  herkese tavsiye ederim hic pisman olmayacaksınız. Emeği geçen herkese teşekkürler"
113428;;"2017-10-27 16:29:14";"Mükemmel sorunsuz bir program elinize saglik"
128033;;"2017-02-04 11:20:47";"Tabletimde elimde tuttuğumda her seferinde ekran kayıyor başka bütün özelikleri mükemmel 5 saat boyunca Aralıksız film izledim"
75780;;"2020-06-16 20:58:20";"Çok sevdiğim bir platform ama bağlantısı o kadar kötü ki. Modemden sandım resetledim olmadı, telefonu kapatıp açtım olmadı, son çare yorumlara bakayım dedim herkes aynı sorunu yaşıyormuş meğer :( Yazık bu kadar kaliteli bir uygulamaya.. üstelik muadilleri dünyayı sallarken böyle bir sorunla anılmak kötü :/"
120074;;"2017-05-06 06:40:11";"Haeikasiniz tek kelime ile mükemmel"
125208;;"2017-03-15 16:33:17";"Daha büyük içerikler icersin  2016 ve yeni film koyulması gerekiyor"
115473;;"2017-07-15 09:50:46";"Sürekli kullandığım bir uygulama ama bağlantı normal olduğu halde açılmıyo film biran önce el atın silmek zorunda kalacaz uygulamayı"
101925;;"2018-05-04 23:19:45";"Reis bir program"
116254;;"2017-06-20 07:57:14";Süper
75538;;"2020-08-28 13:17:58";"Bence gayet güzel uygulama tavsiye ederim. ayyapım sevenler için 10/10. ha bi de hiç bi sorun yok bağlantı ve ya başka bi sorun yok."
81701;;"2019-10-18 18:58:36";"açıyorum filme girince kapanıyor"
114954;;"2017-08-11 16:49:28";Güzel
86551;;"2019-05-22 18:46:32";"bir zaman diziyi izliyorum sonra bir sorun oluyor ve dizi yi ilerletemiyorum sadece bende mi oluyor bilmiyorum"
126735;;"2017-02-18 13:46:19";"Çok iyi bir uygulama"
104485;;"2018-03-19 22:46:48";"Süper bir olay"
124702;;"2017-03-24 08:56:43";"İleri geri alma da olursa ve yabancı dizilerde olursa on numara olur"
75273;;"2020-09-30 08:48:26";Donuyor.
105744;;"2018-02-28 16:49:50";"Bide şu reklamlar olmasa ..."
127498;;"2017-02-12 07:03:17";"Çok başarılı, tebrikler umarım ilerde ücretli olmaz."
117532;;"2017-06-06 12:52:12";"Supet bir uygulama"
94995;;"2018-12-22 21:20:39";"bi reklam var izliyorsun bittiğinde video kapaniyor puhu tv duzelt kendini"
121356;;"2017-04-22 21:19:09";"Kaydetme özelliğinin olmaması tek eksiği"
120086;;"2017-05-06 01:35:32";"Her şeyi ile 10 Numara bir uygulama. Fi dizisi için bile yeter ve artar bile. Dizi film alışkanlığımızı kökten değiştirecek bir çalışma olmuş. Umarım gereken kazancı sağlar bizlerde ücretsiz böyle kaliteli dizi ve filmleri izlemeye devam ederiz.  Teşekkürler Puhu TV 📺 :)"
75025;;"2020-10-17 16:22:00";"Abi ramo yok ya türkiye nin en güzel filmi yoksa ne anlamı var sadece izlediğim film #ramo"
75524;;"2020-08-31 11:25:57";"Fasa fiso"
98051;;"2018-09-28 17:56:18";"guzel bi uygulama"
105222;;"2018-03-07 22:28:33";"Emeği geçen herkese çok teşekkürler bu kadar olabileceğine ihtimal vermedim ama çok başarılı olmuş tekrardan çok sağolun"
109314;;"2018-01-10 23:01:05";"Teşekkür borcumun olduğunu düşünüyorum."
124688;;"2017-03-24 20:03:04";Güzel
88858;;"2019-04-30 11:48:24";"çok güzel uygulama"
63232;;"2022-04-25 17:30:13";"5 dakikada bir reklam giriyor ve reklamı 50 saniye izletiyor indirmeyin kesinlikle başka program bakin"
63233;;"2022-04-25 17:03:54";"İğrenç bir uygulama reklam çıkıyor sürekli"
63234;;"2022-04-25 00:23:03";"Bu ne lan dizi izlemekten reklamlari izleyemedim ,alti üstü 37 tane reklam izlicem araya dizi film koymuslar ayip lan ayip,programin arayüzü zaten leş 2.sinif yazilim öğrencisinin proje ödevi mi ne anlamadım,ismini de puhu tv miş püüh yapacaginiz uygulamaya,aa bak daha yaratici oldu püh tv"
63235;;"2022-04-24 18:33:47";"10 sn arayla 2 reklam olmaz"
63236;;"2022-04-24 14:53:34";"Uygulama çok reklam çıkarıyor onun dışında sorun yok"
63237;;"2022-04-24 10:00:15";"Reklamsızdı ne güzel reklamlar gelince hiç hoş olmadı. Hadi bir tane olsa neyse de 32 dakikalık dizide 3 reklam geldi"
63238;;"2022-04-23 23:59:44";"Reklam hastalrı sakın indirmeyin bide normaln 10 katını internet yiyor"
63239;;"2022-04-23 11:27:58";"Harika bir hizmet ancak daha yararlı olması açısından yabanacı diziler için ingilizce altyazı olması çok güzel olurdu."
63240;;"2022-04-22 20:32:52";"Ios'ta bu kadar reklam yokken burda neden bu kadar reklam var. Reklam olması dert değil ancak ios-android ayrımı yapılıyor. Bir de cihazın navigasyon barı beyaz biçimde kalıyor öylece ve gitmiyor."
63241;;"2022-04-22 13:54:50";"Sürekli reklam izlemekten bıktım 👎"
63242;;"2022-04-22 08:26:09";"Mahkum dizisi neden yok🤔"
63243;;"2022-04-22 00:24:13";"1bdakkada geciyo reklam veriyo bu ne yaa bı flim izliyemeyecekmiyim yapan kimse düşersin şunu insan rahat izlesin flimini Allah'ın dan bulunyaa insafsizlar önceden böyle bişey yoktu 1 saat boyunda 1000 tane reklammi izlicen"
63244;;"2022-04-21 20:54:16";"İyi bir uygulama ama reklamları yüzünden cinnet geçirdim, siliyorum"
63245;;"2022-04-21 09:12:36";"Puhu da hiç bir şey izleyemiyorum..sorun nedir.. Lütfen yardımcı olursanız.."
63246;;"2022-04-20 01:41:31";"Reklamdan hiçbir şey izlenmiyor"
63247;;"2022-04-19 18:36:06";"Canlı yayın 2 tane kanal var 😂"
63248;;"2022-04-19 02:41:18";"Hata veriyor devamlı...."
63249;;"2022-04-18 21:48:07";"Arkadaşlar adguard uygulamasını chrome üzerinden indirdiğiniz zaman reklamsız izleyebilirsiniz ayrıca sadece puhu tv için değil her uygulamada reklâm engelliyor..."
63250;;"2022-04-18 15:00:48";"Berbat bir reklam anlayışı var. Sadece bir yeri açabilmek için 8-10 aynı aptalca reklama maruz kalıyorum. Kısacası pok gibi"
63251;;"2022-04-18 12:41:41";"Çok reklam varr. Diziyi zor bitirdim."
63252;;"2022-04-18 11:10:24";"Sizin yapacaginiz uygulamayi s.... serefsizler. Her dakka reklam çıkıyor sizin beyninizi ....... Diziyi yutubda bulamadigim icin mecbur burdan izliyorum siz turkler anca bir birinizi yiyin. Diziyi neden yutubda yayinlamiyorsunuz?"
63253;;"2022-04-18 04:24:01";"Sıfır puan vermek isterdim filimden çok reklam artık dayamayıp sildim 1 saat olmadı indireli geri sildim allah indirenlere akıl fikir versin teknoloji caginda böyle rezillik görmedim"
63254;;"2022-04-17 22:36:20";"Reklam izlemeyi seven biri iseniz çok iyi ama dizi izlemek içinse gereksiz bir uygulama Normalde 1 yıldız da fazla ama daha azı da olmuyor"
63255;;"2022-04-17 18:33:08";"Reklam... Reklam.. Reklam..Reklam... Reklam.. Reklam..Reklam... Reklam..Reklam... Reklam.. Reklam..Reklam... Reklam.. Reklam..Reklam... Reklam.. Reklam..Reklam... Reklam.. Reklam.. Reklam..Reklam... Reklam.. Reklam..Aha bu kadar çok reklam vermeye başlamışsınız.. Sizin de bir farkınız kalmamış diğer uygulamalardan.. Sil gitsin gereği yok"
63256;;"2022-04-17 14:26:13";"Cok reklam veriyor"
63257;;"2022-04-17 08:39:00";"İstediğim filmler yok"
63258;;"2022-04-17 05:44:30";"Çok güzel bir uygulama ama çok sık reklam geliyo sadece o sıkıntı ama uygulama gerçekten güzel"
63259;;"2022-04-16 16:01:05";"Reklam izleyelim diye girdik arada dizi çıkıyo cok kötü"
63260;;"2022-04-16 05:04:18";"Reklamdan diziyi filmi izlemeye fırsat kalmıyor vasat yavaş video yüklenmesi bekleniyor siyah ekran olarak kalıyor tam ekran yapınca yanlarda tema kalıyor."
63261;;"2022-04-16 02:40:48";"Reklam izleyelim dedik araya dizi falan giriyor işte o kötü"
63262;;"2022-04-15 17:22:14";"Aşırı reklam var gogulda izlesek dahaha iyi orda daha az reklam veriyor"
63263;;"2022-04-14 16:45:42";"Tv'de bir şey seyrederken anasayfaya geri dönülemiyor. Uygulamadan çıkıp tekrar girmeyi deniyorum, seyrettiğim açılıyor. Bu nedenle bir bölüm dizi seyredip bir sonraki bölüme geçebilmek için televizyonun fişini çekiyorum. Daha kötüye gidemez derken daha kötüye gitti diziyi seyrederken reklam başlıyor. Reklam bitince dizi baştan başlıyor."
63264;;"2022-04-14 14:49:46";"Harika. Daha fazla yabancı film ekleyin ve imdb puanını da yanında gösterirseniz tam süper olucak."
63265;;"2022-04-14 09:50:15";"Reklamı anlarımda kuru havesini Mehmet efendisinin 46 sn izlemek zorunda mıyım aldığınız yaptığınız verdiğiniz reklamında sizinde Allah belanızı verebilir sırf bu yüzden asla Mehmet efendi kahve almayacağım bir daha"
63266;;"2022-04-13 23:51:13";"Çok güzel uygulama ama aşırı derecede reklam geliyor bazen izlediğim diziden çok reklam izliyorum sanki, eskiden bu kadar reklam yoktu."
63267;;"2022-04-13 21:26:51";"Reklamada eyvallah ama tv de izlerken eziyete dönüyor yeminlen izlediğim diziden soğudum bu kadar donma ses geriden gelme vs olmaz su tv olayını çözün artik"
63268;;"2022-04-13 17:48:55";"Smart tv üzerinden giriş yapamıyorum şifremi bilmiyorum şifre değiştirme yapamıyorum"
63269;;"2022-04-13 16:52:25";Mukemmel
63270;;"2022-04-13 11:15:54";"Şahane bir reklam izleme uygulaması"
129543;;"2019-05-11 17:33:45";🌷🌷🌷
128265;;"2017-02-01 13:35:33";"Güzel bir uygulama amaaa GARDIROP SAVAŞÇILARI YOKK 😠"
127001;;"2017-02-15 08:42:11";"çok iyi"
125961;;"2017-03-02 00:00:28";"Uygulama gerçekten güzel. güncel film ve efsane olmuş filmler umarım kısa zamanda eklenir.. Reklam vb gibi şeylerle umarım uygulamaya gerek duymazsınız.  Emeği geçenlere teşekkürler."
124929;;"2017-03-19 16:07:31";"Kayip koy korku filmi neden yok  Korku filmi çok az daha fazla olabilir"
123905;;"2017-04-01 11:38:47";"Güzel bir uygulama tebrik ederim türk halkina"
122889;;"2017-04-08 01:14:57";"On numara"
121882;;"2017-04-18 15:21:10";"Özellikle blutv'nin ücret karşılığı sunduğu rezil uygulama sonrası ilaç gibi geldi"
121091;;"2017-04-25 11:28:15";"Hepiniz reklamlardan şikayetcisiniz bilmediğiniz bi durum var uygulamanin gelir kaynağı zaten reklamlardan alıyor. Reklam olmasaydı zaten 9.99 Tl ye uye olmak zorunda kalırdınız anladınız mı ?"
120099;;"2017-05-05 22:45:26";"Fi gayet başarılı etkileyici keşke her hafta yayınlasalar çok uzun bekliyorum 😔"
119321;;"2017-05-15 13:38:07";"Bu kadar reklam verilmez arkadaş tv den daha kötü 5 dk ya bir reklam"
118549;;"2017-05-24 15:51:09";Bayildm
117783;;"2017-06-03 13:11:31";"10 dk da bir reklam geliyor ve tüm reklamlarda tek reklam yazıyor!"
117023;;"2017-06-11 16:51:38";"tek kelimeyle harika"
123136;;"2017-04-05 19:00:23";"Sitenizden fi yi izlemeye çalışıyorum Chromemu zorluyor sürekli takılıyor en son hata veriyor.ses gidiyor ama görüntü ilerlemiyor.uygulamanızı indirdim video yüklenmedi bile"
115722;;"2017-07-08 19:06:12";"Yabanci dizi ler cogu filmler v.b seyler yokk ulan kuzey guney bile yok bune g.o.g spartacus de yok 5 para etmez"
114979;;"2017-08-09 20:17:44";"Sadece içerde ve fi izlemek içn indirdim"
114441;;"2017-09-12 10:18:16";"Reklamlarda kaldirilirsa cok guzel olur.bu uygulama icin emeği gecen herkeze teşekkürler.çok güzel uygulama"
123153;;"2017-04-05 16:44:58";"Cok harika bir uygulama eskiden tv den kaçırdığım bolumleri izlemekte zorlaniyodum simdi cok rahat bi sekilde izliyebiliyorum"
113180;;"2017-10-30 20:53:38";"Tek reklam yazarak kandırdıgınız milleti çaldığınız saniyeleri girdiğiniz kul hakkı sizlere hakkımı helal etmiyorum zerre de olsa hesabı sorulacak elbet"
112655;;"2017-11-11 19:21:45";Fiii
112134;;"2017-11-22 21:38:26";"Güzel diziler var"
111617;;"2017-12-06 17:47:27";Teşekkürler
111104;;"2017-12-17 20:48:01";Mükemmel
110595;;"2017-12-22 12:54:58";"Cok reklam veriyor ama güzel"
110090;;"2017-12-26 12:29:38";"Lanet olası reklamlar"
109589;;"2018-01-04 06:27:15";"Puhu evimiz oya ablamiz 😂"
109092;;"2018-01-15 21:43:25";👌👏
115222;;"2017-07-26 05:24:28";Aç
108297;;"2018-01-22 23:12:13";Harika
107811;;"2018-01-28 21:54:17";"Çok güzel çok sağolun"
121362;;"2017-04-22 20:56:59";"Bence çok başarılı,dizi ve film arşivi biraz daha geliştirilirse çok daha güzel olur."
107035;;"2018-02-08 19:55:35";porfect
127515;;"2017-02-11 20:47:10";"10 numara 5 yıldız olmuş. Emeğinize sağlık"
106271;;"2018-02-18 20:52:27";"Yabancı dizileride eklerseniz daha iyi olur"
105984;;"2018-02-24 05:45:22";"Çok güzel tasarlanmış bir dizi platformu.Emeği geçen herkese teşekkür ediyorum.Yalnız teklam sayısı azaltılmalı biraz."
121378;;"2017-04-22 20:00:29";"Her dizi yok mesela Bodrum Masalı"
105237;;"2018-03-07 17:28:01";"Süper süper"
106006;;"2018-02-23 14:43:16";"Cogu parali uygulamalardan kaliteli"
127262;;"2017-02-13 00:17:50";"Çok iyi bir uygulama... tüm dizilerin zamanla ekleneceğini varsayarak takipte kalıyorum😉"
104222;;"2018-03-21 20:46:48";"Çok iyi"
103947;;"2018-03-24 13:31:13";"Çok iyi"
123397;;"2017-04-03 19:30:43";"Harika bir uygulama kesinlikle indirin ve sizde bu uygulamadan memnun kalacaksınız. Kesinlikle tavsiye ediyorum"
118029;;"2017-05-31 20:52:19";"Cok güzel uygulama ama no309 , adı efsane bunlar olsa daha güzel olu 👍👍👍👍"
120599;;"2017-05-02 05:49:36";"Puhu tv uygulaması calismiyor   yükleme başarısız  yeniden dene  hatası çıkıyor"
102693;;"2018-04-11 16:11:47";Efsoooo
102428;;"2018-04-18 07:40:52";"Reklamlar başladığında neden donuyor bu sorunu çözün çok sinir bozucu,🤪😠"
102165;;"2018-04-26 17:22:46";"Harikasınız ❤️"
101904;;"2018-05-05 21:20:23";"SöZ dizisini neden kaldırdınız acaba öğrenebilir miyim .?"
101645;;"2018-05-15 17:07:15";"Yabancı dizi ve filmler eklenmeli"
101389;;"2018-05-25 07:42:46";Gözel
101135;;"2018-06-02 05:22:10";"Aradığım hiçbir filmi bulamadım ama dizi izlemek için ideal"
100883;;"2018-06-07 19:50:44";🤗
100633;;"2018-06-11 17:17:56";Şahsiyet
100385;;"2018-06-18 17:23:22";"Ne istiyorsan onu izleyebleceğiniz doyumsuz sinema tadında"
100130;;"2018-06-22 14:39:01";"Çok güzel"
123418;;"2017-04-03 17:43:28";"Sirf fi icin indirdim harika."
128773;;"2017-01-26 19:55:07";"Şimdilik gayet iyi gözüküyor. inşallah ilerde ücretli olmaz"
106498;;"2018-02-15 21:04:44";"Netflix deki youtube deki gibi  10 saniye ileri ve geri olsa cok daha guzel olurdu"
129037;;"2017-01-25 00:46:25";"Tek kelimeyle süper"
99081;;"2018-08-07 16:06:02";"Efsane bir program"
98845;;"2018-08-20 11:33:25";"Dünyanın en güzel uygulaması"
118285;;"2017-05-28 14:05:23";Harika
105745;;"2018-02-28 16:19:40";"Programlardan en iyisi"
107270;;"2018-02-04 21:47:20";"İleri geri sarmak çok zor. Onun dışında programın tek bir kötü yanı yok. Youtube gibi çift tıklama ile ileri geri sarabiliyor olsaydık daha güzel olurdu. Lütfen bunu dikkate alarak geliştirme güncellemelerinize eklermisiniz ?"
98072;;"2018-09-27 18:44:45";"Bölüm biraz geç geliyor ama onun dışında iyi"
116764;;"2017-06-13 21:04:33";Yük
105728;;"2018-02-28 21:44:17";"İndirmeye değer"
97545;;"2018-10-22 17:59:06";Süper
128280;;"2017-02-01 10:13:23";"Coook iyi"
96010;;"2018-11-06 18:52:06";Muhteşem
121620;;"2017-04-21 17:00:38";"Her şey var vatanım sensin yok. Çok saçma"
112386;;"2017-11-17 18:28:23";Mükemmel.
95502;;"2018-11-29 07:35:06";"Çok fazla reklam var"
114191;;"2017-09-26 01:15:49";Süper
122375;;"2017-04-13 16:32:36";Begendim
95009;;"2018-12-22 05:11:55";"allah belanizi versin. tam 10 dakida bir reklammi olur bi dizi izletmediniz. indirdigime indircegime pisman ettiniz. haram olsun hakkim size"
126493;;"2017-02-21 20:33:37";"Gerçekten harika bir uygulama umarım ileride ücretli bir platforma dönüşmez tek olumsuz yönü ise küfür sansürü bip"
94733;;"2019-01-03 18:48:32";"diriliş Ertuğrul neden yok ben onun için indirdim bu uygulamayı"
112399;;"2017-11-17 02:30:21";Süper
92961;;"2019-01-22 11:24:51";"mukemmel ya filim yayınlandıktan 1 saat sonra hemen geliyo mukemmel"
112387;;"2017-11-17 17:43:10";"Kesinlikle güzel bir uygulama👍"
92693;;"2019-02-03 07:33:13";"süper otesi"
104732;;"2018-03-16 17:32:28";"Çok reklam var"
92429;;"2019-02-12 12:20:56";Super
106515;;"2018-02-15 19:53:42";"Mükemmel fazla söze gerek yok"
92169;;"2019-02-19 22:31:46";super
115229;;"2017-07-25 17:27:42";Guzel
91913;;"2019-02-28 12:01:23";Basarili👍
105760;;"2018-02-28 10:33:53";"Her ileri geri alma da reklam olmasa daha iyi olurdu."
91661;;"2019-03-08 04:38:08";"Filmi veya diziyi izlerken eğer reklam gelirse takılıyor ve birdaha geri gelmiyor."
103457;;"2018-03-29 21:57:40";"Çok iyi"
89877;;"2019-03-19 22:04:53";mukemmel
113958;;"2017-10-06 23:28:38";"3 reklam biyerlerinize girsin"
89633;;"2019-03-31 14:29:43";süper
111134;;"2017-12-17 10:17:45";Güzelll
123930;;"2017-04-01 10:06:41";"Müthişş kaçırdığım dizileri filimleri izliyomm gerçekten müthişş"
91936;;"2019-02-27 18:36:21";"Sifir Bir Varmi ?"
108071;;"2018-01-25 11:04:57";"Çok güzel"
89100;;"2019-04-20 21:08:13";"tavsiye ederim sorunsuz"
101157;;"2018-06-01 17:53:25";"Bence 5 yıldızı hah ediyor,herkesin indirilmesini tavsiye ederim."
88871;;"2019-04-30 01:02:02";"çok iyi"
92195;;"2019-02-19 09:26:03";Mükennel
108317;;"2018-01-22 20:44:37";"Televizyon izleme alışkanlığımı puhu ya dönüştürdüğünüz için teşekkür ederim. Çok kalite ve süper bir uygulama 😘 iyi ki varsın puhu tv ❤"
88591;;"2019-05-14 00:30:17";"bence 01de gelmelli gelsin 01 lutfen"
116753;;"2017-06-13 22:57:29";Mükemmel
118308;;"2017-05-28 12:02:58";"Çok güzel  teşekkür ler  Film"
110851;;"2017-12-19 21:01:09";"Çukur için sadece"
107557;;"2018-01-31 20:16:57";"Iyi guzelde neden DİRILIS ERTUĞRULUN FRAGMANLARI YAYIMLANMIYOR"
86566;;"2019-05-22 10:03:23";"Güzel bir program yalnız reklam verilmese daha çok güzel olur"
106520;;"2018-02-15 19:36:56";"Cok guzel olmus her turden film var"
103194;;"2018-04-02 02:19:43";"Sansürsüz , hd harika bir dizi film programı 👍"
86303;;"2019-05-28 10:33:17";Müthiş
115203;;"2017-07-27 15:06:10";"Oww yeah"
112904;;"2017-11-07 10:17:17";"Reklam olmasa on numara"
86046;;"2019-06-04 21:54:42";"İndirme özelliği de olsa süper olurdu"
89360;;"2019-04-13 01:13:08";"Çok güzel bir uygulama ama film ve dizileri indirebilsek daha iyi olurdu"
122908;;"2017-04-07 21:15:47";"Fi çook iyi"
129291;;"2017-01-19 10:13:06";"Cok guzel lutfen bozmadan ilerleyin."
127264;;"2017-02-12 22:47:01";"Süper ötesi içerikte yok yok  Şiddet le tavsiye ederim"
108053;;"2018-01-25 17:04:29";"Çok güzel"
114211;;"2017-09-25 15:44:04";"Harika ..."
85514;;"2019-07-01 15:16:46";Miss
114722;;"2017-08-27 13:20:53";"Süper 👍"
104192;;"2018-03-22 06:34:29";"Dizileriniz çok güzel. Kesintisiz ve takılmadan izleyebiliyoruz."
82466;;"2019-07-19 10:32:15";"güzel ç"
126218;;"2017-02-25 21:26:24";"Puhu tviyi icerde icin indirdim"
97293;;"2018-10-31 13:48:54";Süper
110374;;"2017-12-23 22:24:19";"Reklam çok fazla"
82195;;"2019-08-31 19:00:32";mükkemmmel
123651;;"2017-04-02 08:08:37";"Çok basarili bir uygulama lakin Kırgın çiçekleri unutmussunuz. Ayrıca tv'ye yansitma özelligi de gayet iyi olurdu"
119812;;"2017-05-08 22:00:49";Guzelll
114951;;"2017-08-11 19:43:12";"Videolar açılmıyor berbat"
81932;;"2019-10-01 22:35:32";"Mahvetmişsiniz uygulamayı"
99363;;"2018-07-25 15:02:56";Efsoo
123420;;"2017-04-03 17:33:03";Begendim
116242;;"2017-06-20 10:58:01";"Mükemmel bir uygulama"
81674;;"2019-10-19 18:29:04";"Video kalitesi seçim hatası devam ediyor. Uygulamadan atıyor."
118784;;"2017-05-22 11:44:35";"Bu ne ya bu kadar reklam mi olur"
98818;;"2018-08-22 07:20:45";"Mikemmel görüyorsunuz anlatmaya gerek yok"
113683;;"2017-10-23 20:57:08";"Reklam reklam diyen gerzekler adamlar nerden para kazanacak o beyninizi az biraz  kullanın zararını görmezsiniz aq uygulama ücretli olur reklam kalkar yada reklamlı olur ücretsiz olur yapımcıların neyi seçtiği ortada."
81423;;"2019-11-07 22:16:17";"NvidiaShield Android TV Box'da hiçbir sekmeye tıklanmıyor.İçeriklerin fotoları gözüküyor fakat izleme yapılmıyor."
114946;;"2017-08-12 10:27:19";"Süper indirin kasmiyoda isdedigim diziler burda bence cok iyi ★★★★★"
112407;;"2017-11-16 21:54:18";"Reklam reklam reklam baydiniz ya!"
107786;;"2018-01-29 11:52:31";"ÇOOOK GÜZEL bi uygulama her türden şey var hele olsun yapana 👍👏👌"
81180;;"2019-12-01 13:32:27";"Popüler film ve diziler var. Mükemmel, kesinlikle tavsiye ederim."
129055;;"2017-01-24 21:22:58";"Akıllı televizyon lar ile uyumlu yapın lütfen"
122918;;"2017-04-07 20:05:34";"Çok başarılı  umarım yakın zamanda bunu da paralı  yapmazsınız"
129299;;"2017-01-18 22:35:46";"Behzat ç için geldik yoksa tikmişim puhuyu 😂😂"
113156;;"2017-10-31 13:18:36";Müthiş
86811;;"2019-05-19 02:03:07";"süper bir uygulama ben severek kullanıyorum herkezin eline ve emeğine sağlık başarılar diliyorum"
128806;;"2017-01-26 10:37:19";"Çok güzel"
128781;;"2017-01-26 18:03:44";"Çok güzel bir uygulama DOGUS DİGİTAL e teşekkür ederim"
80659;;"2019-12-28 06:04:55";"Ben sizin amk o.ç reklam koyuyonz amk reklamlar bitmiyor reklamda takılı kalıyor o.ç düzeltin şu uygulamayı sikecem yapacağınz uygulamayı😡"
119846;;"2017-05-08 09:25:16";Güzel
95245;;"2018-12-11 07:38:42";"1 yıldan fazla oluyor kullanmaya başlayalı. Daha tık demedi, helal olsun"
102405;;"2018-04-18 21:04:05";"Harika bir uygulama"
124694;;"2017-03-24 15:58:36";"harika bir program fakat her dizinin olmamasi kotu"
80386;;"2020-01-25 09:58:59";"Zırt pırt reklam sokuyor araya oncexen daha kaliteli izleme sağlıyordu su an berbat"
119073;;"2017-05-19 07:45:10";"Çok harika bi uygulama eski diziler bile var"
96034;;"2018-11-05 21:44:33";"Çok güzel"
105216;;"2018-03-08 00:26:48";"Emeğinize sağlık"
80164;;"2020-02-14 09:52:47";"Hepsini indir Gdj"
104196;;"2018-03-22 03:42:54";"Cok guzel bi program"
85781;;"2019-06-16 04:46:27";"Reklam çok çıkıyor sakın indirmeyin"
117281;;"2017-06-09 19:07:35";"Çok beğendim"
115984;;"2017-06-28 20:15:02";"Bazı diziler yok 😕😕"
79910;;"2020-03-10 08:35:00";"Reklam 👊👊😤"
113689;;"2017-10-23 16:21:33";"Allah bin belanizi versin 2 dkk da bir reklam giriyor adam gibi bi film izliyemiyoruz ya su reklam lari kaldirin yada silcem bu uygulamayi"
115235;;"2017-07-25 11:09:53";"Harika !"
94757;;"2019-01-02 14:28:36";Mükemmel
103428;;"2018-03-30 08:52:53";"Uygulama çok güzel hd kalitesinde eski yeni bütün diziler mevcut"
119302;;"2017-05-15 17:04:03";"1 nunara"
79627;;"2020-04-01 08:51:10";"Görüntü kalitesi neden gözükmüyor acaba"
81162;;"2019-12-02 14:28:31";"Sizin yapacağınız uygulamanın taaa bacağı kırılsın.Boy boy reklamları var heryerde ama videolar donuyor, reklam giriyor.Dizinin ırzına geçiliyor."
113439;;"2017-10-27 14:29:49";"Dizimi izliyoruz reklam mı belli değil"
106775;;"2018-02-13 03:20:11";"Reklamsız  izleyebiliyorum şahane emeğinize saygı.."
119303;;"2017-05-15 16:59:47";"Reklamlari cok bekliyoruz onun disinda bi sknti yok"
76299;;"2020-04-19 00:55:17";Güzzel
113436;;"2017-10-27 15:00:12";"Butun diziler yok aradigim her dizi ve filmi bulamiyorum ve reklam fazla bunlarin haricinde guzel ama insan her an aradigini bulup izleyemezse bbu programin ne anlami olurki 😔"
95255;;"2018-12-10 21:45:34";Müthiş
103970;;"2018-03-24 08:22:27";"Ya yeter ya tamam reklam olsun ama LÜTFEN LÜTFEN reklama girdiğinde ses son ses olmasin o reklamdanda sizin programdan da gina geliyor aaaaa"
105220;;"2018-03-07 23:17:49";"Siyasi boş bir yer"
76071;;"2020-05-09 13:13:11";"Hızlı ve Sorunsuz İnternet Olmasına Rağmen Aşırı Yavaş Yüklüyor Diziyi Kesintisiz İzlemek Mümkün Değil 5 Kuruş Etmez Basit Bir Uygulama Asla Tavsiye Etmem"
76033;;"2020-05-13 16:33:30";"Behzat Ç çok güzel o yüzden 5 yıldız"
80920;;"2019-12-11 01:29:21";"Reklamlarinizin amkkkk"
116516;;"2017-06-17 01:32:30";İyi
129056;;"2017-01-24 21:18:20";"Guzel uygulama ama okadarda ii deil yani"
105221;;"2018-03-07 23:10:36";"Çok reklam var o kotu"
129307;;"2017-01-18 16:05:11";"Yabancı dizi ve filmler eklensin 5 yıldız. Türk dizilerini -birkaçı hariç- izlemiyorum zira. Onun haricinde her şey güzel. Emek verildiği belli."
75779;;"2020-06-16 21:03:49";"Kanka uyudum uyandığımda 1.30 saatlik filmin 40 dksını izlemiş"
80412;;"2020-01-21 21:21:17";"Netflixte telefonda 1080p takılmadan izlerken burda 720p durmadan takılıyor çok yavaş"
126755;;"2017-02-18 10:28:14";"Puhu tv harika bir program cok guzel mükemmel harika"
114197;;"2017-09-25 20:28:29";Harika
126499;;"2017-02-21 19:26:27";Super
117008;;"2017-06-11 19:58:06";Süper
75537;;"2020-08-29 02:47:01";"Filmleri açmıyor tekrar dene diyor deniyorum gene açmıyor internetimde var sorunsuz çalışıyor ama film izleyemiyorum googledan aratıyorum lanet olası film sadece bu uygulamadan izleniyor helâl olsun valla çok güzel uygulama yapmışsınız helâl olsun yani insanlar sadece bu uygulamadan film izlesin bize muhtaç olsunlar diye filmleride teliflemissiniz şimdi nerden film izlicez bozuk uygulamanız açmıyor?????"
86547;;"2019-05-22 21:14:51";"çok güzel birprogram kesinlikle tavsiye ederim."
121611;;"2017-04-21 17:31:55";Güzel
105484;;"2018-03-03 23:20:05";"Süper bir kanal"
95521;;"2018-11-28 11:10:00";"Sinir hastası etti beni yemin ediyorum. Reklam çıkıyor, daha sonra devam etmiyor, kapatıp tekrar açıyorum, kaldığım yeri bulup ordan devam etmek istiyorum, yine reklam çıkıyor, yine donup kalıyor. Bu döngü böyle devam ediyor, reklam koymayın demiyorum ama reklam programa zarar veriyor. Farkında değilmisiniz. Veya reklamsız versiyon yayınlayın satın alıp kurtulalım şu reklamdan arkadaş."
117263;;"2017-06-09 20:31:06";"Baya kötü bir uygulama reklamdan adam akıllı bir şey izleyemiyorsunuz zaten. Çok rezil sadece reklam odaklı.. Basın 1 yıldızı çok bile bu uygulamaya. Yerden yere vurmazsanız bi çözüm de bulmazlar zaten. Yerin yerebildiğiniz kadar."
125733;;"2017-03-05 00:06:23";Mukembellll
75272;;"2020-09-30 10:43:46";"Bakın ben reklam izlemeye geliyom ama arada Bir dizi çıkıyor ben buraya reklamı izle meye geliyom dizimi ?"
76324;;"2020-04-15 16:32:20";"Kendi alanının en kötüsü kalite berbat arayüz berbat videolar bazen açılmıyor internetim iyi olmasına rağmen sürekli donuyor indirip zaman kaybetmeyin burda olan herşey internette var"
110342;;"2017-12-24 04:59:44";harika
86552;;"2019-05-22 18:41:38";supper
117508;;"2017-06-06 18:52:45";Mıhteşem😎
123935;;"2017-04-01 09:56:45";"Çok beğendim eski film ve dizilerin kategoriler halinde yayınlanmış olması çok güzel"
120870;;"2017-04-28 18:51:35";"Güzel uygylama güncellemeler düzenli"
75024;;"2020-10-17 20:57:35";"Xaiomi mi box ta kullanıyorum şu anda iyi güzel ama değişebilir belki verdiğim puan güzel yapmışsınız."
129308;;"2017-01-18 14:15:30";"Bu alanda en düzgün çalısan uygulama bu"
102923;;"2018-04-06 23:24:59";Perfect
105747;;"2018-02-28 15:41:14";"Cok güzel be"
80152;;"2020-02-15 06:01:59";"Eğer reklamdan dizi izlemeye zaman kalırsa güzel"
105732;;"2018-02-28 21:14:19";"gereksiz yere reklam ve 24 mpbs te kasiyo normal internetten 720p izledigim diziyi bura 360 izliyemiyorum"
103461;;"2018-03-29 21:34:54";"Olması gereken TV platformu"
63488;;"2022-02-11 19:31:50";"FİLİMLERİ ÜCRETSİZ KALİTELİ ARADIĞIMIZ UYGULAMA BU RAMDOM DİYE 5 YILDIZ VERMEDİM REKLAM FAZLA ONU AZALTIN ONUN DISIN DA ARADIĞINIZ TÜM FİLİMLERİ ÜCRETSİZ İZLEYE BİLİRSİNİZ ELİNİZE SAĞLIK"
63489;;"2022-02-11 19:16:42";"çok güzel"
63490;;"2022-02-11 15:02:56";"İlk indirdiğimde gayet güzeldi şimdi aşırı derecede reklam var"
63491;;"2022-02-11 01:19:40";"Bilader hep dizi dizi biraz reklam koyun amk 2 dk dizi izliyoz 1 dakikalik reklam koyuyonuz artık reklamları ezberledik yok Kenan beyoglum be güzel tesadüf allah için bırakın bu işleri"
63492;;"2022-02-10 16:39:09";"Allah boyle pragramlaryn belasini bersin cok kotu sakin indirmeyin"
63493;;"2022-02-10 16:16:06";"Reklam çok fazla sinir bozucu oluyor dizi izlemek"
63494;;"2022-02-10 08:28:09";"Üst tarafta gözüksün diye 5 yıldız verdim kardeşim film izlicez 2 saatlik filimde 22 tane reklam olurmu ya sırf bu yüzden geri sildim reklamdan filim izleyemiyorum"
63495;;"2022-02-10 02:31:49";"10 numara reklam izleme platformu. Kendine has orijinal reklamlar, uzun reklam süreleri. Her reklam çıktığında çayımı tazeliyorum günde 5 demlik çay bitiriyorum. Bide reklamlar pahalı ürün reklamları. Abi zengin olsam çay mi içerim."
63496;;"2022-02-09 22:22:31";"Yav arkadaş kaldırın artık şu reklamları bu nedir ya her dakikada reklam var YouTube daha iyi konuma geldi bu reklamlar yuzunden"
63497;;"2022-02-09 21:32:31";"Izledigimiz icerigin taa icine 2 dakika arayla 30 40 bazen 60 saniye reklam koyup sinirden kapattigim uygulama. Atlatip izleme yapmayi denemeyin bile zaten. Kustum artik reklamdan. Keyifle kaldırıyorum. Hic bir hizmet vermiyorsunuz. Hayal kırıklığı. Reklamdan gına geldi tvdeki yarim saat reklama sukrettirdiniz. Bu kadar reklami seyrettirebilecek kimse kalmayacak bi yorumlari dikkate alin."
63498;;"2022-02-09 16:53:15";"Uygulamayı telefonda kullanıyorum lakin tv de açılmıyor 5 aydır defalarca silip yükledim ama hayır açılmıyor bende sildim tv de ve telefonda artık kullanmamak daha iyi 6 aydır onca şikayete rağmen umursamıyorlarsa demekki kullanılmasını istemiyorlar siz bilirsiniz"
63499;;"2022-02-09 16:17:42";"Reklam vermesinjz olmaz dimi 😏😏"
63500;;"2022-02-08 21:51:24";Çöp
63501;;"2022-02-08 16:12:30";"Fazla reklam.."
63502;;"2022-02-08 11:37:59";"3 defa yükledim sildim, açmıyor açılmıyor. Çok severek dizi izlediğim bir programdı yazık ..."
63503;;"2022-02-07 22:02:20";"İndirdiğime bin pişman oldum bu kadarda reklam olmaz ya her ileri sardigimda reklam çıkıyor eskiden böyle değildi tam bir rezalet bide çıkan reklamları gecemiyorsun"
63504;;"2022-02-07 21:39:32";"Sürekli reklam yeter artık daa"
63505;;"2022-02-07 15:42:52";"Reklam izlemek için başka uygulama aramayın. Her 10 dkya 1 dk reklam az olmuş. Tam tersi yapın da hakkını versin."
63506;;"2022-02-07 08:35:10";"zaten 5 saat dizi yapıyosunuz, nerede kaldığımızı da hatırlamıyor uygulama, her açtığımızda ileri sardıkça reklam giriyor. kaldığımız yeri bulana kadar 7 reklam izletiyor. gördüğüm en başarısız en rezil smart tv uygulaması"
63507;;"2022-02-06 23:33:53";"İstedigin dizi olmadiktan sonra ne işe yarar binbir gece koyun Lütfen"
63508;;"2022-02-06 21:06:53";"Gayetviyi bir uygulama bende o kadar reklam çıkmıyo o kadar yazmışşınız reklam reklam diye"
63509;;"2022-02-06 19:27:17";"Çok güzel bir uygulama ama ücretsiz izlenme + premium üyelik de olsa güzel olurdu"
63510;;"2022-02-06 18:44:39";"Gayet başarılı ve kaliteli içerik sunan bi uygulama"
63511;;"2022-02-06 04:06:55";"Indirdim reklamdan izleyemedim..direkt siliyorum.."
63512;;"2022-02-05 22:29:56";"Ya ben sizin gibi uygulamanın a...mk zorla reklamı izleyip bide üzerine diziyi açamamak nedir allah belanızı versin sizin be"
63513;;"2022-02-05 20:42:39";"Daha fazla dizi sinema çizgi film aile komik macera gelsin"
63514;;"2022-02-05 17:00:00";"Gerçekten kaliteli ve tercih edilebilecek bir uygulama fakat reklamlar can sıkıcı. Koymayın demiyoruz ama en azından belirli bir sayıda koyun veya 5 saniye sonra geçebilelim. Buna benzer değişiklikler yaparsanız emin olun çok daha fazla üyeniz olur"
63515;;"2022-02-05 11:03:38";"Berbat bir uygulama"
63516;;"2022-02-04 22:38:24";"Çok Çok Çok İyi Uyqulama İndrmenizi Tavsiye Ederim"
63517;;"2022-02-04 22:03:35";"Son zamanlarda çok ama çok reklam gosteriyolar amcuklar"
63518;;"2022-02-04 21:16:04";"Televizyondan izliyorum ve reklamlar en az 15 defa çıkıyor ve 30 40 saniyelik reklamlar geçemiyosunuz reklamları resmen reklam izletmek için kurmuşlar siliyorummmm."
63519;;"2022-02-04 19:19:26";"Cok reklam var amk"
63520;;"2022-02-04 17:14:55";"Bu kadar reklam gerçekten gereksiz ... Özellikle uzun uzun reklamları zorla izlettirmeniz uygulamadan soğuttu."
63521;;"2022-02-04 07:48:28";"reklam izlemekten başka birşey izleyemiyorsunuz"
63522;;"2022-02-04 04:31:12";"Yoğun reklam anlayışı yüzünden uygulamayı rahat bir şekilde kullanamıyoruz sanırım sizin amacınızda bu insanları rahat ettirmemek bu ne arkadaş reklam üstüne reklam film mı izliyoruz yoksa reklâmmı belli değil yuuuuuuuhh"
63523;;"2022-02-04 00:06:25";"RİCA EDİYORUM REKLAMLARI AZALTIN"
63524;;"2022-02-03 13:09:17";"Reklam ne ya"
63525;;"2022-02-03 11:08:46";"İndireli 4 dk olmadı 4 dk da 5 reklam izledim bölüm otomatik başka bir bölüme geçiyor kaldırıyorum. Köpek bile bu kadar aç gözlü değil. Bu kadar aç gözlü olmayın reklam koyun ama işinde AMN Koymayın..."
63526;;"2022-02-03 10:44:37";"Berbat 3 yıldızı bile haketmiyor"
129541;;"2019-06-02 21:28:56";bravo
128264;;"2017-02-01 14:05:51";"Videouyu aşağıya çektiğimzde durdurulmasn"
127000;;"2017-02-15 08:50:47";"Ellerinize,emeginize saglik..."
125960;;"2017-03-02 01:13:15";Greatz
124928;;"2017-03-19 16:24:16";İyi
123904;;"2017-04-01 11:45:12";"Çok iyi 💜"
122888;;"2017-04-08 01:22:36";"Çok iyi fakat smart tv'lerde application'u olmaması biraz dezavataj. Eğer bu da gerçekleşirse netflix,tivibu vs. gibi uygulamarı altedeceği tartışılmaz."
121881;;"2017-04-18 15:26:56";"Çok güzel bir uygulama"
121090;;"2017-04-25 11:56:31";"Gayet kullanisli olmus"
120098;;"2017-05-05 22:55:36";"Ücretsiz kaliteli başka bir uygulama yok benzersiz müthiş hep böyle kal puhu tv"
119320;;"2017-05-15 13:57:49";"Önceden güzel bi uygulamaydı ama güncellemeden sonra 3 dkda 2 tane reklam çıkıyoo"
118548;;"2017-05-24 16:19:59";"Bence program süper sadece bu aralar tv de program kasıyor oynatma basarisiz falan diyor bu sorunla ilgilenirseniz sevinirim"
117782;;"2017-06-03 13:14:50";"Tv de 15dk reklam burada 1dk baska ne istiyorsunuz."
117022;;"2017-06-11 17:00:56";"Reklamlar olmasa daha iyi"
127232;;"2017-02-13 09:51:46";"çok guzel cok super orenirim"
115721;;"2017-07-08 19:50:40";"On numara beş yıldız"
114978;;"2017-08-09 21:10:11";"Çok başarılı"
114440;;"2017-09-12 10:47:27";"Çok güzel"
124174;;"2017-03-31 17:29:01";Iyi
113179;;"2017-10-30 20:54:37";"Berbat bune ya bi film açtim yerim saat dir dönib düruyo"
112654;;"2017-11-11 19:59:55";Super...
112133;;"2017-11-22 21:46:31";"Profesyonel Hacı;)"
111616;;"2017-12-06 18:03:31";"gayet güzel 👍"
111122;;"2017-12-17 15:22:57";Süper
110594;;"2017-12-22 12:57:24";Süper
110089;;"2017-12-26 12:59:05";Mükenmel
109588;;"2018-01-04 07:29:41";"İdare eder"
109091;;"2018-01-15 21:47:17";"İleri sarma olursa güzel olur"
115969;;"2017-06-29 10:42:55";"Mükemmel bir uygulama"
108296;;"2018-01-22 23:20:53";"Tek kelimeyle muhteşem bir uygulama harikaaa"
107810;;"2018-01-28 22:00:25";"Uygulama müthiş olunca  bağımlılık  yapıyo 🖒"
110118;;"2017-12-26 05:04:27";"Türkiye'nin en efsane dizisi kurtlar vadisi ni koymak aptalliktir"
107034;;"2018-02-08 20:21:56";"Harika bir site teşekkürler"
110628;;"2017-12-21 22:18:18";"Bide su cukur inter nete duer dusmez bu kanala da dusse on numara olur"
106270;;"2018-02-18 21:29:06";"Cok guzel"
106002;;"2018-02-23 16:41:00";Muhteşem
122383;;"2017-04-13 14:05:22";"Gercekten muhteşem bi olay yapılabilecek en guzel şey kendi adima bu projede emeği geçen herkese çok teşekkür ederim 😊😊😊"
105236;;"2018-03-07 17:32:04";"Reklamların filmin başında olması güzel filmi bölüp saçma sapan şeyler izlemek zorunda kalmıyoruz. Faydalı tesekkurler."
115978;;"2017-06-28 22:43:22";"Donuyor sürekli"
124963;;"2017-03-18 23:45:28";"Suskunlar eklensin"
104221;;"2018-03-21 20:47:11";"Tek kelimeyle möthişşş"
103946;;"2018-03-24 13:40:35";"10 numara baba herkese tavsiye ederim😉"
106765;;"2018-02-13 08:08:52";Mükemmel
119569;;"2017-05-12 18:12:24";"Fi ile başlayan serüven niceleri ile devam eder inşallah."
123924;;"2017-04-01 10:36:19";"Çok iyi bir uygulama 👏👏👏👏"
102692;;"2018-04-11 16:31:06";"Cok güzel yayinlar var."
102427;;"2018-04-18 08:26:12";"Çok güzel bir şey"
102164;;"2018-04-26 18:12:28";"Reklamlar çok giriyo ama güzel"
101903;;"2018-05-05 22:15:05";"reklamdan şikayet edenler düşünün bakalım tv de dizi izlerken kaç dk reklam 
geliyor. en az yarım saat totalde birkaç reklami izleyiverin ki bu insanlar 
da para kazansın."
101644;;"2018-05-15 17:07:42";"Gerçekten bu alanda karşılaştığım en başarılı oygulama hakkını vermek lzm 
inşallah dahada iyis olcak"
101388;;"2018-05-25 08:59:31";"Sen Anlat Karadeniz neden yok"
101134;;"2018-06-02 07:09:42";Harika
100882;;"2018-06-07 20:00:27";"Süper bı TV sorunsuz onca Tv kanalları arasında takip ettigim tek kanal"
100632;;"2018-06-11 17:30:59";Güzel
100384;;"2018-06-18 18:56:16";"Sevdım ugrastrmıyo cok reklam fılan yok"
100129;;"2018-06-22 15:35:41";"Çok güzel bir uygulama internet dizilerini desteklemek için çoğu diziyi 
burdan izliyorum."
124440;;"2017-03-29 16:18:26";"Harika herkese öneririm"
114179;;"2017-09-26 13:27:01";"gayet iyi"
106789;;"2018-02-12 23:58:26";Süper
101415;;"2018-05-24 04:29:02";"dip efsane olmus, tebrik ederiz. Daha çok bölüm beklentisi ve dizilerinizin 
fazlalasmasi beklentisi ile.."
99080;;"2018-08-07 21:21:37";"Film yelpazesinin genişlemesi gerekiyor."
98844;;"2018-08-20 12:27:13";Profesyonel
119056;;"2017-05-19 10:41:19";"Reklam çok"
121376;;"2017-04-22 20:04:48";Süpersiniz
119055;;"2017-05-19 10:54:36";"Şu reklam olayı nedir birader açıklayın bana. Tek reklam yazıyor 40 saniye mecburen izliyorum hadi onu geçtim izlediğim dizinin bir bölümünde 5 6 tane reklamla karşılaştım. Bu nasıl tek reklam ? Eğer tek reklam yapmıycaksanız Youtube gibi 7 saniye sonra skip butonu falan koyun dizi izlerken 40 saniye mecburi olarak 5 6 kere reklam izlemek zorunda değiliz duzeltirseniz iyi olur"
98071;;"2018-09-27 19:23:43";"İndirmeyen pişman olur"
117523;;"2017-06-06 14:41:47";"Çok fazla reklam giriyor film izlerken"
103172;;"2018-04-02 17:15:52";"Anlatmaya gerek yok görüyorsunuz vay şöyle olmuş vay böyle olmuş konuşmam kesin görüyorsunuz"
97544;;"2018-10-22 18:16:48";"Ben beğendim teşekkürler"
126732;;"2017-02-18 15:06:20";"Acun Ilıcalı tavsiyesi üzerine indrdim gerçekten dediği gibi çok kaliteli 😉"
96009;;"2018-11-06 18:55:45";Iyi
122626;;"2017-04-10 16:02:44";"Harika bi uygulama herkese tavsiye ediyorum...😊😊😊"
119588;;"2017-05-12 13:38:21";Harika
95501;;"2018-11-29 07:38:48";"Diziden çok reklam izledik. İllegal dizi sitelerinden izleriz daha iyi. Böyle iş mi olur. Siliyorum uygulamayı. Hadi uğurlar olsun."
128549;;"2017-01-29 19:50:43";"Çok güzel bir şey"
104718;;"2018-03-16 22:32:55";"Harika program"
95008;;"2018-12-22 09:16:45";"sadece erkenci kuş için mı geceleri çok fazla reklam veriliyor ve en az reklam süresi 30 saniye daha dizinin 30. dakikası ve 5 tane reklam cıktı"
115208;;"2017-07-27 02:52:58";Kusursuz
94732;;"2019-01-03 19:18:14";"Ertuğrul yokkkkkkk!!"
127773;;"2017-02-08 17:30:18";"Çok Güzel Uygulama 720p Donmadan İzlıyorum"
92960;;"2019-01-22 11:26:48";"cok guzel"
109326;;"2018-01-10 16:14:18";"Sizi çok seviyorum çok az internet alıyor ve muhteşem bir uygulama en güzeli ise ücretsiz bir uygulama tşk"
92692;;"2019-02-03 08:05:06";"surekli guncelleme etkinlestirmek istiyor"
127013;;"2017-02-14 22:45:26";"Şimdi kurdum telefonuma. Güzel bir program."
92428;;"2019-02-12 13:05:01";"gerçekten çok iyi bir uygulama yalnız dizi bölümlerini indirme olsa çok iyi olur diye düşünüyorum"
115976;;"2017-06-29 01:56:54";Kaliteli
92168;;"2019-02-19 22:49:52";"Reklam izlemeye geldik, dizi falan çıkıyor anlamadım ya biz reklam izlemek istiyoruz, aralara koyduğunuz dizileri izlemek zorunda mıyız?"
107285;;"2018-02-04 17:19:45";İyidir
91912;;"2019-02-28 12:45:56";muhteşem
111141;;"2017-12-17 07:54:13";"Cok basarili bir program fi hayranlikla izliyorum herkesin izlemesi gereken bir dizi birde reklamlar olmasa  Daha iyi olacak.."
91660;;"2019-03-08 07:30:34";"Güzel bir uygulama olmuş. (emeğe saygı)"
122114;;"2017-04-15 19:08:50";"Fi dizisi muhtesem iyiki puhu tv var"
89876;;"2019-03-19 23:18:52";"Çok iyi lan."
108043;;"2018-01-25 19:52:34";"Dizi arasındaki reklamlar bile şahane, tesekkurler"
89632;;"2019-03-31 15:12:58";"uygulama güzel fakat yabancı dizi ve filmler de olsaydı daha iyi olurdu"
129560;;"2019-07-23 15:11:12";iy
120843;;"2017-04-29 04:57:20";"Cok muhteseem bayildim"
109324;;"2018-01-10 17:03:12";"Yabanci dizi olmali"
108560;;"2018-01-20 08:06:01";Harika
89099;;"2019-04-20 21:20:12";super👍👍👍👍
124424;;"2017-03-29 19:50:40";"Ya her halt dizi var da niye Hayat Şarkısı yok, onun için indirdim bi baktım yok. O kadar popüler bi dizi nasıl olmaz hayal kırıklığı yaşadım"
88870;;"2019-04-30 01:20:04";"10 numara 5 yıldız az"
124443;;"2017-03-29 15:10:02";"yabancı diziler yok"
127523;;"2017-02-11 19:32:47";"Uygulama fena degil ama Adı Efsane dizisi olsaydi daha guzel olurdu"
88590;;"2019-05-14 01:14:46";mükemmel
110346;;"2017-12-24 01:52:51";Müthiş
119079;;"2017-05-19 07:04:27";"Gerçekten çok güzel yüklemenizi tavsiye ederim."
88611;;"2019-05-12 18:02:06";"seksenler yok oniçin ben sevmiyorum"
108834;;"2018-01-17 21:31:25";"Güzel bir uygulama anında istediğiniz şey açılıyor"
86565;;"2019-05-22 11:19:14";"Çox ğozel Tavsiye ederim"
124452;;"2017-03-29 12:45:52";"Çok güzel bi uygulama olmuş elinize sağlık ancak indirme özelliği gelse ve eşkıya dünyaya hükümdar olmaz eklense tam olur tekrar elinize sağlık teşekkürler"
127756;;"2017-02-08 19:45:52";"Kesin indiririn süper"
86302;;"2019-05-28 10:55:50";harika
120841;;"2017-04-29 05:51:30";"Beş dakikada bir reklam mı olur lan youtubedan devam edicem sokarım uygulamanıza."
104977;;"2018-03-11 22:56:35";"Çok güzel bir uygulama fakat yabancı diziler ve filmler de olursa gerçek ten çok güzel olur"
106011;;"2018-02-23 11:32:06";"Eşkiya dünyaya hükümdar olmaz dizisini de bırakırmısınız"
112906;;"2017-11-07 09:00:00";"Reklam severler için harika bir uygulama. Halkı korsana teşvik eden bir uygulama olmuş :)"
122393;;"2017-04-13 11:50:40";"Yeni dizileride eklermisiniz"
102691;;"2018-04-11 17:02:47";Güzel
102426;;"2018-04-18 09:07:11";"Mehmed bir cihan fatihi dizisi niye yokkkk"
102163;;"2018-04-26 18:26:22";Mükemmel
101902;;"2018-05-05 22:47:07";♡♡♡♡♡
101643;;"2018-05-15 17:52:19";"Kesinlikle kendi dalındaki en iyi uygulama.Reklamlar gerektiği kadar. 
Sadece video player biraz daha gelistirilmeli. Teşekkür ederim 🙏"
101387;;"2018-05-25 09:59:34";"Efsane az reklam olsaydı daha iyiydi"
101133;;"2018-06-02 08:19:45";Guzel
100881;;"2018-06-07 20:18:22";👍
100631;;"2018-06-11 18:46:45";Adamsınız
100383;;"2018-06-18 19:09:52";"Bence en iyi tv puhu tv A kalite❤"
100128;;"2018-06-22 15:56:24";"Cok reklam weriliyo reklam olmazsa cok daha iyi olacak filmi anlayamiyoruz 
heycanli yerinde reklam giriuo araya"
125470;;"2017-03-10 17:46:21";Mütüşlü
114716;;"2017-08-27 16:20:44";Güzel
107267;;"2018-02-04 22:28:28";Güzel
127763;;"2017-02-08 18:29:09";"Ücretsiz olması güzel olmuş"
99079;;"2018-08-07 21:27:07";"Super bi uygulama omg"
98843;;"2018-08-20 13:33:22";"İndirme özelliği olmalı"
119833;;"2017-05-08 13:25:34";"İçerde için yükledim çok güzel"
106502;;"2018-02-15 20:40:14";Mükemmelsiniz
99103;;"2018-08-06 14:03:50";"çok iyi bir uygulama hiç bir sorun yaşamadım."
98070;;"2018-09-27 19:35:02";"Arka sokaklar olsaydı güzel olur"
118288;;"2017-05-28 14:02:06";"idare eder iste"
103443;;"2018-03-30 00:30:53";"Guzel bi uygulama diziyi biraktigim yerden devam ediyo. Dizi ve film secenekleri daha fazla olsa bazen aradigimi bulamiyorum :)"
97543;;"2018-10-22 20:21:50";"Gerçekten bayıldım hem ücretsiz hem de çok güzel"
127780;;"2017-02-08 14:21:59";Süper
96008;;"2018-11-06 19:31:39";superŕ
123429;;"2017-04-03 15:54:49";Bayıldım
127749;;"2017-02-08 20:42:56";"Birçok içeriğin tek bir yerde toplanmış olması güzel, basit bir uygulama. Ama insan korkuyor çünkü bu platforma birşey olursa çeşitli yerlerden kaldırdığınız içeriklere bir daha ulaşamayacağız"
95500;;"2018-11-29 10:23:42";"Son güncellemeye kadar çok güzeldi bıraktığım yerde kalıyodu uygulamayı kapatmadığım sürece ama şimdi uygulama acık kalsada o ekrandan çıkınca izledigim seyi kapatıyo ana ekran çıkıyo"
115470;;"2017-07-15 12:17:07";"Duzeldi şükürler  olsun 😀"
114182;;"2017-09-26 11:03:31";"arkadaşlar uygulama muhteşem bi kaç dizi hariç bütün diziler var artı film bile var bi kaç reklam izletiyolar o kadar kesinlikle indirin"
95007;;"2018-12-22 11:01:12";"Burdan indirilse bölümler daha güzel olur..."
104449;;"2018-03-20 05:04:39";"vartolu spor için 😎"
94731;;"2019-01-03 20:04:26";süper
99352;;"2018-07-25 23:38:13";"Reklamsız olması çok iyi"
92959;;"2019-01-22 12:09:47";Süper
106015;;"2018-02-23 07:37:31";"Son kaldığımı göstermiyor. Bitirdiğim halde eski bir diziyi gösteriyor."
92691;;"2019-02-03 10:15:43";"""Güneşin kızları"" adlı diziyi uygulamaya ekler misiniz lütfen 🙏 🙏 🙏"
105473;;"2018-03-04 06:57:23";"Lmus amma reklamlari kaldirin para goz olmayin"
92427;;"2019-02-12 13:15:46";"güzel program"
107284;;"2018-02-04 17:45:05";"Coooooooooooooooooh iyi"
92167;;"2019-02-19 22:54:53";"Uygulama çok güzel uzun zamandır kullanıyorum çukur dizisinide sadece buradan izlerim ama yeni çıkan Vurgun dizisini de koyma şansınız yokmu gerçekten çok istediğim bir dizi..."
111650;;"2017-12-05 18:44:12";Müthiş
91911;;"2019-02-28 13:15:29";"Çok fazla reklam ve her seferinde başa sarıyor ha internet ten her hangi bir sayfadan açmışsın uygulamanın bir farkı olmalı"
106517;;"2018-02-15 19:51:49";"Çok güzel bir puroğram"
91659;;"2019-03-08 08:59:04";"Gayet iyi 😊"
128281;;"2017-02-01 09:52:45";"Çok güzel bir uygulama olmus."
89875;;"2019-03-19 23:28:47";"diriliş ertuğrul diziside olsaydı 5 puan verirdim."
110614;;"2017-12-22 06:50:48";"Reklamlar git gide çoğalıyor. Bu durum biraz sıkıcı. Ama yinede  cok iyi bir uygulama. 👍👍"
89631;;"2019-03-31 15:59:39";"çok iyi"
97804;;"2018-10-09 19:57:21";"Şifremi unuttum dedikten sonra yeni şifre oluşturmuyor devamlı bir hata !!!!"
121633;;"2017-04-21 15:33:55";"Fena dil"
92193;;"2019-02-19 09:59:11";"Çok güzel bir de ücretsiz olması bunu daha da güzelleştiriyor"
110112;;"2017-12-26 07:45:27";"Reklamlar çok fazla gereksiz"
89098;;"2019-04-20 21:25:00";Mükemmmmmell
123165;;"2017-04-05 15:16:19";"Gayet güzel"
88869;;"2019-04-30 01:54:20";güzel
129061;;"2017-01-24 20:38:47";"Tek kelimeyle harika"
108562;;"2018-01-20 07:26:00";Süpet
88589;;"2019-05-14 01:15:39";"çok iyi kaliteli"
98342;;"2018-09-18 12:33:51";"Kesinlikle muhteşem bir güzellik"
122909;;"2017-04-07 21:14:06";"Smart TV DE yok diyenleee gelsin 2 gundur kullaniyorum tv niz desteklemiyo olabilir catir cutur giriyor smart tv uygulamasi dan"
109830;;"2017-12-30 21:37:57";Süper
109329;;"2018-01-10 14:41:07";"Lan ne bu nasıl bişey hemen reklam mı olur o reklamlari .... Şey yapın işte 😠😠😠😠😠😠😠😠😠😠"
86564;;"2019-05-22 11:21:41";"güzel ama reklam çok fazla"
113668;;"2017-10-24 05:54:33";"Bütün diziler elimin altında"
113432;;"2017-10-27 15:47:17";"çok iyi"
86301;;"2019-05-28 11:19:23";süper
97280;;"2018-11-01 04:14:06";Likeladım
104466;;"2018-03-20 00:27:37";Mukemmel
86045;;"2019-06-04 22:02:46";superrrrrr
105763;;"2018-02-28 08:22:53";"Bölümler 12den sonra hemen düşüyor harika"
105731;;"2018-02-28 21:19:04";"Çok güzel bir uygulama"
85799;;"2019-06-15 13:14:30";"çok kullanisl5 bir uygulama"
109342;;"2018-01-09 23:39:52";"Blu tv hikaye yerli netflix şahane"
125476;;"2017-03-10 17:02:52";"Gerçekten hiç bu kadarını beklemiyordum. Çok iyi"
114948;;"2017-08-11 22:27:54";"Çok kasıyo bunun düzelmesi iyi olur"
85513;;"2019-07-01 17:09:50";"Çok güzel"
126741;;"2017-02-18 13:03:22";"Çok güzel"
104469;;"2018-03-20 00:09:51";"İleri geri sarma tuşları da olsa çok güzel olur"
82465;;"2019-07-19 13:08:45";"baya baya baya iyi👌🙏"
127776;;"2017-02-08 16:45:19";"İçerikleri biraz cogaltsaniz süper olur. Özellikle yabancı dizi ve filmleri de ekleseniz 5 yıldızı hakeden bir uygulama olur. Teşekkürler"
117507;;"2017-06-06 19:10:41";"Eeeehh fena değil"
110882;;"2017-12-19 17:05:24";"Ben bir filmde yada dizide konuşmaların sansürlenmesini anlayamıyorum. Puhu TV sayesinde dıııtsız bir dizi izliyorum. 👍👍👍"
82194;;"2019-08-31 20:39:16";"İnternetsiz izlenebiliyor mu? Ben izleyemedim yardımcı olur musunuz?"
126749;;"2017-02-18 11:25:03";"Cok guzel"
111878;;"2017-11-28 15:15:47";"İstedigimiz sey reklamlari kaldirmaniz degil. Tek reklam yaziyorsaniz bir bölümde tek reklam olsun. Her 8 dakikada 1 reklam koymaniz, ileri geri sarma islemi yapilirken her an da reklam ile karsilasmamiz mantikli ve ahlaki degil"
115493;;"2017-07-15 05:18:25";"Fi için indirdim. 3 bölüm izledim artık izleyemiyorum. Loading dönüp duruyor. Samsung A5 2017"
81931;;"2019-10-01 22:37:50";"Jet sosyeteyi de yeni bölümleri puhu Tv de olacağına göre 5 kere 5 yıldız size"
88844;;"2019-05-01 09:41:47";"bence çok güzel bir uygulama dizilerin izleyemedigim bölümlerini burdan girip izliyorum ama çok reklam veriyor birde bazı diziler yok"
99614;;"2018-07-15 18:22:03";Mükemmel
116996;;"2017-06-11 21:55:20";"Çok fazla reklam arası vermeye başladılar"
81673;;"2019-10-19 19:17:06";"reklam izlemek için güzel bir uygulama reklamları atlayamıyoruz ve reklam girince 4 kez art arda reklam izletiyor"
124679;;"2017-03-24 23:38:07";"Gayet güzel ve ucretsiz"
103438;;"2018-03-30 03:50:29";"Mukemmel 😊"
128769;;"2017-01-26 20:15:17";"cesur ve guzeldwen gelenler :) hepsi yalan indirmeyin"
81422;;"2019-11-08 03:10:41";"Reklâm izlemek isteyen indirsin"
119060;;"2017-05-19 09:48:24";"Çok fazla kesinti oluyor"
95765;;"2018-11-18 16:08:45";"Vallah izleyemediğim bölümleri oradan izliyoruz rumuz"
127268;;"2017-02-12 21:56:10";"Çok iyii"
81179;;"2019-12-01 14:14:38";"Keşke indirmede olsaydı"
116774;;"2017-06-13 19:32:15";"Su ana kadar gordügüm en iyi uygulama kaliteli ve hızlı yapımda emegi gecen herkesin ellerine saglık indirmenizi öneririm"
124195;;"2017-03-31 17:15:13";"Gerçekten süper herkese tavsiye ederim."
80935;;"2019-12-10 06:40:25";Muhtesem
98820;;"2018-08-21 23:28:09";"Çok güzel herkese tavsiye ederım"
114700;;"2017-08-28 10:25:40";Teşekkür
118286;;"2017-05-28 14:03:03";"Vardiyalı çalışan biri olarak bence süper bi program"
124181;;"2017-03-31 17:25:21";"Son güncellemede biraz sıkıntı oldu ama gene iyi..."
80658;;"2019-12-28 07:45:29";"Düşünmeden indirin"
103199;;"2018-04-02 00:01:11";"Çok reklam var ama yinede harika"
128524;;"2017-01-29 22:55:27";"Supersin puhu tv"
102670;;"2018-04-12 07:15:11";"Aradigim her diziyi filmi bulamasamda bir cogu var hem sahnelerde kesme filanda yok neyse onu koymuslar bence güzel"
125725;;"2017-03-05 04:59:51";"Guzel calisma ücret talep etmediginiz surece en çok kullanilan programlar dan olur"
80385;;"2020-01-25 10:21:04";"YouTube de neymiş bir telefon kullanıcısı olarak çok memnunum çok başarılı bir program yapmışsınız"
85780;;"2019-06-16 06:13:19";"Her dizi de reklam geliyor ve hiç gitmiyor dızıyı baştan açmak zorunda kalıyorum"
112934;;"2017-11-06 15:43:59";"Muhteşem bir galeri ve yayın kalitesi.tebrikler..."
105498;;"2018-03-03 20:35:45";"Olur mu ne dizisi biz reklam izlemek için indirdik bunu. Aralara üçer dakika dizi eklemişler."
80163;;"2020-02-14 13:57:35";"Merhaba ben fatih Geniş aile dizisinin ilk sezonundan itibaren izlemek istiyorum fakat uygulama da ilk sezon yok lütfen bu sorunu çözün şimdiden teşekkür ederim"
80407;;"2020-01-22 18:36:45";Guzel
122373;;"2017-04-13 16:39:00";Harika
112410;;"2017-11-16 21:20:57";süper
105217;;"2018-03-08 00:25:21";Miss
79909;;"2020-03-10 13:15:32";Süper
117517;;"2017-06-06 17:21:07";"Çok               güüüüüüüüüüüüzel"
89363;;"2019-04-12 22:29:39";"çok iyi"
117535;;"2017-06-06 11:52:40";"cok guzel ben bayildim.PUHU TV HELAL :)"
112908;;"2017-11-07 08:27:05";"Ara ara gelen tek reklamlar güzel ama kaldığımız yere gelmek için arama yaparken her dokunduğumuz dakikada reklam çıkıyor. Yeri geliyor 10 dakikada kaldığımız yere gelemiyoruz."
120080;;"2017-05-06 05:27:24";"Sevgili bu işin uzmaları Evet güzel bir uygulamaydı çok da beğenmiştim ama reklam koyacaz derken mahfetmişsiniz uygulamayı her reklam basladiginda takiliyor ve hem dizi hem reklam seslendirmesi geloyor siyah ekran uzerinden maaalesef yine iyi baslayan bir isi kötü sonuçlandirmayı başardınız"
79626;;"2020-04-01 08:55:24";Donuyooooorrrrr
118563;;"2017-05-24 11:22:17";"Mukemmel otesi. Tv yi aratmayan bir aplikasyon."
128537;;"2017-01-29 20:56:32";"Süper fevkalade❤❤❤"
119818;;"2017-05-08 20:28:03";"Fi dizisinin tutkunu oldum, gördüğüm en güzel uyarlama 😘👌"
120081;;"2017-05-06 04:25:44";Güzel
76298;;"2020-04-19 08:30:02";"1 oy verdim o bile fazla Bu ne kötü bir uygulmama yaa kim yaptı bunu yuklicektim hala 1 saatir yuklicek berbat kim yaptıysa gercekten ber battt 😡😠"
118301;;"2017-05-28 12:42:42";"eşkiya dünyaya hukumdar olmaz gibi bir dizinin olmamasi buyuk bi eksiklik olsada guźel"
86285;;"2019-05-28 15:44:16";İyi
95271;;"2018-12-09 19:52:07";"Çok iyi"
105502;;"2018-03-03 19:57:19";"Cook güzel"
76070;;"2020-05-09 19:44:41";"Yeni filmler ve reklamlar azaltılsa daha iyi olur."
76032;;"2020-05-13 17:48:07";"Fazla reklam geliyo filmler fazla bölünüyor Umarım bunla ilgili bı çalışmanız vardır . Ayrıca daha fazla kült film lütfen"
110617;;"2017-12-22 04:28:42";"Cok fazla reklam var reklamdan film izleyemiyoruz"
127766;;"2017-02-08 18:10:42";"Tavsiye ederim çok güzel bir program"
118810;;"2017-05-22 06:44:00";"Reklamlar çok fazla"
105503;;"2018-03-03 19:41:30";bye
75815;;"2020-06-09 07:04:00";"O kadar kötü bi uygulama ki kimseye önermem dizi yi açıyorum 2 tane jenerik açılıyor ,çok reklam var ve bi de çok duraksıyor"
75778;;"2020-06-17 04:58:46";"Uygulamayı kapatıp açtığımda sürekli hesaptan çıkış yapmış oluyor"
107789;;"2018-01-29 11:11:26";"Kalp atışı gelseydi iyi olucaktı"
107555;;"2018-01-31 20:37:13";"Super indirin bence"
128002;;"2017-02-04 19:29:17";"Yabancı Film Olsaydı iyi olurdu"
101888;;"2018-05-06 13:22:39";İyi
117768;;"2017-06-03 15:59:49";"İnternet aleminin en iyi tv si . Hızlı, kaliteli,özellikle ücretsiz oluşu bence ileriki zamanlarda zirvede oluşu demektir."
75536;;"2020-08-29 09:10:58";çöp
76323;;"2020-04-15 18:22:24";"Uygulamanızı açmak ayrı bir dert sürekli duruyor ,açtıktan sonra da yığınla reklamdan izleyebilmek ayrı bir dert bu yorumları hiç mi görmüyorsunuz en ufak bir iyileştirme yok hadi siz umursamıyorsunuz ...Dizisini sizinle devam ettiren insanlar bu başarısız uygulamanızı kendisine nasıl yakıştırıyor anlayamadım üzücü ... 26.10.2019 tarihinde yazıp kaldırmıştım.. şimdi yeni yorumlari okudum gene aynı sıkıntılar katlanarak devam ediyor kullanıcılarını zerre kadar umursamadığı açık ve net ."
108809;;"2018-01-17 23:31:54";Bayildim
91687;;"2019-03-06 22:23:42";"güzel bir uygulama"
107277;;"2018-02-04 20:16:56";"Çok güzel bir uygulama"
105223;;"2018-03-07 22:11:27";"Youtube formatında ileri geri yüklerseniz.seviniriz"
126986;;"2017-02-15 13:27:03";"Muthis bir sey"
75271;;"2020-09-30 10:51:58";"Uygulama bilerek yavaşlatılmış gibi reklamsız 10 dakika geçmiyor ki reklamları 5 saniye içerisinde geçememek de aşırı saçma. Örnek almanız gereken diğer platformlara bakmanızı öneririm"
113956;;"2017-10-07 05:48:26";"Reklamlar can sıkıcı acilen bişeyler yapılsın yoksa kimse kalmaz burada."
88846;;"2019-05-01 07:45:10";hhhgy.buarada
126466;;"2017-02-22 05:29:29";"Chromecast desteği olmalı, netflix youtube... hepsinde var bir sizde yok..."
125696;;"2017-03-05 16:13:53";"Premium gelmezse efsane uygulama"
104209;;"2018-03-21 22:28:09";"Harika bir uygulama :) Adı efsane dizisini de eklerseniz tam olacak :)"
121869;;"2017-04-18 17:50:53";"Arka sokakları koyun programa"
75023;;"2020-10-18 03:56:32";"Daha dizide 10 saniye izleyemeden 3 tane reklam izlemek zorunda kaldım. Bırakında bi diziyi izleyelim arada da reklam verirsiniz amenna. Uygulamayı indirmeyin. Reklam izleme hobiniz varsa o ayrı tabi..."
105504;;"2018-03-03 19:34:57";"Yabancı dizilerde olsa muhteşem olur"
81160;;"2019-12-02 19:44:00";"Merhaba uygulamaya giriş yapamıyorum sorun çıkıyor ben bu uygulamaya AVLU için bakıyorum güzel uygulama ama sorun çıkarıyor ÇOK AÇIL duzeltebirirmisiniz lütfen"
86550;;"2019-05-22 19:21:52";"reklâm acısından fena değil"
126214;;"2017-02-25 21:51:29";"Böyle bir uygulama şart idi Helal olsun 👋👏👏"
108325;;"2018-01-22 19:58:41";"Reklamlar çok sinir bozucu. Geç butonu yok ve hep nescafe reklamını izledim. Düzeltin lütfen"
66816;;"2021-11-26 02:15:34";"Reklamlar yuzunden dizi izlemek imkansiz. Hele bir de nerede kaldiginizi bulmaya calisirken karsiniza pes pese 5 tane reklam cikiyor ya. Iste tam o sirada telefonla balkondan asagi atlamak istiyorum. Dizi izlemeye mi geldik reklam mi belli degil. Ben bu kadar paragöz bir firma gormedim. Indirmeyin pisman olursunuz reklamdan gecilmiyor bu kadar kalitesiz olunmaz."
66817;;"2021-11-25 06:30:55";"Her dakikası reklam olan beş para etmez uygulama.sildim attım bı dahada burdan izlemem."
66818;;"2021-11-25 04:30:54";"Güzel bir uygulama"
66819;;"2021-11-24 17:31:00";"Reklamlar çok iyi ama ara sıra diziler bölüyor ağız tadıyla izlenmiyor reklamlar"
66820;;"2021-11-24 15:48:10";"Çok gz"
66821;;"2021-11-24 07:51:09";"Uygulama arayüzü güzel, içerik kalitesi güzel, ses kalitesi güzel amaaaa 1saat 45dakikalık bir film tamı tamına 23 adet reklam içeriyor ve bunların 10 tanesi geçilemiyor, bazıları 1dakika 38saniye geçme tuşu yok, en kısa olanları 12 saniye, geçme imkanı sunan reklamlar zaten 4 5 saniyelik... Gerçekten iyice bozdunuz artık, 2 yıl önce seve seve kullanırdım bugün nefret ediyorum. Premium getirin aylık 10₺ mı 15₺ mı neyse parasını verelim reklamsız rahat rahat kullanalım ama bu şekilde gitmez bu İŞ"
66822;;"2021-11-24 05:05:20";"Bu kadar iğrenç bir uygulama olamaz. Biz reklamlarla izleyecek olsak normal gününde TV den izleriz. Bir dizi izleyelim dedik 5 Dk ya bir reklam, reklam sonrası tekrar devam etmeme ve donmalar reklamdan da fazla süre alıyor. İlk işim uygulamanızı çöpe atmak olacak. Siz bu kafayla devam edin."
66823;;"2021-11-24 00:44:51";"Reklam veriyor açar açmaz, nerede kaldığımi anlamak için başka yere tıklıyorum gene reklam. Nerede.kaldigimi bulana kadar 20nreklam izliyorum. Bekle bulayim sonra ver reklamını bu ne ya"
66824;;"2021-11-24 00:08:16";"Arkadaşım ağız tadıyla reklam izleyemez olduk. 5 dakikada bir dizi çıkıyo. Ücretsiz bir uygulama evet ama iki reklam arasını az uzatın be kardeşim."
66825;;"2021-11-23 22:17:27";"5 dakikada bir 30 saniyelik reklam olması can sıkıcı. Önceden zevkle takib ederdim tekrar indirdiğimde malesef reklamlar karşıladı"
66826;;"2021-11-23 13:36:17";"Uygulama güzel ama sık sık hata verip kapanıyor düzeltilmesi lazım Yine bozulmuş açılmıyor video"
66827;;"2021-11-23 06:32:08";"3 dakkada bir 30 saniye reklam giriyor bu nedir"
66828;;"2021-11-23 03:29:10";"🤣😁🤣😁😂TEK REKLAM 😁😂🤣😂😁🤣😁😂🤣😁😂🤣😁😂🤣😁😂🤣😁😂🤣😁🤣😁"
66829;;"2021-11-23 00:33:09";"Bu kadar reklam koyulmaz, sildim"
66830;;"2021-11-22 22:49:55";"Cok guzel bir uygulama bencede yuklemek istiyen yuklesin hata az reklam var icinde 😊😊"
66831;;"2021-11-22 22:33:16";"Reklam izlemeye geldik arada dizi cikiyor amk"
66832;;"2021-11-22 21:27:58";"Çok reklam var"
66833;;"2021-11-22 07:33:49";"Ben aşırı derecede beğeniyorum 🌟🌟🌟"
66834;;"2021-11-22 00:03:42";"Bu kadar çok reklam çok saçma değil mi en heyecanlı yerinde reklam çıkıyor bu reklam yüzünden ortalama puanın 3 küsüre kadar düşmüş bu kafayla gidersen batarsın sen reklam izleyecek adam bulamayacaksın çünkü mesela ben sildim uygulamayı herkese de silmeyi tavsiye ederim"
66835;;"2021-11-21 22:28:46";"Ya reklam izlerken araya dizi çıkıyor lütfen düzeltin"
66836;;"2021-11-21 22:14:34";"Gayet başarılı."
66837;;"2021-11-21 21:06:56";"Reklam dolu azaltın her şeyi tadında bırakın Bi ya"
66838;;"2021-11-21 14:32:36";"Hiç güzel değil"
66839;;"2021-11-20 21:42:19";"Saçma sapan reklam uygulaması. Arada bir dizi de gösteriyor. Bir de kasıtlı olarak neden dizinin sesi kısılıp, reklamın son ses oluyor."
66840;;"2021-11-20 20:46:24";Çokihi
66841;;"2021-11-20 20:42:06";"Ya gozinizi sevim sahibi kimse lutfan amina koydugumun reklamlari ayirin ya 4 dakka filim izliyom 30 saniye reklam 3 dakika filim izliyom 27 saniye reklam her 3 dakikadan reklam olmaz be yapmayin"
66842;;"2021-11-20 15:23:17";"Hayatımda gördüğüm en aptal uygulama"
66843;;"2021-11-20 10:44:51";"Ya kardeşim her 5 dakikada bir reklam mı olur nasıl olsa izliyorlar diyorsunuz çok saçma olmuş para hırsı bu kadar mı olur ya reklam yaparsınız ama bununda bir usulü olması lazım demi siliyorum programı sırf reklam çok diye garanti 5 dakika da bir reklam alay etmeyin insanlarla"
66844;;"2021-11-20 07:36:23";"Gayet güzel bir uygulama fakat son zamanlarda fazlasıyla donma yaşıyorum. Reklam fazla ama ücretsiz bir uygulama oldugu icin çok görmüyorum. Donma problemi çözülürse 5 yıldız verecegim."
66845;;"2021-11-20 07:08:20";"Kardeşim 3 dk da bir 29 saniye reklam bu nedir ya bizi farklı uygulamalara yönlendirmeyin mk bisürü kaçak iziylebileceğim uygulama var bir yıldız bile çok size"
66846;;"2021-11-20 07:06:32";"Reklam izlemek için indirebilirsiniz"
66847;;"2021-11-19 22:56:31";"bir uygulamada ancak bu kadar reklam olabilirdi.siliyorum o yüzden."
66848;;"2021-11-19 22:29:59";"bu kadar reklam sizce de fazla değil mi sayın puhutv reklam arası dizi izliyoruz resmen"
66849;;"2021-11-19 21:49:24";"Reklamdan bir şey izlenmez oldu. İyice mokunu çıkardınız. Bir de çıkan reklamların sesi dizilerin sesinden çok fazla, aşırı sinir bozucu"
66850;;"2021-11-19 10:27:20";"LG TV uygulamasında sıkıntı yaşanıyor, sahnelerde ses görüntünün arkasından geliyor veya sahne ileri geri kendi kendine oynuyor"
66851;;"2021-11-19 08:13:00";"Bir film de sürekli uzun uzun reklam çıkması sinir bozucu"
66852;;"2021-11-18 22:59:16";"Reklam aralarında film izlemeye calisiyoruz"
66853;;"2021-11-18 12:50:57";"Öncelikle fazla reklam veriyor ama ücretsiz yani sitenin de bir şekilde para kazanması gerekiyor. İndirme ve daha sonra izleme özelliği de olsa tadından yenmez . Genel olarak memnunum ara yüzü sade"
66854;;"2021-11-18 11:32:42";"Reklam 😡"
66855;;"2021-11-18 01:17:31";"diziyi ileri sar reklam geri sar reklam reklamıda geçemiyoruz"
129538;;"2017-07-19 17:13:22";Super
128263;;"2017-02-01 14:09:06";"Cok guzel olmus"
126999;;"2017-02-15 09:15:16";"Çök güzel"
125959;;"2017-03-02 02:10:48";"Çok iyi inşallah sonradan bozmaz"
124934;;"2017-03-19 13:47:49";"Harika bişey"
123910;;"2017-04-01 11:27:34";"Mükemmel bir program olmuş. 10 numara 5 yıldız🖒😉"
122887;;"2017-04-08 01:37:03";Beğendim..
121880;;"2017-04-18 15:45:29";Süper
121089;;"2017-04-25 12:06:39";"Adı efsane gelsin çok güzel olur ☺"
120097;;"2017-05-05 22:55:55";Harika.
119319;;"2017-05-15 14:17:15";"Programın içine etmissiniz reklamları izlemek zorunda değiliz reklam atlama süresini kısaltın lütfen"
118547;;"2017-05-24 16:57:04";"İndirdim açılmıyor ne yapabilirim:("
117781;;"2017-06-03 13:32:25";"Ekran paylaşma özelliği eklerseniz daha memnun kalıcaz.. Böyle farklı bir programın basit eksiklikleri olması saçmalık.."
117021;;"2017-06-11 17:53:09";"Kendi internetim den yememesi güzel hep böyle olsa keşke"
125186;;"2017-03-16 07:46:38";"Teşekkürler böyle bir uygulama için"
115720;;"2017-07-08 19:51:19";"Mükemmel bi proğram, tavsiye ederim"
114977;;"2017-08-09 21:29:27";Süperrrrrrrrrrrrrr
114439;;"2017-09-12 11:14:32";Mütişşşş...
125203;;"2017-03-15 18:07:04";"Uygulama çok güzel ama ben yabancı dizi izliyorum ve yabancı dizileride eklerseniz mükemmel olur"
113178;;"2017-10-30 20:56:38";"Çok iyi"
112653;;"2017-11-11 20:22:06";"Çok güzel"
112132;;"2017-11-22 23:14:05";"Reklamlari kapatma secenegimiz olmali"
111635;;"2017-12-05 22:31:19";"Reklamlar asiir fazla yaaa"
111637;;"2017-12-05 22:13:33";"Reklam çok fazla"
110593;;"2017-12-22 13:24:57";"Çok güzel ve kaliteli diziler var gercekten begendigim bir uygulama"
110088;;"2017-12-26 13:06:06";"Çok fazla reklam var bu ne ya siliyorum uygulamayı"
109587;;"2018-01-04 07:55:08";Mükemmel
109090;;"2018-01-15 22:32:41";"Çok güzel bi uygulama izleyemediğim dizileri hep burdan izlerim filimleride ayrı güzel 😊"
116519;;"2017-06-17 00:57:09";"Video larda  youtube gibi 2 defa basınca 10 dk ilerlemesini isterdim"
108295;;"2018-01-22 23:21:17";"Hersey güzel ama Eskiya dünyaya hükümdar olmaz neden yok onu Anlamadim?"
107809;;"2018-01-28 22:01:11";"Çok güzel yapanın ellerine saglik♥♥♥♥♥"
110625;;"2017-12-21 23:26:14";"Uygulama güzel ileride paralı olursa uygun fiyat olmalı yoksa güzel olsada kullanışlı olmaz"
107033;;"2018-02-08 20:38:30";"Çok güzel"
111139;;"2017-12-17 08:48:31";"Yani bayıldım harika kulede tek sorun reklam çok lütfen reklamları azaltın"
106269;;"2018-02-18 21:30:08";"Kalite ve guzell"
118820;;"2017-05-21 22:34:17";"İnsanların emeğinin karşılığını vermek gerek güzel bi proje buna ihtiyaç vardı emeği geçen herkese teşekkürler"
123396;;"2017-04-03 19:32:49";"Ulan istanbulu ekleyin"
105235;;"2018-03-07 18:04:42";"Program artık açılmıyor hep hata veriyor düzeltilmesi lazım"
106768;;"2018-02-13 07:38:55";"Güzel uygulama"
119810;;"2017-05-08 22:24:22";"Hiçbir sorun olmadığı halde yükleme başarısız uyarısı çıkıyor.  Düzeleceğini sanmıyorum.  Yapacakları uygulama anca bu kadar olur. Bravo zirvede bıraktınız."
104220;;"2018-03-21 20:48:59";"10 number 5 star"
103945;;"2018-03-24 14:08:35";Super
113929;;"2017-10-08 07:56:36";Ne
113434;;"2017-10-27 15:29:22";"Çok severek kullandığım bir uygulama"
123406;;"2017-04-03 18:42:28";"Çom harika bir uygulama 👍👍"
102690;;"2018-04-11 17:05:01";super
102425;;"2018-04-18 10:46:25";Süper
102162;;"2018-04-26 18:53:19";"guzel ve kaliteli"
101901;;"2018-05-05 23:52:54";"Süper ötesi bir uygulama ancak dizilerde bip yapmasanız daha süper olacak 
yoksa değeriniz paha biçilemez 😀"
101642;;"2018-05-15 18:12:36";"Güzel bir kanal."
101386;;"2018-05-25 10:43:10";"Programda saçma buldugum tek şey dizi izliyorsunuz belli bi süre çıkmak 
zorunda kalıyorsunuz daha sonra izlemek istediğinizde bölüm başından 
açılıyor"
101132;;"2018-06-02 09:02:04";"Bazı dilimleri göstermiyor"
100880;;"2018-06-07 20:28:17";"Diziler çok iyi ayrıca ücretsiz olmadı daha iyi"
100630;;"2018-06-11 18:49:18";Mükemmelll
100382;;"2018-06-18 20:21:14";"Bı suredır vıdeolar acılmıyor yada bı noktadan sonra gıdıyor fılm sadece 
sıyah ekran kalıyor fılme gırmıyor tekrar lutfen cozun su problemı"
100127;;"2018-06-22 16:49:14";"Uygulama çok güzel ama çok fazla reklam var"
126722;;"2017-02-18 17:12:06";"Çok güzel başırılı"
115458;;"2017-07-15 22:43:02";"Reklam olmasa super"
125440;;"2017-03-11 00:50:05";"Sorunlar düzeltildi geç oldu yazmam ama gayet başarılı bir program hem hızlı hemde sarj yemiyor yapımcılardan allah razı olsun :)"
123410;;"2017-04-03 18:14:27";"10 uzerinden 100"
99078;;"2018-08-07 22:49:19";"Mükemmel bir uygulama"
98842;;"2018-08-20 14:50:45";Muhteşem
128521;;"2017-01-29 23:03:35";"Muhteşem bir program yapmışlar"
128272;;"2017-02-01 12:26:47";Güzel
99342;;"2018-07-26 14:00:14";"Kaçirdigim dizileri buradan izliyorum tsk"
98069;;"2018-09-27 20:28:21";"Gayet Kullanışlı ve güzel tavsiye ediyorum."
119059;;"2017-05-19 09:52:59";"Ileri sarinca ve bes dakikada bir reklam. Sabredebilecek olan indirsin"
103716;;"2018-03-26 08:44:02";"Başırılı bir uygulama"
97542;;"2018-10-22 20:39:17";Süper
129052;;"2017-01-24 21:41:16";"Ucundan gösterip sonradan ücretli yaparsınız kesin."
96007;;"2018-11-06 19:50:06";"Süper inceledim çok özel tasarlanmış uygulama emeğinize sağlık"
124451;;"2017-03-29 12:48:25";Güzel
103175;;"2018-04-02 15:43:54";Süper
95499;;"2018-11-29 11:32:34";Perfclect
120333;;"2017-05-03 21:45:37";"Acil s8 ekranı için güncelleme gelmeli"
99110;;"2018-08-05 20:33:18";Fine
95006;;"2018-12-22 11:07:42";"Eşkıya dünyaya hükümdar olmaz i ekleyin lütfen, ve diğer içerikler zenginleşmeli ayrıca aynı Wi-Fi ağına bağlı iken tv ye aktarma da olsun"
104728;;"2018-03-16 19:05:46";"Surekli reklam veriyor reklamlar biraz azaltilsa daha iyi olabilir"
94730;;"2019-01-03 20:14:31";"merhaba . uygulamanizdan gerçekten çok memnundum ve bu üne kadar da hiç bir problem yaşamadım . fakat şimdi izlediğim bir çok dizi kaldırılmış . neden kaldırdığınızi çok merak ediyorum . tekrardan geri yuklenmesini rica ediyorum ."
99593;;"2018-07-16 18:24:11";"Cok guzel bi uygulama. Börü 'yu de eklemelisiniz kesinlikle"
92958;;"2019-01-22 14:14:16";"biraz daha az reklam gelebilir"
102912;;"2018-04-07 08:03:36";"Çukuru bipsiz izlemek için indirdim ama son zamanlarda küfürlü yerlerde bip 
koyuluyor televizyondan ne farkınız kaldı ?"
92690;;"2019-02-03 11:17:20";super
105757;;"2018-02-28 11:44:24";"Reklam az olsun"
92426;;"2019-02-12 13:17:13";"Başarılı az reklam çok seyir 👍🙏🤴"
127507;;"2017-02-11 22:33:14";"Çok iyi bir uygulama olmuş."
92166;;"2019-02-19 22:56:07";"canlı tv de gelsin artık"
108066;;"2018-01-25 13:40:48";Güzel
91910;;"2019-02-28 13:39:02";"sizin kadar salak insanlar görmedim, ileri sarıyorsun reklam izlemeye kalkıyorsun reklam, eee diziyi ne ara izlicez, önbelleğe alma diye bişe yok, tam bir gelişmemiş Türk zihniyeti, kaldırdım skrim böyle programı. tarayıcıdan izleyin daha şyi"
114688;;"2017-08-29 06:39:15";"Dizilerin çoğu yok ne anladık biz bu işten"
91658;;"2019-03-08 10:38:06";"cok iyu"
104457;;"2018-03-20 02:49:05";"Seviyorum sizi ucretsiz olusunuz ve kaliteli olusunuz ❤❤❤"
89874;;"2019-03-19 23:36:24";Güzel
112676;;"2017-11-11 10:41:23";Super
89630;;"2019-03-31 16:43:41";"💩 gjbi"
122398;;"2017-04-13 10:08:32";"Çok başarılı"
122639;;"2017-04-10 10:47:44";"Süper bir program olmuş yapanların ellerine sağlık"
99596;;"2018-07-16 16:18:53";"poyraz karayel gibi bir dizi nasıl yok ya"
127245;;"2017-02-13 07:28:42";"Ybanci diziler vs animelerde eklenebilirmi?"
89097;;"2019-04-20 21:38:24";harikaaaaaa
106784;;"2018-02-13 01:09:26";"Super dizi bittikden sonra hemen burda süper"
88868;;"2019-04-30 02:29:53";süper
103442;;"2018-03-30 00:50:29";Mikemmellllll
116484;;"2017-06-17 11:02:31";"Reklamları abartmamaları mükemmel olmuş. Sadece Fi için değil pek çok Türk filmini de buradan izlemeye başladım. Geyet kullanışlı arayüzü güzel. Böyle bir uygulamayı bize sunduğunuz için teşekkürler..."
88588;;"2019-05-14 01:18:04";iyi
98574;;"2018-09-06 07:33:20";İi
120847;;"2017-04-29 01:33:55";"Daha fazla dizi film seçenekleri gelsin . Uygulama harika."
88836;;"2019-05-01 16:40:48";"cok iyi"
117278;;"2017-06-09 19:27:08";"Çok güzel"
86563;;"2019-05-22 12:52:12";okey
117509;;"2017-06-06 18:32:49";"Reklamlardan film izleyemiyorum bunun için çok sağolun gerçekten,bir uygulama yapmışsınız ama içine sıçmayı da başarmışsınız he birde Vatanım sensin gibi başarılı diziler yokken saçma sapan dizileri yüklemeniz oldukça kafa karıştırıcı."
125449;;"2017-03-10 20:57:59";"Gerçekten güzel"
86300;;"2019-05-28 11:58:16";"lokum lokum"
128006;;"2017-02-04 19:14:53";"Efsana denemenizi tercih ederim"
127751;;"2017-02-08 20:17:46";"Helal olsun"
86044;;"2019-06-04 22:20:13";"çok iyi"
89600;;"2019-04-02 03:32:50";Güzel
103698;;"2018-03-26 13:15:26";"Çok güzel. kaçırdığım dizileri buradan izliyorum."
85798;;"2019-06-15 13:23:57";"Uygulama güzel ama internet bağlantım iyi olmasına rağmen; dizi izlediğim sırada sürekli donuyor. Keyifle bir dizi izleyemedim. Düzeltilmesi gerekiyor..."
86535;;"2019-05-23 06:35:10";harika
98579;;"2018-09-05 23:23:10";Harika
115490;;"2017-07-15 06:07:00";"İlk indirdiğimde muhteşemdi ama şu an hiçbir şey açılmıyor silicem nerdeyse"
85512;;"2019-07-01 17:17:21";"süper en azından çukuru izleyebiliyorum teşekkürler"
97799;;"2018-10-09 21:33:17";Güzel
124421;;"2017-03-29 20:47:16";"İleride para isterseniz direk silerim"
82464;;"2019-07-19 20:28:37";"diriliş ertuğrul yok seksenler yok ben ne indiricem tekrar bi git"
86274;;"2019-05-28 19:44:26";👏👏👏👏👏👏
125973;;"2017-03-01 21:20:00";"Poyraz karayelide ekleyin lütfen"
111394;;"2017-12-12 18:08:30";"Ne lan bu her 10 dkda bir reklam yeter artık"
82193;;"2019-08-31 23:19:30";"Yabancı dizi ve filmlerde eklenmeli"
99604;;"2018-07-16 11:48:45";"Baya güzel ama çift dokunma dışında ileri aldığında grafik otomatik oluyor 
başka 1080p bile var"
124442;;"2017-03-29 16:05:25";Süper
116241;;"2017-06-20 11:06:42";"Yeni diziler çok az onlarda eklenirse mükemmel olur. Bide reklamlar sinir ediyor hemde çok uzun"
81930;;"2019-10-02 10:10:12";"Telefonda sorun yok ama Android tvde filmi açtığım zaman ses var görüntü yok. Bu sorunu çözerseniz sevinirim yoksa kullanmaktan vaz geçicem."
108561;;"2018-01-20 07:51:03";Perfecttoooo
99857;;"2018-07-06 18:02:48";"Her dizi olsun ya bunee"
120327;;"2017-05-03 22:35:21";"Bu kadar ABARTILI reklam mobil uygulama için fazla. Tv değil bu ama tv kadar reklam alıyosunuz. Reklamı geç diye birşey de yok. Böyle olmaz hacı."
81672;;"2019-10-19 19:26:16";Guzeeel.
117518;;"2017-06-06 17:20:48";"Reklam süreleri puhutv arka planda çalışırken de gelmesi biraz cans sıkıcı  onun dışında bir sıkıntı görmedim gayet hoş bir uygulama başarılı."
110850;;"2017-12-19 21:08:05";Harika
114953;;"2017-08-11 17:08:45";"BAYILDIM. 1 BÖLÜMDE 1 REKLAM VERDİ. YÜKSEK KALİTEDE KESİNTİSİZ İZLEDİM. NE DONMA NE DE YÜKLENME SORUNU VAR MÜTHİŞ BİR UYGULAMA."
81421;;"2019-11-08 10:07:03";"Güzel ama çok reklam var ve eski uygulama daha çok seviyordum çok saçmalamış siniz VE YENİ GELİN i İZLEMEK İÇİN İNDİRDİM ESKİDEN KALİTESİ FILIMIN YANİ SÜPERDİ 1080 Mİ NEYDİ CAM GİBİYDİ AMA ŞİMDİ TEKRAR İZLEMEK İSTİYORUM AMA MALESEF GORUNTU KALİTESİ YERLERDE O DERECE KÖTÜ ARTIK 240 Mİ 480 Mİ NE DİYER FILIMLERIN GORUNTU KALİTESİ SUPER VE AYARLIYA BİLİYORUM AMA YENİ GELİNDE YOK NEDEEEEEENNNNNN YAAA VE GORUNTU IYRENC SORRY 😭😭😭😭😭💔💔💔💔💔💔🤯🤯🤯😩😩"
86278;;"2019-05-28 18:16:59";"Benim isteklerimi yeterince karşılayan bir uygulama olmuş elinize sağlık."
110338;;"2017-12-24 06:38:13";"Muhteşem bir uygulama"
108574;;"2018-01-19 23:53:11";"Daha az reklam olsaydı süper olurdu ancak reklamlar fazla..."
81178;;"2019-12-01 15:04:19";"hepsi ,herşey harika,'da..hani bedava diyorsunuz,'ya sonradan üzerimize bir yükümlülük yüklemezsiniz degilmi????saygılar sunuyorum."
103694;;"2018-03-26 13:52:30";Efsoooo
104198;;"2018-03-22 02:17:03";"Harika bir platform"
80934;;"2019-12-10 07:04:24";"Reklamların sıklığı azalırsa güzel olabilir on dakikada bir falan reklam çıkıyor ."
81157;;"2019-12-02 22:03:33";"Keşke şikayetleri ve yapıcı eleştirileri dikkate alsalar da daha kullanışlı ve kapsamlı bir hale gelse."
107289;;"2018-02-04 15:53:21";"Umarım uygulamayı geliştirenlerde iyi kazaniyodur, cidden çok iyi"
98587;;"2018-09-05 11:58:38";"Gelsin yeni diziler 👍👍😁"
117262;;"2017-06-09 20:39:29";"Reklam izlemek isteyen varsa indirsin bol bol reklam izlersiniz :))"
80657;;"2019-12-28 09:50:55";"Uygulamada bir şey izlerken daha çok reklam izleniyor. Reklam izlemek isteyenler için çok iyi uygulama."
125718;;"2017-03-05 08:11:26";"çok iyi bayıldım"
127782;;"2017-02-08 14:08:17";"Muhtesem. Özellikle reklamsız olması... emeğinize sağlık"
102937;;"2018-04-06 20:03:48";Guzel
126978;;"2017-02-15 14:58:22";"Gayet güzel daha da güzel yapacaklarına inandığım için 4 yıldız verdim."
80384;;"2020-01-25 11:18:43";"Çok güzel"
108567;;"2018-01-20 05:36:08";"Enes batur  hayal mi gerçek mi onuda ekleyin ve arif ve 216 o nun gibi filimleri ekleyin"
94987;;"2018-12-23 07:21:36";"Çok iyiii"
115980;;"2017-06-28 22:24:32";"GERÇEKTEN TEK KELİMEYLE HARİKA  ÜCRETSİZ OLMASI DAHA DA GÜZEL çok teşekkürler"
80162;;"2020-02-14 14:20:36";"Smart tv de uygulamayı açamıyordum sürekli hata veriyordu sorunun modemde olduğunu anladım reset attım modeme şimdi sorun kalmadı akıcı ve takılmadan izliyorum güzel uygulama."
116514;;"2017-06-17 02:04:06";"herşey iyi hoş da bide şu reklamlar olmasa"
120834;;"2017-04-29 09:03:33";"Çoook güzel kaçırdığınız her diziyi veya filmi izliyebilirsiniz"
94988;;"2018-12-23 05:46:10";"çok guzel"
105499;;"2018-03-03 20:06:38";helllllllllalllll
79908;;"2020-03-10 13:55:51";"Pixellikten ne izlediğimi unuttum"
120844;;"2017-04-29 04:29:04";"Sadece fi için uygulamayı yükledim ama alışkanlık yaptı. Kaç farklı program izlersen izle kaldığın yerden devam edebiliyorsun harika"
82448;;"2019-07-21 20:32:11";super
114192;;"2017-09-25 23:16:38";Super
102145;;"2018-04-27 16:47:38";"Iyi dizilerim var"
120864;;"2017-04-28 19:43:32";Harika
79625;;"2020-04-01 09:05:34";"Yemin ederim leş. İlk indirdiğimden beri, diğer sosyal mecrada 1080p ile kesintisiz izlediğim şeyleri 480p ile burada izlerken sürekli kesintiye uğruyor. İleri geri sararken sürekli uzun işlem yapıyor. Çukur'u veren başka bir yer bulursam bir daha da uğramam şuraya."
100359;;"2018-06-19 20:59:28";"Çok donuyor,sürekli reklam izlemekten dizi izlemeye fırsat kalmıyor"
119058;;"2017-05-19 10:24:06";"COK GUZEL HER SEYI KACIRMADAN IZLIYORUM MUHTESEM!"
102146;;"2018-04-27 16:16:39";"Çok güzel bir uygulama"
120865;;"2017-04-28 19:27:32";"Başarılar dilerim."
76297;;"2020-04-19 08:46:17";"Adamlara reklam yetmemiş 4 tane üst üste reklam koyuyorlar hangi diziyi izlediğimi unutuyorum."
95242;;"2018-12-11 08:26:06";"Avrupa da yaşıyorum, dizi ve filmlerin %80 ini telif hakkı sebebi ile açmıyor. Yok mu bunun bir çaresi?"
127516;;"2017-02-11 20:42:12";"Cok iyi bir program izleyemedigim tum bolumleri izleyebiliyorum ☺"
96031;;"2018-11-05 23:10:23";"harika uygulama"
113424;;"2017-10-27 18:00:52";Süppeer
76069;;"2020-05-09 19:45:01";"Tv uygulamasında Film ve dizilerde ileri geri sarma yapınca kilitleniyor. Uygulamadan çıkılamıyor. Bir türlü düzeltme yapılamadı"
76054;;"2020-05-11 13:12:01";"Nostalji kuşağı yapıp ferhunde hanımlar dizisini yükler misiniz lütfen lütfen"
116488;;"2017-06-17 10:19:30";"Güzel başarılı"
86549;;"2019-05-22 19:22:42";"Cok memnunum"
108058;;"2018-01-25 15:33:26";"Guzel herkese oneriririm"
112896;;"2017-11-07 15:39:06";"HARİKA UYGULAMA ÜCRETSİZ GÖRÜNTÜ KALİTESİ EFSANE TSK EDERİM YAPANA"
75814;;"2020-06-09 10:33:56";"Ben puhutvyi cok seviyorum içindeki filmler bile cok güzel özellikle son inen diziler"
75777;;"2020-06-17 10:35:00";"Cok reklam var"
110859;;"2017-12-19 19:43:08";Muhteşemmmm
89361;;"2019-04-12 23:47:00";"yoruma gerek yok verdigim puan anlatiyor zaten"
111377;;"2017-12-12 22:55:30";"Feel the difference 👍👏👏👏👊"
102149;;"2018-04-27 12:09:11";"Harika muhteşem"
118534;;"2017-05-24 19:08:29";mükemmel
75535;;"2020-08-29 14:14:51";"Çok guzal herkese tavsiye ederim"
106253;;"2018-02-19 08:19:25";"bazı aradığım filimler çıkmıyor"
81409;;"2019-11-09 23:31:24";"Diziyi ilk açtığımız da ileri aldığımız zaman peşine reklam koymayın isteğimiz dakikaya gelince izlemeye baslayalim sonra koy reklamını gerçekten insanı soğutuyorsunuz uygulamadan diziden.Alternatif yollar arıyorum ben 1-2 dakika sonra çıkart reklamı acele var sanki...."
86820;;"2019-05-18 23:37:09";"Çok başarılı çok iyi bir uygulama herkese tavsiye ederim. 👍👍"
95776;;"2018-11-18 10:12:36";"Harika, teşekkürler."
105505;;"2018-03-03 19:15:45";"En sevdiğim dizileri tekrar izliye biliyorum"
128035;;"2017-02-04 11:10:50";"Uygulamanızı her açıdan çok beğendim. Avrupa yakasını da eklerseniz çok sevinirimm. Ellerinize sağlık.."
75270;;"2020-09-30 11:16:50";"Ben severek kullanıyorum isterseniz indirim ve deneyin tavsiye ederim ❤💯👌"
95270;;"2018-12-09 20:32:04";"Dizileri oynatmıyor internette sorun olmadığı halde s7 edge"
81410;;"2019-11-09 22:01:17";"Keşke yarım yıldız falan verilse. Çünkü bu kadar reklama 1 yıldız fazla"
127779;;"2017-02-08 14:22:25";"Çok hoş ve hd"
95488;;"2018-11-29 23:33:20";"Çok iyi"
104486;;"2018-03-19 22:45:09";"Mükemmel anlatmiyorum yazmiyorum 👍😂😂"
125979;;"2017-03-01 19:21:08";"Süper umarım önce ücretsiz diye insanları servise toplay8p sonra 7cretli hale getirmezler böyle bir düşünce varsa bizlere karşı çok ayıp edilmiş olur, Gerçi eski  filmler bile Hd olarak veriliyo ücretli olsada haklarıdır sonuçta yayın hakları için bedel ödeniyo depolama alanları vs cabası ama ücret alınacaksa en baştan belirtilmeli bence"
75022;;"2020-10-18 07:36:55";"Hemen indiriliyor"
125185;;"2017-03-16 08:16:18";"Guzel bir uygulama ama lutfen coban yildizi ve dayan yuregimide yukleyin"
80151;;"2020-02-15 06:21:39";"Açmiyo açiyoda uygulama hatasi var tavsiye etmem"
81165;;"2019-12-02 11:06:28";"Çok güzel uygulama amma her ilerleyişimde reklam veriyor reklamlar çok uzun"
97823;;"2018-10-09 06:24:59";"emeği geçen herkesin yüreğine sağlık"
82183;;"2019-09-02 10:11:15";"İzleyeceğim diziyi açana kadar canım çıkıyor hiç beğenmedim bu uygulamayı diziyi açıyorum uygulamayı kapatınca tekrar başa sarıyor tavsiye etmiyorum uygulamayı indireli bi gün oldu elli kez yükleme başarısız yazısı gördüm"
67072;;"2021-09-27 12:18:15";"Televizyondan izliyordum ve atlatıyorum 3X le hızlıca istediğim yere getiriyorum sonra donuyor görüntü ses geliyor geriden bu hep oluyor 1 aydır bu uygulamadan kaynaklı eminim acilen düzeltmesseniz sileceğim gınalik geldi artık"
67073;;"2021-09-27 05:59:31";"Sürekli donuyor. ve YouTube'den bile çok reklam çıkıyor. Resmen reklam arası dizi izliyoruz"
67074;;"2021-09-27 05:52:34";"Reklamlar dayanılmaz"
67075;;"2021-09-26 10:27:02";"İçerikler fena degil. Ebru karaduman, Zeynep tokuş, Bennu gerede gibi isimlerle bi degisim icinde sanki puhu. Ama hic bir icerigi takilmadan izleyemiyorum. Tam sorun nedir bilmiyorm ama 30 dk lik bi videoda 3 kez takilip 2 kez basa alinca insanin izleme istegi kaciyor. Diger online platformlarda bu sorunu yasamadigimi da belirtmek isterim. Netfilx ve bein connet gibi. Yani sorun benim internetimde yada tv mde degil"
67076;;"2021-09-26 03:13:44";"Siz hepiniz arzum robotek 3 dakikada bir uzun reklam berbat bir uygulama"
67077;;"2021-09-25 12:59:04";"Uygulama deneyimi güzel. 4k destekliyor."
67078;;"2021-09-25 08:46:12";"Artık calismiyor"
67079;;"2021-09-24 22:36:30";"Bu yorumlar bi tarafiniza mi batiyorda siliyorsunuz 3. Yorumu yaziyorum REKLAM ÜZERİNE KURULMUŞ UYGULAMA... uygulamanıza ..... reklamlar bi tarafınıza batsın... inşaallah çöker uygulamanız..."
67080;;"2021-09-24 21:06:31";"Art arda 4 reklam koyarak bize dizi kadar reklam izletiyorsunuz ama hiç değilse bedava."
67081;;"2021-09-24 21:04:47";Rejlam
67082;;"2021-09-24 15:29:20";"Sifır bir dizisi olsa tamam güzel bir uygulama"
67083;;"2021-09-24 14:20:25";"Puhu tv yi yeni keşfettim benim de yer aldığım preje yayınlandı mutlu oldum"
67084;;"2021-09-24 12:57:57";"Hakikaten çok reklam var bu reklamları kaldırsa iyi olur"
67085;;"2021-09-24 09:22:45";"Hata veriyo izleyemiyorum"
67086;;"2021-09-24 09:12:27";"Reklamlardan sonra tuş kilidi tak kapniyor açıyorsun siyah ekran reklamlardan sonra uygulamayı çalıştıracak teknolojiniz yoksa o reklamları koymayın dakka başı yıllardır aynı"
67087;;"2021-09-24 06:40:05";"Çok güzeldi dizi"
67088;;"2021-09-23 16:45:27";"Bu neyin reklamı terbiyesiz herifler insanlarla dalgamı geçiyorsunuz bide zorunlu seyrettiriyorsunuz 40 saniye"
67089;;"2021-09-23 12:26:19";"5 dakika da bir reklam çıkıyor izlenmiyor."
67090;;"2021-09-23 06:13:32";"Uygulama on numara reklam izlemek için çok iyi"
67091;;"2021-09-22 21:48:23";"Reklam izlemekten kaldığım dakikayı bulamıyorum reklam tabi ki olacak ama bu kadar da olmaz"
67092;;"2021-09-22 19:51:38";"Ağız tadıyla bi reklam izliyemedik dakikada bir araya behzat ç diye birşey giriyor"
67093;;"2021-09-22 18:12:07";"Ucretsiz uygulama reklam vererek para kazaniyo yapacak bisey yok"
67094;;"2021-09-22 14:13:12";"ya insan mısınız şu reklamları azaltın Allah için bu nedir ya her 10 dakika 1 reklam"
67095;;"2021-09-21 10:41:06";"reklamınız batsın bi izleyemedik yaaaaa"
67096;;"2021-09-21 09:50:26";Reklam....
67097;;"2021-09-21 07:50:36";"Tam ağız tadıyla reklam izliyecem araya behzat ç diye bişey giriyor zırt pırt"
67098;;"2021-09-21 03:11:02";"Çok teşekkür ediyorum gerçekten çok güzel bir uygulama yapisinz sizin sayenizde yutubda olmayan dizilerimi izleye biliyorum mesela kara sevda çok güzel elerinize salk (ʘ‿ʘʘ‿ʘʘ‿ʘ"
67099;;"2021-09-20 17:50:54";"Videolar Youtube daki gibi cep telefonundan tv ye aktarılabilmeli. Ayrıca smart tv deki uygulamanız çalışmıyor. Hata kodu.4 yazıyor"
67100;;"2021-09-20 09:47:34";"Mukemmel uygulama"
67101;;"2021-09-20 04:56:12";"Kanser ettiniz beni amk sinirden telefonun ekranını kırdım sokucam reklamınıza ya lan bi dizi izletmediniz amk dizi 2 saat 1 saat reklam sürüyo bune amk zırt pırt 2 dakika da bi reklam çıkıyo ya böyle dizimi olur ya sinirlerim bozuldu cidden yapıcağınız programa tüküreyim cidden ya 2 dakika diziyi izliyorum direk reklam çıkıyo lan madem reklam koycan 45 dakika 1 saat arayla koy 30 tane reklam ne"
67102;;"2021-09-19 23:03:06";"3 dakikada bir reklam olmaz bida üstelik ileroye nezaman sarsam ust üste reklam koyuyorsunuz kaçak Google sitelerinden izlerim daha iyi"
67103;;"2021-09-19 10:55:29";"ALLAH RAZI OLSUN FİLMDEN ÇOK REKLAM SEYREDİYORUZ"
67104;;"2021-09-19 08:01:16";"Uygulama çok iyi ne ararsanız var!"
67105;;"2021-09-18 21:27:01";"Çok reklam var"
67106;;"2021-09-18 21:17:53";"Tamam ücretsiz uygulama fakat her 3 4 dakikada bir reklam çıkıyor ya filim kadar reklam izliyorum zevkim içine ediyor yeter artık lanet olsun böyle uygulamaya"
67107;;"2021-09-18 18:58:07";"Cok iyi cukurdan selamlar"
67108;;"2021-09-18 14:49:21";Harika
67109;;"2021-09-18 14:23:13";"İlk çıktığından beri kullanıyorum. Herşey ücretsiz eyvallah ama şu reklamlar ciddi can sıkıyo üyelik sistemi gelsede şu reklamlardan kurtulsak üyelik sistemi getirilse exxenle yarışır"
67110;;"2021-09-18 10:21:47";"Uygulams acilmiyo"
67111;;"2021-09-18 05:29:02";"İzleyeceğiniz film 10 dakikaysa 20 dakikası reklam bi boka yaramaz çok daha başarılı alternatif uygulamalar var onlara yönelin"
129537;;"2018-03-24 08:33:26";"Bulgaristanda neden vermiyo bakalim 😞😞"
128262;;"2017-02-01 14:13:42";Başarılı
126998;;"2017-02-15 09:28:07";"Güzel bir program riv riv yapmayın milletin kafasını karıştırıp diğer dandik programlara yönlendirmeyin tek kelime ile harikulade"
125958;;"2017-03-02 02:34:26";"İyi program ama youtube daki gibi sağa sola iki kere tıklayarak 10 saniye ileri geri sardırma olmalı"
125970;;"2017-03-01 21:51:55";"Tek kelime muhteşem ama bira yeni filim olsa"
124938;;"2017-03-19 12:04:47";"10 numara 5 yildiz sadece size tavsiyem reklamlar olacak tabi nede olsa ucretsiz yapixorsunuz sadece reklamlar devriye girince ses yuksek onu bir hal ederseniz harika olacak herkez parali hizmet yaparken siz kaliteli ve ucretsiz yspmaniz cok iyi birsey puhu tv ye destekleyin...."
122886;;"2017-04-08 01:44:06";"Daha çok dizi lütfen"
121879;;"2017-04-18 16:13:36";"Adı efsane,Söz vb dizilerinde eklenmesiyle çok güzel bir program olur.Allah razı olsun"
121088;;"2017-04-25 12:22:06";Kullanışlı
120096;;"2017-05-05 23:08:33";"Tek kelimeyle harika bir APK"
119318;;"2017-05-15 14:25:08";"Cok reklam var . Eskiden cok guzeldi fakat simdi 5 dakikada bir reklam giriyor ve bu da sinir bozucu izledigim film kesilip duruyor adam gibi izleyemiyorum..."
118546;;"2017-05-24 17:07:37";"Yeni cikan dizilerde eklensin"
117780;;"2017-06-03 13:56:43";"Allah yapımcısına ne muradı varsa versin"
117020;;"2017-06-11 18:34:20";güzelmiş
126223;;"2017-02-25 20:16:23";"İğrenç sürekli donuyor   hiçkimse yüklemesin"
115719;;"2017-07-08 20:42:30";"Bu da bozuldu. Tebrik ederim."
114976;;"2017-08-10 06:19:57";"Dizi izleyelim diye giriyoruz reklam izleyoruz resmen"
114438;;"2017-09-12 13:25:56";Süper
126240;;"2017-02-25 17:44:22";"Kesinlikle başarılı..."
113177;;"2017-10-30 21:49:45";"Harika bir uygulama"
112652;;"2017-11-11 20:31:22";Perfect
112131;;"2017-11-22 23:18:23";Başarılı
112154;;"2017-11-22 17:11:48";"Puhu Tvden çok memnunum fakat reklamları biraz azaltabilirseniz çok güzel olur"
112156;;"2017-11-22 16:33:04";"Smart tv ler için uygulama apk yapsanız super olur"
110592;;"2017-12-22 13:29:32";"Reklam reklam reklam Allah belanizi versin beee tv de bile bu kadar reklam yok bune ya"
110087;;"2017-12-26 13:19:18";"💢Reklamları Kaldırın Bize Yeter💢"
109586;;"2018-01-04 08:17:54";Muhteşem
109089;;"2018-01-15 22:37:34";"Neden youtubeden degilde burdan izleyen salaklar var"
117277;;"2017-06-09 19:48:40";Mükemmel
108294;;"2018-01-22 23:29:52";"Çok zel"
107808;;"2018-01-28 22:11:24";"Harika bi uygulama"
111136;;"2017-12-17 09:58:07";"Bu kadar sık reklam nedir arkadaş 10 dk videoda 5 reklam gördük"
107032;;"2018-02-08 20:38:45";"Fena guzel"
111654;;"2017-12-05 18:03:48";"Mükemmel siniz"
106268;;"2018-02-18 21:39:32";"Güzel ama daha çok film eklenmeli"
106764;;"2018-02-13 08:19:55";"SÜPER GERÇAKTEN!!!"
124418;;"2017-03-29 21:33:50";"Müthiş bir uygulama yapanlarin eline saglik"
105234;;"2018-03-07 18:27:15";"Gerçekten çok iyi bir uygulama sadece tek sıkıntı reklamlar ara yerlerinde çok sık reklam olması ve uzun süreli olması"
123913;;"2017-04-01 11:12:59";"Çok başarılı!"
120593;;"2017-05-02 06:12:22";"Cok guzel"
104219;;"2018-03-21 20:51:15";"Az dizi var biraz daha dizi eklenmeli onun dısin da cok kullanisli"
103944;;"2018-03-24 14:21:19";"Tek kelime sper😍😍😍😍"
106773;;"2018-02-13 04:37:48";"Çok fazla reklam var"
122140;;"2017-04-15 14:45:02";"Bir de eski filimler olsa çok güzel . Mesela Türk'ün uzayla imtihanı"
124428;;"2017-03-29 18:38:15";"Seni anlatmaya omur yetmez harika bir uygulama play store acildigindan bu yana gordugum en iyisi bu. Emegi gecenlerden allah razı olsunn 10 numara 5 yıldız👍👍👍👍👏👏👏"
102689;;"2018-04-11 17:14:09";"Bu şekilde devam"
102424;;"2018-04-18 10:51:38";Harika
102161;;"2018-04-26 18:58:19";"Uzun zamandır kullanıyordum fakat donması dışında artık sürekli hata 
veriyor açılmıyor falan her sebebi neyse artık dayanılmaz bir hal aldı"
101900;;"2018-05-06 01:40:03";"Çok iyi"
101641;;"2018-05-15 18:42:08";"güzel fakat artık sanür koyuyorlar eskiden yoktu"
101385;;"2018-05-25 14:21:36";Kaliteli
101131;;"2018-06-02 10:43:30";"diziler cok iyi ama 10 -12 bölüm.tv de yıllarca süren var."
100879;;"2018-06-07 20:40:17";"Ful rekklam siktiredin i drirmeyin"
100629;;"2018-06-11 19:05:46";Süper
100381;;"2018-06-18 23:10:35";"Durdur yürüt ilerlet tam ekran falan yapamaz oldum. Ekrana tıklayınca 
gelmiyor"
100126;;"2018-06-22 17:19:33";Müykemmel
127770;;"2017-02-08 17:38:32";"Sansürsüz, kesintisiz, full hd,reklamsız ve ücretsiz. Daha iyisi olamaz !"
116004;;"2017-06-27 11:07:32";"çok güzel ama isimsizler yok ya"
108048;;"2018-01-25 18:47:33";"Tek kelimeyle mükemmel ! Çukuru izlemenizi tavsiye ederim..."
118561;;"2017-05-24 12:17:40";"Ya tamam puhu TV güzel ama indirmek için de bir şey olsaymis çok iyi olurmuş lütfen bunu göz önüne alın"
99077;;"2018-08-08 01:56:31";"Kardeşim güncellemelerden sonra reklamlar girdiği zaman filmleri 
oynatamıyorum"
98841;;"2018-08-20 15:06:39";"çok başarılı"
121614;;"2017-04-21 17:14:19";"Very perfect"
107271;;"2018-02-04 21:38:09";"Her şey iyi ama çok duraklıyor.."
104994;;"2018-03-11 16:13:02";"Şuan en iyi Türkçe dizi uygulaması. İleride daha fazla dizinin eklenmesini bekliyorum."
98068;;"2018-09-27 20:30:08";"Reklâmlar o kadar güzel ki diziyi izlemiyorum hep reklam"
119836;;"2017-05-08 12:35:00";"Çook güzel bir uygulama"
115987;;"2017-06-28 17:41:55";"Şevkat yerimdar da olsa çok güzel olur degerlendirirseniz çok sevinirim"
97541;;"2018-10-22 20:43:17";"Muhteşem çok iyi çok kaliteli bir Program ve zengin içerikli."
97319;;"2018-10-30 11:33:10";"Puhu TV de istediğim dizilerin çoğunu bulabiliyorum ama keşke Fox TV de ki dizilerde olsa"
96006;;"2018-11-06 21:13:34";"Gideri var"
127011;;"2017-02-14 23:26:43";"Reklam gelirse puanı 1 düşürürüm ona göre şu an efsane 😉😉"
103446;;"2018-03-29 23:41:42";"İyi bir uygulama"
95498;;"2018-11-29 12:44:56";"Güzel ama reklam çıkmasa daha iyi olur."
116769;;"2017-06-13 20:30:59";"Çok güzel bi uygulama tebrikler"
99349;;"2018-07-26 06:49:07";"Çok güzel bir uygulama"
95005;;"2018-12-22 12:57:15";"Internet sitesinde bile daha az reklam veriyor insani diziden soguttunuz 10 dk da bi zorunlu reklam izletilmez ya 2 tane koyarsin 3 tane koyarsin bu programda resmen reklamin ustune dizi cekmisler"
120591;;"2017-05-02 06:35:33";"Harika bir uygulama bide reklam olmasa daha iyi olur💙💜"
94729;;"2019-01-03 20:22:03";"Süper bir uygulama"
122402;;"2017-04-13 08:36:36";Perfect
92957;;"2019-01-22 14:24:19";Gozel
103181;;"2018-04-02 14:31:39";"Çook iyi bir uygulama tavsiye ederim kacirdiginiz dizileri istediginiz zaman izilyeyebirisiniz burdan emek harcayanlara teşekkür ederim"
92689;;"2019-02-03 12:07:52";"kiralık aşk dizisinin 2.bolumu açılmıyor bu sorun duzeltilirse beş yıldız vereceğim.Lütfen bu yazdıklarımı dikkate alınmasını rica ederim."
121348;;"2017-04-22 22:06:22";"Görüntü kaliteside dahil herşeyi ile begendim."
92425;;"2019-02-12 13:42:58";"en kalitelisi bu sayın izleyiciler"
108065;;"2018-01-25 13:48:34";"Mükemmel bir uygulama teşekkürler 🙏"
92165;;"2019-02-19 22:56:17";süper
108555;;"2018-01-20 08:55:04";"Çok İnternet Yemese iyi Aslında"
91909;;"2019-02-28 14:17:05";"harika kaçırdığım dizileri izliyorum"
107286;;"2018-02-04 16:35:17";"Çok güzel yapılmış"
91657;;"2019-03-08 13:55:55";süper
104736;;"2018-03-16 15:53:06";"Televizyona mahkum olmaktan kurtardı bizi"
89873;;"2019-03-19 23:50:58";"bende insanım"
112389;;"2017-11-17 17:13:33";"Çok güzel bir uygulama"
89629;;"2019-03-31 16:50:04";"İzlemek büyük bir zevk verdi. Teşekkürler puhu tv. .."
112402;;"2017-11-16 23:19:09";"Reklamlar hariç uygulama gayet harika"
123653;;"2017-04-02 08:00:53";Super
92454;;"2019-02-12 00:42:53";"tüm kaçırmış oldugum dizi ve tv programları ni burda izleyebildigim icin teşekkürler"
109860;;"2017-12-30 12:20:26";Guzel
89096;;"2019-04-20 22:59:58";"harikaa bi site"
108835;;"2018-01-17 21:25:44";"Mükemmel program donma olmadan kacirdigim dizi leri keyifle izliyorum"
88867;;"2019-04-30 03:48:42";"Tek Kelimeyle Mükemmel Yabancı dizileri de görmek isteriz puhutv de olurs daha güzel olur Teşekkürler yine de başarılı bir iş yapıyorsunuz"
119845;;"2017-05-08 09:38:21";"Çok reklam oluyor ve hiç sevmedim birşey burda reklam izledikten sonra size gerek yok bunu gereği yapılsın"
118808;;"2017-05-22 07:32:01";"Tek kelimeyle mükemmel"
88587;;"2019-05-14 01:35:28";güzel
114176;;"2017-09-26 14:55:07";Harikaaaa
121637;;"2017-04-21 15:17:32";"Çok iyi bir uygulama :)"
112421;;"2017-11-16 18:04:43";"Sadece yerli dizileri izlertiriyor yabancı diziler gelsin"
106779;;"2018-02-13 02:00:52";"Muhteşem bi uygulama tebrikler"
86562;;"2019-05-22 15:13:12";"olabilecek en iyisi"
121631;;"2017-04-21 15:57:05";"Çok güzel"
104465;;"2018-03-20 00:39:34";"Mükkemmel harika süper daha nediyeyim"
86299;;"2019-05-28 12:23:49";guzel
98335;;"2018-09-18 15:00:33";Nice
123148;;"2017-04-05 17:28:23";"Yabancı diziler ve son cıkan turk dizileri eklensee cook cokk iyi olure"
86043;;"2019-06-04 23:27:12";"çok güzel olmuş herkese tavsiye ediyorum"
112418;;"2017-11-16 18:22:33";Mükemmel
102660;;"2018-04-12 14:26:51";İyi
85797;;"2019-06-15 13:32:18";"İnanılmaz derecede reklam çok arttı ben dizi yerine reklam izliyorum diyebilirim lütfen düzeltin şunu!!!!"
128777;;"2017-01-26 18:56:53";Harikaaaaa
99340;;"2018-07-26 14:55:08";"Uygulama güzel fakat filmler ve diziler yükleniyor gözüyor ve açilmiyor"
116238;;"2017-06-20 11:31:55";"Ya hiçbir şey çalışmıyor, herhangi bir diziye tıklıyorum internetim full çektiği halde açılmıyor. Lütfen bu sorunu bir dahaki güncellemede düzeltin."
85511;;"2019-07-01 18:12:10";"güzel bir uygulama ama keşke yabancı yapımların Türkçe ve İngilizce altyazı seçeneği de olsaydı"
121627;;"2017-04-21 16:24:19";"Tv de izleme özelliği gelse süper olur"
108327;;"2018-01-22 19:36:29";"Tek parça diziler için teşekkürler"
82463;;"2019-07-19 21:13:44";"Uygulama açılmıyor. Uygulama açılsa diziler açılmıyor"
116235;;"2017-06-20 11:46:29";Güzel
97815;;"2018-10-09 13:48:46";"Şu ana kadar görmüş olduğum en verimli program"
111910;;"2017-11-27 21:50:58";"Internetten tek tek dizi bakma derdinden kurtulduk... efsane..."
82192;;"2019-09-01 09:09:58";"Diriliş Ertuğrul dizisinin olmadığı bir uygulama En popüler dizi olmasına rağmen o yüzden beğenmedim DİRİLİŞ SİZ BİR UYGULAMA OLAMAZ!!!! ( BENCE)"
88843;;"2019-05-01 10:23:03";iyi
99613;;"2018-07-15 19:30:49";"Ya sen anlat karadeniz yok"
116995;;"2017-06-11 22:08:42";Süper
81929;;"2019-10-02 11:05:46";"Bu halini korursa çok yürür bu platform. Teşekkürler 2 Ekim 2019 Edit: Uygulamanın amına koydunuz tebrik ederim sanal tuşlar gizlenmiyor son güncellemeyle Note 8 cihazımda ayrıca yerli yersiz uygulama kapanıyor."
99355;;"2018-07-25 21:31:49";"muhteşem bir uygulama"
100102;;"2018-06-23 18:27:34";"Reklam az ve de daha fazla dizi film olsa cok daha iyi olacak gibi.yani 
yeme de yanında yat misali;)"
122917;;"2017-04-07 20:16:32";"Ben aşırı sevdim herkese öneririm ama Vodafone'liler karlı çıkacaktır"
81671;;"2019-10-19 19:50:13";"Kalite değiştiremiyotum uygulamadan atıyor"
88845;;"2019-05-01 09:20:06";"çok iyi ve güzel düşünülmüş bir uygulana"
129700;;"2017-01-31 08:02:21";"Cok beyendim"
115495;;"2017-07-15 04:50:54";"Internet baglantimda bi sorun yok ama hiçbir film yüklenmiyor şunu bi düzeltin artık"
81420;;"2019-11-08 10:25:34";"Foss diyorum başka da birşey demiyorum!"
113675;;"2017-10-24 01:02:04";"Böyle güzel bir uygulama için tabiki de 5 yıldız 😊"
97297;;"2018-10-31 09:12:34";"Eşkiya dünyaya hükümdar olmaz için indirdim yok"
109067;;"2018-01-16 05:14:21";Guzel
81177;;"2019-12-01 17:32:25";"Uygulama açılmıyor"
111376;;"2017-12-12 23:00:08";Tebrikler
104475;;"2018-03-19 23:53:32";"Tek kelime EFSANE"
80933;;"2019-12-10 07:21:14";"Merhaba, Huawei EMUI 10 sürümünü yükledim. Bu güncellemeden sonra puhutv uygulamasını açmaya çalıştığımda ilk giriş ekranında bikaç saniye bekleyip uygulamadan atıyor. Kaldırıp tekrar yükledim sorun aynı. Depolamadan verileri sil diyerek tekrar denedim yine sonuç aynı."
121857;;"2017-04-18 19:26:36";Best
122642;;"2017-04-10 10:43:50";"Bence çok güzel"
98821;;"2018-08-21 22:02:17";Mükemmel
113157;;"2017-10-31 12:30:27";"Reklamlardan Dizi İzlenmiyor  Abartılı reklam var"
80656;;"2019-12-28 12:09:35";Efso
106018;;"2018-02-23 06:39:09";"Çok güzel bir platform canlı tv lerde gelse iyi olur"
119070;;"2017-05-19 07:57:36";Muhteşem😇😇😇😇
103206;;"2018-04-01 20:01:41";"Bu uygulama çok güzel"
128027;;"2017-02-04 12:30:11";"Güzel bir program"
80406;;"2020-01-22 20:32:24";"Reklam mı izliyoruz film mi anlamadım rezalet"
94976;;"2018-12-23 22:02:21";"Tek eksigi netflixte ki gibi telefona bölümleri indirip ,internet yokkken de izlemee ozelligi . Eger o da gelirse cidden muhtesem olucak . Lutfen indirme secenegi gelsinn"
112903;;"2017-11-07 12:14:22";"On numara beş yıldız"
106250;;"2018-02-19 10:24:55";"Çok iyi"
80161;;"2020-02-14 14:39:34";"Güzel ama bazı filmlerde donuyor ve tekrar başlıyor sonra tekrar başlıyor bu soruna bi çare bulun lütfen"
111884;;"2017-11-28 13:52:48";"Şu anda yükleme aşamasındayım yüklendiğinde bakacağım lütfen yabancı film ve diziler izlenebilsin eğer izlenmiyorsa sizden rica ediyorum😁😁😊😊☺"
86026;;"2019-06-05 20:00:49";"güncel olması Iyi ama biraz görüntü kalitesi düşüyor. yinede mükemmel"
127755;;"2017-02-08 19:46:59";Süper
115233;;"2017-07-25 12:48:24";"Oneririm arada donmalar oluyor ama oda normal mukemmeli beklemeyin"
79907;;"2020-03-10 20:09:49";"Bi dizi izleyeyim dedim reklam üstüne reklam. Bir tane de değil. üç reklam peşpeşe gelince başlarım dizisine deyip uygulamayı kapattım. Yorum yazdıktam sonra da kaldırıcam uygulamayı. Tamam reklamlardan kazanacaksınızda abartmayın."
117287;;"2017-06-09 18:12:57";"Keşke daha fazla dizi olsa"
111393;;"2017-12-12 18:11:09";"Son zamanlarda kendi kendine kapanıyor ve player takılıyor. Başlat durdur tusu kayboluyor ve cikmiyor"
116775;;"2017-06-13 19:27:03";"Söz dizisi eklense cok guzel olur fazla bir faydasi olmuyor bu yuzden"
102408;;"2018-04-18 20:20:17";"Her kanaldaki diziler yok onlarda olursa güzel olur bence yine de emeginize 
sağlık"
121863;;"2017-04-18 18:18:52";"Gayet güzel✌👍"
79624;;"2020-04-01 11:40:05";"çok reklam var amk"
89367;;"2019-04-12 22:01:25";"tv deki bütün dizileri görmek isterdim ama belli başlı diziler var hepsi yok o yüzden tam isteğimi karşılamıyor."
116224;;"2017-06-20 15:47:00";"Gayet başarılı"
102409;;"2018-04-18 20:03:41";"Reklamla karşılaşmadım ama hasas sarma özelliği gelse çok daha iyi bir 
duruma gelir Teşekkürler"
121864;;"2017-04-18 18:17:27";"Tek kelimeyle çok başarılı 👍"
76296;;"2020-04-19 11:45:55";"Ya şu amk reklamları kaldırın 20 dk 1 reklam var"
80919;;"2019-12-11 05:29:45";"Diziler yüzünden reklamları izleyemiyoruz. Tam dizi bitti artık rahatlıkla reklam izleyebilir diyorsunuz ki araya dizi giriyor. Dizi açıyorum 4 tane reklam, reklam bitiyor kaldığım yeri bulmak için süreye tıklıyorum 4 tane reklam, izlemeye başlıyorum 2 dakika sonra 4 tane daha reklam. Reklam koymayın diyen yok zaten koymak zorundasınız ama bunu bi düzene sokun. 3 4 tane reklamı peşpeşe koymak yerine 10 dakikada bir 1 tane reklam koyun."
122630;;"2017-04-10 15:33:01";"Çok güzel teşekkürler"
108547;;"2018-01-20 10:37:29";"çok beğendim çok güzel bir uygulama yapanların eline sağlık"
106254;;"2018-02-19 07:29:02";"Çok güzel bir uygulama ❤"
76068;;"2020-05-09 23:06:54";"Çok güzel"
120351;;"2017-05-03 19:25:01";"Tek kelimeyle Number one 👈👍👍👍"
81164;;"2019-12-02 12:24:12";"Reklarda yayın donup kalıyo yazık o kadar yatıtım yapıuosunuz..."
107537;;"2018-01-31 22:35:12";"Aradığım herşey"
95774;;"2018-11-18 10:22:00";👍
106255;;"2018-02-19 07:19:55";👍👍👍
75813;;"2020-06-09 10:35:02";🌸
75776;;"2020-06-17 19:04:14";"Samsung 65Q80TAT TV aldım fakat store da puhu TV yok.Nasil yükleyebilirim ."
113676;;"2017-10-24 00:21:07";"Çok iyi"
85785;;"2019-06-15 22:24:23";"videoları açacak diye sabaha kadar bekleyelim böylesine berbat bir alt yapıyla bide tam ekran yok video formatını 1x1 yapan kafanıza edim 16:9 format olmadan video atıyosunuz mal gibi iş yapmışsınız. 6 inc ekranın ortasında dizi izliyoruz yapacagınız programın ben. Reklamıda cabası. Reklama dizi eklemişsiniz reklamdan dizi izleyemiyoruz geç butonu yok yarım saat reklamı izlemek zorunda bırakıyosunuz. Yapacagınız işi .ikim"
92677;;"2019-02-03 22:27:09";harika
102412;;"2018-04-18 19:18:33";"Önceden indirip çevrimdışı izle özelliği gelirse iyi olur. Birde dip 
dizisinin 4. Bölümü ne zaman yüklenecek hergün girip bakmaktan sıkıldım."
119306;;"2017-05-15 16:23:29";"biz seyircilerin psikolojik sorunları var zaten.puhutv ye sadece reklam izlemek için giriyoruz.bu sebeple bu kadar reklam az.daha fazlasını bekliyoruz.! 1 dk dizi  10 dk reklam istiyoruz!!!"
75534;;"2020-08-29 14:19:06";"Çok güzel bir uygulama yorumlarda gördüğünüz reklam çıkınca filmden çıkıyor çok donuyor bende olmuyor sizde oluyorsa bilmem sadece bazen aradığım filmleri bulamıyorum"
110349;;"2017-12-24 01:21:51";"1 dk video 20 sn reklam"
124690;;"2017-03-24 19:04:49";"bütün dizileri istiyorum mesela no 309"
109330;;"2018-01-10 14:05:30";"Harika aradığım bütün dizi ve filmleri burada buldum☺☺"
122911;;"2017-04-07 21:04:06";Harika
127509;;"2017-02-11 22:19:03";"10 numaraa"
129309;;"2017-01-18 13:47:51";"Gayet güzel :)"
75269;;"2020-09-30 16:32:02";"Hiç sıkıntı yaşamadan hd şekilde izleme mutluluğu #puhutv . Teşekkürler 😊"
109833;;"2017-12-30 21:19:19";"Şuraya poyraz Karayel dizisinide ekleseniz 10 numara 5 yıldız olucak bence eklemenizi tavsiye ederim hatta ekleyin teşekkürler 😄"
123667;;"2017-04-02 06:17:05";"Cok guzel bir uygulama yapanin ellerine saglik butun dizileri izliyebiliyorum bununla :)"
86821;;"2019-05-18 23:30:33";teşekkürler
121373;;"2017-04-22 20:08:42";"Fi mükemmel"
123161;;"2017-04-05 15:35:59";"Çok beğendim"
123680;;"2017-04-02 02:13:47";"Sinema ve yabancı dizi içeriği biraz daha zengin olsa çok güzel olur"
75021;;"2020-10-18 09:17:01";"videolar cok donuyo ve goruntu kalitesi cok kotu daha once boyle degildi uygulamayi silmistim simdi tekrar yukluycem umarim duzelmistir"
128803;;"2017-01-26 11:42:44";"Gayet Başarılı"
125983;;"2017-03-01 19:02:01";"pozu,u y"
106790;;"2018-02-12 23:58:04";Süper
97573;;"2018-10-21 05:25:43";💞👌
122119;;"2017-04-15 18:39:13";"Yapanin eline sağlık"
67328;;"2021-07-27 01:59:13";"Reklamlardan filmi izleyemediğiniz Chromedan girince sürekli görüntüyü kaybeden uygulama"
67329;;"2021-07-26 22:27:58";"Açıyorum direk atıyor puhutv durduruldu diyo eskiden çok memnundum"
67330;;"2021-07-26 16:54:31";"Cok sacma bir sekilde 5 kez reklam geliyor ust üste bu nasıl uygulama o Yıldızida haketmiyor"
67331;;"2021-07-26 14:20:47";"Neden film ve dizi koydunuz ki anlamıyorum. Ne güzel reklam izliyoruz film ve diziler ile bölmeyin reklam keyfimizi. 2 saatlik reklam açıyorum 4-5 dakikada bir film çıkıyor 😀. Sildim gitti."
67332;;"2021-07-25 16:22:49";"Güzel ama zırt bırt reklam çıkıyo bide donuyo"
67333;;"2021-07-25 12:38:55";"Reklamlarınızın sizin de Allah belasını versin"
67334;;"2021-07-25 08:05:09";"Leş gibisin bu reklam işini çok abarttınız mobilden kullanmayın eğer bilgisayarınız varsa chrome uygulamasından addguard eklentisini kullanarak izleyin yoksa hiç bulaşmayın üç gün sonunda silmek zorunda kaldım oturun reklamınızıda dizinizide kendiniz izleyin"
67335;;"2021-07-25 06:59:20";"Arada dizi ya da film de izlemenizi sağlayan güzel bi reklam uygulaması. Bir de filmlerde dizilerde alt seviye olan ses neden reklamlarda patlıyor anlamıyorum. 1 saatlik program reklamlar sayesinde 2 saatte bitti. Diğer uygulamalardaki gibi reklamı atlama özelliği de yok."
67336;;"2021-07-25 06:39:32";"Sürekli Bağlantı hatası veriyor sunucularınızı dahada kuvvetlendirin"
67337;;"2021-07-24 22:34:19";"Yemin ederim reklammı izliyorum dizimi izliyorum belli değil. Reklamı atla seçeneğide yok, illaki 30 saniye boyunca izleyeceksin o reklamı. Dakika başına 30 saniyelik reklammı olur arkadaş bu nedir böyle ya"
67338;;"2021-07-24 22:33:33";"Reklam izlemeye giriyorum araya sürekli film giriyor film izlemekten reklam izleyemiyorum yapacağınız işin.............."
67339;;"2021-07-24 21:59:52";"Çok donuyor"
67340;;"2021-07-24 21:26:08";"Ya çok reklam çıyo ve reklam bir dakika be ne ya sevmedim bunu hep reklam bide baya uzun"
67341;;"2021-07-24 10:44:19";"Bir yıldız bile fazla sürekli 60 saniye yada 30 40 saniyelik rekram cikiyor dizinin bir dakikasini izlemeden 5 dakika reklam izletdiler kesinlikle indirmeyin hic guzel degil"
67342;;"2021-07-24 09:45:40";"Size bu bile fazla karaktersizler 3 dk da bir reklam koyuyorsunuz her reklam bir dk dan az değil olurda bu kadar olmaz youtube bile bu kadar reklam koymuyor hazır uygulamanıza girenleri soğutuyorsunuz girmiyorum MK alın tepe tepe kullanın uygulamanızı"
67343;;"2021-07-24 09:37:37";"reklamdan izlenmiyo bune ya"
67344;;"2021-07-23 22:01:05";"Yapacaginiz uygulama batsin"
67345;;"2021-07-23 21:42:21";"60 sn lik reklamlar ve gecemiyorsunuz. O deniz üstü yelkenliler o varya direkleri size girsin . Ezberlettiniz reklamı dandik herifler"
67346;;"2021-07-23 21:11:32";"El insaf be kardeşim bu kadar reklam nedir TV lerde bu kadar reklam arası olmuyor indirmeyin sakın"
67347;;"2021-07-23 20:27:28";"Film izlerken fazla reklam gelmiyorda ileri veya geri satarken reklam gereksiz fazla geliyor"
67348;;"2021-07-23 18:50:38";"Bu kadar reklamlı yapacağınıza ücretli versiyonunuda yapabilirdiniz youtube gibi isteyen üye olurdu, reklamdan göz açılmıyor sildim hiç gerek yok"
67349;;"2021-07-23 18:35:49";"Uye girisim ile dizi izliyorum diziyi yarida bitaktigim zaman tekrar acinca kaldigi yerde devam etmiyor lutfen acilen duzeltirmisiniz"
67350;;"2021-07-23 13:37:57";rezalet.
67351;;"2021-07-23 12:43:59";"Uygulama güzel ama her 5 dakika da bir reklam çıkması çok rahatsız edici sırf reklamların dizi izlerken bu kadar sık çıkmasından dolayı uygulamayı siliyorum reklamkar bıktırdı artık beni"
67352;;"2021-07-23 11:14:29";"Reziiiil bir uygulama. Izleyeceğim diziyi ileri bile saramiyorum reklamdan. Siliyorum hemennn. Ne bu reklam reklam yeter be"
67353;;"2021-07-23 11:05:37";"Uygulamada gerektiğinden çok ama çok daha fazla reklam var iki dakka film başlamadan beş dakika reklam giriyor araya acil olarak bunu düzeltmelisiniz"
67354;;"2021-07-22 23:02:23";"Sürekli hata veriyor flim izlemek imkansız yükleme başarısız cümlesini tüm beynime işledi hakikaten başarısız bir yükleme"
67355;;"2021-07-22 18:08:21";"Tamam reklam koyuyorsunuzda dizi izlerken 1 dklik reklamin tamamini izletmek nedirya ustelik her 10 dk da bir"
67356;;"2021-07-22 17:29:10";"Aşırı kötü arama bile yapılmıyor"
67357;;"2021-07-22 02:06:54";"Nasıl bir uygulama olmuş film değil reklam izliyoruz her 40 saniyede reklam reklam kapatın reklamları ya bu ne rezillik"
67358;;"2021-07-22 02:03:16";"Sürekli 45 saniye reklam sadece reklam üzerine kurulmuş bir uygulamaa tavsiye etmemm kimseye berbat bir uygulama"
67359;;"2021-07-22 00:55:49";"Reklam çok fazla."
67360;;"2021-07-21 21:38:37";"Çok fazla gereksiz izin istiyor. Çağrı bilgilerimize erişme izninin bu uygulama ile ne alakası var mesela? Bu izin size; bizi arayan numaraları veya bizim aradığımız nunaraları öğrenme hakkı veriyor. Ne yapacaksınız, aktif numaraları öğrenip reklâm-pazarlama şirketlerine mi satacaksınız? Nedir bu kadar özel izin? Veri hırsızlığı mı yapıyorsunuz?"
67361;;"2021-07-21 21:35:59";"Reklamlar çok sık ve geçilmiyor. 50 saniyelik geçilmeyen reklam var şaka gibi..."
67362;;"2021-07-21 15:26:30";"Uygulama tamam güzel ama artık yeter burama kadar geldi artık reklamdan dizimi izleyemiyorum yeter artık."
67363;;"2021-07-21 14:02:25";"Uygulama iğrenç böyle boş uygulamalar yapacaksanız you tubeye bölümlü videolar yükleyin artık insanlarla dalga geçmeyi bırakın ve olmayacak işlerle uğraşmayın Yok puhtv iymiş yok showtv iymiş bunlarla uğraşacak zamanım yok elimde olsa 0000000000 verirdim!"
67364;;"2021-07-21 12:47:10";"Daha önce aralarda çıkan reklam 5 dakkada bir çıkıyor gına getirdiniz yapaca"
67365;;"2021-07-21 10:30:33";"Allah'ta sizi bildiği gibi yapsın reklam izlemek için giriyorum artık uygulamaya"
67366;;"2021-07-21 07:43:15";"Güzel bir sey"
67367;;"2021-07-21 06:14:41";"Çok merak ettiğim bir diziyi izlemek için indirmiştim çünkü sadece bu uygulamada yüklüydü. Ama karşıma o kadar çok reklam çıktı ki bu kadar reklam izlemektense diziyi hiç izlememenin daha iyi olacağını düşündüm. Lanet olası reklamlar. Sanki uygulamadan soğutmak için kasıtlı koyulmuşlar gibi..."
129536;;"2018-03-30 12:13:27";Excelent!
128261;;"2017-02-01 14:31:28";"Arka Sokaklar yokkk"
126997;;"2017-02-15 09:56:31";"Süper bence çok ama çok başarılı"
125957;;"2017-03-02 03:30:02";"Harika bir uygulama olmus.Umarım paralı hale getirmezler"
127014;;"2017-02-14 22:14:05";"Aradığım diziler yok yaziyom aradığınız kelime yok çok sacma"
125974;;"2017-03-01 20:55:58";"Uygulama guzel ama ilerde ücretli olursa hiç şaşmam"
122885;;"2017-04-08 02:31:38";Efsane!!
121878;;"2017-04-18 16:39:18";Şahanesinizz!!
121101;;"2017-04-25 09:50:20";"Reklamlarda başladı iyi hoş razıyız. Ama kaldıgın yerden izle hatalı calışıyor. İki saat elimle ayarlıyorum. Düzelmez ise youtuba geri döneceğim. Lütfen düzeltinde kullanayım programı rahat rahat."
120095;;"2017-05-05 23:17:33";Muthis
119317;;"2017-05-15 14:46:47";"kaldığı yerden başlamayarak, geriye kalan bölüm bulmak için ZORLA defalarca REKLAM İZLETİYORLAR"
118545;;"2017-05-24 17:13:06";"Gayet iyisiniz"
117779;;"2017-06-03 14:02:24";"İndirme bekleniyor diyor başka bir şey demiyor"
117019;;"2017-06-11 18:53:28";Harika
127269;;"2017-02-12 21:53:47";"Bence 10 numara begendim"
115718;;"2017-07-08 20:48:43";"Guzel bir uygulama."
114975;;"2017-08-10 10:15:01";"Sçok güzel bir uygulama  İndirin bence tavsiye ederim"
114437;;"2017-09-12 13:32:04";Müthiş
127501;;"2017-02-12 01:34:50";"Poyraz karayel neden yok"
113176;;"2017-10-30 21:59:10";"Şevket yerimde yok çocuklar duymasın yok yok oğlu yok"
112651;;"2017-11-11 20:45:05";Guzel
112130;;"2017-11-22 23:50:26";Harikaaaa
112677;;"2017-11-11 10:20:15";"Jer zaman puhu tv"
112679;;"2017-11-11 10:02:01";"Fi yi izleyemiyorum neden acaba internetten bakiyorum bizim ulkemizde yayinlanmiyormus turk dizisi degil mi ne yayinlanmamasi"
110613;;"2017-12-22 07:11:16";"reklam cok amk reklam"
110086;;"2017-12-26 13:27:58";"Cok izlenen yabanci dizileride bekliyoruz"
109585;;"2018-01-04 08:32:13";Harikka
109088;;"2018-01-15 22:42:07";Beğendim
118041;;"2017-05-31 18:47:17";"Çok fazla reklam var!"
108293;;"2018-01-22 23:38:26";"Muhteşem bir uygulama"
107807;;"2018-01-28 22:14:16";"Aminiza köyüm"
111651;;"2017-12-05 18:42:42";Mükemmel
107031;;"2018-02-08 20:57:17";"ileri sarma ve ses tuşları eklenirse daha da harika olur.."
123159;;"2017-04-05 15:47:03";"Çok güzel olmuş."
106267;;"2018-02-18 21:45:48";"Tek kelimeyle güzel"
127255;;"2017-02-13 02:43:00";"Harika mükemmel fevkalade emeğinize sağlık"
125448;;"2017-03-10 21:01:23";👍👍
105233;;"2018-03-07 18:55:06";"Efsane güzel"
107542;;"2018-01-31 21:45:05";"Herşey için çok teşekkürler"
121382;;"2017-04-22 19:26:23";"Güzel ve önü açık bir uygulama. Çok daha geniş içerikli olması dileğiyle."
104218;;"2018-03-21 20:52:29";"Güzel bir uygulama ..."
103943;;"2018-03-24 14:31:39";"Uygulama çok güzel fakat bazı dizilerin olmaması kötü reklam kapatma olsa çok ta güzel olacak yayından kalkmış bazı diziler yerine oynana dizilerden koyarsanız daha iyi olur"
113419;;"2017-10-27 18:09:59";Efsane
114702;;"2017-08-28 06:35:22";Nice
125458;;"2017-03-10 19:12:50";"Harika istediğim filmi gayet rahatlıkla izliyebiliyom fakat donuyor bazen onada bi çözüm olursa sıkıntı yok ellerinize sağlık dostça kalın"
102688;;"2018-04-11 17:23:53";"Abi bi dizide 6 dan az reklam görmedim madem bu kadar çok reklam koyuyorsun bari hep birlikte ver dizinin içine ediyosunuz bu ne abi"
102423;;"2018-04-18 11:13:47";Güzel
102160;;"2018-04-26 19:00:19";"Çok guzel bi uygulama"
101899;;"2018-05-06 05:44:25";"Sadeçe dizi ve film diyor ama Bir film yazdım onunda diziye çeviriyor"
101640;;"2018-05-15 19:39:33";"Harika bir uygulama elinize kolunuza zekaniza sağlık 👍👍👍👍"
101384;;"2018-05-25 15:04:09";"Şu sansür olayı nedir"
101130;;"2018-06-02 10:43:34";İyiymiş
100878;;"2018-06-07 20:47:46";Başarılı
100628;;"2018-06-11 19:50:37";"Gayet başarılı😉"
100380;;"2018-06-19 02:04:32";"Yabancı dizileride koyun"
100125;;"2018-06-22 17:50:33";"Şu ilerletme geriletme ayarını yapın artık aq televizyon gibi izliyorum 
reklamı filanda var"
129042;;"2017-01-25 00:00:43";"Gayet kullanışlı hoşuma gitti. İçerde yi izlemek için indirdim. Ama arayüz olsun akicilik olsun program güzel olmuş 😂"
116757;;"2017-06-13 22:30:30";"Efsoo sitelerle uğraşmadan rahatlıkla dizi izleyebiliyorum ama yabancı dizi de olsa iyi olur"
111647;;"2017-12-05 20:01:26";"Güzel indirile bilir"
112909;;"2017-11-07 07:16:56";"Yabancı dizi ve filmler de olsaydı harika bir uygulama olurdu"
99076;;"2018-08-08 02:18:33";"Reklamdan sonra film oynamıyor"
98840;;"2018-08-20 16:31:14";"Herkese tavsiye ediyorum"
125981;;"2017-03-01 19:04:25";"Gayet basarili."
121370;;"2017-04-22 20:18:09";"Özellikle fi dizisi harika. Oyuncular çok özenle seçilmiş ve üst düzey oyun sergiliyorlar. Grafik ve tasarım harika. Film seçenekleri daha da fazla olursa mükemmel olur."
103435;;"2018-03-30 05:44:28";"Guzelbuygulama ama savasci yok"
98067;;"2018-09-27 20:41:13";"Güzel uygulama"
124955;;"2017-03-19 06:22:57";Güzel
106008;;"2018-02-23 13:01:55";"Sevkat yerimdar dizisi hiç yoq beqenmedim"
97540;;"2018-10-22 21:12:01";Guzel
97318;;"2018-10-30 12:10:16";Güzell
96005;;"2018-11-06 21:25:00";"1 haftadır açılmıyor uzun zamandır problem siz izliyordum neden böyle oldu?"
126733;;"2017-02-18 14:06:02";"Super daha cok film"
103719;;"2018-03-26 05:57:41";"Cok teklam giriyor"
95497;;"2018-11-29 13:45:25";"Çok güzel ama biraz reklamlar da olmasa süper denilecek bir uygulama..!"
117528;;"2017-06-06 13:51:41";"Mükemmel  😉"
99590;;"2018-07-16 18:42:29";Good
95004;;"2018-12-22 13:20:37";"uygulama iyi ama reklamlar sıkmaya başladı, 1. her öne sardığımda reklam çıkıyor, 2. abi reklamın tamamını niye izletiyorsun ya, koy oraya 10 saniye sonra reklamı geç butonunu sizde rahat edin bizde"
106004;;"2018-02-23 15:15:29";"Uygulama çook ama çok güzel amma bakın görün yarın bir gün buda ücretli olacak kahrolsun kapitalizm"
94728;;"2019-01-03 20:27:39";"payiyaht abdulhamid dirilis ertugrul yok neden kullanmıcam puhu tv ben"
123402;;"2017-04-03 19:01:28";"Çok güzel"
92956;;"2019-01-22 17:33:34";"çok iyi @👏"
103452;;"2018-03-29 22:54:30";"Sade güzel"
92688;;"2019-02-03 15:23:40";"Güzel diziler"
106514;;"2018-02-15 20:06:08";"Bence bundan iyi bir program daha yok 😉😉😉"
92424;;"2019-02-12 13:47:50";"mükemmel hd kalite, reklam yok,ucretsiz harika hizmet 5 yıldızı hakedecek uygulama."
108554;;"2018-01-20 09:13:52";"Çuk güzel harika"
92164;;"2019-02-19 23:01:01";hnbjj.
121350;;"2017-04-22 21:54:44";"Goruntu kalitesi cok iyi"
91908;;"2019-02-28 14:26:31";güzel
111135;;"2017-12-17 10:05:36";"Müthiş bir uygulama"
91656;;"2019-03-08 15:00:18";"Kadın dizisi de olsun"
114695;;"2017-08-28 13:03:51";"Güzel ama küfütleri biplemeyin"
89872;;"2019-03-20 00:52:33";"program dediğin böyle olur başarılar gerçekten."
123138;;"2017-04-05 18:55:27";"Mükemmel çok beğendim dizilerin tekrarı var ve ayrıca yeni başlayan fi  dizisine bayıldım."
89628;;"2019-03-31 16:51:18";👍
98338;;"2018-09-18 14:05:20";Mükemmel
124676;;"2017-03-25 02:54:48";"Puhu tv güzel çok beğendim ücretsiz olması çok güzel hatta netflix ve blue tv den daha güzel ama izlediğim bazı diziler yok ""Arka sokaklar"" dizisi gelirse güzel olur"
98332;;"2018-09-18 15:49:10";"Öyle böyle değil Acayip güzel bir uygulama indirmeseniz hakkımı Size helal etmem"
110364;;"2017-12-23 22:55:29";"Müthiş  Hele de kült dizilerin olması Behzat Ç ve Leyla ile Mecnun gibi"
89095;;"2019-04-20 23:07:06";"diziyi kacirdiginda sonra izliyorum"
111125;;"2017-12-17 13:29:16";Efso
88866;;"2019-04-30 03:49:28";👍
121104;;"2017-04-25 09:13:10";"Reklamlar da olmasa? Yada reklamlar zorunlu izlenecek şekilde verilmese?"
109862;;"2017-12-30 11:51:21";"AROG VAR AMA GORA YOK GORA YI İSTİYORUZ LÜTFEN EN KISA ZAMANDA"
88586;;"2019-05-14 01:47:25";"super super super"
106791;;"2018-02-12 23:48:49";"Dort yildiz verdim bir yildizi reklam icin vermedim cok reklam cikiyor 😞😞😞"
122643;;"2017-04-10 10:31:51";"Indiriyorum bakalım nasıl düşünce çok iyi tebrik ederim"
108057;;"2018-01-25 15:57:48";"Çok güzel bir uygulama"
104704;;"2018-03-17 11:50:21";"Çok güzel bi uygulama gerçekten emeği geçen herkese teşekkür ederim 😊"
86561;;"2019-05-22 15:13:15";"on numara beş yıldız bence yeni bi güncellense güzel olur"
118051;;"2017-05-31 17:08:17";"Tek reklam seçeneği niye çalışmıyor madem çalışmayacak neden böyle bir seçenek var"
129542;;"2019-05-21 05:54:13";"kmayofili var"
86298;;"2019-05-28 12:36:10";süper
91942;;"2019-02-27 15:45:39";"Sansür koymaya devam ederseniz hiç bir albeniniz olmayacak. Sansüre hayır!!!"
105486;;"2018-03-03 22:38:58";"Cok guzel bir uygulama 😊😊"
86042;;"2019-06-04 23:49:51";"güzel bir uygulama"
109346;;"2018-01-09 22:02:29";"Çok internet giidiyoo"
102927;;"2018-04-06 21:59:48";"Çok iyi"
85796;;"2019-06-15 14:12:55";başarılı
116752;;"2017-06-13 23:18:16";"İzleyemiyorum açmıyor videoyu derhal bir çözüm bulunsun güzel uygulama ama neden böyle oldu anlamadim ."
104997;;"2018-03-11 15:55:53";"Fazla reklam var."
116992;;"2017-06-11 22:57:04";"Söz dizisi yok. Benim için bitmiştir."
85510;;"2019-07-01 18:22:22";güzel
95527;;"2018-11-27 20:59:06";"Birşeyler yanlış gitti diyor izleyemiyorum çok dizi fragman denedim ama olmadı uygulamayı sildim tekrar yükledim gene sorun çözülmedi tel samsung j7 sorunu düzeltin lütfen"
105489;;"2018-03-03 21:59:27";"Muhteşem bi uygulama"
82462;;"2019-07-19 23:08:00";😄
97810;;"2018-10-09 17:11:08";"Çok güzel"
99104;;"2018-08-06 13:45:27";"Ha ri ka"
122146;;"2017-04-15 12:51:06";Harika
82191;;"2019-09-01 09:32:56";Güzel
127517;;"2017-02-11 20:37:35";"Durdurulmaması gereken bi program Netflix e türkiyede rakip olmak için atılan en büyük adımlardan biri eğer içerik sağlanırsa ve reklam yapılırsa[sosyal medya destekli gruplar kullanılarak özellikle Meme kültürü desteğini alırsanız tebrikler milyonersiniz!"
99856;;"2018-07-06 18:15:27";süper
121115;;"2017-04-25 05:21:46";"On numara yapan güzel yapmış yükle gitsin hemen"
81928;;"2019-10-02 13:25:31";"Uygulamanın içine ettiniz çok memnundum harikaydı ama iki gündür android tv den dizi film hiçbir şey izleyemiyorum ses var görüntü yok ! Rezalet. Bi' an önce düzeltin."
126747;;"2017-02-18 11:35:59";Bayıldım
100357;;"2018-06-19 21:59:10";"Güzel begendim"
120320;;"2017-05-04 00:12:17";"Tek kelime ile harika..... Söylenecek başka bir söz yok muhteşem ...."
81670;;"2019-10-19 20:36:24";"Bende görüntü kalitesi hep düşük yükseltemiyorumda"
128794;;"2017-01-26 14:25:43";"Her kanalınki olsun"
99615;;"2018-07-15 18:07:04";Güzel
116243;;"2017-06-20 10:40:18";"Daha  hiç  güzel  yanı  yok Kardeş"
81419;;"2019-11-09 12:21:01";"Cok reklam var"
108829;;"2018-01-17 22:04:24";"Güzel uygulama 😊"
119047;;"2017-05-19 12:30:00";İyi
111128;;"2017-12-17 11:48:46";"Reklamlardan bıktım sırf bunu söylemek için geldim buraya azaltın biraz yoksa gerçekten silicem"
81176;;"2019-12-01 17:35:40";"Android 10 Mİ9 de çalışmıyor güncelleyin zahmet olmazsa"
92936;;"2019-01-23 17:21:37";"Çok Güzel bir uygulama"
126213;;"2017-02-25 21:54:05";"Cok iyi"
80932;;"2019-12-10 10:32:31";Güzel
125969;;"2017-03-01 21:54:40";Super
119048;;"2017-05-19 12:17:27";"Çok fazla reklam veriliyor. Lütfen bunu kisitlayin"
112385;;"2017-11-17 18:38:58";Efsi
113686;;"2017-10-23 19:30:40";"Bence süper"
80655;;"2019-12-28 14:39:17";"Eskiden çok iyiydi ama boklaşmaya başladı 1.olarak neredeyse bütün filmleri dizileri kaldırmışsiniz 2.olarak görüntü ayarlanmıyor bune amk"
110870;;"2017-12-19 17:46:01";"Tesekkurler puhu tv"
95243;;"2018-12-11 08:17:41";"Harika bir uygulama teşekkürler"
116742;;"2017-06-14 04:08:32";👍👍👍👌👌
129301;;"2017-01-18 21:10:01";"Bune cesaret yarabbi seni tanımak istiyorum yiğidim"
123166;;"2017-04-05 15:14:17";"Mükemmele yakın 🤔🤔🤔🤔🤓🤓"
86025;;"2019-06-05 20:35:32";"on dk ya bir 30 sn bip reklamı internetten açınca yoktu uygulamayı indirdim hep reklam"
95267;;"2018-12-09 21:48:44";"Fi ❤️"
125444;;"2017-03-10 22:21:17";"Cidden çok kaliteli bir uygulama eski filmleri hd kalitede izlemek dönemin moda dizileri eksiksiz tüm bölümlerinin olması cidden çok hoş olmuş tek eksik ona da eksik deneme ama kanal d dizileri yok onunda sebebi belli onların blue TV si var bizim puhu :) Emeğinize sağlık."
80160;;"2020-02-14 14:39:50";"Çok güzel bir uygulama kesinlikle tercih ederim istediğim diziyi heran her yerde full olarak izleyebiliyorum"
86543;;"2019-05-22 22:57:55";Mükemmel
126245;;"2017-02-25 16:20:27";"Tabletimde zor video izliyorum ama diriliş Ertuğrul izleyim dedim bir kere bile durmadı o yüzden 5 yıldız"
95268;;"2018-12-09 21:29:51";Guzel
106251;;"2018-02-19 08:27:05";Muhteşem
79906;;"2020-03-10 20:15:56";"Sürekli donuyor ve hata veriyor bir şey izlemek mümkün değil"
80144;;"2020-02-15 12:51:16";"Her şeyi çok güzel fakat flim indirip çevrim dışı izlesek daha iyi olur"
113438;;"2017-10-27 14:42:45";"Yeniz dizilerde eklenmeli."
94755;;"2019-01-02 15:31:31";"Leyla ile Mecnun dizisini izliyorum diye yüklemiştim ama diziyi kaldırmışsınız ben de uygulamayı kaldırdım."
102673;;"2018-04-12 01:49:20";"Çok reklam var onun dışında harika"
122660;;"2017-04-09 22:57:06";"Çok keyifli ..."
79623;;"2020-04-01 13:20:33";"Güncellemeden sonra kalitesi düştü ve eskiden ayarlayabiliyorken artık ayarlayamıyoruz lütfen bu sorunu giderin. 114p de izlemek yetmiyor gibi birde donuyor şaka mı bu"
92934;;"2019-01-23 18:26:33";efsane
106777;;"2018-02-13 03:02:35";Süper
102674;;"2018-04-11 23:05:45";Super
122661;;"2017-04-09 22:47:29";"Hakkını vermek lazım adamlar yapmış helal olsun"
76295;;"2020-04-19 14:18:00";"Ekrani TV ye yansita bilsek ne kadar güzel ne kadar şaheser olur anlatamam"
118036;;"2017-05-31 19:42:57";"Neden tv de yi canli olarak yada vatanim sen sin dizi falan yok ve her kanal olrsa yada belli basli kanallari canli olarak izlersek cok guzel olr ve diyer tv praglarimdan faekimiz olr"
86548;;"2019-05-22 19:43:22";"kafa dengi"
95773;;"2018-11-18 10:40:04";Muhtesem
121374;;"2017-04-22 20:05:29";Süper
76067;;"2020-05-10 11:16:23";"Tamam reklam olsun da bu kadarı da fazla 3 dk da 1 saçma sapan reklam göstermek nedir. Seni ücretsiz kullanacağıma diğer uygulamayı ücretli kullanırım daha iyi"
115459;;"2017-07-15 22:20:52";"Ulan amirime anca burdan bakıyoruz ondada boyuna donuyor internet problemim yok ama paso donuyor  düzeltin artık böyle değildi bu uygulama"
116244;;"2017-06-20 10:16:33";Süper
91940;;"2019-02-27 17:00:50";"reklamlar aşırı uzun. programdan çıktım hala video devam ediyor ama görüntü yok"
98324;;"2018-09-18 18:16:20";Efsaneee
120585;;"2017-05-02 08:10:41";"Ilk yüklediğimde gayet güzeldi şimdi giriş yaptiğımda başarısız diyor. Kaldırdım tekrar yükledim giremiyorum bi türlü düzeltin tekrar..."
75812;;"2020-06-09 11:17:04";"Büyük bir sıkıntım var tabletimle izlerken reklamdan sonra dizi birdaha oynatılamıyor kaldığım yere asla dönemiyorum yeni açıncada reklam çıkıyor çözü lütfen ayrıca eski dizilerin olmamasıda büyük bir eksik alternatif üretin"
75800;;"2020-06-12 07:01:09";"İnternet hızım 65 mbps ve tek yaşıyorum artık siz düşünün"
80643;;"2019-12-30 13:51:41";"Gayet güzel bir uygulama ancak çok fazla yeni dönemin film ve dizileri yok . Ayrıca bazı dizilerin görüntü kalitesi biraz düşük. Yine de izlenebilir ."
106528;;"2018-02-15 19:19:43";"Çok başarılı"
107282;;"2018-02-04 18:09:31";"istedim dizi film bulabilmek phu tv demek"
102677;;"2018-04-11 22:15:02";"Mükemmel ama reklam az olsun"
120084;;"2017-05-06 01:59:02";"Yabancı diziler veya filmlerde eklenmeli bir de şu kaldığım yerden devam etmeyi düzeltmek gerek sürekli dolu orası dizi nittiği halde orda"
75533;;"2020-08-29 17:02:24";"Mükemmel, film ve dizileri ücretsiz sunması harika bir durum"
86284;;"2019-05-28 15:58:38";"çok güzel 5 yıldızı hak ediyor"
103699;;"2018-03-26 13:07:36";"Acayip fazla reklam veriyorsunuz illallah dedirten cinsten ileri sarma lara bile reklam bu kadar olmaz kimseye tavsiye etmem başka uygulamalara bakın derim"
88576;;"2019-05-14 08:19:28";"harika ve muhteşem"
97308;;"2018-10-30 19:18:07";Güzel
106257;;"2018-02-19 04:44:21";Süperrrr
75303;;"2020-09-28 11:54:04";"Çukur 3.sezon 1.bölümü izleyorum"
75268;;"2020-09-30 20:43:56";"Player cok dandik. 1 yildir ayni. 100 mbit internette bile takılma. gifmdin tivibu dan izleyin"
97303;;"2018-10-30 22:44:12";"Neden burdada bipler başladı?"
104986;;"2018-03-11 19:25:03";"Hakkını veren bi uygulama 👏👏👏"
108042;;"2018-01-25 20:10:02";"SUPER uygulama eşkiya dunyaya hukumdar olmaz zida ekleyin"
95777;;"2018-11-18 08:16:11";"Benim için bulunmaz bir uygulama çok teşekkür ederim."
105224;;"2018-03-07 22:10:18";"Aslinda 5 yildiz az."
124703;;"2017-03-24 07:27:38";"Çok iyi bence"
75020;;"2020-10-18 11:11:59";"Android TV kutularından uygulamayı kumanda etmek çok zor hatta imkansız. Yardım lütfen."
128543;;"2017-01-29 20:12:31";"1 yıldız daha eklemememin sebebi kanal d'deki diziler yok mesela benim canımdan çok sevdiğim POYRAZ KARAYEL'im yok bunu eklersiniz o 1 yılızı sizlere seve seve veriririm ama kanal d dizileri neden yok bana açıklarsanız sevinirim teşekkürler"
98050;;"2018-09-28 18:33:45";😎
75804;;"2020-06-11 17:53:35";"Emeği geçen herkese teşekkür ederim muhteşem"
80915;;"2019-12-11 14:51:17";"Xiaomi mi 9 da Puhu sürekli olarak duruyor uyarısı alıyorum güncelleme yaparmisiniz"
99612;;"2018-07-15 19:52:54";Süperr
67584;;"2021-06-16 01:03:54";"Bu ne arkadaş bölümün 30 dakikasına 10 tane 50 saniye üzeri reklam girdi. Biraz abartmıyormusunuz? Dizi mi izliyoruz reklam mı belli değil. Yok atıyor diyorsanız Total reklamı. Yaklaşık 2 ay öncede Bim reklamı vardı. El insaf arkadaşlar lütfen."
67585;;"2021-06-15 18:44:40";"Bu ne reklamdır amk 5 dk da bir reklam oluyo tüm diziyi siktiniz bide reklamlar reklam olsa 60 saniyelik reklam mı olur AMK"
67586;;"2021-06-15 15:02:45";"2 dkk da bir reklam veriyor"
67587;;"2021-06-15 14:59:14";"Webos TV de hata veriyor"
67588;;"2021-06-15 11:11:03";"Reklamlarınızdan bıktım her 10dk da bir 55saniyelik reklam izletiyorsunuz. Diziyi biraz ileri alayım diyorum her ekrana dokunmam da birdaha reklam çıkıyor. Yeter lan artık.... Reklam çıktığında 5 saniyesinde sonra geçmek için izin verin yada uygulamayı silelim.... her erkana dokunduğumda 1dakika reklam nedir yani.... üstelik tvdeki uygulamanızda bir haftadır çalışmıyor.... yapacağınız uygulamayı....... bıktım sizinden.... lanet gelsin size..."
67589;;"2021-06-15 08:37:18";"Tek kelimeyle berbat bir uygulama başka diyecek bir şey yok..."
67590;;"2021-06-14 21:28:25";"Reklam izlemek isteyen varsa yükleain. Reklam arasında film izliyoruz. Sildim. Başta da dediğim gibi reklam sevenler yüklesin"
67591;;"2021-06-14 18:27:26";"LG televizyonum da sürekli hata veriyor,lütfen eski haline getirin"
67592;;"2021-06-14 18:05:27";"Dizileri izlerken neredeyse her 10 saniyede bir donuyor. Mobil veri açıyorum yine aynı oluyor. Telefon ekranım büyük ama videolar youtube daki gibi ekrana uyarlanamıyor."
67593;;"2021-06-14 05:11:51";"dAkka başı reklam"
67594;;"2021-06-13 20:49:45";"Her reklamda donup kalıyor sacma sapan"
67595;;"2021-06-13 18:40:54";"Seyyar Dizisinin ortasında Reklamdan sonra donuyor dizi açılmıyor lütfen düzeltin"
67596;;"2021-06-13 16:13:18";"Reklam reklam reklam"
67597;;"2021-06-13 13:39:58";"Uygulama got gibi sadece hayalet sürücü ye bakacam film yok"
67598;;"2021-06-13 13:21:19";"REKLAM REKLAM REKLAM REKLAM REKLAM REKLAM REKLAM"
67599;;"2021-06-13 13:13:51";"ÇOK İYİ BİR PLATFORM YEBRİKLER"
67600;;"2021-06-13 12:42:36";"Seyyar güzel"
67601;;"2021-06-13 11:02:00";"1 YILDIZ VERE VERE TERBİYE EDİLECEK UYGULAMALARDAN BİRİ! Reklam ile kafayı bozmuşlar. Bu düşünceyle giderseniz işini gören kimse sonrasında uygulamanızı hemen siler zaten."
67602;;"2021-06-13 10:15:35";Kotu
67603;;"2021-06-13 07:38:39";"Cok güzel uygulama cok sevdim istedimiz her dizi rahatlıkla izliye biliyoruz. 🙂🙂"
67604;;"2021-06-12 22:49:13";"Reklâm yükleniyor diyor ama yüklenmiyor 1 saat dönüyor ekranda yuvarlak çıkıp tekrar giriyorum ama hep böyle oluyor oysa seyyar adlı dizi için indirmiştim şuan izleyemiyorum 4.dakikada"
67605;;"2021-06-12 22:09:28";"Amk ler ücretsiz bişeyler izliyorsunuz reklam cıkıncada isyan ediyonuz yutupta öyle onuda şikayet edin amklr"
67606;;"2021-06-12 20:08:29";"Oldukça güzel filmler ve diziler ücretsiz seyretme imkanı veriyor."
67607;;"2021-06-12 18:38:10";"Yaaa bi bırakında reklam izleyelim kardeşim. Arada sırada çukur diye bir şey geliyor bi reklam izletmedi beee"
67608;;"2021-06-12 16:33:26";suppper
67609;;"2021-06-12 14:06:08";"Valla çok iyi bir uygulama ama internetim çok iyi olmasına rağmen donuyor ve gelmiyor"
67610;;"2021-06-12 12:09:58";"Uygulama güzel ama bir kaç eksiği var bazı filmlerinde türkçe dublaj yok film sayısı az eski filmler var onun haricinde güzel bir uygulama en büyük avantajı ücretsiz olması en azından güvenli bir şekilde izliyebiliyorsunuz filmleri kendi listenizi oluşturabiliyorsunuz film önerisi istiyorsanız aksiyon ve macera severler için MAYIN ı önerebilirim söyliceklerim bu kadar her kes random atmış ama ben atmıycam zaten makale yazmışım uygulamayı öneriyorum biz fakirler için yapmışlar bu uygulamayı Bye."
67611;;"2021-06-12 11:20:55";"Reklamlar abartılacak kadar fazla değil. Bilgisayardan giriyorum, reklam engelleyici kapalı. Buna rağmen hiç reklam görmüyorum. Bu arada yardım merkezindeki ""puhutv'de canlı yayın yapmak şu anda planlarımız arasında bulunmamaktadır"" metnini düzeltmelisiniz. Çünkü NTV+Star yayınları eklendi. DÜZENLEME: 1 yıldızı TV uygulamasının düzgün çalışmamasından dolayı kırdım."
67612;;"2021-06-12 11:06:50";"Reklam izliyoruz o yüzden siliyorumm."
67613;;"2021-06-12 08:55:25";"iyi günler lg smart tv lerde uygulamanız yaklaşık 20 gundur çalışmıyor sorunu duzeltmenizi rica ediyorum konuyla ilgili ekibimiz ilgileniyor diyor 20 gündür bu sorunu düzeltin lütfen"
67614;;"2021-06-12 07:50:31";Kaliteli
67615;;"2021-06-11 23:00:50";"ilk defa bi uygulamaya yorum yapma ihtiyaci hissediyorum. sizin tasarlayacaginiz, gelistireceginiz, hizmete sunacaginiz uygulamaya tukureyim. allah belanizi versin bu kadar reklam koyamaz ya bi insan"
67616;;"2021-06-11 21:38:47";"Reklamsız olmaz ama reklam sesleri yüksek olunca insan isteksiz izliyor reklam sesleri makul seviyeye çekilirse daha keyifle takip edileceğine eminim özellikle gece çevreye rahatsızlık verecek boyutta acele düzenleme yapılırsa sevinirim"
67617;;"2021-06-11 20:30:41";"cok guza bir uygulama alnat maya gerek yok goriyorsunuz"
67618;;"2021-06-11 19:00:51";"Çok beğendim teşekkürler herkese tavsiye ederim çok teşekkür ederim iyi yayınlar"
67619;;"2021-06-11 17:56:12";"Yeni dizi ve içerik yok güncel değil"
67620;;"2021-06-11 15:29:35";"Bedava olmasından dolayı reklamlar olsun ama neden tek reklam diyip 2 3 kere gösteriyonuz tek reklam yazmasın cıksın bir kaç kere reklam"
67621;;"2021-06-11 13:59:36";"Mükemmel bi uygulama üstelik ücretsiz ,internetin olmadığı yerde internetsiz izleme imkanı olsa yada indirip sonra izleme süper olurdu herhalde"
67622;;"2021-06-11 12:32:45";"Çok reklam var kapatılsın"
67623;;"2021-06-11 12:08:07";"Eskiden çok güzel bir uygulamaydiniz ama son güncellemelerden sonra iyice bozdunuz hiç bir film dizi açılmıyor izlenmiyor sırf bu yüzden silmek zorunda kalıyorum sizi. Çok bozdunuz abi çok"
129539;;"2022-08-24 11:13:16";"Sú tam pekné pesničky"
128260;;"2017-02-01 15:12:24";"süper   inşallah paralı  olmaz"
126996;;"2017-02-15 10:16:34";"Sürekli yükleme yazıyor"
125956;;"2017-03-02 04:23:41";"Kötü hç bişi yok"
128283;;"2017-02-01 09:35:33";"Eski dizilerin olması çok güzel olmuş bayıldım"
127233;;"2017-02-13 09:40:36";İyiyiyiyi
122884;;"2017-04-08 03:02:17";"Çok kaliteli uygulama.."
121877;;"2017-04-18 16:46:25";"Emegi gecen herkeze tesekkurler sonunda kaliteli ve guzel bi program kesfedebildim tesekkurler gercek programcılar"
121895;;"2017-04-18 11:08:50";Süper
120094;;"2017-05-05 23:23:51";"Gayet Başarılı..."
119316;;"2017-05-15 15:03:42";"Ulan bu kdr da reklam olmaz be kaldığım yeri bulana kdr 10 ,tane reklam izlemek zorunda kalıyorum"
118544;;"2017-05-24 17:34:37";"Çok kapsamlı değil ve yeterince iyi film yok"
117778;;"2017-06-03 14:07:27";"Netflix de ki gibi indirme ozelligi olsa tadindan yenmez"
117018;;"2017-06-11 18:54:47";"Abi net yavaş ondan takılıp duruyor indirip izlense daha müthiş olur tek eksiği geri kalan herşey mükemmel ötesi"
128539;;"2017-01-29 20:42:37";"Arkadaşlar puhu tv de çizgi filmler var ama sadece trt çocuk ta gösterilen çizgi filimler var"
115717;;"2017-07-08 21:35:36";"Güzel bir uygulama 😀😀😀"
114974;;"2017-08-10 11:57:42";"Güzel bir program ama bir tane eksikleri var SÖZ dizisini niye yok lütfen onuda ekleyin 5 yıldız verdimm😉"
114436;;"2017-09-12 14:28:01";"Diğer kanallardan da dizi yayınlarsanız. Güzel olur"
128772;;"2017-01-26 19:59:36";"cok guzel olmus. basarilar"
113175;;"2017-10-30 22:41:41";Süper
112650;;"2017-11-11 20:52:48";"Fena değil 👏👏👏👏👏👏👏👏"
112129;;"2017-11-23 02:27:49";"Çok iyi"
117259;;"2017-06-09 20:49:00";👍👍👍
115749;;"2017-07-07 21:03:02";"Kardeş payi"
111124;;"2017-12-17 13:51:11";Tesekkurler
110085;;"2017-12-26 13:35:36";"Reklam fazla diyenlere önceden şaşırıyor İdim, çünkü çok az çıkıyordu. Son bölümde on dakikada bir 30 saniyelik çıktı. 2 buçuk saatte de 7,5 dakika yapıyor. Aynı reklamı izlemekten sinir oldum zaten."
109584;;"2018-01-04 09:20:41";"Ezel susukunlari yükleyin"
109087;;"2018-01-15 23:14:45";ok
118811;;"2017-05-22 06:30:52";"Iyi güzel amma internetsiz ola imiş daha alâ olurmuş"
108292;;"2018-01-22 23:38:52";"Helal reklam olmasa güzel olacak"
107806;;"2018-01-28 22:16:29";Süper
126246;;"2017-02-25 16:20:21";Süper
107030;;"2018-02-08 20:59:39";"efsane bi uygulama"
114465;;"2017-09-10 20:06:19";Suoer
106266;;"2018-02-18 21:53:03";"İyiki varsınız sansürsüz bu olsa gerek süpersiniz teşekkürler"
107538;;"2018-01-31 22:33:21";Mükemmel
126486;;"2017-02-21 21:35:31";"Güzel bir program işe yarıyor :-)"
105232;;"2018-03-07 18:57:21";"Tek kelimeyle harika"
110116;;"2017-12-26 05:23:07";"Güzel bir purogram"
122387;;"2017-04-13 12:46:01";"Puhu uuuuuu"
104217;;"2018-03-21 20:53:17";"Youtube'da olduğu gibi ileri geri sardırma olsa tadından yenmez."
103942;;"2018-03-24 14:36:58";☆☆☆☆
107547;;"2018-01-31 21:22:25";👍👍👍👍👍
125192;;"2017-03-16 00:40:43";"On numara"
126496;;"2017-02-21 20:10:32";"Artık kaçırdığım dizileri izleğebiliceğim teşekkürler puhu tv !"
102687;;"2018-04-11 17:59:18";Super
102422;;"2018-04-18 11:18:16";"Uygulama iyi olabilir ama kesinlikle begenmedim ne aradigim eski dizilerden 
bulabildim nede 12 yildir hala bile gunumuzde olan arka sokaklar dizisini 
bulabildim arasinda 1 tane bile eski veya yeni izledigim hicbir dizi yok 
filmde full yerli biraz yabanci koyar insan...indirdigim gibi kaldirdim 
acikcasi..."
102159;;"2018-04-26 21:10:17";"Çok iyi devam ediyorsunuz umarım bozmadan devam edersiniz"
101898;;"2018-05-06 06:01:22";"Çok güzel"
101639;;"2018-05-15 20:46:51";"Jıiet gibi"
101383;;"2018-05-25 16:18:02";"çok güzel bir uygulama içerik az ama"
101129;;"2018-06-02 11:05:19";Süper
100877;;"2018-06-07 20:49:46";"Güzel ama"
100627;;"2018-06-11 20:18:21";Guzel
100379;;"2018-06-19 07:33:27";Harikaa
100124;;"2018-06-22 19:44:40";"Harika ama her diziyi verse daha iyi olur"
99879;;"2018-07-05 11:56:02";Güzel
117516;;"2017-06-06 17:28:53";"Reklamlar birazdaha az olsa keske"
127520;;"2017-02-11 20:24:23";"Çok güzel bir uygulama ama Dayan Yüreğim yok onu koysalar ayrıca yeni olduğundan bazı diziler eksik onun haricinde harika bir uygulama"
108035;;"2018-01-26 00:30:04";"Bayıldım çok guzel"
99075;;"2018-08-08 07:04:31";Mukemmel
98839;;"2018-08-20 16:38:54";"Fena değil ama biraz daha içerik alabilir"
123423;;"2017-04-03 16:44:07";"Muhteşem bir uygulama"
108052;;"2018-01-25 17:44:59";"İçerde evimiz Celal Babamız."
127525;;"2017-02-11 19:24:56";"Çok güzel yanı süper"
98066;;"2018-09-27 22:08:36";"Onnumara bes yildiz"
121617;;"2017-04-21 17:05:06";"Emegi gecen herkese TESEKKUR EDIYORUM. Harika ötesi ama yenilikler getirilmeli izledigimiz filmleri internetsiz izleme imkani olsa super olur.. yeni filmler diziler eklenmeli..."
104722;;"2018-03-16 21:57:03";iyi
97539;;"2018-10-22 21:29:52";Efsane
97317;;"2018-10-30 13:32:32";"Çok iyi"
96004;;"2018-11-06 21:54:19";"On numara bir program bu birde eşkiya dünyaya hükümdar olmaz olsa daha güzel olacak"
127781;;"2017-02-08 14:11:10";"Teen wolf varmi"
125202;;"2017-03-15 18:10:13";"Hiç yapamamış yazılımcı olmamış sınırsız internetim var ama dizileri açmıyor"
95496;;"2018-11-29 14:02:48";süperrr
118293;;"2017-05-28 13:56:26";"bütün diziler puhu da yayınlansın.."
101413;;"2018-05-24 07:08:38";Güzel
95003;;"2018-12-22 14:10:30";👍👍👍
105754;;"2018-02-28 12:31:23";"Aşırı reklam var. böyle devam ederse uygulamayı kaldıracağımı belirtmek isterim."
94727;;"2019-01-03 21:17:35";👍👏
128796;;"2017-01-26 13:52:00";"Güzel uygulama ama güneşin kızlarınıda eklerseniz kusursuz ve muhteşem olur."
92955;;"2019-01-22 17:59:43";👍
123403;;"2017-04-03 18:48:55";"Bence güzel. Bazı istediklerim olmasa da!  Süper"
92687;;"2019-02-03 16:34:33";"Çok güzel"
122123;;"2017-04-15 17:42:04";"Gerçekten tek kelimeyle harika bir uygulama"
92423;;"2019-02-12 14:17:59";iyi
113412;;"2017-10-27 18:19:33";"Basarılı 👌"
92163;;"2019-02-19 23:26:06";"on numara"
125220;;"2017-03-15 13:22:43";"Çok Muhteşem"
91907;;"2019-02-28 15:45:18";"çok güzel ama reklam olmasa daha iyi"
108067;;"2018-01-25 13:13:37";"Güzel uygulama"
91655;;"2019-03-08 15:32:07";"Uygulama güzel kaliteli fakat fazla reklam var ve reklamdan sonra görüntü kalitesi kendisini otomatiğe alıyor bunlar düzenlenirse yada reklamlara 3 veya 5 saniye sonra atlama şansı verilirse daha kaliteli ve daha güzel olur ilginiz için teşekkür ederim"
105477;;"2018-03-04 02:29:44";Super
89871;;"2019-03-20 01:27:04";"reklâm kaldırılsa süper olur birde arka sokaklar tüm bölümler olsa dehşet güzel olur"
109327;;"2018-01-10 16:01:36";Nice
89627;;"2019-03-31 19:10:16";"çok güzel bir uygulama tavsiye ederim :)"
98570;;"2018-09-06 08:32:07";"Bakın uygulamayı çok beğendim ama çocuk filmleri, Disnep Channel filmleride olmalı çok beğendim"
125707;;"2017-03-05 12:20:49";"Çok güzel tavsiye ederim"
121626;;"2017-04-21 16:26:18";"tek kelime ile harika"
110872;;"2017-12-19 17:32:38";"Reklamlara razıyız ama çevrimdışı izle olmalı. Wifi varken şifreli olarak indirip kaydetse önbelleğe, izlemek istediğimde de mobil kotamı yemese televizyonu hiç açmam bile. Birde tabi reklamsız aylık ödemeli bir sistem mükemmel olur."
89094;;"2019-04-20 23:13:38";İyi
127496;;"2017-02-12 07:39:09";mükemmel
88865;;"2019-04-30 07:11:50";"az reklam"
111375;;"2017-12-12 23:07:46";"Şuan ilk filmi mi izledim ve 2 saat boyunca belki 3 4 tane reklam çıktı . O reklamlar da kısa saniyeli. çok güzel gerçekten ellerinize sağlık."
110366;;"2017-12-23 22:43:11";Süper
88585;;"2019-05-14 02:45:04";"cok iyi donma felan yok mukemmel sagolun"
116759;;"2017-06-13 22:11:36";Wonderfull
123657;;"2017-04-02 07:38:45";"Daha fazla film ve dizi lütfen... Hala eksik şeyler var..."
89122;;"2019-04-20 09:10:14";"cok guzel olmus bal dok yala"
102657;;"2018-04-12 15:12:40";"Çok iyi bir uygulama."
86560;;"2019-05-22 15:51:28";"fi dizisi açılmıyo kaç tane yerde denedim yok yok yok olmuyo"
129280;;"2017-01-19 18:54:06";"Hiç donmadan görüntü kalitesinde sıkıntı çekmeden izleyebiliyorum dizileri. Kesinlikle harika.."
121360;;"2017-04-22 21:02:25";Güzel
86297;;"2019-05-28 13:05:16";"Çok iyi"
125188;;"2017-03-16 04:47:50";"Kaliteli site olmuş. Sansürsüz olmasıda ayrı bi güzel."
126485;;"2017-02-21 21:39:27";"Sıkıntı yokk"
86041;;"2019-06-05 02:20:05";"efsane !!"
126208;;"2017-02-26 00:14:17";"Muteşem bir uygulama bu"
103196;;"2018-04-02 01:05:47";Mükemmel
85795;;"2019-06-15 14:30:34";"Gayet guzel bir uygulama fakat daha cok dizi veya film anternatifi getirilirse daha iyi olacagini dusunuyorum."
86804;;"2019-05-19 08:38:30";"super bi uygulama"
126241;;"2017-02-25 17:11:54";"Yabancı dizide ekleyin acayip olur lütfen yabancı film izleyin"
123940;;"2017-04-01 09:40:48";"Kaçırdığınız dizileri izleyebiliyorsunuz.   ✓✓✓✓"
85509;;"2019-07-01 18:33:26";"çok güzel bir uygulama ama reklam olmasa dahada güzel ola bilirdi"
124167;;"2017-03-31 17:31:12";"Android 7.01 de çalışmıyor"
123395;;"2017-04-03 19:33:56";Başarılı
82461;;"2019-07-20 10:19:43";"Eskiden bir kere üyelik yapıyorduk artık devamlı istiyor üye olmadan izlesek kaldığımız yeri bilmiyoruz lütfen düzeltin eskiden gayet güzel bir uygulamaydı"
86537;;"2019-05-23 06:25:38";"mikemmel mmmah"
107272;;"2018-02-04 21:33:09";"efsane ötesi"
122143;;"2017-04-15 13:16:36";"Güzel bir uygulama"
82190;;"2019-09-01 10:12:07";"Kategoriler kısmına girdiğimde aşağı doğru inmeye çalışıyorum fakat uygulama durduruldu diyor silip tekrar yükledim işe yaramadı."
92455;;"2019-02-12 00:33:42";"guzel uygulama daha iyiside olacaktır"
100101;;"2018-06-23 21:16:23";"Araya reklam girdiği zaman dizi çöküyor adeta bir daha devam etmiyor"
123937;;"2017-04-01 09:51:58";"Bayıldım çok güzel olmuş 🙆"
81927;;"2019-10-02 13:27:32";"Abi cok sevdim kendine ozel dizileri bile ucretsiz bu super bir ozellik"
119054;;"2017-05-19 11:23:51";"Başlama saatlerini yayinlasak"
101156;;"2018-06-01 18:47:53";Mühammel
120072;;"2017-05-06 06:42:22";"Uygulama biraz daha gelişmeli bence ve umarım ücretsiz bir şekilde devam eder. Bilmiyorum bu ne kadar mümkün :)"
81669;;"2019-10-19 21:14:01";"Çok güzel bir uygulama"
92194;;"2019-02-19 09:47:33";guzel
99858;;"2018-07-06 18:01:35";"Kusursuz. Sadece kendi kendine görüntü kalitesini auto ya alıyor"
116997;;"2017-06-11 21:44:50";"Dizilerin bölümleri geç yükleniyor biter bitmez koysanız başka yerden izlemesek"
81418;;"2019-11-09 14:06:26";"Neden bodrum masalı yok"
86541;;"2019-05-22 23:16:44";güzel
120350;;"2017-05-03 19:31:26";Fi
118806;;"2017-05-22 07:44:45";Harika!
81175;;"2019-12-01 17:55:57";"Yes espi"
105755;;"2018-02-28 12:24:09";"Çok reklam çıkarmayın lütfen reklamlar çıkmayınca gayet güzel."
106005;;"2018-02-23 14:53:25";👏👏👏
80931;;"2019-12-10 11:24:26";"Sırf jet sosyete için indiriyorum. Daha kaliteli sıkıştırma yapmanız dileğiyle. Bırakın hızlı interneti olan yüksek bandwith de seyretsin"
119560;;"2017-05-12 18:31:34";Güzel
88847;;"2019-05-01 02:17:28";"cok guzel basarilarinizin devamini dilerim"
109338;;"2018-01-10 01:31:57";"Siyah beyaz aşk ı da koyarsanız 5 yıldız bence ve yabancı dizilerdense eklerseniz bence tadından yenmez"
125200;;"2017-03-15 20:36:13";"Gercekten cok guzel bir uygulama ama sadece bazi diziler yok keske eklense de onlari da izlesek birde indirme seçeceği olsa muhtesem olur"
80654;;"2019-12-28 15:27:41";"Ulan bune 2 dakikada bir reklam bir de internetim kötü olmadığı halde donuyor."
82445;;"2019-07-22 11:19:37";"virüs bulaştırdı telefonuma zor kurtardım"
115475;;"2017-07-15 09:42:11";Harikka
107546;;"2018-01-31 21:24:01";Güzel
80423;;"2020-01-21 09:39:17";"Ayarlara girilmiyor uygulamadan atıyor kesinlikle önermem ."
97822;;"2018-10-09 06:25:06";"Ileri geri sardırma özelliği gelsin 10 saniye parmağımla kaydırıyor 5 dakikaya gidiyor bu ozellik artik geldigi icin bes yildiz"
115750;;"2017-07-07 19:34:48";"Söz  dizisi neden  yok!!"
108818;;"2018-01-17 23:08:31";"Aşırı reklam var seyir kalitesini dusuruyo"
107014;;"2018-02-09 03:50:50";"Guzel hos kullanimi kolay"
80159;;"2020-02-14 14:40:02";"Şahsiyet dizisini izledikten sonra hayran kaldım ve puhu tv uygulamasını indirdim. Fakat içerik olarak biraz beni hayal kırıklığına uğrattı. Eski pek beğenilmeyen yapımları spamlarcasına yayınlamak yerine internet dizisinde Şahsiyet,Dip,Fi gibi yapımlar göz önünde olmalıydı. Kaydetmek ve daha sonra çevrimdışı izlemek gibi bir seçenek de yok bazı eksikler var."
124960;;"2017-03-19 01:36:43";"EŞKİYA DÜNYAYA HÜKÜMDAR OLMAZ dizisinin de puhutv de olmasini istiorum guzel bi sistem kulanıcı icin ama EŞKİYA yok !!! Lutfen EŞKİYA DÜNYAYA HÜKÜMDAR OLMAZ isimli diziyide buradan rahatca izliyelim ."
95757;;"2018-11-18 21:07:25";Süper
97792;;"2018-10-10 09:43:24";"Bölümleri izlerken reklam arasında siyah ekran geliyor ve oynatma tuşuna ne kadar bassanız da oynatmıyor. Her bölümde bunlarla da uğraşırım derseniz indirin"
125972;;"2017-03-01 21:38:11";"Daha cok dizi ve yabanci filmler bekliyoruz"
79905;;"2020-03-11 03:32:43";İyi
123150;;"2017-04-05 17:08:00";"Acildigi gibi kapaniyo"
118311;;"2017-05-28 11:45:33";ksa
113926;;"2017-10-08 09:21:31";"You tube de bulamadığım herşeyi kolaylıkla izliyorum😄"
102940;;"2018-04-06 18:58:36";"Her ileri geri sardigimda 4 reklam izleyeceksem paralı yapın daha iyi"
123674;;"2017-04-02 05:12:27";Harika
79622;;"2020-04-01 13:44:52";"Yeter be yeter. 1 saatlik dizi için 3 saat harcıyorum. İnternetimde mi sıkıntı var diye başka uygulamalara girip kontrol ediyorum sadece sizin uygulamınızda sıkıntı oluyor. Başka sitelerde 4k izlediğim videolarda gram donma olmuyor bu uygulamada 360p de bile sıkıntı oluyor. Kullanmıyorum bu lanet uygulamanızı artık."
129297;;"2017-01-19 00:24:41";Başarılı
127504;;"2017-02-11 23:32:54";Süper
102941;;"2018-04-06 18:57:52";"Indi yuklirem hele"
123675;;"2017-04-02 04:05:13";guzel
76294;;"2020-04-19 14:20:00";"(Üstte gözüksün diye 5 yıldız verdim) yanı bütün sorunları çözdunuzde sansür kaldı öyle mi bu ne ya adamın boynuna halat geçirmişler sansür bıçak var sansür kaldırın şunları hadi küfür felan anlarımda bunlar ne tv de bile bunların 10 katının gösteriyorlar bisey olmuyor bi uygulama yapamıyor bunu düzeltin bu böyle olmaz"
112928;;"2017-11-06 18:57:32";"Gayet basarili"
106525;;"2018-02-15 19:28:10";"Bu şekil reklamı az devamm etsin"
99341;;"2018-07-26 14:49:46";"Güzel yani"
107018;;"2018-02-09 00:01:23";Güzel
76066;;"2020-05-10 12:08:34";"Reklamlar olmasa daha da süper olurdu"
89375;;"2019-04-12 20:55:59";güzel
99859;;"2018-07-06 17:37:28";Muhteşem
86818;;"2019-05-18 23:52:15";"çok çok iyi..."
97306;;"2018-10-30 20:32:39";"Gayet hoş ve güzel bir uygulma manik için"
107019;;"2018-02-08 23:08:23";"Dizilerin izlnemesi ve istetigin zmn reklamsiz sansürsüz sundugunuz icin elinize saglik"
75811;;"2020-06-09 15:53:23";"Güzel güzelll"
118028;;"2017-05-31 21:02:16";"Yarismalari da ekleyin"
122656;;"2017-04-10 00:31:21";Başarılı
125977;;"2017-03-01 20:30:34";"Bence çok güzel ama dahada güzel olabilir"
92945;;"2019-01-23 02:42:28";"Rahatlıkla içerisinde bulunan dizileri izleyebileceğiniz ve aynı zamanda kendi yapımı olan aşırı kaliteli dizilerle kendisini kalkındıran bir uygulama ve online TV yapanın ellerine sağlık"
102944;;"2018-04-06 18:01:25";"Bence güzel"
120868;;"2017-04-28 19:01:36";"Süper özellikle wifi istememesi"
75532;;"2020-08-30 05:11:43";☺☺☺❤❤❤💕💕💕💋
107294;;"2018-02-04 13:35:31";İyi
97794;;"2018-10-10 05:14:39";"Harika olmuş"
115484;;"2017-07-15 07:41:44";"Normalde uygulama çok güzel lakin şuan izlediğim diziyi açmıyor"
109835;;"2017-12-30 20:45:28";"Film manyakları için süper bi program"
118819;;"2017-05-21 22:37:45";"Bayıldım tek kelimeyle"
75302;;"2020-09-28 14:27:46";"Reklam izlemek için yapılmış"
75267;;"2020-10-01 00:30:38";"Aşırı reklam"
79652;;"2020-03-30 13:41:43";"Bir dizi izlicem donup donup duruyor hata veriyor bazen hiç açılmıyor vs bir kaç gündür ayar etti gerçekten"
115479;;"2017-07-15 08:56:18";"Yabanci diziler de olsa daha guzel olur Ama yine de bayildim"
88577;;"2019-05-14 08:08:40";mukemmel
124447;;"2017-03-29 14:07:26";Fevkalâde.👌👌👌
105506;;"2018-03-03 19:12:52";"Kaliteli uygulama"
125734;;"2017-03-04 23:13:58";"Ulan sırf Behzat Ç için indirdim gerçekten harika.Emeğinize sağlık.İlerde reklam koyarak programın içine etmezsiniz inşallah"
75019;;"2020-10-18 21:14:34";"Sureklı takılan cok kullanıssız bır uygulama"
97283;;"2018-10-31 20:58:35";"Yeni filmler eklerseniz iyi daha iyi olur"
86813;;"2019-05-19 01:04:12";"bence bütün dizilerin tekrarıyok birde vardı ama kaldirmişlar diriliş yok payitat yok gerisi zaten hep erotik boş"
125207;;"2017-03-15 17:09:51";Efso
80416;;"2020-01-21 18:59:25";"Korkarak indirdim ama hiç bir donma olmadan izliyorum bu kadar iyi yayın kalitesi beklemiyordum . Emeğinize sağlık 👏"
99847;;"2018-07-07 09:49:09";"Dediğim gibi ""SEVİYORUZZZ"""
67840;;"2021-05-15 17:21:44";"Bende donmadi ve yorumlar cok sacma uygulama ucretsiz tabiki de reklam gostercek EXXEN reklamsiz 10 lira mk"
67841;;"2021-05-15 13:21:55";"Internet iyi olmasına ragmen donuyor ve ne kadar kisa olursa olsun reklam çok fazla sayısı azaltilabilinir lütfen dikkate alın"
67842;;"2021-05-15 09:56:17";"3 vermemin sebi uygulamayı açtığımda home butonun ekranda takılı kalıp sayfa atlamama izin vermiyor ayrıca giriş yap/kaydol dediğimdede uygulama çöküyo"
67843;;"2021-05-15 01:02:45";"Dakka başı reklam çıkıyor. Filmden çok reklam izliyoruz. Video'yu ileri sarıyoruz yine anında reklam çıkıyor!!!!"
67844;;"2021-05-14 22:36:04";"Harika bir uygulama Tüm dizileri ve filmleri kesintisiz izliyorum. Epeydir kullanıyorum gayet memnunum"
67845;;"2021-05-14 22:31:13";"Kendisinin donması yetmiyormuş gibi bide smart tv yi uyku moduna aliyor nasil bi uygulama çözemedim 👎👎👎"
67846;;"2021-05-14 21:58:01";"Yemi ederim hiç güzel değil boşan itenetizi hacarmayın çok duniyor ve çok reklam geliyor gitsem youtub de izlesem daha iyi"
67847;;"2021-05-14 20:41:18";"Bu kadar kasan reklama geçerken bile izleyiciyi bekleten adi bir program"
67848;;"2021-05-14 20:24:25";"Reklam çok fazla"
67849;;"2021-05-14 17:11:41";"Videoları kafasına göre açıp kafasına göre açmıyor. Düzeltilmesi gerekli"
67850;;"2021-05-14 13:07:33";"allahınız mı yok be bu ne reklam"
67851;;"2021-05-14 11:10:56";"İğrenç bir uygulma tavsiye etmem her 5 dk da bir 30 sn reklam geliyor reklamlardan dizi izlenmiyor"
67852;;"2021-05-14 08:14:45";"Bir uygulama ancak bu kadar sorunlu olabilir. İlk defa bir yıldız veriyorum herhangi bir uygulamaya."
67853;;"2021-05-14 05:55:36";"Uygulama gibi taa valla yeterya 3 dkbizliyom reklam 3 dk izliyom reklam ne lan bu"
67854;;"2021-05-14 02:12:12";"tek geçerim"
67855;;"2021-05-13 21:26:04";Beleşşşşssss
67856;;"2021-05-13 14:55:06";"Kesinlikle indirmeyin gidin internetten seyredin.Zart zurtvreklam.Birde cukurun bolumleri karismis.Sicayim yapacaginiz uygulamaya"
67857;;"2021-05-13 13:02:16";"Sürekli hatalar veriyor."
67858;;"2021-05-13 12:53:24";"1 saatlik dizide 7-8 dakika reklam izliyoruz. Teşekkürler Puhutv."
67859;;"2021-05-13 10:40:16";"uygulamanız gittikçe gözlerden düşüyor! ben kaybetmiyorum. izleyeceğim filmi internetten de açabilirim. Siz para için devamlı 25, 35 saniyelik reklamları GEÇTİRMİYORSUNUZ biz mecburmuyuz o kadar uzun reklam izlemeye? Tv de bile sizin 35 saniyelik reklamınız Tv de başlayan filmin 5 reklamı lan millet en uzun 10 sanie reklam veriyor siz 35 25 45 1dk bile gördüm küfür etmek istemiyorum ancak bu uygulama çoğu kez bana küfür ettirdi kaybeden biz değiliz sizsiniz yavaş yavaş düşüyorsunuz.DEĞMEZ"
67860;;"2021-05-13 10:14:27";"Beş yıldız veriyorum çokgüzel filimlervar ama çocuklar için çok az filimvar bu sorun giderilirse daha iyi olur ama onun dışında mükemel bence yüklemenizi tavsiye ederim ben beğendim ❤️😄😍"
67861;;"2021-05-13 06:39:31";"Çember dizisinin bölümleri eksik, örnek 4. Bölüme yazıyorsunuz 2 dakikalık video oynuyor yada hiç açılmıyor lütfen yüklerken kontrol edin."
67862;;"2021-05-13 04:42:44";"Reklam veren firmalardan nefret ettiriyorsunuz haberiniz olsun. Akbanklı olacaksam bile dizinin en keyifli anında dizinin sesinden 2 kat daha fazla ses ile biri kulağıma AKBANK diyosa kusura bakmayın ben o firmadan nefret ederim 😅 3/5 tl üyelik getirin şu boş reklamları izlemek istemiyorum."
67863;;"2021-05-12 19:46:02";Good
67864;;"2021-05-12 19:05:44";"Uygulama çok sorunlu video yüklenmiyor internet hızlı olmasına rağmen. Durdurma tuşu çok iyi çalışmıyor. Kısacası çok fazla sorunu var. Lütfen bunlar düzeltilsin çünkü bir içeriği izlemek çok zahmetli bir hal alıyor."
67865;;"2021-05-12 17:49:21";"Reklam geldiginden beri uygulama çok kötü oldu 10dk da bir reklam geliyor"
67866;;"2021-05-12 16:18:25";"Mibox veya toshiba smart tv lerde uygulamada kilitlenme player ın ileri geri sarılmasında sıkıntılar oluyor diye yorumlamıştım..Playerlar işlevlendi ileri geei sarma vs takılmalar olmuyor ancak Lg smart tv de filmlerin alt yazı seçeneği bir türlü devreye girmiyor.Mibox da çalışıyor."
67867;;"2021-05-12 15:16:44";"Açılmıyor ve filim izlerken garip bir ekran çıkıyor bu uygulama 1 puanı bile hak etmiyor"
67868;;"2021-05-12 14:57:02";"Yeni Gelin izlemek için kullanıyorum. Çok güzel. Reklam yok. Varsa da bana denk gelmedi."
67869;;"2021-05-12 14:09:55";"Her şey çok iyi ama diğer platformlarda hızlandırarak izlemeye alıştığım için sabredemiyorum. Bence değişime uyum sağlamalısınız"
67870;;"2021-05-12 13:31:19";"Rezalet bir uygulama sürekli reklam,videolar sürekli donuyor"
67871;;"2021-05-12 13:02:52";"Ücretsiz bir platform olmasına rağmen çok iyi."
67872;;"2021-05-12 00:09:29";"Videoları izlemek için 360 p bile yeterli olmuyor hiç bir mecrada donmayan videolar bu platformda çok donuyor reklama hiç girmiyorum bile"
67873;;"2021-05-11 22:20:25";"Reklam reklam reklam sokayım yapacağınız güncellemeye"
67874;;"2021-05-11 21:17:02";"Bir yıldız bile haketmiyorsunuz. Ne zaman açsam hep aynı sorun, donuyor. Önceden Turkcell kullanırdım daha az donardı operatör değiştirdim lanet olsun keşke degistirmeseydim ama napalım kazıkcell olunca yapcak bişey kalmıyor. Ayrıca reklam üstüne reklam ve 20 saniye zorunlu oluyor. Yani bir şey yapıyorsunuz bari düzgün yapında sövdürtmeyin kendinize."
67875;;"2021-05-11 21:04:56";"#shibcoin #elonmusk #shiba"
67876;;"2021-05-11 20:38:23";"Akis seri degil 50mg bit interntetle kullaniyorum ama maalesef memnun degilim"
67877;;"2021-05-11 19:47:48";"Neden açılmıyor"
67878;;"2021-05-11 15:43:59";"100 mbit fiber internette bile sürekli donuyor. Resmen işkence"
67879;;"2021-05-11 14:57:02";"Uygulama açılıyor ama izlicegim bölüm açılmıyor asla asla açılmıyor"
129318;;"2017-01-17 22:52:14";"Uygulama iyi ancak cevrimdisi izleme olmali"
128259;;"2017-02-01 15:26:05";"Çok başarılı bir uygulama."
126995;;"2017-02-15 11:40:52";"5 yıldızı hak ediyor"
125955;;"2017-03-02 04:47:31";Eyyii
129563;;"2019-04-28 22:34:31";guzel
128287;;"2017-02-01 09:23:11";"Tek problem vatanım sensin yok onu eklerseniz harika olur bir de sonradan ücretli olmasın"
122883;;"2017-04-08 03:05:04";"Gerçekten güzel hatta muhteşem bir uygulama"
121876;;"2017-04-18 17:03:01";"Şimdilik güzel"
122906;;"2017-04-07 21:36:32";"Arayüz muazzam reklam olayını da pratik halletmişler."
120093;;"2017-05-05 23:31:12";"01 dizisini arıyor gözlerim fakat bulamadım :("
119315;;"2017-05-15 15:05:08";"Puhu tv çok güzell ... Bayıldım😍"
118543;;"2017-05-24 17:36:49";"Lan amk sövmiyim diyorum ama yeter ananızın... Lan tamam para kazanacaksınız reklam lazım ama amk 10 Saniye sonra atlama tuşu ekleyin 2 De Bir 30 saniye reklam izliyorum filmin başına koyun sonuna koyun reklamları lap diye ortasına koyuyorsunuz tv den izlesem daha az reklam izlerdim lan"
117777;;"2017-06-03 14:08:01";"Cok sık reklam verilmesi rahatsiz edici"
117017;;"2017-06-11 19:00:42";"Çok iyi"
116263;;"2017-06-20 03:07:56";"Çok güzel özellikle dizi bittikten hemen gece yarısı 00:00 olunca direk programa düşmesini sevdim."
115716;;"2017-07-08 22:07:22";"Çok güzel"
114973;;"2017-08-10 12:22:54";"Adı efsane yokkk"
114435;;"2017-09-12 16:35:17";"Reklâmlar uzun sürüyor keşke reklamı geç seçeneği olsa"
113703;;"2017-10-22 21:56:30";"Reklamlari itelemeden yapin uygulamanizi her ne zaman ileri sarsam reklam veriyor bazen de bugta kaliyor adam akilli duzenlemesini yapin"
113174;;"2017-10-30 22:59:40";"Pat diye reklamlar girmese dicem ama yinede cok teşekkürler. Heo istediğim bir uygulamaydi."
112649;;"2017-11-11 20:57:49";"size bayliyorummn"
112128;;"2017-11-23 05:37:16";"Güzel bir uygulama"
113934;;"2017-10-07 23:26:21";"Güzel bir uygulama eski yeni tüm dizeler filmler var. Çok teşekkür ediyorum puhu tivi ekibine..."
113936;;"2017-10-07 20:12:24";Süper
111639;;"2017-12-05 21:59:51";"Reklam cok fazla tamam fazla olsun da kapanmasin bari ekran. Ses reklamlarda aşırı yüksek ve itici çıkıyor. Reklam bittikten. Sonra bambaşka bisiler oluyor. Ama düzgün oynarsa görüntü kalitesi her dizi ve film icin mükemmel olmuş."
110084;;"2017-12-26 13:38:52";"2 dk bir reklam bu ne ya  izlenecek tat bırakmıyorsun"
109583;;"2018-01-04 10:19:59";"Gayet güzel bir uygulama ücretsiz olduğunu düşünürsek o reklamlar normal"
109086;;"2018-01-15 23:30:49";"Reklam olmasin"
119587;;"2017-05-12 13:56:01";"Çok teşekkürler puhu tv ye kim yapmışsa ellerine sağlık"
108291;;"2018-01-22 23:41:17";"Önceden çukur dizisini show tvden izlerdim. 2 saatlik dizi reklamlarla 5 saatte anca biterdi. Puhu Tvden sansursuz ve izleyiciyi baymayan reklam araliklariyla daha güzel izliyorum. Teşekkürler"
107805;;"2018-01-28 22:49:03";harika
116503;;"2017-06-17 08:26:34";"Bu zamana kadar kullandığım en iyi uygulama"
107029;;"2018-02-08 21:06:36";"Yabancı filmlerde eklerseniz mükemmel ötesi olur ! Şu an muhteşem gerçekten.."
113421;;"2017-10-27 18:04:55";Süper
106265;;"2018-02-18 21:57:53";Güzel
128778;;"2017-01-26 18:47:27";"Kolay kulanımlı  ücretsiz olması ve legal olması tam puan hak ediyor"
127748;;"2017-02-08 20:59:27";"Yabanci dizilerde eklenirse 5 yildiz benim için. Gayet başarılı"
105231;;"2018-03-07 19:04:53";Guzel
128793;;"2017-01-26 14:26:48";"Eğer bu duruşunuzu bozmazsaniz harika olur"
123400;;"2017-04-03 19:18:49";"4 gb nekadar gider 1 filme"
104216;;"2018-03-21 20:57:40";"Reklm yok diye burdan izliyorduk şimdi 10 tane reklam giriyor araya. İstediğimizde reklamı geçebilmemiz lazım."
103941;;"2018-03-24 14:40:55";"Cok iyi"
108032;;"2018-01-26 03:26:19";Harıka
115990;;"2017-06-28 15:04:23";"Güzel beğendim 😊😊😊"
127758;;"2017-02-08 18:58:15";"Fi ci pi icin takip ediyorum hemen yayinlansn yad akesin bilginverin yayinlanacagi zamanla ilgili"
102686;;"2018-04-11 18:14:28";süper
102421;;"2018-04-18 12:30:57";Bayıldım
102158;;"2018-04-26 22:22:51";"reklamlari ananizin amina sokun"
101897;;"2018-05-06 06:57:37";"Reklam cok fazla"
101638;;"2018-05-15 21:46:19";"Süper uygulama"
101382;;"2018-05-25 19:11:36";"Geniş ailenin tüm bölümler ve Kuzey güney gelsin"
101128;;"2018-06-02 11:18:42";"Bir daha puan ver dememek için yapiyorum."
100876;;"2018-06-07 21:06:15";"Meleklerin aşkı ne zaman yayınlanacak yeni dizi"
100626;;"2018-06-11 20:30:30";Mikemmell
100378;;"2018-06-19 07:44:38";"10 sn atlama güzel ama durdurmak için 1 den fazla basmak gerek sinir oldum 
arkadaş"
100123;;"2018-06-22 21:01:39";"Süper bişey aga"
99878;;"2018-07-05 13:15:09";"Aşırı reklam giriyor"
118281;;"2017-05-28 14:18:26";Mukemmel
109337;;"2018-01-10 06:08:30";"Bence süper hiç sorun yaşamıyorum😊"
103695;;"2018-03-26 13:49:44";"Mikemmel 😁"
99074;;"2018-08-08 07:54:32";"Puhu candır"
98838;;"2018-08-20 18:50:26";"Süper görüntü kalitesi süper tavsiye ederim sidetle"
124445;;"2017-03-29 14:23:04";"Baki caz"
125219;;"2017-03-15 13:56:10";"Bu ne yaa donup duruyo o kadar övdünüz bişeye benzemiyor 😡"
112394;;"2017-11-17 07:15:53";"Reklamlar devreye girdiğinde cihazların video oynatma modundan çıkıp ekranı kapattığını halen ferk edemediniz mi acaba. Birşey izlerken reklam giriyor ve ekran kapanıyor. Buna bir çözüm bulunuz lütfen."
98065;;"2018-09-27 22:39:56";"Çok güzel olmuş ellerine sağlık"
122897;;"2017-04-07 22:36:07";"Çok güzel bir program"
126488;;"2017-02-21 21:25:19";"Harika bir uygulama. Ta ki ilerde ücretli olmayana kadar."
97538;;"2018-10-22 21:37:25";"Dizilerin yeni bolumlerini koyma zahmetinde bulunurlarsa seyretcez insallah"
97316;;"2018-10-30 13:44:41";"Iyi güzel 👍"
96003;;"2018-11-06 22:30:18";Güzel
129054;;"2017-01-24 21:24:58";"Harika öneririm"
104976;;"2018-03-11 23:03:39";Mukemmel.
95495;;"2018-11-29 16:39:24";Güzelllll
119064;;"2017-05-19 09:05:09";"Sadece ""Fi"" dizisi için bile kullanılabilir bir uygulama. Genelde bilgisayardan izliyoruz ve çok kaliteli bir dizi"
104993;;"2018-03-11 16:21:21";"Muhteşem 😇😃"
95002;;"2018-12-22 15:07:28";"iyi hoş güzel de. reklamlardan sonra takiliyo. diziye geri dönmüyo devam etmiyo. baştan açmak zorunda kalıyorum."
114691;;"2017-08-28 20:49:21";"Yabanci dizileride puhu tvde izleyebilsek keske😊"
94726;;"2019-01-03 22:43:01";"şahsiyet süperrr dip güzel fi güzel şimdilik bunlar ,:)"
108044;;"2018-01-25 19:46:36";Tamam
92954;;"2019-01-22 18:18:30";iyi
127243;;"2017-02-13 07:59:17";Muhteşem
92686;;"2019-02-03 18:42:02";"flim bolumunu guncellesiniz artik yillardir ayni flimler var"
107283;;"2018-02-04 17:49:27";Süper
92422;;"2019-02-12 14:24:07";adamsiniz
126471;;"2017-02-21 23:43:21";"Eşkiya dünyaya hükümdar nasıl olmaz abi ya böyle bir saçmalık mı olur"
92162;;"2019-02-19 23:58:56";"Reklamdan geçilmiyor"
109855;;"2017-12-30 13:45:46";"Uygulamanız çok güzel, seviyorum."
91906;;"2019-02-28 17:32:25";"mükemmel 👌"
108556;;"2018-01-20 08:52:34";"Androidtte çok başarılı ama windows ta hayal kırıklığı"
91654;;"2019-03-08 16:00:30";"cook guzel bir uygulama"
105761;;"2018-02-28 08:50:11";"Uygulama çok güzel ama uygulamaya canlı tv özelliği eklense çok güzel olur bunu bekliyorum kesin lütfen ekleyin canlı tv yi"
89870;;"2019-03-20 07:00:25";"Reklam sorunu çok fazla"
106778;;"2018-02-13 02:07:05";"Süper kesinlikle indirmemelisiniz !!!!"
89626;;"2019-03-31 19:35:38";İyiiii
127764;;"2017-02-08 18:19:05";"Bazı diziler yok"
126746;;"2017-02-18 11:42:24";"Türk yayincilik adina mukemmel bi uygulama hatasiz"
107543;;"2018-01-31 21:41:58";"Kırgın.ciceklerde olmali.dizi seçeneklerinde bi.cok.dizi yokk."
111384;;"2017-12-12 20:33:01";"Abi 1 2 reklam çıkar anlarız ama 30 dk sında 8 reklam çıktı filmden soğudum ya sıkıldım artık filmden çok reklam izliyorum. Reklamları azaltın lütfen"
89093;;"2019-04-20 23:51:33";iyi
109828;;"2017-12-30 21:40:18";"Güzel bir uygulama"
88864;;"2019-04-30 07:24:37";süper
113946;;"2017-10-07 12:12:35";"Dizi izlerken aniden kesilip reklam gelmesi"
110874;;"2017-12-19 17:24:54";"Güzel uygulama"
88584;;"2019-05-14 02:49:16";"çok iyi bir program teşkkür edrrim"
99364;;"2018-07-25 15:01:10";"Çok sık reklam oluyordu kalkmış reklamlar çok sevindim"
124680;;"2017-03-24 23:06:56";"Atv dizisi yok ayrımcılık"
109331;;"2018-01-10 13:21:03";"Tüm film diziler cizgi filmler yok Mesele gumball yok"
102924;;"2018-04-06 22:56:11";"Reklamlarda olmasa tam olacak"
86559;;"2019-05-22 16:09:08";mükemmel
98567;;"2018-09-06 18:51:13";"Mükemmel ben bir çok diziyi televizyondan reklamlı izlemek yerine burdan izliyorum çok iyi 👍👍"
105485;;"2018-03-03 23:02:42";"Ücretli fakat daha ôzel bir kanal olabilir."
86296;;"2019-05-28 13:26:37";Sevdim
92199;;"2019-02-19 06:06:05";iyi
106763;;"2018-02-13 08:24:56";"On numara 😂😂"
86040;;"2019-06-05 02:42:22";"30 saniye reklam dayatmanızı hiç uygun bulmuyorum ve 1 yıldız veriyorum."
124420;;"2017-03-29 20:48:03";"Ulan bide ücretsiz diyip milleti kandırıyorsunuz. yok internetsiz yok ücretsiz diye sizin yapacağınız işin ben taa.... Madem ücretsiz diyosunuz interneti kapatınca hemen flim duruyo. Milleti saf aptal yerine koyupta interneti yiyosunuz."
125456;;"2017-03-10 19:13:42";Güzel
85794;;"2019-06-15 16:10:41";"çok berbat indirmeye deymez hiç bir dizi ve ya film bende açılmıyor"
118025;;"2017-05-31 21:58:36";"uygulama güzeldi fakat naptiysaniz güncelleme ile birlikte her on dakikada dizi izlerken reklam geliyor bu uygulamayida mahvettiniz para uğruna birşey izleyesim gelmiyor reklamlar Kalkana kadar 1 yıldız"
127772;;"2017-02-08 17:33:12";Güze
127261;;"2017-02-13 00:40:41";"Programı kim yapmışsa VENDETTA begendi tüm sanal begenir deyin"
85508;;"2019-07-01 18:51:54";"yabancı dizi de olsun lütfen"
92930;;"2019-01-23 20:46:26";"çok güzel ama flimlerde olsa keşke"
106241;;"2018-02-19 11:46:56";"Harikaaa sadece tek eksiği;  Keşke televizyona bağlanma da olsaydı youtube da var işte o olsaydı tek kelime ile muhteşem olurdu bide bir kaç dizi yok ama olsun ELLERINIZE EMEGINIZE SAĞLIK"
82460;;"2019-07-20 10:26:09";"uygulama güzel ve kullanımı kolay ama 4 yıldız verdim çünkü indirebilsek süper olucak"
111388;;"2017-12-12 19:19:21";"Poyraz Karayel dizisini de dizileriniz arasına ekleyebilir misiniz lütfen :)"
123424;;"2017-04-03 16:31:23";"İsimsizleride bence eklemelisiniz insanlar tvden izleyemediğini burdan izleyebiliyor çok yararlı gerçekten ama kesinlikle isimsizleri bekliyorum."
113680;;"2017-10-23 21:27:37";"10 pian"
82189;;"2019-09-01 11:19:19";"Dsmart go ya para veriyoruz bunun kadar olamıyo dsmarta para vermeyin hiç olmazsa bunda insan gibi filmler diziler var izlenebilecek filmler diziler var."
128010;;"2017-02-04 18:12:59";"Çalışmalariniz Takdire Değer Korsan Dizi Sitelerine Bakmaktansa içi dişi reklam dolu değil en sevdiğim yönü bu reklam yok :) yabanci ülke siteler gibi temiz, rica ediyorum ayni şekilde devam edin ki zamanla sadece sizi tercih edecekler herkes artik reklamlardan saçma spamlardan açilir pencerelerden tiksindi BU SADELİKLE EN ÇOK TERCİH EDİLEN OLACAKSİNİZ KESİNLİKLE EMEKLERİNİZ İÇİN SONSUZ TEŞEKKÜRLER :)"
100356;;"2018-06-19 22:44:27";"İyi program ama her film yok eklenirse sevinirim"
121108;;"2017-04-25 08:07:12";"10 numara uygulama emeği geçen herkese teşekkürler"
81926;;"2019-10-02 15:17:17";"26 eylulde guncelleme geldi, Gelmez olsaydi keske.. Android tv de calismiyor artik. TV'de izleyemedikten sonra ne anladim ben bu uygulamadan.."
89365;;"2019-04-12 22:19:06";"on numara mükemmellllll"
106003;;"2018-02-23 15:20:33";Mükemmel
120856;;"2017-04-28 21:47:39";"Harika olmuş"
81668;;"2019-10-19 22:01:24";"Sürekli giren reklam araları ve programın 100 megabit internette bile donması show tv yi örnek almaya devam ediyorsunuz. Malasef ki böyle devam ederse alternatif programlara yönelmek zorunda kalacaz. 3 kuruş para için özellikle çukur dizisine bu kadar reklam koymayın ya hu 5dk da bir reklam. Vasatsınız."
125708;;"2017-03-05 12:16:36";güzel
100103;;"2018-06-23 18:09:21";"Reklamdan dolayı hiç birşeyi izleyemiyom."
126210;;"2017-02-25 23:19:43";"Daha fazla içerik"
81417;;"2019-11-09 15:53:42";"Bence güzel bir uygulama tavsiye ederim 😊"
117274;;"2017-06-09 19:49:44";"Çooooooooook güzel"
97819;;"2018-10-09 10:12:44";"Guzel uygulama"
126467;;"2017-02-22 05:14:06";"Dirilişi sitesinden izlemek eziyetti ama buradan izlemek çok keyifli. Umarım bu çizgisini bozmaz."
81174;;"2019-12-01 18:13:26";"10 Saniye ileri o saniye geri okları eklerseniz iyi olacak .çözünürlük ayarı yaparken uygulama hata veriyor. Uygulamadan çıktığında arka pılanda kapanıyor .Genel olarak güzel uygulama..."
97795;;"2018-10-10 01:11:31";"10 numara 5 yıldız mükemmel ya"
105495;;"2018-03-03 21:19:16";"Kanal d ve fox dizileri neden yok"
80930;;"2019-12-10 13:03:51";"Reklamlar çok güzeldi arada bir film çıkıyordu güzel bir uygulama 😂"
95253;;"2018-12-10 22:18:49";"Çok iyi uygulama"
107291;;"2018-02-04 14:58:16";"Çok güzel ama bazı diziler yokya"
119830;;"2017-05-08 13:59:02";"Bes dakikada bir reklam nedir ya dizilerden soguttunuz be nalet uygulama indirmeyin arkadaşlar alternatif proglamlari deneyin"
114956;;"2017-08-11 15:53:02";"Cok iyi"
80653;;"2019-12-28 19:04:22";"Artik yok indirmeyin sürekli reklam eskisi gibi rahat film izleyemiyoruz,"
113928;;"2017-10-08 08:03:24";İyi
97797;;"2018-10-10 00:10:53";Mukemmel
104200;;"2018-03-22 01:53:10";"İstenilen bi program"
80422;;"2020-01-21 12:52:20";"Bence güzel 2015 ten beri kullanıyorum."
108564;;"2018-01-20 06:51:33";"Gayet memnunum"
112910;;"2017-11-07 06:32:20";Süper
110351;;"2017-12-24 00:51:45";"Gayet güzel. reklamsız pro sürüm iyi olurdu"
129565;;"2019-04-03 20:21:09";ajoyib
80158;;"2020-02-14 16:33:31";"Insanin sinir sistemini alt us ediyo KESINLIKLE INDIRMEYI INDIRMEYIN INDIRMEYIN surekli donuyo"
128026;;"2017-02-04 13:38:02";"Çok güzel ama poyraz karayel yok"
86282;;"2019-05-28 17:55:18";"Harika bir uygulama fakat WiFi ye bağlı olduğum halde bir diziyi başlatmakta çoğu zaman zorlanıyor. Google üzerinden açınca direkt açılıyor ama uygulama hep sıkıntı çıkarıyor. Yeni diziler bekliyoruz senaryosu kurgusu hikayesi muhteşem olan dizilere ihtiyacımız var 👍🏻"
109847;;"2017-12-30 17:47:47";Süper
107015;;"2018-02-09 02:27:48";"Ellerine kollarına sağlık emeği geçen herkesin"
79904;;"2020-03-11 06:58:50";"Güzel uygulama ama reklamlar ile içine etmişler çöp"
118282;;"2017-05-28 14:11:44";"Çok güzel ama biraz daha film gelse mükemmel olur"
85543;;"2019-06-28 21:46:46";"MEDCEZİR dizini açamıyorum bütün diziler açılıyo medcezir açılmıyo"
92673;;"2019-02-04 09:01:14";"inşalllah interneti fazla harcamaz"
127757;;"2017-02-08 19:20:34";Incredible
124697;;"2017-03-24 15:08:07";"Kardesim her video bir iki dakika sonra donuyor bir daha acilmiyor acil duzeltilmesi gerekiyor"
79621;;"2020-04-01 14:08:13";"Android kutu kullanıyorum uzun zamandır rahatlıkla izliyordum (jet sosyete) uygulama en güncel halinde olmasına rağmen maalesef izleyemiyorum. Açılışdaki reklam cıkıyor ama video devam edemiyor görüntü bile gelmiyo. Chorem üzerinden denedim yine olmuyor çözüm lütfen."
103202;;"2018-04-01 21:52:19";"Mükemmel bi uygulama keşke ezel gibi bi diziyi de ekleyebilseniz..."
92674;;"2019-02-04 00:45:30";👏👏👏
126495;;"2017-02-21 20:14:58";"Cok guzel bi uygulama halen eksiklikleri var film kategorisi az ve yabanci filmde yok ama suanda bile netfilixse kapak gibi bi uygulama yapilanlarin eline saglik herkese tavsiye ederim"
124698;;"2017-03-24 15:01:16";"Her açıdan hızlı ve pratik  harika"
76293;;"2020-04-19 14:42:41";"Her şey çok güzel ama şu oynatıcıyı geliştirin biraz 16:9 formattan başka seçenek yok ekranın yarısı boş olarak izliyoruz:("
81163;;"2019-12-02 12:55:49";"P30 pro çalışmıyor şuan"
123421;;"2017-04-03 17:13:59";"Arkadaşlarımın tavsiyesi üzerine indirdim mükemmel bir uygulama"
97305;;"2018-10-30 21:47:48";"Harika otesi :):):)"
120582;;"2017-05-02 08:33:20";"Neden çöktün kardeş"
76065;;"2020-05-10 12:15:53";".... SAKIN YÜKLEMEYİN....Sinirden neredeyse telefonu parçalayacaktim.5 dakikada 1 reklam nerede görülmüş nerede duyulmuş.. sırf reklam için kurulmuş bir program.amac hizmet değil reklam için para kazanmak.vallahi 0 ( sıfır ) in altında verilmesi gereken bir oy... Hem kasmasi hem donması hem reklamı hem hem hem ...ne kadar olumsuz sözler varsa hakedecek bir program sakın yüklemeyin..."
123648;;"2017-04-02 08:45:55";"Muhteşem bir kanal teşekkürler"
124677;;"2017-03-25 02:30:22";Güzel
108832;;"2018-01-17 21:53:05";"Teknkelimeyle müthiş"
116760;;"2017-06-13 22:03:45";"Güzel bir uygulama dönmüyor izlerken komedi aksiyon falan var film izleyenler için güzel mutlaka indiri $$$$"
128525;;"2017-01-29 22:54:22";"Çok guzel"
75810;;"2020-06-09 21:44:14";"Halledildi sorunlar ancak birşey daha var izlediğimiz şeyi kaldığımız yerden devam edebilelim artık"
114717;;"2017-08-27 15:36:25";"Çok donuyor donmasa çok güzel bir uygulama😄"
104707;;"2018-03-17 10:15:48";"Film 'den çok reklam izliyoruz"
86031;;"2019-06-05 15:54:02";"Reklam işine girdikten sonra iyice abarttınız filmden çok reklam izliyoruz aynı reklam 50 kere izletilmez düzeltmezseniz uygulamayı kaldırıcam 👎"
108827;;"2018-01-17 22:27:52";"Daha az reklam olmalı"
123405;;"2017-04-03 18:44:48";"Dizi konusunda çok iyi  ama filmlerde biraz eksik kalıyor  çeşitliliği arttırırsanız çok izi olur"
121867;;"2017-04-18 18:02:46";"Çok çok iyi"
75531;;"2020-08-30 10:14:26";"Şahsiyet dizisi yayımlandıktan beridir 1.sezonu 15 veya daha fazla izlemişimdir.Ve bu dizi için indirmiştim,uygulama çok iyi. Sadece bir şikayetim var:Grundig tv ekranında açılmıyor. Herhangi bir tvde açılıyor, sadece grundig tvde açılmıyor. Soruna acil çözüm istiyoruz."
79651;;"2020-03-30 14:49:56";"Sürekli donuyor"
85536;;"2019-06-29 16:51:33";"Diziler neden açılmıyor 🤔 yüklenemiyor sinir oldum 😡"
103445;;"2018-03-30 00:11:15";"Bu program bir mikemmel"
108055;;"2018-01-25 16:58:25";"Çok iyi ya yeni gelinin izlemediğim bölümleri izliyom sansürsüz çok iyi"
107021;;"2018-02-08 22:17:31";"Tek Sıkıntısı Reklamların Kalkması"
75301;;"2020-09-28 14:34:35";"En başta görünsün diye 5 yıldız verdim yeter ya bu 5 dk da bir reklam ayıp rahat keyifli olsun die burdan izliyoruz yoksa heryerden izlenilir"
75266;;"2020-10-01 10:26:32";"Bence harika tavsiye ederim 👍👌"
114692;;"2017-08-28 18:15:31";"abi kesinlikle efso sadece bi kaç dizi yok genellikle popi diziler var ve kesinlikle hd tavsiye ederim"
116771;;"2017-06-13 20:05:24";Güzel
115740;;"2017-07-08 09:31:48";"Harikaa bir uygulama"
97309;;"2018-10-30 18:43:05";"Çok iyi helal olsun"
111142;;"2017-12-17 07:43:33";"Çok reklam koyulmasaydi güzel olacakti"
126987;;"2017-02-15 13:25:48";"Super uygulama"
75018;;"2020-10-18 21:40:09";"15 dakikada 3 reklam rezillik yüklemeyin boşuna değmez"
75803;;"2020-06-11 21:09:28";"Ya Allah aşkına bu ne reklam ya"
125210;;"2017-03-15 15:41:04";"İlerletme geri alma tuşları olsa daha iyi olurdu. Ama herşeye rağmen gayet iyi program"
98594;;"2018-09-05 07:11:24";"Orosbular çocuklarınız olmasin"
106249;;"2018-02-19 10:41:47";"Yeminle Reklamlardan nefret geldi daha diziye başlamadım 3 reklam izledim artık 4.de kapadım ve birdaha kullanmama kararı aldım :(( halbuki son zamanların dizileri güzel izlenir şeyler"
82454;;"2019-07-21 07:29:43";"Uygulama kendi kendine bozuldu silip tekrar yukluyorum duzelmiyo. Listemde ekli olan dizileri listeye ekle diye gosteriyor. Fragman izleyemiyorum. Giris yapmalisiniz diyor fakat zaten uye girisi yapilmis durumda. Bu durumla ilgilebirseniz sevinirim"
68096;;"2021-04-19 16:31:39";"Güzel apk ama indirme seçeneği olmalı bence."
68097;;"2021-04-19 06:43:41";"Yarım saat dizi izliyorum 2 saat video izliyorum en sonunda sildim"
68098;;"2021-04-19 02:43:28";"Hayatımda ilk defa bı uygulamaya yorum atıyorum bu nedir arkadaş bı film izleyeceğim 5 dkda bir reklam kesinlikle indirmeyin eskiden güzeldi"
68099;;"2021-04-19 00:06:01";"Aşırı reklam var filmden çok reklam izliyoruz TV burdan daha iyi yani siliyorum artık reklamınız sizin olsun"
68100;;"2021-04-18 22:20:38";"Bir şey izlerken çok donuyor, bu donma probleminin de internetin hızıyla alakası yok, uygulamadan kaynaklıdır. DÜZELTME: yorumu yazalı neredeyse bir yıl oldu, problem hala devam ediyor."
68101;;"2021-04-18 22:12:01";"Dizi izlemeyi bırakıp buraya geldim. 7 dakikada bir reklam mı olur ya. İlk yükledigim zamanlar gayet iyidi ama artık o kadar çok reklam çıkıyor ki sıkılıp hemen çıkıyorum. 7dk bir 30 saniyelik reklam. Lütfen düzenleme yapılsın artık..!"
68102;;"2021-04-18 22:02:10";"Televizyonda daha az reklam çıkıyor abi bu nedir ya. Tamam reklam ver verme demiyorum. Sonuçta ücretsiz hizmet veriyorsun. Da abi reklamın da bir sınırı olur ya. Buradan izliyeceğinize gisin google dan rastgele bir sitede izleyin valla daha az reklam çıkar. Hatta onlar da başta 2-3 reklam oluyor başka koymuyorlar. Bunlar sürekli reklamı dayıyorlar. Arada da film/dizi yi izliyoruz işte. Allah razı olsun arada bi izlettikleri için. sadece reklam da izleyebilirdik."
68103;;"2021-04-18 21:40:23";"Süper bi uygulama"
68104;;"2021-04-18 19:07:37";"Puhutv yapimcisi cidden reklam para kazandırıyor anladik ama siz bu duruma el atmaz iseniz bu kadar şikayetci arkadaşlar zaten bu uygulamayi silecek ve rövanş gormeyen bir uygulamaya kimse reklam vermez bunu biliyorsunuz ve sizde ricam reklam veriyorsaniz sık sık degil arada verin nedir ya her 8 dakka bir reklam 30 saniye bide ya parayi dusunuyorsaniz bu duruma el atın"
68105;;"2021-04-18 15:06:58";😍👍
68106;;"2021-04-18 14:48:15";"360p de izlememe rağmen Videolar çok fena takılıyor 1 saatlik diziler 1.5 saatte izleniyor"
68107;;"2021-04-18 14:37:46";"14 mb yazıyor 152 mb yer istiyor bilerek 5 yıldız verdim öne çıksın diye tavsiye etmem👎👎👎👎👎👎👎👎👎👎👎👎👎👎"
68108;;"2021-04-18 14:15:03";"2 dakika izliyorum 5 dakika donuyor.. Görüntü kakitesini en düşüğe getiriyorum ama sorun çözülmüyor.. İnternetin ilk dönemlerine döndürüp nostalji yaşattığınız için tebrik ediyorum sizi.. Ağız tadıyla bir dizi izleyemedim.."
68109;;"2021-04-18 14:07:50";"Bir dizinin bir bölümünü izleyene kadar canımız çıkıyo hadi reklamları gsçtim habire takılmalar ileri geri alırken beklemeler son model telefonda sınırsız internetle wi-fi ile bunlar oluyosa sorun sizdedir bu kaç zamandır böyle zahmet olmazsa bi düzeltin !"
68110;;"2021-04-18 13:54:01";"Çook güzel bir uygulama mesala 1 günü dizi izleyemediniz 2 günü burdan tam bölüm olarak yayınlanıyor"
68111;;"2021-04-18 13:16:33";"Ücretsiz olması güzel ama birçok filmi izleyemiyorum"
68112;;"2021-04-18 11:50:37";"bu kadarda reklam olmaz be"
68113;;"2021-04-18 08:28:15";"Çok reklam var anlarım da uygulama bile düzgün çalışmıyor. Ya tek reklam diyip 20 reklam gösteriyor, ya çok geç açılıyor videolar yada hiç açılmıyor. Sürekli donuyor ama reklamlarda hiç domuyor aq"
68114;;"2021-04-18 07:16:51";"Uygulama süper ama aradığım bütün filmler yok"
68115;;"2021-04-18 04:48:35";"BU KADAR REKLAM VERİYORSUNUZ, YEMİN EDİYORUM GETİRDEN DE GETİR BÜYÜKDEN DE BIKTIM YETER BE, DIZIYI KAPATIP GELDIM, ANLAMADIM KI GETIR IN SAHIBIYLE PUHU TV NIN SAHIBI AYNI KISILERMI ACABA? KAC MILYON TL REKLAM PARASI VERDILERDE 3 DAKIKA DA BIR REKLAM BIKTIM YEMIN EDIYORUM YA......"
68116;;"2021-04-18 03:50:58";"Reklâm izlerken sık sık dizi veriyolar kafayı yiyecem ağız tadıyla reklam izleyemedik"
68117;;"2021-04-18 03:05:08";"Super bir uygulama ve cok reklam yok sızın telefonunuzda sorun olabilir bende gayet güzel calısıyor donmuyor reklam bile cıkmıyor sureklı emege saygı lutven"
68118;;"2021-04-18 02:06:25";"Sakın indirmeyin her 10 dkda bir reklam 1 dklık sürekli donma"
68119;;"2021-04-18 02:02:19";"Reklammı izliyoruz dizimi"
68120;;"2021-04-18 01:36:21";"Yine başladı salak salak durmaya reklamlarda hiç durmuyo ama internet full çekiyo ama bu uygulamaya yetişemedi mubarek giderin artık şu sorunu bıhtıh artık kan beynimize sıçradı yeter....."
68121;;"2021-04-17 22:50:56";"Kanser programın alternatifi olsa keşke"
68122;;"2021-04-17 21:55:25";"Iyi gidiyorsunuz"
68123;;"2021-04-17 19:37:38";"Bence gayet iyi ara sıra reklam giriyor ama bu da doğal bir şey sonuçta ücretsiz bir uygulama"
68124;;"2021-04-17 17:50:00";"Diziyi yarim biraktim yorum yapmak icin surekli takiliyo internetle alakali hicbir sorun yok wifidan baglaniyorum takiliyo kenfi internetimden baglaniyorum takiliyo reklam falan var sorun degil bence ama surekli takilmasinin anlami ne birde surekli ingilizce altyazi var her girdigimde kapatmak zorunda kaliyorum ayrica altyazi cok ilerden gidiyo yaklasik 5 6 dakika sonra altyazini oldugu sahne geliyor sildim o yuzden begenmedim"
68125;;"2021-04-17 17:42:19";"Dünyada bundan kötü uygulama yok tşk ler"
68126;;"2021-04-17 17:32:17";"Bu nasıl uygulama filmi açar açmaz direk reklam girdi hayır yanı bir de 5-10 saniyede bir giriyor ben ne anladım bu uygulamadan yani izlicekseniz televizyondan izleyin.Çok kötü!👎👎"
68127;;"2021-04-17 15:14:28";"Çok güzel bir uygulama"
68128;;"2021-04-17 14:24:11";"İstediğin diziyi açmıyor (YÜKLEMEYİN)"
68129;;"2021-04-17 13:58:32";"Küfür etmek istemiyorum. Mahvettiniz her şeyi artık. Yılgınlık geldi reklamınızdan Allah belanızı versin"
68130;;"2021-04-17 11:01:00";"Sizin yaptınız işin taaaaaaa bu ne kardeşim 15 saniyede bir reklammı olur ya 😡😡😡"
68131;;"2021-04-17 09:03:41";"Reklam uygulamalası olmuş"
68132;;"2021-04-17 08:03:07";"Ben beğendim Behzat ç izliyorum reklamlar biraz fazla ama izlemeye engel değil ücretsiz olması da piyasada ki rakiplerinin çoğunu elediğinin göstergesidir. İçerik biraz yetersiz geldi tv kanallarında arttırılma yapılmalı reklamsız üyelik getirilmeli ama bütçe dostu olmalı bunları yaparsanız bi hayli kullanım artar: Güzel :D"
68133;;"2021-04-17 07:17:13";"Dizide kaçırdığım yeri bulmak için her ilerlettigimde 30 saniyelik reklam çıkıyor sırf kaçırdığım yeri bulmak için 4 dakikam heba oldu"
68134;;"2021-04-17 06:55:40";"Tamam uygulamayı sevdim ama şu yüzden 4 yıldız verdim: arka sokaklar dizisini aradım yükleme başarısız diyo😕😕 güncellemelerle düzeltilirse sevinirim😊😊"
68135;;"2021-04-17 03:05:51";"Reklamdan sıkılan arkadaşların dikkatine diziyi açın ve başladıktan sonra dizinin sonuna atlayın sonra tekrar baştan başlatın hiç reklam çıkmaz"
129317;;"2017-01-17 23:27:01";"Umarim parali olmaz. Cok guzel, anlasilir ve kullanisli olmuş."
128258;;"2017-02-01 15:58:39";"Çok güzel"
126994;;"2017-02-15 11:43:58";"On numara"
125954;;"2017-03-02 06:08:48";"Çok güzel bayıldım 😍😍😍"
124710;;"2017-03-24 03:30:03";"Çok güzel bir uygulama"
129567;;"2018-10-21 14:09:46";"Pusan pusi"
70948;;"2021-04-16 10:25:53";"Rezalet bir dizinin bir bölümünde bakın saydım 46 adet reklam izledim bu reklamların en az 50 Saniye"
70949;;"2021-04-16 09:54:48";"Az önce üyeliğimi sonlandırdım 1 saatlik dizi için 15 dakika reklam koyuyor uzun ve geçme imkanı sunmayan. Başka platformlar da var içeriği ücretsiz sunan"
70950;;"2021-04-16 09:07:35";"Amina kodugum uygulamasi ful reklam gotunuze girsin bu uygulama"
70951;;"2021-04-16 09:02:08";"Aslında uygulama guzel ama 3dk bir reklam gosteriyor"
129316;;"2017-01-18 00:45:40";"Behzat ç olması çok iyi olmuş"
128257;;"2017-02-01 16:48:29";"Bundaki dizileri indirebilme olsa cokda iyi olur du"
126993;;"2017-02-15 11:48:45";"Abi adamlar yapmış bizde begendik sizde indirn ve görün"
125953;;"2017-03-02 06:23:27";"Kehribar dizisini kaçak dizisini kenan İmirzalıoğlu dizileri kessinlikle olmalı lütfen onları da getirin"
124709;;"2017-03-24 03:55:41";"Tavsiye ederim.."
123686;;"2017-04-02 00:18:36";Harika
122882;;"2017-04-08 03:51:23";Kralsiniz
121875;;"2017-04-18 17:06:05";"İnternetlemi izliniyor"
123926;;"2017-04-01 10:34:16";"Güzel beyandım bizımlesin"
120092;;"2017-05-06 00:04:52";Süperrr
119314;;"2017-05-15 15:13:50";"Daha fazla film eklenmeli"
118542;;"2017-05-24 17:45:20";"Her dakika donuyo internetimde sıkıntı olmadığı halde acil çozum bulun !"
117776;;"2017-06-03 14:08:20";"Gerçekten muhteşem çok güzel bir uygulama"
117016;;"2017-06-11 19:01:28";"Gayet düzenli bir site aradığını buluyorsun ekstralarıda diger dizi yayinlayan sitelerden farki"
116262;;"2017-06-20 03:43:03";"Reklamlar daha az olsa super"
115715;;"2017-07-09 04:20:47";Superr
114972;;"2017-08-10 13:58:36";İyi
114434;;"2017-09-12 17:38:48";"Program çok hoşuma gitti daha iyi başarılarınızı bekliyoruz heycan la 😊"
113702;;"2017-10-23 00:59:25";"Puhu tv değil sanırsın reklamtv. Tek raklam diyor bir bölümde 100 tane reklam koyuyor. inanılmazsınız"
113173;;"2017-10-30 23:19:50";"Rahat ve ıstediğim zaman benimle"
112648;;"2017-11-11 20:59:30";İyi
112152;;"2017-11-22 17:40:00";"Süper fiiii"
114470;;"2017-09-10 17:01:54";"Daha fazla dizi gelirse iyi olur"
129544;;"2019-01-27 10:03:04";"მომწონს, კარგია. წარმატებები"
112158;;"2017-11-22 16:15:04";"Süper gerçekten mükemmel"
110083;;"2017-12-26 13:49:48";"Artık reklamlardan gına geldi TV de bile bu kadar reklam yok.player tuşuna basmaya gör hemen reklam.reklam.reklam reklam.birde yalaka kullanıcılar var bedava uygulama felan diye konuşanlar.ben paralı uygulamada kullanıyorum.ondada reklam var ama 1 tane.puhu TV de geri sar reklam ileri sar reklam durdur başlat reklam.normal izle reklam.mesela netflix kullanıyorum istediğimi indirebilirim.ev dışında internetimden yemeden izleyebiliyorum."
109582;;"2018-01-04 11:37:45";Harika
109085;;"2018-01-15 23:32:30";"Eşkiya dünyaya hükümdar olmaz ı ekleyin"
120577;;"2017-05-02 09:25:11";"Cok iyi...."
108290;;"2018-01-22 23:51:16";Kiyak
107804;;"2018-01-29 00:41:06";Bomba
113418;;"2017-10-27 18:12:25";"Puhu tv ye özel sadece 1 dizi/film var neden bide yabancı dizileride eksikliği var giderirseniz çok iyi olur ama  onun için 1 yıldız kırdım"
107028;;"2018-02-08 21:08:09";"Gelecekte Tv kanalları olmayacak derlerdi. PuhuTv Gelecegi günümüze getirdi."
113953;;"2017-10-07 08:48:18";Güzel
106264;;"2018-02-18 21:59:57";"10 numara 5 yıldız 👏👏👍"
108324;;"2018-01-22 20:02:12";"İyi, gayet güzel, reklam fazla olabilir. Onu da uygulamanın güzelliğine veriyorum.  Başka bir eksik bulamadım. Eğer eksik olursa yazarım. İndirmenizi de tavsiye ederim. 😊"
128804;;"2017-01-26 11:36:06";"Poyraz karayel gelse cok guzel olur"
105230;;"2018-03-07 19:08:16";"Çok iyi tşk"
108820;;"2018-01-17 22:52:17";"Harika takılmadan izliyoruz donma yok"
124422;;"2017-03-29 20:33:34";"Şahane bir program ellerinize sağlık reklamsız ve donmadan izleyebileceğim bir tv programı 👍"
104215;;"2018-03-21 21:01:36";Harika
103940;;"2018-03-24 14:55:11";"Cok iii"
123174;;"2017-04-05 13:35:32";"Uygulama güzede çok net lazim"
116743;;"2017-06-14 02:52:24";"Güzel uygulama izleyemediğim filmi kesintisiz izlemek daha iyi"
129030;;"2017-01-25 08:51:58";"Cook guzel ama gulduy gulduy yok guldur guldurde yok poyraz kareyelde yok"
102685;;"2018-04-11 18:53:30";Ela
102420;;"2018-04-18 12:32:48";"Superrrr puhu tv teşekkürler ""PUHU TV"""
102157;;"2018-04-26 23:05:46";Mükemmel
101896;;"2018-05-06 08:29:50";"Yabancı filmler neden yok ?"
101637;;"2018-05-15 23:53:44";"Iyi ama reklam omasa"
101381;;"2018-05-25 20:22:04";"çok reklam olmasa daha iyi olacak"
101127;;"2018-06-02 12:38:34";"Player reklama girmeye çalışırken video bağlantısı kopuyor, bazen de video 
duraklıyor uygulamayı yeniden açmak gerekiyor; düzeltme gelirse sevinirim"
100875;;"2018-06-07 21:07:13";"Reklamlar da hemen gecilebilse daha da iyi olacak genel olarak basarili"
100625;;"2018-06-11 20:32:27";"çok güzel bir site sayesinde kaçırdığım diziyi kesintisiz reklamsız 
izleyebiliyorum iii düşünülmüş emeklerine sağlık ☺"
100377;;"2018-06-19 08:38:03";"Son güncelleme sonrası hiçbir şey izleyemiyorum. Başlarken kitleniyor 
uygulama"
100122;;"2018-06-22 21:23:25";"Tamam güzel diziler var uygulama da güzel fakat sorunlar çok fazla. Örneğin 
dizi başlamıyor hata verip kapanıyor uygulama. Bazı bölümler açılmıyor 
örneğin şahsiyet 8. Bölüm."
99877;;"2018-07-05 14:00:42";"Yeni özellik iyi olmuş ileri geri sarma 2 tıkla video durdurma oynatma hala 
geliştirilebilir durumda hala bi YouTube arayüzü kadar güçlü değilsiniz 3 *"
119052;;"2017-05-19 11:35:01";"Bence çokk iyi bi programm ama şu reklam olaylarini azaltalimm"
109837;;"2017-12-30 20:13:31";"Başarılarınızın devamını dilerim.çok iyi bir uygulama.eski dizi ve filmlerden daha ekleme yaparsanız çokta güzel olucak"
103437;;"2018-03-30 05:30:04";"Çok güzel bir uygulama zamana mekana en önemlisi televizyona bağlı kalmadan istediğin her yerde kaldığın yerden devam edebiliyorsun izlediğin diziye filmi"
99073;;"2018-08-08 08:07:10";"Açılmıyorrrrrrrrrr..artık bişeyler yapılsaaaaa"
98837;;"2018-08-20 19:33:38";"Çok güzel uygulama ama bir sorunu var. Video kalitesi sürekli otomatik moda 
geri dönüyor. Videoyu durdurup tekrar başlattığında bile."
125475;;"2017-03-10 17:23:06";"Geniş Aile dizisinin tüm bölümlerini koyarsanız sevinirim."
123172;;"2017-04-05 14:16:24";"Reklamsız ve ücretsiz olması çok iyi böyle devam etmesini diliyoruz başarılar"
112917;;"2017-11-07 01:29:13";"Şevkat yerimdar eklermisiniz"
98064;;"2018-09-27 23:43:50";Efsane,
123426;;"2017-04-03 16:16:33";"Güzel ama hd değil"
108326;;"2018-01-22 19:47:58";"Kaçırdığımız dizileri HD kalitesiyle zevkle izlediğimiz bir program teşekkürler puhu TV 😊😊"
97537;;"2018-10-22 21:40:02";"Emegınıze sağlık"
97315;;"2018-10-30 15:13:39";Süper
96002;;"2018-11-06 23:36:54";"Çok iyi yıldızı fazlasıyla hak ediyor"
95783;;"2018-11-17 23:44:48";"Çook guzel bayıldımmm"
104725;;"2018-03-16 19:55:31";"Tv ye yükledim sürekli hata verdi kapandı.  Kaldırdım geri yükledim ses var görüntü yok . Telefondan açıp Tv ye bağlanayım dedim öyle bir özellik yok. En sonunda internetten açtım. Eeee ne anladım ben."
95494;;"2018-11-29 17:54:31";"Yayın hakları sebebiyle başka ülkede izleyemiyorum."
119841;;"2017-05-08 11:54:49";"Çok reklam çıkıyor, kötü. Azaltılmalı."
108838;;"2018-01-17 21:19:18";"Puhutv tek gecerim super super super"
95001;;"2018-12-22 16:14:09";"flim sırasında reklam olduğu anda video dahada oynamıyor.reklamınızın ammmmmk"
106511;;"2018-02-15 20:08:08";"Cok güzel seviyorum uygulamayı"
94725;;"2019-01-04 00:21:08";güzel
116501;;"2017-06-17 08:38:53";"Güzel ama her istediğim filmi bulamiyor"
92953;;"2019-01-22 18:55:55";"efsane tek kelime efsane"
104452;;"2018-03-20 04:38:54";"Reklam kaldırmak için ücretli sürüm yapsanız"
92685;;"2019-02-03 18:52:54";dehşet
117261;;"2017-06-09 20:40:24";"Muhteşem bir uygulama"
92421;;"2019-02-12 14:25:09";güzel
109854;;"2017-12-30 13:54:48";"Çok reklam var ya reklam yüzünden diziyi kapatacam"
92161;;"2019-02-20 00:23:08";"sevdim ben ya. emeğinize sağlık.."
110359;;"2017-12-23 23:27:10";"Bu kadar çok ve uzun reklam mı olur insaf edin biraz"
91905;;"2019-02-28 17:53:23";"tamam anam babam"
112164;;"2017-11-22 13:54:24";"Puhu tv güzel ama o iki yıldızı pek hak etmiyo o ýüzden 3 yıldız"
91653;;"2019-03-08 16:18:54";güzel
110630;;"2017-12-21 22:00:12";"Aradaki reklamlar olmasa pektatli olucak ama yine de oldukça hızlı"
89869;;"2019-03-20 09:37:17";guzel
103971;;"2018-03-24 08:11:39";HARİKA!!🌟🌟🌟🌟🌟
89625;;"2019-03-31 19:50:18";"güzel uygulama"
110621;;"2017-12-22 00:52:49";Bayildim
128009;;"2017-02-04 18:30:21";"Küfür dıtttttttttt deseydi iyi olurdu"
112411;;"2017-11-16 21:12:26";"Başarılı bir uygulama"
111900;;"2017-11-28 00:32:33";"Sadace çukur dizi sini izliyorum 2.saat 30 dk lık dizi 4 saat olur her 5 dk da bir reklam aylık üye olalım bir diziye reklam çıkmasın bide her reklam da tek reklam yazıyor geç demiyorum gene reklam geliyor illa ben demem belki ama başkaları illa der sonra desin ki sokayim reklamına [ana bacı soy bırakmazlar]"
89092;;"2019-04-21 00:21:55";harika
108038;;"2018-01-25 21:07:29";Süpper
88863;;"2019-04-30 08:06:10";"çok reklam olmasa 5 yıldız alırdı"
125698;;"2017-03-05 15:44:23";"Harika bir uygulama cidden Tebrik ederim Bu şehir arkandan gelecek için takip ediyorum :)"
111386;;"2017-12-12 19:55:47";"Reklamları olmasa on numara. Teşekkürler."
88583;;"2019-05-14 02:54:08";"teşekkürler sorunsuz izledim"
99605;;"2018-07-16 10:35:03";"G super"
125711;;"2017-03-05 10:09:02";"Gayet iyi"
89357;;"2019-04-13 04:56:22";"guzel hic kasma falan da yok"
103193;;"2018-04-02 05:04:58";"Çok güzel bir site"
86558;;"2019-05-22 16:15:36";"Reklam az olsa muhteşem"
91941;;"2019-02-27 16:55:41";"cok kaliteli.. iyu bir hizmet.."
127747;;"2017-02-08 21:20:22";"Tebrik ederim. çok güzel uygulama. Herkese öneririm"
86295;;"2019-05-28 13:32:18";"geceleri proplem olmasa güzel bir uygulama"
98333;;"2018-09-18 15:48:11";İyi
106527;;"2018-02-15 19:23:11";"Yabancı film yaw"
86039;;"2019-06-05 04:21:21";değerli
126743;;"2017-02-18 12:46:32";"Çok güzel olmuş"
114467;;"2017-09-10 19:37:09";"Diziler veya filmler güncellenirsin daha iyi olacağını düşünüyorum"
85793;;"2019-06-15 16:12:22";"acik ve net soyluyorum bundan 2 sene once gayeg guzel basarili bir uygulamaydi ama simdi hic bir ise yaramiyo diziyi her ileri sardiginda reklar geliyo reklam gelincede kalitede dusuyo herseferinde ayarlamak zorundasin sansur gelmis onceden sansur yoktu ama simdi irenc otesi olmus tek yildizda cokta gorunsun diye yorumu dikkate alin ve sizde sorum yapin biran once elden gecirilsin"
109839;;"2017-12-30 19:39:39";"Beğendim çok güzel olmuş"
99610;;"2018-07-15 21:45:44";"Yabancı filmler de eklemse muhteşem olucak 😍"
123933;;"2017-04-01 09:59:19";"Abi hersey var harika eski filim lerneararsanvar"
85507;;"2019-07-01 19:10:13";Harika
108062;;"2018-01-25 14:03:31";"daha fazla dizi   olabilir"
106530;;"2018-02-15 19:16:22";"Bütün diziler olsa keskeeeee"
82459;;"2019-07-20 14:47:42";"TV'ye bağlanma özelliği gelmeli. Televizyonumda da sizin uygulamanız var ama telefonumdan açtığım filmi TV'ye yansıtsmıyorum."
109349;;"2018-01-09 21:39:38";"Ilk defa bir uygulamaya puan veriyorum 🤗"
98581;;"2018-09-05 20:10:44";Iyi
114213;;"2017-09-25 10:14:26";"Beğendim güzel uygulama"
82188;;"2019-09-01 12:10:55";Süper.
99361;;"2018-07-25 16:01:05";"Çok güzel bi uygulama ama daha çok eski diziler eklenirse daha güzel olur. 
Özellikle Güneşi beklerken dizisi"
101411;;"2018-05-24 09:54:09";👍
120071;;"2017-05-06 06:42:39";"Çok reklam giriyo ama güzel"
81925;;"2019-10-02 15:46:58";"Ücretli zannettiğim için denenememiştim. Sırf Jet sosyete için indiriyorum.."
107545;;"2018-01-31 21:31:51";MÜKEMMEL
104709;;"2018-03-17 09:08:31";"Güzel gayet güzel"
121892;;"2017-04-18 11:27:13";"Coooooot guzel bir program"
81667;;"2019-10-20 01:37:39";"Sürekli durduruldu diye kapanıyor uygulama"
108050;;"2018-01-25 18:05:11";👏👏👏👏
100358;;"2018-06-19 21:18:54";"Dizi izlerken uygulamadan çıktığımda hem kaldığım yeri göstermiyor baştan 
başlatıyor hem de görüntü kalitesi kendiliğinden otomatiğe düşüyor.Tam 
ekran yapınca da ekranı algılamıyor.Düzeltilmesi lazım."
122116;;"2017-04-15 18:58:13";Mükemmel
81416;;"2019-11-09 17:39:33";"Avlu çook güzel bir fillm fakat neden onu bu kanala koyuldu?"
110355;;"2017-12-24 00:13:27";Muhtesem
98321;;"2018-09-18 19:06:24";Harika
110886;;"2017-12-19 16:24:01";Good
81173;;"2019-12-01 18:54:53";"Uygulamada video izlerken kalite ayarları vs tyşuna tıkladığımızda kapanıyor düzeltmek çok da zor olmasa gerek ha."
126233;;"2017-02-25 18:50:46";"10 numara 5 yildiz kesintisiz kaliteli herkese tavsiye ederim."
118052;;"2017-05-31 17:00:31";"Cok fazla reklam veriyor"
80929;;"2019-12-10 14:12:28";"Internetimi sikti"
81443;;"2019-11-05 16:57:29";"Bazı diziler 2 -3 yerde birden yazıyor.tek bir kategoride olsa daha iyi olur.Bazı dizilerin hakkı yeniyor,bu konuda (fazilet hanım)gibi daha yeni biten bir dizi ama anca adını yazınca bulabiliyorum.Bence yıllarına göre ayrılsa daha iyi olur."
91937;;"2019-02-27 17:35:09";"Puhu tv çok iyi çok güzel. Başarılı yayınlar"
99618;;"2018-07-15 16:17:20";"Çok güzel bir uygulama sana da tavsiye ediyorum"
126227;;"2017-02-25 19:21:13";"Süpersiniz Hep Ücretsiz Kalın"
80652;;"2019-12-29 09:31:41";"Yabancı filmleri türkçe diliyle izleyemiyoruz. Ya da alt yazılı da olabilir. Eğer varsa bana söyleyin. (Başka diller) Lütfen yapın. Mesela ben ""MUMYA"" adlı bir yabancı film izlemek istiyorum ama yok. Öyle bir film bulunamadı diyor. Lütfen bunlara bir çare bulun."
99343;;"2018-07-26 11:57:57";👍
110356;;"2017-12-23 23:49:10";"Cok iyi bi program ama reklam çok"
104477;;"2018-03-19 23:40:48";"Film ve dizi kapasitesi biraz az"
80421;;"2020-01-21 13:19:39";"Şu devirde, şu İnternet hızıyla hala sürekli donması çok sinir bozucu... Bi diziye başladık izleyemedik bir daha puhu tvden dizi izlememeye karar verdik😤😤"
129027;;"2017-01-25 09:19:02";Güzel
86281;;"2019-05-28 17:56:43";suoer
95769;;"2018-11-18 12:41:23";"Çok güzel bir uygulama dahaçok diziyi bulmak isterim"
107790;;"2018-01-29 10:39:07";"Sen anlat karadenizide ekleseniz ne güzel olur :)"
80157;;"2020-02-14 19:20:54";"Surekli hata veriyor"
102936;;"2018-04-06 20:09:35";süper
111389;;"2017-12-12 18:55:31";"Madem reklam koyuyorsunuz eyvallah bari  reklamları düzgün koyun arkadaş siyah ekran izliyoruz reklam yerine ses geliyor görüntü yok cihazım s7 edge güncelleme pls"
95770;;"2018-11-18 12:13:59";"Süper bir uygulama"
125976;;"2017-03-01 20:40:31";"10 numara beş yıldız"
79903;;"2020-03-11 09:20:00";"Dizi baslamadan reklam cikiyor sonra kitlenip kaliyor android."
91684;;"2019-03-06 23:42:39";"allah razı olsun bunu cikarandan"
103425;;"2018-03-30 10:23:05";"So good"
120344;;"2017-05-03 20:41:13";"Kalite %100"
114701;;"2017-08-28 09:33:07";"nolur reklamlar daha az olsun"
125728;;"2017-03-05 03:27:39";"Survivor Gelsin"
79620;;"2020-04-01 15:49:03";"Çok fazla dönüyor"
123912;;"2017-04-01 11:15:29";Harika
108552;;"2018-01-20 09:33:01";"Çok güzel"
123152;;"2017-04-05 16:46:30";"Dizinin bölümü tvde yayınlandıktan sonra hemen yükleniyor. Çok harika. Kaçırdığım bölümleri izleyebiliyorum. Gerçekten ellerinize sağlık. Ve bunun yanında görüntü kaitesi de harika."
125729;;"2017-03-05 01:42:42";"Uygulamanızi beğendim fakat kategoriler de dizinin veya filmin ayrıntısına baktıktan sonra geri çıkınca listenin en başına dönmesi kötü. Bunun için düzeltme yapıp listede kaldığı yerden devam etmesini sağlarsınız sevinirim."
76292;;"2020-04-19 16:40:04";"Ben böyle uygulamin mk orusbu çoculari"
116998;;"2017-06-11 21:36:19";"Like it"
86817;;"2019-05-19 00:12:06";"Herşey iyi güzel ama uygulamaya bazı dizilerde eklenebilir mesela eşkiya dünyaya hükümdar olmaz, söz gibi bunlarda eklenirse daha güzel olacağını tahmin ediyorum"
99106;;"2018-08-06 10:55:50";"Tek kelime ile süperr"
107794;;"2018-01-29 08:42:34";Mükemmel
76064;;"2020-05-10 14:09:53";"Yüreğimde bir acı geldi geçmiyor neden?"
79648;;"2020-03-30 16:29:21";"Sürekli donuyor. Eskiden böyle bir sorunu yoktu"
81442;;"2019-11-05 17:44:13";"Berbat bir uygulama kimseye tavsiye etmem ama hayla yüklü😂"
111640;;"2017-12-05 21:49:54";"Çok güzel bir uygulama herkese tafsiye ederim"
120576;;"2017-05-02 09:37:13";:)
107795;;"2018-01-29 08:15:51";"Her yazdığım dizi  veya film çıkmıyor örneğin savaşçı dizisi  yok bence biraz geliştirilmeli."
75809;;"2020-06-10 08:07:57";"No Sıkıntı Ama donuyor aq"
109831;;"2017-12-30 21:26:02";"TV'de çıkan eski ve yeni dizileri ve internet dizilerini çok güzel bir kalitede sunuyor. Dört yıldız vermemin amacı reklamlar azaltılabilir."
113667;;"2017-10-24 06:12:01";"Eşkıya Dünyaya Hükümdar Olmaz dizisini ekleyin."
126469;;"2017-02-22 00:20:03";"On numara beş yıldız guzel uygulama keske butun diziler olsaa Tebriklerrr"
116770;;"2017-06-13 20:07:28";"Daha yüklemedim ama umarım internetsiz çalışır"
113931;;"2017-10-08 05:45:53";"Görüntü kalitesi guzel ve kesintisiz"
128293;;"2017-02-01 08:18:21";"Puhutvl co güzel görünüylllllll"
75530;;"2020-08-30 13:19:00";"Sadece eğlence ve müstiş bi sey⚽⚽⚽"
106252;;"2018-02-19 08:20:15";"Arka sokaklar niye yok"
129296;;"2017-01-19 01:11:15";"Çok iyi bir program"
88856;;"2019-04-30 14:44:42";", ♥️"
97830;;"2018-10-08 20:53:12";Mukemmel
118046;;"2017-05-31 18:26:08";Good
75300;;"2020-09-28 16:40:24";"Cok guzel proqram"
75265;;"2020-10-01 12:34:12";"Puhu tv den dizi izlerken otomatik 1080 p ye geçip bana 24 tl geçiren yetmeyip extra 4gb tan eden uygulama :( sanırsam operatör lerle anlaşma yapmışlar ayrıca beni paket bitmeye yakın uyarmayan türkcell ide kınıyorum. Bu arada türkcell in yaptığı son bildirim 819mb ...ben 360 ayarladigim halde 1080p ye geçiyor :( uygulamaya siliyorum."
95269;;"2018-12-09 20:35:10";"Çok takılıyo"
128022;;"2017-02-04 15:38:35";"Bence filmlerin de yer almasi lazim Recep İvedik gibi,iftarlık gazoz gibi, yada filmler için başka uygulama da yapmalisiniz."
95753;;"2018-11-18 22:54:40";Kötü
98323;;"2018-09-18 18:44:28";"18:9 ekran da kenarda boşluk kalıyor çözülmesi lazım"
106258;;"2018-02-19 01:31:05";"On numara"
128036;;"2017-02-04 11:05:20";"Süper herkese tavsiye ederim"
75017;;"2020-10-19 01:49:25";"Reklamdan Film izlenmiyo Spamlıyorum Bukadar Görgüsüz'olmuş Sizin gibi Program Sahibi Allahinizdan Bulasiniz 5 dk film 30 saniye reklam Ne Or...pu cocugu Birisiniz ya siz 5 yildiz vermemin sebebide Bunu görün diye"
118034;;"2017-05-31 20:07:50";"5 dk da bir reklam."
80415;;"2020-01-21 19:04:28";Perfect
99841;;"2018-07-07 16:22:21";Mukemmmel
94986;;"2018-12-23 07:36:44";"androidte hiç düzgün çalışmıyor, samsung s8 de uygulama açılmıyor. silip tekrar yüklememe rağmen aynı sorun devam ediyor."
108569;;"2018-01-20 04:27:48";"Alaninda tek"
71168;;"2021-03-23 11:27:31";"Nedir puhutvdeki problem anlamadım? Uygulamaya girmeye çalıştığım anda geri çıkıyor, açamıyorum bir türlü 😡"
71169;;"2021-03-23 11:26:19";"10 numara"
71170;;"2021-03-23 11:23:46";"Uygulama hata verip duruyor surekli bu nedir ya"
71171;;"2021-03-23 11:23:32";"Uygulama kendi kendine duruyor giriş yapılamıyor."
71172;;"2021-03-23 11:17:03";"reklamdan geçilmiyor"
71173;;"2021-03-23 11:03:18";👌
71174;;"2021-03-23 09:41:34";Guzellllllllll
71175;;"2021-03-23 09:38:25";"Bes para etmez1"
71176;;"2021-03-23 08:48:21";"Çok güzel bi uygulama dizilerin son bolumlerine kadar hepsi var"
71177;;"2021-03-23 08:19:10";"Reklam cok reklam"
71178;;"2021-03-23 07:42:12";"Uygulama açılmıyor"
71179;;"2021-03-23 07:30:10";"Sürekli hata veriyor aşırı reklam var bu nedir ya"
71180;;"2021-03-23 06:56:05";Harika
71181;;"2021-03-23 02:37:49";"Sürekli reklam çıkıyor bu ne be dizi izleyemiyoruz yootubeden beter wallahi"
71182;;"2021-03-23 00:42:43";"Kara sevda için indirdik gayet güzel"
71183;;"2021-03-22 23:18:31";"Sürekli hata veren bir uygulama, izlediğim zaman her saniye kasma olabilir mi ya ."
71184;;"2021-03-22 23:18:01";"İstek arttıkça sizde kendinizi bozdunuz reklamlara eyvallah dedik tamam olur böyle şeyler şimdide güncelleme yapmama rağmen açılmıyor bile"
71185;;"2021-03-22 22:31:44";"Olayda e"
71186;;"2021-03-22 22:27:00";"Uygulama sürekli çökmeye başladı giremez oldum"
71187;;"2021-03-22 21:22:12";Kapanıyor
71188;;"2021-03-22 19:07:05";Kasıyor
71189;;"2021-03-22 16:27:11";Harika
71190;;"2021-03-22 14:42:18";"bu ne ya 1 dk izliyorum 1 dk donuyor zaten süre 2 buçuk saat 5 saatte diziyi izlemeye çalışıyorum"
71191;;"2021-03-22 13:06:26";"Ezel in gelmesi gerek"
71192;;"2021-03-22 12:17:00";"Bişey soracam bu uygulama paralı mı yoksa indirmen yeterlı mı ızlemek ıcın"
71193;;"2021-03-22 01:09:36";Mukemmel
71194;;"2021-03-21 23:50:15";"Reklam üstüne reklam şuraya yorum yazarken bile korkuyorum reklam çıkacak diye... Bir de maşallah 50 Mbit hızla 480p videoyu 3 sn de bir donarak izlemek müthiş ötesi sabır sınayan bir hareket."
71195;;"2021-03-21 21:57:31";"Cok güzel indirin"
71196;;"2021-03-21 21:37:13";"Sırf görün diye 5 yıldız veriyorum. Şu reklamların suyunu çıkarttınız video izlerken oynatma hatası bile verdiriyor şu reklâmlarınız bu kadarda abartılmaz"
71197;;"2021-03-21 21:25:40";"Uygulama güzel fakat diziler eksik sizden ricam.Kuruluş Osman ve Arıza.Dizilerini ekleyebilirmisiniz.Burdaki mesajıma geri dönüş olmadı rica etsem burdaki iki diziyi ekleyebilirmisiniz."
71198;;"2021-03-21 19:52:56";"Kasıyor birşey izlenmiyor o yüzden 3 yıldız verdim"
71199;;"2021-03-21 19:34:15";"Başlat durdur ileri al geri al kısmı ekrana dokunduğumda hemen gelip gidiyor sürekli donuyor ve üstüne üstlük görüntü genişleyince uygulama donuyor"
71200;;"2021-03-21 19:24:03";Güzel
71201;;"2021-03-21 17:18:58";"Dizi izleyemiyorum sürekli kendiliğinden duruyor bu ne böyle ya youtubedan izlesem daha iyiydi şu sorunu çözün artık 😏"
71202;;"2021-03-21 14:56:56";"yabancı filmleri de altyazılı yada Türkçe dublaj seçeneği olsa süper olurdu"
71203;;"2021-03-21 14:56:28";"süper olmuş elinize sağlık"
71204;;"2021-03-21 13:46:11";"Güzel bir uygulama fakat telefonu tv ye bağlama özeliği gelmeli ve ayrıca bazı dizileri izlediğim zmn türkçe dublaj istiyorum fakat bulamıyorum onların da gelmesi lazım bunu dikkate alırsanız 5 yıldızı o zmn hak ediyor ve son olarak rekalamlar kısa süreli olması lazım..."
71205;;"2021-03-21 10:24:22";"iyi bir uygulama ama çok donuyo izleyemiyosun"
71206;;"2021-03-21 09:17:57";"Film içeriği arttırılmalı ve canlı TV özelliği gelmeli"
71207;;"2021-03-21 07:11:44";Süpperr
129315;;"2017-01-18 00:53:20";"Güzel bir uygulama. Hiç düşünmeyin ve hemen indirin zaten hafif bir uygulama . İçeriği güzel daha da gelisicektir . En önemli özelliği ücretsiz bir uygulama . Ben beğendim"
128256;;"2017-02-01 16:57:52";"İzlediğimiz filmleri wifi üzerinden smart tv ekranında açabilsek süper olurdu  Olmazsa olmaz bence"
126992;;"2017-02-15 12:44:21";"Mükemmel bir program"
125952;;"2017-03-02 06:37:33";"Çok güzel bir program bayıldım tv yerine dizi için gerek yok aç puhu yu izle dizini :D"
124708;;"2017-03-24 04:33:54";Güzel
123685;;"2017-04-02 00:26:07";"Tek kelimeyle , Mükemmel"
122881;;"2017-04-08 04:23:11";Süper
121874;;"2017-04-18 17:16:50";"Çok güzel bir uygulama olmuş fakat işaretleyin lütfen"
124954;;"2017-03-19 07:03:16";"Güzel izlenebilir"
120091;;"2017-05-06 00:19:03";"Lütfen reklamlari yarıya indirin"
119313;;"2017-05-15 15:14:43";"Reklamlar cok fazla"
118541;;"2017-05-24 17:56:09";"Çok iyi bence"
117775;;"2017-06-03 14:12:40";"jani ucertsizdi baya internet gidiyor amma"
117015;;"2017-06-11 19:15:15";"Zamanla daha iyi olacaktır. Reklamlar tam dozunda bence, sonuçta para da kazanmaları gerek.Boyle güzel bir oluşuma emek ve zaman harcadığınız için teşekkür ederim.Ben begendim. ha bu arada site ağır  falan çalışmıyor sizin internetiniz yavaş ben 1080p de takilmadan izliyorum."
116261;;"2017-06-20 04:22:14";"Kısaca efsane :)"
115714;;"2017-07-09 08:20:09";"Lan reklamlar illet ediyo insanı yapacağınız bu kadar olur.. siliyorum kimse indirmesin..gidin netten izleyin reklamsız"
114971;;"2017-08-10 14:07:28";Süper
114433;;"2017-09-12 18:54:19";Harika
113701;;"2017-10-23 04:19:03";"Dizi değil full reklam izliyoruz. Reklam koyun koymayın demiyoruz ama siz b.kunu çıkarmışsınız. Uygulamayı siliyorum. şirketinizin sahibi ben olsaydım alayınızı işten atardım yazık."
113172;;"2017-10-30 23:35:22";"Cok reklam var gerisi sahane"
112647;;"2017-11-11 21:24:44";Iyi
112675;;"2017-11-11 10:54:18";"Bu uygulama efsoo"
115211;;"2017-07-26 18:46:35";"Google chromecast desteği gelene kadar 1 yıldız"
115213;;"2017-07-26 15:09:22";"Yabancı diziler yok  sildim"
127505;;"2017-02-11 23:04:48";"çok güzel ama adı efsane dizisini de eklerseniz çok sevinirim"
110082;;"2017-12-26 13:58:25";"Cok kullanisli aradigim tum dizileri bulabiliyorum"
109581;;"2018-01-04 12:04:19";Süperrrr
109084;;"2018-01-15 23:36:40";👍👍👍
121366;;"2017-04-22 20:47:46";"Puhu TV  mükemmelsin 😉👈👏👍👏👏👏"
108289;;"2018-01-22 23:56:48";"İleri ve geri sarma kısımları da eklenmeliiiii"
107803;;"2018-01-29 05:48:49";Harika
113950;;"2017-10-07 10:42:48";"Film sayısı az fakat mükemmel."
107027;;"2018-02-08 21:21:18";Bayildim
114689;;"2017-08-29 01:26:16";"harika tesekkurler"
106263;;"2018-02-18 22:42:48";"Sorunsuz ve kesintisiz izleme  başarılı 👍"
108816;;"2018-01-17 23:11:13";"Kapatıp geri açınca kaldığım yerden devam ediyor ya.. Bayılıyorum.."
105511;;"2018-03-03 19:01:58";"Cok ıyı"
105229;;"2018-03-07 19:55:55";"Reklamlardan dolayı bir puan kırdım fakat onun dışında çok kaliteli bir uygulama."
109316;;"2018-01-10 20:27:46";Güzel
125452;;"2017-03-10 20:32:24";Efsanee
104214;;"2018-03-21 21:07:57";"Uzun zamandır hasret kaldığımız bir portal , harika bayıldım vallahi .."
103939;;"2018-03-24 15:04:54";"Çok iyi"
108825;;"2018-01-17 22:37:37";"Bir medyayi internetten bu kadar kaliteli ve takilmadan izlemek muthis birsey."
118564;;"2017-05-24 10:50:35";"Tebrikler Teşekkürler"
102951;;"2018-04-06 16:43:59";"çok begeniyorum.. misssss"
102684;;"2018-04-11 18:58:02";Güzel
102419;;"2018-04-18 12:47:20";"Muhammed cemaate yönelik çalışmalar ve iç ve doğu kesimlerde etkili"
102156;;"2018-04-27 00:01:35";👍👍👍
101895;;"2018-05-06 08:32:40";"Lütfen yabancı diziler gelsin"
101636;;"2018-05-16 00:23:17";Süper
101380;;"2018-05-25 21:05:21";"Arkadaslar tablette izleyebiliyordum ancak suan uygulamayi actigimda 
kapkaranlik bir ekran ve birseyler ters gitti tekrar deneyin diyor.Acaba 
tabletten duzeltmem gereken bisi mi yardimci olabilir misiniz??"
101126;;"2018-06-02 13:07:50";"Çok guzel"
100874;;"2018-06-07 21:08:19";"Süper bir uygulama tavsiyem olur herkese"
100624;;"2018-06-11 20:45:28";"Harikasın puhu 🌟🌟🌟🌟🌟"
100376;;"2018-06-19 10:07:01";"Daha çok film"
100121;;"2018-06-22 22:45:59";Sevdim
99876;;"2018-07-05 17:04:58";"harika bir uygulama helal olsun.."
119829;;"2017-05-08 14:41:12";Güzel
110341;;"2017-12-24 05:15:57";"Cok iyi"
103710;;"2018-03-26 10:59:48";"Kuzey Güneyi Blutv ye sattınız biz ne izlicez arkadaş"
99072;;"2018-08-08 08:21:55";"Annemin telefonunda var çok g"
98836;;"2018-08-20 20:45:48";Harika
126727;;"2017-02-18 16:05:03";Güzel
109341;;"2018-01-09 23:46:25";"Gerçekteb güzel uygulama. Reklamsız izliyoruz. Umarım ilerde reklama boğmazlar.."
117512;;"2017-06-06 18:01:39";"Güzel uygulama"
98063;;"2018-09-28 01:43:19";"Cok iyi tebrik ederim"
124448;;"2017-03-29 13:47:12";"Mükemmelsiniz. Inşallah ilerde para için her tarafı reklamla doldurmazsınız. Elbette reklam olcak ama tadı kaçmaz umarım.. Bu gidişatınız süper 🖒🖒"
105748;;"2018-02-28 15:35:11";"Kısa geciş gelse iyi olur"
97536;;"2018-10-22 21:41:27";"Cok iyi"
97314;;"2018-10-30 15:52:16";"Güzel uygulama reklamlar sıkıntı olabiliyor bazen genelde iyi"
96001;;"2018-11-06 23:50:02";"Mükemmel ötesi"
95782;;"2018-11-17 23:55:36";"Cok guzel"
123398;;"2017-04-03 19:23:54";"Eski filimleri azaltıp dizileri tamamlarsaniz harika olacak.."
95493;;"2018-11-29 20:21:17";"Off çok manyak"
120832;;"2017-04-29 09:42:25";"Beğenerek kullanıyorum."
109333;;"2018-01-10 12:29:23";Tebrikler
95000;;"2018-12-22 16:24:29";"ya her tıklamaya reklam mı konur Hayır bide 30 saniye izlemek zorunda bırakıyor önceden böyle değildi çok güzel uygulama ama reklam bitiriyor"
118818;;"2017-05-21 23:02:44";Nlce
94724;;"2019-01-04 06:58:26";"ucretsiz verdiginiz hizmette elbette reklam olcaktir anlarim. Ama bu nedir. uygulamayi yukledim dizi actim ileriki bolumu tikladik reklam. neyse gecti. biraz ileri alayim dedim yine reklam. sonra tekrar ileri alayim dedim yine reklam. Daha izlemek istedigim yere gelmeden 3 tane reklam izledim. Uygulama benim icin bitmistir. Youtube da reklam veriyor. ama her ileri sardiginda reklam gelmiyor. neyse size iyi reklamlar. İnsanlari biraz dinleyin reklam oraninda sikayet cok."
115201;;"2017-07-27 16:06:09";"Bu uygulamaya bayılıyorum . Ne zaman bir film izlemek istesem hep yanımdasınız . Çok Teşekkür Ederim."
92952;;"2019-01-22 20:33:00";"bunu sadece SÖZ Dizi için yüklerim"
104731;;"2018-03-16 17:53:45";"Çok hoş"
92684;;"2019-02-03 19:40:25";başarılı.
108064;;"2018-01-25 13:59:22";"Siyah Beyaz Aşk dizisini de alın."
92420;;"2019-02-12 14:42:56";"süpper harika"
110358;;"2017-12-23 23:32:03";"Reklam çoook"
92160;;"2019-02-20 01:52:04";mükemmel...
110867;;"2017-12-19 18:33:20";"Bence çok güzel"
91904;;"2019-02-28 17:56:17";"süper kaldırdığım dizileri puhutv den izleyebilmek çok güzel hareket 😏"
124191;;"2017-03-31 17:17:33";"Adı efsane dizisi  eklenirse daha iyi olur artık ekleyin bence"
91652;;"2019-03-08 18:16:14";süper
106518;;"2018-02-15 19:50:50";"Fazla reklam veriyor deli oluyorum. Onun dışında guzel 👍"
89868;;"2019-03-20 09:41:02";"Reklam görmek istemeyenler uygulamaya giriş yapsınlar kesinlikle hiç reklam vermiyor .diğer türlü bir dizide 20 defa reklama giriyor ve reklamı geçme şansıda vermiyor.uygulama güzel geliştirilebilir"
102918;;"2018-04-07 01:25:40";"Güzel bir site"
89624;;"2019-04-01 01:01:27";"şahsiyet gibi bir diziyi devam ettirmemeniz çok üzücü ı yüzden sildim..."
119831;;"2017-05-08 13:58:51";"Harika yalniz kaldigimiz yerden devam etsek daha iyi"
129283;;"2017-01-19 17:17:57";"İçerde filmi kendi  şahsi YouTube hesabında olsaydı süper olurdu"
114711;;"2017-08-27 20:08:16";"Başarılı uygulama"
112420;;"2017-11-16 18:06:04";"Böyle bir uygulama şarttı teşekkürler..."
89091;;"2019-04-21 01:26:41";mükemmel
105730;;"2018-02-28 21:36:40";"Mükemmel bir uygulama"
88862;;"2019-04-30 08:30:54";mükemmel
97566;;"2018-10-21 18:51:23";"ÇOK iyi bi uygulama ancak Ulan İstanbul diziside gelirse mükemmel olur"
111902;;"2017-11-27 23:27:02";Süper
88582;;"2019-05-14 03:29:17";"bence çok güzel"
99848;;"2018-07-07 09:26:36";"Saçma sapan konuşma lan"
126750;;"2017-02-18 11:20:21";Harikaaa
115206;;"2017-07-27 09:02:14";"Harika program ama BEHZAT gibi diziler sansürsüz olsa daha iyi olur"
129028;;"2017-01-25 09:17:38";"Sanırsam ay yapım şirketinin yapımını üstlendiği dizileri yayınlıyorlar ,sadece içerde için indiriyorum :)"
86557;;"2019-05-22 16:55:15";"Millet bu film ve dizileri para vererek seyrederken bizker bu platform sayesinde bedava dizi izleme keyfi yaşıyoruz."
110343;;"2017-12-24 03:58:15";"On numara"
120583;;"2017-05-02 08:16:03";"Puhu TV harika"
86294;;"2019-05-28 13:40:41";"kesintisiz donmadan izleme 👍"
125971;;"2017-03-01 21:39:21";"BEHZAT Ç. yeniden izleme keyfi 😀😀"
111129;;"2017-12-17 11:41:36";"On numara"
86038;;"2019-06-05 06:26:49";"yeni filimleride ekleyin lutfan."
114185;;"2017-09-26 08:07:38";Harika
115975;;"2017-06-29 05:09:14";"cok fazla reklam var ileri sarmaya gelmiyor"
85792;;"2019-06-15 17:41:18";"Lan Dakika başı reklam veriyorlar lan puanımı geri çekiyorum ne zaman azalırsa reklamlar ozaman görüşelim puhu cum"
88615;;"2019-05-12 13:04:51";"Sayenizde istediğim zaman istediğim yerde dizi lerimi islerimi aksatmadan seyrediyorum. ..çok teşekkürler"
99853;;"2018-07-06 20:34:55";"Çok güzel bir uygulama bence alın"
120068;;"2017-05-06 07:14:07";Mükemmel
85506;;"2019-07-01 19:29:48";"Asiri reklamlar disinda cok basarili. Guncel filmler yuklemeleri de ayrica iyi olmus."
112923;;"2017-11-06 22:08:34";"Reklamlar çok fazla yoksa beş yıldız rahat alır"
117252;;"2017-06-09 21:19:07";"Hd kalitesi yüksek olduğu zaman ekran da donma yaşanıyor ve gereksiz reklamlar can sıkıcı Onun disinda iyi bir uygulama"
82458;;"2019-07-20 14:51:33";"SAKIN INDIRMEYIN !! reklam veriyor surekli"
86806;;"2019-05-19 08:00:55";"mükemmel hiç pişman olmayacaksınız"
120615;;"2017-05-01 22:52:11";"İyi Güzel hoş Bi Uygulama da Niye Yeni Çıkan Diziler Yok Mesela Söz Ve Savaşçı Gelse İyi Olur"
114950;;"2017-08-11 20:30:34";"Uygulama cihazımda uzun zamandır çalışmıyor lütfen ilgilenin!!"
82187;;"2019-09-01 13:35:14";"Gerçekten çok güzel bir uygulama. Herkeze öneririm."
89364;;"2019-04-12 22:29:10";Mükemmelllll
103431;;"2018-03-30 07:06:20";"Hama guzeldir cok xusturrr😂😂"
120855;;"2017-04-28 22:10:24";Guzel
81924;;"2019-10-02 17:44:17";Muhteşemmmmmm😍😍
89605;;"2019-04-01 23:35:58";"kuzi Keri 🏄"
105734;;"2018-02-28 20:59:14";Süper
122652;;"2017-04-10 07:08:32";"Gencler cok güzel bir uygulama. Video kalitesi grafik kalitesi süper. İndirme kitlesine takılmayın diğerlerine göre süper"
81666;;"2019-10-20 03:12:57";"Piksel ayarlaması yok böyle birşey olamaz resmen zorunlu kaldığım için kullanıyorum uygulamayı"
89366;;"2019-04-12 22:02:48";"puhu tv çalışmıyor sürekli sesi gidip geliyor ve yayın yüklenmiyor"
100903;;"2018-06-07 16:28:24";"Çok güzel mutlaka indirin."
119331;;"2017-05-15 09:57:47";"Lanet olsun reklama bu ladar fazlada olmaz kardeşim uygulamanın zevkinin içine sıçtınız"
81415;;"2019-11-09 18:32:50";"Azerbaycandan izleyemiyorum internet dizilerini Bu video ülkenizde açılmıyor yazıyor Bunu hemen düzeltseniz iyi olur çünkü böyle giderse yabancılar da izleyemez hem de diziler sadece türkiyede bilinir Eğer bu durumu düzeltirseniz daha çok kitleye ulaşacaksınız Sevgiler....."
86810;;"2019-05-19 04:28:53";😎
105746;;"2018-02-28 15:47:07";"Mükemmel bir uygulama"
111398;;"2017-12-12 16:59:39";"Bu ne kardeşim reklam hep gidin googleden izleyin"
81172;;"2019-12-01 20:02:53";İyi
94984;;"2018-12-23 17:18:10";"Uygulama harika. Reklamdan sonra kaldığım yerden devam etmiyordu hata olsa gerek silip geri yükledim geçti."
106247;;"2018-02-19 11:02:12";"Bu nedir kardeşim yaa sürekkli reklam reklam reklamm. İzlediğimizz dizidenn hic birsey anlamıyoruzz tv dede reklam veriyor ne yanii illa tv alıp uydu alıp oradannmı izliyelim bu ne saçmalıktır ya diziyimi izliycez reklamımı. Millete yardımcı olacağınıza sömürüyosunuz düzeltin şunu yksa silicem uygulamayı. Ve uygulamayı kullanan arkadaşlarımıda uyarıcamm. Boyle bisey olamazz..."
80928;;"2019-12-10 15:18:02";"Son zamanlarda sürekli hata veriyor ayrıca geçmişi göstermiyor kaldığım yerden devam edemiyorum izlediklerime lütfen düzeltin"
120592;;"2017-05-02 06:16:28";"Basarili uygulama elinize saglik"
123654;;"2017-04-02 07:57:46";"Bu uygulama harika kaçırdığını bölümleri izleyebiliyorsunuz😀😀"
99861;;"2018-07-06 14:35:18";Harika😍💓
116246;;"2017-06-20 10:01:33";"Çok güzel bir uygulama Emeği geçenlere çok teşekkür ederim"
80651;;"2019-12-29 10:36:27";Guzel
118566;;"2017-05-24 10:15:09";"Beğendim ama bazı dizilerin olmamasına üzüldüm"
92938;;"2019-01-23 15:58:52";"hosuma gitti.mutlaka deneyin derim."
123941;;"2017-04-01 09:33:26";"Güzel begendim. Yayın kaldığı yerden diye programı olursa süper olur. Teşekkürler"
80420;;"2020-01-21 14:10:12";Açılmıyo
129300;;"2017-01-18 21:10:52";"Dehşet bir uygulama tüm diziler var elinize sağlık"
111905;;"2017-11-27 22:49:32";"Cok guzel"
99346;;"2018-07-26 09:07:38";Süper
113947;;"2017-10-07 11:47:40";"Çok güzel"
80156;;"2020-02-14 19:54:28";"Android tv uygulaması berbat ötesi. Dizileri açıyorum sadece ses geliyor. Yüklemeyi kaldırıp tekrar kuruyorum değişen bir şey yok. Üyeliği bedeva ama kalitesi çok çok çok kötü."
95746;;"2018-11-19 12:20:44";"Güzel, rahat izleme keyfi sunuyor"
95254;;"2018-12-10 22:15:31";Güze
99107;;"2018-08-06 08:25:08";💪👍
107791;;"2018-01-29 10:38:17";"Türkiyenin en iyi internet kanali"
79902;;"2020-03-11 09:36:37";"Herşey iyi güzel hoşta yani kalite neden bu kadar düşük hani bize bir seçenek sunsaniz bide ona göre kaliteyi arttira bisek ne güzel olur."
81445;;"2019-11-05 15:25:34";"Guncelleme den sonra Android tv de mukemmel oldu 👍 sevgili PUHUTV ailesi Azerbaycanan izlenmiyior onceleri izleniyordu lutfen acıq hayle getirin iygulamayı!"
111898;;"2017-11-28 07:19:15";"Her 5 dk da bir reklam.igren"
92941;;"2019-01-23 12:28:21";"ücretsiz olmasi iyi bir sey . diziler eski olsada mukemmel sevdim"
113422;;"2017-10-27 18:04:11";"süper süpersiniz"
126981;;"2017-02-15 14:30:06";"Çok güzel"
79619;;"2020-04-01 16:41:00";"Dünyanın en kötü uygulaması sürekli donuyor.dizi izletmiyor. İnternetim kablonet 100 MB olduğu halde donuyor."
116239;;"2017-06-20 11:22:13";Bayıldım
92942;;"2019-01-23 11:15:47";"10 numara güzel"
106010;;"2018-02-23 12:18:56";Süper
126982;;"2017-02-15 14:28:22";"Çok güzel bir uygulama"
76291;;"2020-04-19 17:22:56";"Cok beyendim tam karantinalik Arkadaşlarımada önerdim onlarda cok beyendi emeyinizi sağlık"
100104;;"2018-06-23 17:01:43";"Uygulama eskiden süperdi şimdi bir rezalet dizi aciliyor tanidim reklam pat 
gidiyor acilmiyor"
110119;;"2017-12-26 02:06:57";"GuzeL ßir Program Tavsiye Ederim RekLami FazLa oLmayan Hic Duraksamatan Bir Program Süper Tavsiye ederim arkadasLar Çukur Ve söz Dizisi İzLeyiciLeri icin süper birsey bence"
109344;;"2018-01-09 22:47:10";İyimiş
111648;;"2017-12-05 19:40:56";"Teşekkürler... Türkiye de bir ilk..."
76063;;"2020-05-10 15:45:01";"Chromecast desteği neden yok?"
76321;;"2020-04-16 15:11:31";"Süper Youtube deki gibi reklam derdi yok her film tek part içiniz rahat olarak yükleyebilirsiniz."
128275;;"2017-02-01 11:11:46";"Güncel filmler de olsa süper olur.Bi de umarım paralı olmaz."
121118;;"2017-04-25 02:10:47";"Harika tasarım."
97828;;"2018-10-08 21:48:12";"Gayet başarılı"
111133;;"2017-12-17 10:30:10";"Birde indirme ozelligi olsa surekli online olamiyoruz"
75808;;"2020-06-10 16:25:00";"I love"
129295;;"2017-01-19 01:28:12";"Netflix de neymiş yerli milli 😊😊😉 kullanın garii 😎 unutmadan şimdilik reklam yok bence hiç olmasında özel ricamız 😊😊😉😉"
81954;;"2019-09-30 19:18:44";"Görüntü kalitesi bozuk sürekli otomatik geçmiyor Manuel seçim yapılacak buton yok"
117529;;"2017-06-06 13:40:34";"Görüntü kalitesi 1080 olsa harika olur"
109850;;"2017-12-30 16:51:47";"Üstelik her şeyi çıkarıyor güzel bir program"
104978;;"2018-03-11 22:18:40";"Bence çok iyi hiç bir eksiği yok"
123678;;"2017-04-02 02:51:25";"Çok çok iyi bir uygulama. Ülkemiz alışık değil böyle güzelliklere"
75529;;"2020-08-30 16:53:16";"Bunu yapan yazılımcı kör oldu. Ya gerizekalı uygulama mobil netten dizi açıyor, wifi ile açmıyor. Bu kadar kaliteli dizileri alıyorsunuz, ama aklı başında bir yazılımcı ile çalışmıyosunuz. 1 yıldız bile vermiyorum, mümkünse dükkanı kapatın gidin gerizekalılar"
97567;;"2018-10-21 16:31:40";Süper
102932;;"2018-04-06 20:51:27";"Çok güzel takılmadan direk izledim birde kanal d dizileri koysaniz daha güzel olcak mesela vatanın sensin"
106771;;"2018-02-13 06:29:16";"Çok güzel hemde ücretsiz bir uygulama yapan arkadaşların emeklerine sağlık umarım sonrasında paralı olmaz :))"
98057;;"2018-09-28 13:28:45";İyi
107797;;"2018-01-29 08:09:13";"Güzel bir  uygulama"
75299;;"2020-09-28 19:44:14";"Tek kelime ile mukemmel ya"
75264;;"2020-10-01 12:56:09";"Android TVde çalışmıyor. Ses var, görüntü siyah ekran. Bunun dışında telefon ve tablette sıkıntı yok, içerik yeteri."
117527;;"2017-06-06 14:10:18";"Tvlerde uzun uzun sacma sapan gereksiz sahneleri izlemek zorunda degiliz artik ne guzel sansursuz bi sekilde izliyoruz burdan darisi Behzat C nin basina"
102665;;"2018-04-12 10:22:13";"Reklam belli kapattığın yerden başlıyor diğer filim siteleri gibi karışıkta değil emsallerinin en iyisi diyebilirim"
88857;;"2019-04-30 14:00:00";"cok guzel"
118815;;"2017-05-22 00:53:33";"Youtubedeki gibi telden televizyona aktarım olsa süper olur tvden izkeyebilmek için..ayrıca reklam cok diyenler reklam olmasa fi dizisinde bu kadar oyuncu kadrosu olurmu sonuçta bir ücreti var hepsinin dimi...reklam mecbur olacak"
118049;;"2017-05-31 17:41:50";"Reklam reklam reklam . Insanın dizi izleme isteğini kaçırıyo"
129310;;"2017-01-18 08:59:03";"Bence çok hoş ve guzel olmus öyle bir uygulama lazımdı temnim popüler ölür inş"
75016;;"2020-10-19 03:04:34";"Güzel program ama Netflix gibi kaydedip internetsiz bir şekilde izleme olsa tadından yenmez"
98828;;"2018-08-21 10:46:49";"Sadece çok reklam veriliyo 10 dkk oynuyo reklam 15 dkk oynuyo reklam bunu bi düzeltin"
126482;;"2017-02-21 22:05:55";"Süper bir uygulama"
81702;;"2019-10-18 18:55:45";"jet sosyete izleyelim diye yukleyim dedim.acilio.diziye tikliom baslicak tam,birden kapanio uygulama atiyo seni."
85779;;"2019-06-16 08:14:06";"Son güncelleme den sonra reklamların boku iyice çıktı kesin artık şu saçmalığı ne bu reklam reklam yeter lan..."
95258;;"2018-12-10 18:36:40";"Her reklam girdiğinde donuyor. Kapatıp yeniden açmak zorunda kalıyoruz. Kaldığı yerden de devam etmiyor. Lütfen düzeltin şunu!"
71424;;"2021-02-19 01:28:59";"Daha çok filim koyarasaniz sevinirim Türkçe dublaj uygulama gayet güzel sadece daha çok filim olması gerekiyor güzel filimler güncel filimler"
71425;;"2021-02-18 23:37:17";"Asla son bölümleri izletmiyor aşırı saçma"
71426;;"2021-02-18 19:36:14";"Açılmıyor düzeltme gerek lütfen."
71427;;"2021-02-18 19:34:24";"Diğer aplikasyonlara kıyasen puhutv daha iyisi ve avantajlı"
71428;;"2021-02-18 18:58:47";"Güzel uygulama tek sorunu reklamı kapatıyorsunuz ama içerik çok güzel lütfen daha fazla gelsin"
71429;;"2021-02-18 16:51:00";"Defalarca kez uygulamayi indirdim ne uye olunabiliyor, ne de uygulamaya giris yapilabiliyor. 99 kez indirip yukledim 100.kez denedim birazdan uygulamayi kaldiracagim bir daha yuklememek uzere. Bin kere geri bildirimde bulundum sifir ilgi. Düzelen degisen hic bir sey yok. Uygulama tam bir hayal kirikligi. Ne yildizi -5 puan yeter size bence."
71430;;"2021-02-18 11:11:02";"Süper ötesi MUHTEŞEM"
71431;;"2021-02-18 09:55:26";"Harika bir uygulama"
71432;;"2021-02-18 08:35:40";"Çok donuyor, reklamlar çok uzun onun dışında güzel bir uygulama"
71433;;"2021-02-18 05:33:45";"5-10 lira neyse parasini verelim su reklamlari kaldirin bu ne lan 30 dk dizi izledim 6 kere reklam çıktı nasi bi uygulama nasil bi mantik bu"
71434;;"2021-02-17 23:59:19";"Yavv kardeşim ben reklam izlemek için girdim.Behzat ç diye saçma bi dizi çıkıyo karşıma ikide bir"
71435;;"2021-02-17 21:26:02";"Diziden çok reklam izlediğim için siliyorum YouTube tan beter çıktınız"
71436;;"2021-02-17 07:31:41";"Behzat ç var diye yükledim"
71437;;"2021-02-16 21:18:53";😍
71438;;"2021-02-16 19:11:48";"Gerçekten beş ⭐ hak eden bi uygulama"
71439;;"2021-02-16 14:00:54";"Harika bir uygulama keşke kaldığın yerden devam edebilse 😇😇"
71440;;"2021-02-16 12:08:16";"Bence cok harika hıc takılmadan seyredebiliyorsun reklamlarda abartılı degıl tv seyrederken de reklam cikiyo bence gayet normal"
71441;;"2021-02-16 12:03:04";"Sakın indirmeyin açılmıyor"
71442;;"2021-02-16 10:54:28";"O ekran karardı, yok açılmadı diyenlere söylüyorum. Telefonunuzu yenileyin. Yalan yanlış bilgiler sunmayın. Gayet etkin açılıyor. BAŞARILI 👍👏👏"
71443;;"2021-02-16 09:13:18";"Surekli durduruldu hatasi veriyor son guncellemeden sonra hic acilmadi"
71444;;"2021-02-16 07:14:56";"Gayet güzel bir uygulama herkese tavsiye ederim"
71445;;"2021-02-16 04:39:41";"kaliteyi 240 yapıyorum 720 oluyor. sürekli donuyor"
71446;;"2021-02-15 22:20:05";"5 yildiz yetmiyor da neyse"
71447;;"2021-02-15 18:58:20";"Bunu nasıl güncelliyoz ya"
71448;;"2021-02-15 17:06:41";👍👍
71449;;"2021-02-15 14:05:34";"Çok güzel ama katagoriler açılmıyor lütfen düzeltin"
71450;;"2021-02-15 13:57:21";"Benim telefonumda calismiyor, surekli hata veriyor durdu diyor. Defalarca silip yeniden yukledim duzelmiyor"
71451;;"2021-02-15 11:20:46";"Güzel uygulama"
71452;;"2021-02-15 06:46:24";"Bence süper bir uygulama reklam başlarında bazenleride ortalarında çıkıyor süper Kuzey yıldızını burada izliyorum tam bölüm var"
71453;;"2021-02-14 21:51:38";"Uygulama gayet güzel fakat Samsung tabletime indirdiğimde puhutv durduruldu diyip atıyor giremiyorum sorunu nedir?"
71454;;"2021-02-14 19:32:12";"Cok iyi"
71455;;"2021-02-14 17:00:22";"Iki gündür açılmıyor. Izleyemiyorum"
71456;;"2021-02-14 16:20:47";"Bugün bir dizi izleyecektim açtım ve puhutv dondu daha önfe hic sorun yokyu lütfen buna bir cevap verin"
71457;;"2021-02-14 15:06:34";Lajaa
71458;;"2021-02-14 09:02:36";"Çok güzel uygulama,yalnız android tv uygulamasında görüntü var ses yok.Neden göstermiyor..."
71459;;"2021-02-14 07:07:54";"Uygulama mükemmel bu uygulama sayesinde artık dizilerin tam bölümlerini izleyebiliyorum"
71460;;"2021-02-14 06:57:42";"Aşırı reklam var, doğru düzgün izlenmiyor."
71461;;"2021-02-13 20:53:41";"Çok güzel bence internetsiz izlene biliyor"
71462;;"2021-02-13 20:42:42";"Cok iyi kullanisli"
71463;;"2021-02-13 19:50:51";"Surekli donuyor program hic iyi degil bitmiş artik kaldırıyorum"
129314;;"2017-01-18 02:46:16";"Cok güzel bir uygulama şimdilik ücretsiz ilerde ücretli olacagı kesin birsey inş olmaz."
128268;;"2017-02-01 13:24:07";harika
126991;;"2017-02-15 12:47:24";"Gayet iyi bir uygulama birde ekranı kaydırarak ileri geri alabilsek muhteşem olur"
125966;;"2017-03-01 23:10:24";"Daha iyi olamazdı."
124707;;"2017-03-24 05:32:44";"GÜZEL Bİ UYGULAMA AMA ÇOĞU ESKİ DİZİLER YOK MESELA SAKARYA FIRAT BU DİZİLER EKLENİRSE DAHADA İYİ OLUR"
123684;;"2017-04-02 01:04:41";"Çok güzel bir uygulama"
122880;;"2017-04-08 06:03:05";"Tek kelimeyle muhteşem"
121873;;"2017-04-18 17:25:19";"Efsane bi uygulama"
125990;;"2017-03-01 17:37:35";"Gayet kullanışlı netfix katili"
120090;;"2017-05-06 00:29:09";"Güzel bi uygulama.☺"
119312;;"2017-05-15 15:29:16";"İnsanların yorumlarında reklamı atla butonu yok diye söylemişler ve sağolsun puhu tv bunu düzeltmiş 29 saniyelik reklaamda atlama tyşunuda 29 saniye yapmışlar ilginiz alakanız için teşekkürler puhutv"
118540;;"2017-05-24 18:07:55";"Bence çok iyi"
117774;;"2017-06-03 14:39:11";good
117014;;"2017-06-11 19:20:05";"reklamların sesi kısık olsa on numara olacak sürekli reklam çıktığında son ses reklamı kısmak için uğraşılıyor reklam bittikten sonra yine ses ayarlama işi falan filan"
116260;;"2017-06-20 04:27:42";Güzel
115713;;"2017-07-09 09:41:27";"TV uygulaması berbat. Sürekli donuyor. Kesinlikle tavsiye etmem"
114970;;"2017-08-10 14:30:47";"Türk komedi sinemasi güncellensin"
114432;;"2017-09-12 19:19:01";Super
113700;;"2017-10-23 05:42:24";"Yabancı filmler gelsin"
113171;;"2017-10-30 23:44:28";"Çok iyi"
112646;;"2017-11-11 21:48:25";mukemmel
118793;;"2017-05-22 09:30:14";perfekt
124937;;"2017-03-19 12:53:08";"Mükemmel bir hizmet ve özellikle de bu hizmetin ücretsiz olması, her şey çok mükemmel! #DogusDigital"
122126;;"2017-04-15 17:31:56";"Diğer platformlardan 720 p izleyebilirken burda auto ayarında sanırsam 240p çok donuyor sorun internet değil uygulama !"
114463;;"2017-09-11 00:26:20";"Güncel yeni diziler yok....."
110081;;"2017-12-26 14:02:15";"Bölümler uygulama kapanıp tekrar açıldığında kaldığı yerden devam etmeli her uygulamdan çıkışımızda başa sarıyor"
109580;;"2018-01-04 12:08:18";"Çok güzel bir uygulama"
109083;;"2018-01-15 23:38:52";"Mükemmel bi site bütün aradığım dizileri filmleri buluyorum görüntü kalitesi harika 👍"
122371;;"2017-04-13 17:06:08";"Helal olsun be"
108288;;"2018-01-22 23:58:40";Mükemmel
107802;;"2018-01-29 06:28:08";"Çok güzel istediğim zaman eski bölümleri izliyom"
115742;;"2017-07-08 07:55:15";"Dizi veya bir şey izlerken sürekli reklam girmesi sinirlerimle oynadı ve hiç beğenmedim. Beğenmiyorum da .."
107026;;"2018-02-08 21:23:41";"Süper bi uygulama"
115230;;"2017-07-25 16:44:35";"Program suoer reklam vermesi donduruyo bu sorun kalkarsa tavsiye edilebilir"
106262;;"2018-02-18 22:50:36";harika
109312;;"2018-01-10 23:25:31";"Gayet sağlam"
105510;;"2018-03-03 19:05:55";Mekemmel
105228;;"2018-03-07 20:37:10";Süper
113941;;"2017-10-07 15:21:20";"Hoş bir uygulama ama eski türk film ve dizilerinden bizene aq daha güzel dizi ve filmler koyun eskiye dair bişey koymak istiyosanız da hayat bilgisi avrupa yakası bu tarz dizileri koyun ayrıca şu sansür olayını da kaldırın artık tv de izlediğimizden bi farkı olsun"
126490;;"2017-02-21 21:22:23";"Süper  bir uygulama tskkurler"
104213;;"2018-03-21 21:28:45";"Şahsiyetle geldim"
103938;;"2018-03-24 15:10:05";"Fazla reklam"
109321;;"2018-01-10 17:28:17";Ok
122117;;"2017-04-15 18:49:32";"Çok güzel  Her istediğim diziyi izliyorum"
102950;;"2018-04-06 16:46:29";Denicem
102683;;"2018-04-11 19:15:54";"10 numara"
102418;;"2018-04-18 15:05:44";"""Bir şeyler yanlış gitti"" diye uyarı veriyor ve izleme ekranı açılmıyor"
102155;;"2018-04-27 00:04:44";"Çok başarılı reklam olmasa olmaz tabi ama TV den çok dağa iyi"
101894;;"2018-05-06 08:33:22";"Lütfen yabancı diziler gelsin"
101635;;"2018-05-16 04:51:17";"Kaliteli kanal."
101379;;"2018-05-25 22:01:22";"Reklam çok fazla"
101125;;"2018-06-02 13:16:44";Dobra
100873;;"2018-06-07 21:10:43";"Guzel uygulama bgu tv givi gibi para demiy herseye"
100623;;"2018-06-11 20:58:22";"""Şahsiyet"" i yeni bittirdim, uygulama paralı olsa satın alırım böyle işler 
devam etsin diye."
100375;;"2018-06-19 10:42:17";"Harika tek kelimeyle harika"
100120;;"2018-06-23 01:53:49";"Ya uygulama iyi güzel de anlamadığım şu neden ben diziyi 1080 p yaptığımda 
kendi kendine otomatiğe geçiyor ve kalite kötüleşiyor"
99875;;"2018-07-05 18:04:05";"Cok guzel bir uygulama ama daha da geliştirilebilir dıye dusunuyorum. Sorun 
sizde mi ben de mi bilmiyorum ama Bırınci bolümü izledim ikinciye musade 
etmiyor beni uygulama dısına atıyor yardımcı olursanız sevınirim tskler"
120612;;"2017-05-01 23:13:50";İyinvala
110849;;"2017-12-19 21:14:02";"Buradan seyretmek daha keyifli. En azından sansürsüz"
120595;;"2017-05-02 06:09:01";"Söz varmiiii?"
99100;;"2018-08-06 19:34:13";"Tek sorunu hep türk filmi"
98835;;"2018-08-20 22:50:04";"GÖNDER GİTSİN"
127775;;"2017-02-08 16:52:35";"Çok güzel ama daha fazla dizi ekleyin"
109841;;"2017-12-30 19:30:30";"Sırf fi için ♥"
121605;;"2017-04-21 17:50:34";Mükemmel
98062;;"2018-09-28 01:50:50";"Çok başarılı ama keşke bütün diziler olsa"
125478;;"2017-03-10 15:20:16";"Çok güzel bir program"
118821;;"2017-05-21 22:29:07";"1 saatlik dizi izliyorum bunun yarim saati reklam oluyor biraz fazla abartmissiniz azaltin lutfen"
97564;;"2018-10-21 19:50:50";"Yükleniyor ama uygulama bölümüne düşmüyor"
97313;;"2018-10-30 16:21:01";"Çok güzel"
96000;;"2018-11-07 04:12:18";Güzel
95781;;"2018-11-18 01:08:06";Harika
118047;;"2017-05-31 18:07:11";Süpermiş
95492;;"2018-11-29 21:08:45";"Süper gerisi boş valla"
121622;;"2017-04-21 16:51:38";Harika
112916;;"2017-11-07 01:32:51";"Bu kadar reklam mi olur ya diziden çok reklama bakıyorum...Sıkıldım ve siteden izlemeye devam edicem..."
94999;;"2018-12-22 18:45:11";"bazı cihazlarda videonun başlamasını yüklemiyor defalarca yeniliyorum film arşivi yeniler eklenebilir"
107280;;"2018-02-04 19:33:38";"Fi olmasa asla indirmezdim çok berbat yavaş ve donuyor"
94723;;"2019-01-04 07:15:07";"uygulama güzel 5 yıldızı hakediyor ama birde her bokun icinede reklam koyulmazki"
115998;;"2017-06-27 20:35:19";Harika
92951;;"2019-01-22 20:59:16";"çok güzel"
118055;;"2017-05-31 16:41:44";"Hep reklam var cok kotu"
92683;;"2019-02-03 19:41:55";"cok iyi uygulama"
108553;;"2018-01-20 09:22:34";"Reklam sayısı giderek artıyor.. Buna bir çözüm bulun."
92419;;"2019-02-12 14:48:10";"Bazen donup açmiyo onun dışında pek fazla bir özelliği yok.😒☹😏 İyi bir uygulamada olabilir de☹😏🤣😅😂"
110866;;"2017-12-19 18:39:25";İyi
92188;;"2019-02-19 12:02:45";"harika bir uygulama"
111379;;"2017-12-12 22:12:46";"Çok iyi, çok güzel bir uygulama :) ben çok sevdim ✌❤"
91932;;"2019-02-27 19:43:22";goooood
109856;;"2017-12-30 13:45:39";Iyi
91651;;"2019-03-08 18:26:22";"indir izle özelliği olmalı"
113952;;"2017-10-07 09:24:12";super
89867;;"2019-03-20 10:16:03";"mutis aq cok güzel"
103187;;"2018-04-02 11:08:52";"Fena değildi emeği geçenlere teşekkür ederim"
89623;;"2019-04-01 06:31:22";"çooooooooooooooooook güzel"
99360;;"2018-07-25 16:18:00";"Puhu tv adamdır"
89383;;"2019-04-12 18:56:56";"Diger kanallarinda koysaniz super olur"
128000;;"2017-02-04 20:12:56";"Eski dizileri yayınlayabilirler"
120352;;"2017-05-03 19:17:58";"Çok güzel ama sadece Türk dizileri olmamaliydi"
89090;;"2019-04-21 05:18:51";Başarılı
121367;;"2017-04-22 20:26:36";"Herkese tavsiye ediyorum aklı yerinde olan indirmeli bu programı. Eski filmler var iyi güzel ama bence yayın ekibi daha çok film yüklemeli programa örneğin : incir reçeli 1 incir reçeli 2 gibi çok izlenilebilicek filmlerin yüklenmeside güzel olur dizi olarakta suskunlar ezel gibi diziler yüklense daha güzel olur bu eksikler dışında şuana kadar en kullanışlı ve en çok işe yarayan program diyebilirim"
88861;;"2019-04-30 10:25:46";"cok beğeniyorum"
110353;;"2017-12-24 00:40:06";"Reklam olmazsa daha iyi olurdu"
112422;;"2017-11-16 17:50:26";"Fena değil"
88581;;"2019-05-14 04:29:20";"10 numara"
123415;;"2017-04-03 17:48:13";"Kaldığım yerden devam etmem için düzeltme yapmanız lazım :("
128013;;"2017-02-04 17:53:56";"Mükkemel az gelir"
128007;;"2017-02-04 19:01:50";"Parali olmassa cok güzel bir uygulama"
124173;;"2017-03-31 17:29:01";"Son güncelleme den sonra bozuldu hiç bir şeyi acmiyor Bi el atın  Fi yi izleyemicez"
86556;;"2019-05-22 17:00:04";"daha güzeli yok."
92198;;"2019-02-19 07:44:06";harika
106526;;"2018-02-15 19:27:23";Süperr
86293;;"2019-05-28 13:49:25";"çoğu bölümler açılmıyor ya çok kötü bunun bi çözümünü bulun artık"
96037;;"2018-11-05 20:34:04";"Çok güzel indirin"
107296;;"2018-02-04 13:00:58";"Çok güzel google den izleyeceğime puhu tv den izliyorum harika çok güzel"
86037;;"2019-06-05 07:58:51";"rezalet bu kadar reklam da fazla"
91943;;"2019-02-27 15:08:18";"çok güzel program"
104467;;"2018-03-20 00:15:50";Super
85791;;"2019-06-15 18:32:47";"reklamlarda ses çok gereksiz şekilde yükseliyor. insanı uygulamadan soğutuyor ."
103706;;"2018-03-26 12:16:13";👌🏻😍
100098;;"2018-06-23 23:35:41";"Bazı sorunlar hariç mükemmel"
120852;;"2017-04-28 22:38:19";Süper
85505;;"2019-07-01 20:05:53";"Uygulama bozuldu. İnternete bağamamadı diyor, bölümleri artık açmıyor kaldığım yerden devam edemiyorum ve aşırı fazla reklam izletiyorsunuz baydı bıktım artık siliyorum uygulamayı bide editör seçimi olmuş saçmalık resmenn!"
119066;;"2017-05-19 08:52:41";"5 dk da bir reklam çıkıyor youtube dan beter olmuş siz yapmayın bari"
107299;;"2018-02-04 11:36:08";Harika
82457;;"2019-07-20 19:10:19";"Xiaomi Mi8 Lite cihazımdan izleyemiyorum bir şeyler ters gitti tekrar dene diyor hiç bir dizi ve ya film açılmıyor."
105483;;"2018-03-03 23:20:25";"Cok harika tavsiye ederin"
113411;;"2017-10-27 18:20:57";"Mükemmel sadece fi icin indirmistim"
115492;;"2017-07-15 05:57:01";Süper
82186;;"2019-09-01 14:06:50";"Sıkış dokuz tecavüz sex"
104459;;"2018-03-20 02:11:50";Güzel
104989;;"2018-03-11 17:13:59";"On numara 5 yıldız"
122903;;"2017-04-07 21:48:38";"Daha ötesi yok bravo .."
81923;;"2019-10-02 18:17:43";"YouTube gibi telefondan televizyona aktarma olayı var mı"
109858;;"2017-12-30 13:08:27";"Reklamlar düzenlenmeli"
106019;;"2018-02-23 06:37:05";"Çok reklam diye şikayet edenler, kullanım bedeli aylık 2$ ver, reklam almayalım desen vermezler. Hem cok iyi olsun hem reklam olmasın hem bedava olsun."
123666;;"2017-04-02 06:28:03";Cool
81665;;"2019-10-20 08:15:23";"Android tv uygulamanız beni dizi izlemekten soğuttu sürekli reklam hadi reklamı geçtik, reklam bittikten sonra yayın kendinden kaldığı yerden başlamıyor"
120328;;"2017-05-03 22:32:15";"Çok iyi"
118033;;"2017-05-31 20:12:55";"Çok fazla reklam var süreler arasında hemde her geçişte"
120073;;"2017-05-06 06:40:12";"Reklam aralarında kasılma oluyor. Ayni anda hem reklam hemde dizi sesleri karışıyor."
81414;;"2019-11-09 18:42:02";"Uygulama acilmiyor acilsin diye bekliyorum geri kapaniyor"
106009;;"2018-02-23 12:37:15";"Bazı filmleri göstermiyor o kötü ama normalde güzel"
119834;;"2017-05-08 13:20:12";"Ha ri ka"
129557;;"2019-10-21 17:15:31";A'lo...
81171;;"2019-12-01 20:25:08";Açılmıyor
121380;;"2017-04-22 19:50:05";"Yabancı dizilerde olsa aynen bu şekilde 5 değil 10 yıldız hakeder"
128800;;"2017-01-26 12:45:40";"Eksikleri var her dizi ya da her film yok  en yakın zamanda duzeltilecegini düşünüyorum"
80927;;"2019-12-10 15:41:37";"Çok güzel olmus"
112412;;"2017-11-16 20:27:57";"Reklamdan şikâyet etmenizi anlamiyorum bedava bir uygulama indirip  dizi izliyoruz diger butun internet kanallarinda diziler ucretli farkindamisiniz reklam sırasında  baska biseyle ilgilenin cokmu zor"
98339;;"2018-09-18 13:52:28";Bayıldım
100106;;"2018-06-23 16:03:41";"Güzel uygulama"
117000;;"2017-06-11 21:21:27";Müthiş
80650;;"2019-12-29 10:46:29";"Gerek yok durmadan reklam çıkıyor"
85540;;"2019-06-29 07:43:40";"hiç bir şekilde giremiyorum uygulamya çok saçma girince izleye basıyorum atıyo böyle böyle rezalet bişey yok yani zorla internet sitelerine itiyoyalar"
127259;;"2017-02-13 00:59:20";"Çok kaliteli bir program"
105255;;"2018-03-07 04:20:07";Harika
80419;;"2020-01-21 14:18:23";"Ya nedir bu görüntü ayarları yok oluyor valla bu gidişle silcemm. 😬"
103205;;"2018-04-01 20:15:59";"Kategorisinde açık ara en iyi uygulama"
113444;;"2017-10-27 13:13:22";Super
97301;;"2018-10-31 05:55:11";"Güzel bir uygulama"
108578;;"2018-01-19 22:27:48";Süperrrrrr
80155;;"2020-02-14 21:05:41";"Reklamları çok güzel izlemeden yapamıyorum diyeceğim de her saniye reklam izliyorum, bazen reklam da bitmiyor ekranda kalıyor uygulamayı kapatmak lazım. Saniyeyi ayarlamaya çalışırken her seferinde reklam giriyor, 15 sn sonrası için 3x30 sn reklam izliyorsun."
104705;;"2018-03-17 11:12:30";"Çok eksiği var. Bi kere videoyu izlerken ileri ya da geri sarma olayı çok meşakkatli. Youtube gibi en azından iki dokunuşta 10 sn ileri geri sarabilsek iyi olurdu. Ama onun dışında hizmet kalitesi iyi. Kaliteli görüntü."
86545;;"2019-05-22 22:27:23";iyi
97302;;"2018-10-31 00:41:01";Aferim
113415;;"2017-10-27 18:16:25";"Tek kelimeyle mükemmel..."
79901;;"2020-03-11 15:19:52";"Reklam nedir? Yani biz TV ekranlarından kaçıp uygulamaya giriyoruz. Burada bile reklam, iki kuruş fazla para almak için kullanıcının gözünde düşüyorsunuz."
80408;;"2020-01-22 13:10:16";"Sürekli donuyor ben durdurunca başa sarıyor, hevesle başladığım diziyi izleme hevesim kaçtı"
85782;;"2019-06-16 00:04:17";"nesine sürekli reklam çıkıyor diyorsunuz 2 saatlik dizi bölümünde toplam 3 reklam gördüm abartmayın çok güzel bir uygulama"
123163;;"2017-04-05 15:28:51";"Süpersin puhutv 😉"
104203;;"2018-03-22 00:33:37";"Kacirdigim  filmleri kesintisiz seyrediyorum tesekkurler"
128030;;"2017-02-04 11:51:36";"Harika saatlerce reklam atlamiyosun ve aninda diziler paylasiliyor ben begeniyorum ama yabanci guncel film ve dizileride saglam bir uygulamada gormek mukemmel olurdu"
79618;;"2020-04-01 18:46:36";"Gürüntü kalitesi düşük flimler de diziler de çözünürlük olmalı"
81700;;"2019-10-18 19:01:17";"Uygulama açilmiyor"
124425;;"2017-03-29 19:03:09";"Ekranın Sağ ya da sol tarafına iki kere tıklayarak 10 saniye ileri sarma ya da 10 saniye geri sarma gelsin. Youtube daki gibi..."
104204;;"2018-03-22 00:18:00";"Çok güzel"
128031;;"2017-02-04 11:47:49";"Guzel ama kırgın cicekler dizisi neden yok olsa super olur"
76290;;"2020-04-19 17:23:35";"Ananızı si kerim lan orruspu çocukları oğlum o kadar reklam izliyorumki filme vakit bulamıyorum amk"
129556;;"2019-11-23 11:18:15";"Çok yavas calisiyor you tubea indirsaniza"
88835;;"2019-05-01 17:26:13";"uygulama gayet güzel herkese tavsiye ederim"
97827;;"2018-10-09 00:31:32";İyiymiş
108582;;"2018-01-19 22:19:41";"Guzel uygulama tavsiye ederim"
76062;;"2020-05-10 15:58:39";"Sizin yaptığınız sitenin AMK. Donmaktan başka bir boka yaramıyor"
107017;;"2018-02-09 00:38:38";Efsane
102666;;"2018-04-12 09:45:54";"Yukledimde butun diziler yok burda.sildim bende. Eger butun dizi ve flmerden eklerseninz yuklerim tekrar"
111649;;"2017-12-05 18:58:46";"Hava ne kadar güzel yaa"
98055;;"2018-09-28 14:56:16";Güzel
108583;;"2018-01-19 22:14:47";"guzel bir uyqulama"
75807;;"2020-06-10 17:53:58";"Süper birşey bütün yeni dizileri de sunuyo"
116518;;"2017-06-17 00:57:21";"100 Mbps internette videolar açılmıyor"
80921;;"2019-12-11 01:19:05";"Daha uygulamayı yeni açtım 25 tane reklam izletti bu ne ya"
86287;;"2019-05-28 14:53:46";güzel
94993;;"2018-12-22 21:39:40";"Çok başarılı 👍"
104207;;"2018-03-21 23:04:36";Güzel
124701;;"2017-03-24 09:08:49";"Allah razı olsun yapadan"
75528;;"2020-08-30 18:14:39";"Uygulama çok güzel ama dizi veya filmin açılması çok uzun sürüyor."
86283;;"2019-05-28 17:31:22";"pegasus reklamını götümuzemi sokacaksınız"
129053;;"2017-01-24 21:38:40";"Çok güzel bir platform olmuş ücretsiz olması da ayrı bir güzellik"
89354;;"2019-04-13 06:09:28";"çok güzel istediğim şeyleri hemen bulabiliyorum hemde ücretsiz"
121126;;"2017-04-24 23:51:40";"Kaldığın yerden devam etme özelliği takılıyor"
110115;;"2017-12-26 05:31:36";"Her saniye başı reklam var sayenizde reklamları ezberledik"
75298;;"2020-09-28 21:08:47";"Hep donuyor bir tek çukur için indirmiştim onunda tamda güzel yerinde donuyor filim bitdikden 2 saat sonra yükleniyor yani tafsiye etmem indirmeyin!!"
75293;;"2020-09-29 06:58:37";"Bu ne arkadaş donuyo la 2 aydır diğer uygulamalarda 1080 e kadar izliyom takılma yok puhu tv de var çukur için bakıyom böyle giderse silecem uygulamayı ya duzeltin yada bizleri yormayin"
126977;;"2017-02-15 15:08:12";"TEK KELİMEYLE HARİKA"
121630;;"2017-04-21 16:07:57";"Uygulama güzel ,gerek kolaylığı gerek dizileri açısından fakat bu sorun tek bende mı var bilmiyorum diziyi ileri veya geri aldığımda uygulama atıyor eğer bu sorun sizlerde de varsa en kısa sürede düzeltilmelidir"
115988;;"2017-06-28 17:40:51";Fena
97831;;"2018-10-08 19:40:34";"Harika dizi film programı."
107022;;"2018-02-08 22:14:41";Güzel
75047;;"2020-10-15 10:39:38";"kaliteyi düşürsek bile kendiliğinden 1080p oluyor bu sorun düzeltilmeli"
75015;;"2020-10-19 06:08:45";"Kalite otomatikte olmamasina rağmen değiştirip duruyor ve reklamlar mükemmel oynarken dizi film habire donuyor"
117540;;"2017-06-06 10:39:06";"Uygulama indi yükledim lakin almıyor yüklenmedi deyip üyeliğimi kabul etmiyor napmam lazım kaç defa silip tekrar yükledim"
104448;;"2018-03-20 05:07:30";İyiii
79891;;"2020-03-13 21:37:16";"Telefondan direk televizyona aktarilsa cok guzel olacak youtu.be gibi"
80647;;"2019-12-29 12:53:00";"Çok iyi yapmışlar"
105488;;"2018-03-03 21:59:49";"Rahat kullanışlı"
71680;;"2021-01-19 07:21:20";"Bence bu uygulama cok iyi aslinda keske besten fazla yildiz olsaydi"
71681;;"2021-01-19 06:38:37";"Filmler daha sık güncellenmeli hazır evlerdeyiz"
71682;;"2021-01-19 06:30:50";"Ûcretsiz olması beni cezbediyor."
71683;;"2021-01-18 21:54:15";"Merhaba öncelikle Son zamanlarda yeni bölümleri çok geç veriliyor bir örnek vermem gerekirse çukur dizisi eskiden 12 20 dedimi veriliyordu ama son zamanlarda bekliyorum bekliyorum çıkmıyor bu sorunun bir an önce çözülmesini önemle rica ediyorum"
71684;;"2021-01-18 18:34:35";"Omg suppperrrrrr"
71685;;"2021-01-18 17:27:42";"Yapqcaniz uygulamanın mine koyum"
71686;;"2021-01-18 10:14:39";"Reklamdan dizi izlenmiyor"
71687;;"2021-01-18 02:07:22";"Izlerken sonradan sesler konuşmadan önce geliyo aynı yerde olmuyo seslendirme saçma olmuş duzeltilsin madem böyle uygulama yapmışsınız"
71688;;"2021-01-17 23:24:50";"Alternatiflerinin 1saatte harcadığı enerjiyi 20 dk da tek başına harcıyor. Bitcoinmi kasıyor artık ne yapıyor bilmiyorum. Uyanıklık yapmaya kalkmayın. Android eskisi gibi değil hangi uygulama neyi ne kadar kullanmış görebiliyoruz."
71689;;"2021-01-17 16:06:23";"Öncelikle çok iyi bir uygulama çukur dizisinden nefret ederdim ama 112.bölümünü izledikten sonra herşey değişti şu an 4 sezonu nasıl bitireceğini düşünüyorum 😘😘😘😘😹😹allah razı olsun"
71690;;"2021-01-17 14:36:39";"Ücretsizde çok uzun reklamlar veriyo, en azından reklamların süresi en fazla 10 saniye yapılmalı."
71691;;"2021-01-17 12:20:21";"Uygulama çok güzel"
71692;;"2021-01-16 22:15:40";"Aradaki reklamlar çok sık ve uzun"
71693;;"2021-01-16 20:51:21";"2 saatlik diziyi 4 saatte izliyoruz bu kadar donma olmaz be"
71694;;"2021-01-16 14:55:40";"Ya artık su puhu bi interneti ceksin ya niye internet yokmuş gibi donup duruyor"
71695;;"2021-01-16 14:47:53";"Uygulamanız net şekilde rezalet. Doğru düzgün izleyemiyorum. Araya reklam giriyor ama reklam donuyor ve bekliyorum öylece. Onca insan şikâyetçi. Düzgün bir geliştirici bulun da halledin."
71696;;"2021-01-16 12:21:43";"öncelikle donuyor diyen arkadaşlar atmayın gayet güzel bir uygulama sizi tebrik ediyorum"
71697;;"2021-01-16 11:54:13";"Yaklaşık iki yıl önce indirmiştim ve bir sürü dizi vardı ama şimdi o kadar yok aradığımı bulamadım"
71698;;"2021-01-16 07:57:04";"Sürekli kasıyor. İnternet çok iyi ama dizi donuyor. Sürekli bir şeyler yanlış gidiyor. Ya düzeltin ya da dizileri salın. Hangi zamanda yaşıyoruz ya. Explorer bu kadar bekletmiyordu!!"
71699;;"2021-01-16 03:53:45";"Rus Porn Video"
71700;;"2021-01-16 01:01:48";"Ammına koyduğumun çocukları ananızı sıkem ben sıxın her 10 dakikada bi reklam çıkıyor bu ne lan bacınızı sikem ben sizin o"
71701;;"2021-01-15 22:24:40";"Bedava uygulama diziler filmler elinin altında begenmeyenler paralı olanları kullansınlar"
71702;;"2021-01-15 21:42:36";"DONUYOR DONUYOR KASIYOR KASIYOR"
71703;;"2021-01-15 20:24:02";"indirdim. nefret ettim. sildim. bi saat surmedi. sinirinize yazik indirmeyin hic"
71704;;"2021-01-15 20:15:00";"Siz de yüklemeyin o zaman"
71705;;"2021-01-15 16:29:38";"Cok donuyor"
71706;;"2021-01-15 13:24:31";"Dün indirdim, bugün siliyorum. Boşu boşuna sinir kaynağı."
71707;;"2021-01-15 12:00:00";"Bende katılıyorum hep dönüyor güzel dedim hep döndü bir filimi izleyemedim a şikayet. Edicem"
71708;;"2021-01-15 07:18:42";"Ayni anda 3 kere geçilemeyen 30saniyelik reklam çıkıyor ve daha dizide kacinci dakkada oldugumuzu bulana kadar 6 7 kere reklam cikıyor bu uygulamayi kullanacagima adblock la googlden girerim daha iyi"
71709;;"2021-01-15 03:49:30";"birader sizin sayenizde 30 dakika video izleyip 5 10 kez bölüyoruz reklamlar yüzünden dizinin ne tadı kaldı ne tuzu bune Allah aşkına"
71710;;"2021-01-15 03:08:56";"Ard arda reklamdan izlenmiyor mecburi izleme koymussunuz kac saniye beklemek zorunda kaliyoruz"
71711;;"2021-01-14 17:17:28";"Sürekli donuyor buna bir çözüm bulunmalı,umarım da bulunur."
71712;;"2021-01-14 15:54:23";"Reklamları kaldırırsanız mükemmel olucaktır"
71713;;"2021-01-14 07:33:00";"Çok kötü bir uygulama niye diyecek olursanız her 2 dakikada 30 saniye r klam veriyor nefret ettim ve siliyorum"
71714;;"2021-01-14 00:28:00";"Salında filmi izleyek reklamdan bıktık"
71715;;"2021-01-13 21:37:36";"Telefonun ekranını kapatıyorum açtığımda hatayla karşılaşıyorum uygulamayı kapatıp yeniden açtığımda sorun çözülüyor ama bu tekniksel aksaklığa bir çözüm bulunması gerekiyor bence teşekkürler"
71716;;"2021-01-13 20:26:32";"Canlı TV izleme bölümü koymalisinizzzzz"
71717;;"2021-01-13 18:35:07";"Bazı diziler ve filmler bulunmuyor ama ben memnunum zaman geçirmek ve film tutkunları için güzel ayrıca ücretsiz ama yabancı filmlerin (özellikle:gerilim, macera, bilim-kurgu,aksiyon) tür filmlerin çoğaltılması bence güzel olur . Herkese tavsiye ederim:)"
71718;;"2021-01-12 21:30:32";"Reklâm çok"
71719;;"2021-01-12 16:25:23";"Uygulamada donmalar dönen sinir bozucu filigram, sıçayım uygulamanız"
129313;;"2017-01-18 07:17:27";"HER ŞEY BEHZAT Ç İÇİN ❤"
129548;;"2022-12-08 11:49:35";Harika
126990;;"2017-02-15 12:48:17";"Gerçekten harika bir program çok güzel olmuş emeğinize sağlık."
127010;;"2017-02-15 00:39:50";"Uygulama cok guzel emegi gecen herkese tesekkurler"
124706;;"2017-03-24 05:36:41";"çok süper"
123683;;"2017-04-02 01:35:00";👍👏
122895;;"2017-04-07 22:47:12";"100 numara"
121872;;"2017-04-18 17:42:10";"Dizi konusunda güzel ama film konusunda çok eksiği var. Sırf dizi için kullanılır 👍"
127250;;"2017-02-13 06:28:29";"Çok güzel bir program."
120089;;"2017-05-06 00:34:17";"Diger diziler ve filmler aciliyor sadece Fi acilmiyor. Yeniden deneyin diyor. Android 4.4.2 telefonum."
119311;;"2017-05-15 15:31:11";Mükemmelsiniz!
118539;;"2017-05-24 18:11:17";Good
117773;;"2017-06-03 14:47:08";"Gayet basarili bence"
117013;;"2017-06-11 19:21:17";"Bence çok guzel kaliteli ve on numara bir  program olmus ellerina daglik puhu tv"
116259;;"2017-06-20 04:34:08";"Çok guzel"
115712;;"2017-07-09 10:54:30";Süper
114969;;"2017-08-10 15:51:46";"Keşke dizilerin altına yorum bırakabilsek"
114458;;"2017-09-11 14:15:18";"Çok güzel bir uygulama"
113699;;"2017-10-23 05:57:26";"Üst üste çıkan reklamlar sayesinde dizi izleyemiyoruz 1 yıldız bile fazla"
113170;;"2017-10-31 00:30:14";"Cok reklam var"
112645;;"2017-11-11 22:06:40";Süperrr
113932;;"2017-10-08 03:20:41";"Reklam reklam eskiden den böyle bişey yoktu indirdiğime pişman oldum şimdi siliyorum"
116508;;"2017-06-17 05:48:46";"Çok güzel"
116510;;"2017-06-17 03:59:54";"İcerde icin cok güzel"
113938;;"2017-10-07 18:07:56";"Çooook beğendim içerikler güncel ve güzel :)"
110080;;"2017-12-26 14:09:59";"Bir yldizi reklamlardan dolayi vermedim cok fazla reklam var"
109579;;"2018-01-04 13:00:06";"Yabancı diziler de olsun lütfen."
109082;;"2018-01-15 23:50:50";"Abi yok ötesi gibi birşey"
123173;;"2017-04-05 13:39:26";"Başarıyı yakalamak bu olsa gerek."
108315;;"2018-01-22 21:02:40";"Diğer dizileride istiyorum mesela eşkiya"
107801;;"2018-01-29 07:29:55";"Sen anlat karadenizi de ekleseniz tadından yenmez 👌"
115227;;"2017-07-25 18:32:33";"Bazen uygulamadan çıktığımızda kaldığımız yerden devam edemiyoruz duzeltirseniz sevinirim"
107025;;"2018-02-08 21:42:45";"gayet başarılı.."
115977;;"2017-06-29 01:03:03";"Mükemmel uygulama."
106261;;"2018-02-18 23:20:16";"Son bir haftadır kullanıyorum görüntü kalitesi çok güzel . Memnunum."
116515;;"2017-06-17 01:35:26";"Çok iyi"
105509;;"2018-03-03 19:07:43";"Önceden bip yoktu! Bipsiz olduğu için izliyorduk..calistigimiz icin mecburen yine izliyoruz ama lütfen bip olayını çözün"
105227;;"2018-03-07 20:45:29";"Kesinlikle harika bir uygulama herkese tavsiye ederim"
124956;;"2017-03-19 05:50:13";"İşime yaradı"
127752;;"2017-02-08 19:58:44";"Program harika olmus tabi ki gelistirilecektir bence canli tv falan olabilir ayrica butn dizilerde yok"
104212;;"2018-03-21 21:38:04";"İleri geri alırken zorluk oluyor bnce tek sknti bu"
103937;;"2018-03-24 15:10:37";"Atvde olsaydı on numara olurdu"
111127;;"2017-12-17 12:58:58";"Biraz dizi adedini artirin."
120322;;"2017-05-04 00:02:25";Iyi
102949;;"2018-04-06 17:19:40";Süper
102682;;"2018-04-11 19:50:27";"Gelecekte tv yerini alacak bir program"
102417;;"2018-04-18 16:27:09";"Reklamlar daha az olsaydı 5 puan"
102154;;"2018-04-27 03:13:07";İyi
101893;;"2018-05-06 08:36:51";"Çok iyi uygulama herkese tavsiye ederim tabi rahatça izlemek isterseniz tam 
size göre bir uygulama indirin bence"
101634;;"2018-05-16 07:02:54";Süpet
101378;;"2018-05-26 01:30:14";"Film arşivini büyütülmeli. Gerekirse ücretli olsun. Ancak izleme 
seçenekleri kısıtlı."
101124;;"2018-06-02 14:02:16";"Söz dizisi neden kaldırıldı ne güzel izliyorduk ?"
100872;;"2018-06-07 21:16:02";Süper
100622;;"2018-06-11 21:03:40";"Cok guzel her filmi izliye biliyom anlatmaya gerek yok mukemmel"
100374;;"2018-06-19 12:38:24";"Çok reklam vermese"
100119;;"2018-06-23 05:19:41";"Iyi güzel kaldırdığım dizileri izleye biliyorsam müthiş"
99874;;"2018-07-05 18:17:07";"İnternet diziciliği için atılmış en harika adım."
121610;;"2017-04-21 17:37:39";"Umarım hep ücretsiz olur 😊"
111361;;"2017-12-13 10:20:39";"Kesintisiz net daha ne olsun."
126475;;"2017-02-21 23:00:54";"Üyü oldunuz diyo ama giremiyorum yükleme başarısız diyo"
99339;;"2018-07-26 15:25:25";"Çooook güzel ama internet gerekiyor😄"
98834;;"2018-08-20 23:06:27";muhteşem
129047;;"2017-01-24 22:45:42";Mikemmel
110345;;"2017-12-24 03:17:31";Süper
124435;;"2017-03-29 17:56:53";"Mükemmel bir program indirmenizi tavsiye ederimm 👍👌 bayıldm doğrusu👌"
98061;;"2018-09-28 05:20:03";Buv
126730;;"2017-02-18 15:16:31";"Çok güzel bi uygulama ama bazı diziler yok onlarda olsa süper olur"
106505;;"2018-02-15 20:35:42";"Tek kelime EFSANE"
98322;;"2018-09-18 18:58:39";"Dizi kapasitenizi yüksektin 4n1k yok"
97312;;"2018-10-30 16:35:37";"Süper bir şey ya"
96029;;"2018-11-06 00:21:33";"Çok iyi dicek bisey bulamiyorum"
95780;;"2018-11-18 06:34:58";"Cok iyi"
105751;;"2018-02-28 15:04:26";"YouTube gibi 10 saniye ileri sarma özelliği gelirse çok iyi olur. Onun dışında kusursuz bir uygulama."
95491;;"2018-11-29 21:26:03";"Samsung telefonumda kullanırken çok memnundum. Xiaomi note5 telefonumda videolar açılmıyor neden?"
122628;;"2017-04-10 15:46:07";"Harika gerçekten mükemmel fi dizisi de eklenince harika yanii"
115999;;"2017-06-27 20:10:41";"İyi güzelde nie full HD değil filmler kategori az msla türk filmleri HD yok fzla"
94998;;"2018-12-22 18:53:48";güzel
116494;;"2017-06-17 09:27:20";"Güzel bir uygulama kısaca harika"
94722;;"2019-01-04 09:16:56";"neden Diriliş Ertuğrul kaldırıldı"
116750;;"2017-06-13 23:36:08";"Bu ne ya durdurdum iki dk isim var die bidaha açamıyorum diziyi düzeltin şunu be"
92950;;"2019-01-22 22:24:08";"film ve dizi izlerken sürekli donuyor anlam veremedim. uygulama indirirken anında indiriyor hiç bir sıkıntı yok sadece puhu uygulamasında sorun yaşıyorum"
105472;;"2018-03-04 07:11:00";"Abi sacma bir yazılım cöplüğü"
92682;;"2019-02-03 20:22:41";"sevdim fillim elim altida ama soz ve savaşçı da olsa guzel olur"
113944;;"2017-10-07 13:52:56";"kötü donuyo hep"
92418;;"2019-02-12 15:10:06";"harika birde reklami kaldirsalar diziler arasinda"
111378;;"2017-12-12 22:46:56";"Fi için teşekkür ederim"
109832;;"2017-12-30 21:22:00";Gold
111895;;"2017-11-28 08:07:00";"10 dakikada bir reklam mi olur kardeşim bıktım buna bir çözüm gelmeli"
112153;;"2017-11-22 17:22:34";"Reklamlardan dolayı"
110360;;"2017-12-23 23:26:39";"fí ve çi sebeb oldu indirmeme ama harika uygulama emek veren herkese teşekkürler.. 😊"
91650;;"2019-03-08 19:13:16";"sırf Leyla ile Mecnun izlemek için indirdim fakat L&M yi kaldırarak hata ettiniz. Unf"
107287;;"2018-02-04 16:18:04";pepe
89866;;"2019-03-20 14:22:46";super
103458;;"2018-03-29 21:42:26";"Bazı diziler sansürlü yeni yüklenenler özellikle kaldırılmali sansürler"
89622;;"2019-04-01 07:05:07";okey
99601;;"2018-07-16 13:28:17";"Gerçekten süper bir uygulama herkeze tavsiye ederim."
89382;;"2019-04-12 19:11:32";güzel
96033;;"2018-11-05 21:46:38";Nays
113670;;"2017-10-24 04:58:19";"Dizi deil reklam izliyorsunuz  arkadaşlar yüklemeyin tavsiye etmem"
89089;;"2019-04-21 05:38:24";"Aradım şeyler çıkmıyor mesela Ikizler Memo can"
102921;;"2018-04-06 23:42:10";"Efsaneleri burda izledik"
88860;;"2019-04-30 10:44:54";"çok çok güzel"
95251;;"2018-12-10 23:57:00";Güzel
118794;;"2017-05-22 09:27:14";"Reklam izliyorum sonrasinda uygulamadan cikiyor ayrica sardirma da yok zaten kaldigim yerde gozukmuyor acil duzeltilsin guncelleme bekliyoruz"
88580;;"2019-05-14 04:43:52";"coook guzel muthis"
103433;;"2018-03-30 06:09:24";Süper
129287;;"2017-01-19 12:42:15";"Çok guzel olmus donma yok hd indirin"
114201;;"2017-09-25 19:10:23";"Fiiiiiiii 💙💕💞💗💖💙"
107539;;"2018-01-31 22:25:56";Wonderfull
86555;;"2019-05-22 17:00:08";"Çok sevdim oyüzden"
98565;;"2018-09-06 21:12:55";"Güncellemeden sonra izlenmez hale geldi."
119583;;"2017-05-12 14:55:46";"Reklam çok reklam daha çok reklam..."
86292;;"2019-05-28 13:59:47";harika
116773;;"2017-06-13 19:39:20";"Nice work"
107778;;"2018-01-29 16:03:28";"Çok iyi bir uygulama"
86036;;"2019-06-05 08:00:38";"Reklam ötesi reklam. Bir dizide bir sahneyi ararken daha 10 saniye izleyemeden ard arda 3 reklam izledim 1.5 dakika. Bi ayarınız, bi insafınız olsun!"
98566;;"2018-09-06 21:07:50";Muhteşem
126489;;"2017-02-21 21:24:32";"Geliştirilmesi gerekli buna rağmen gerçekten kaliteli olmuş yenilikler illaki olacaktır elinize sağlık adminler"
85790;;"2019-06-15 19:21:20";"Dizi yüzünden reklamları izleyemiyoruz, dizinin süresini azaltıp reklamların süresini arttırın lütfen..."
88840;;"2019-05-01 12:32:01";"bravo cok iyi indirin gorunutu kalitesi idareeder"
127762;;"2017-02-08 18:29:28";"Uygulamayı yapandan Allah razı olsun çok teşekkürler"
125987;;"2017-03-01 17:55:35";"İyi tavsiye"
85504;;"2019-07-01 21:44:31";"iyi cok iyi"
94978;;"2018-12-23 21:47:48";"Yabancı diziler yok mu?"
107781;;"2018-01-29 14:19:33";"Muhteşem ama sen anlat karadeniz yok"
82456;;"2019-07-20 21:35:38";"Yeni güncellemeden sonra dizimi izleyeyemiyorum."
97802;;"2018-10-09 20:52:58";Süper
112398;;"2017-11-17 03:36:33";"Arkadaşlar iyi indirin"
116240;;"2017-06-20 11:17:36";"Yorum sikintisi duzeltilirse iyi olur"
82185;;"2019-09-01 20:01:03";"EZEL nasıl olmazzz"
89604;;"2019-04-02 00:12:26";"harika uygulama supersiniz"
106020;;"2018-02-23 06:12:29";Harika
122651;;"2017-04-10 07:12:21";"Uygulama cok güzel fakat playerin geliştirilmesi gerekiyor. Tv izlerken parmakla sağa sola kaydırıp kolayca ileri ileri geri alma ve oynatım hızı arttırma eklenmeli. Smart tv (Lg webos) uygulamasınında biran önce yayayınlanmasını bekliyorum."
81922;;"2019-10-02 19:39:41";"Reklam çok"
92191;;"2019-02-19 10:39:12";"hatik bi uygulama ama indiremiyorum"
126219;;"2017-02-25 21:14:47";"Yüklüyorum suan tüm diziler varsa iyi olur herkes güzel demiş"
124689;;"2017-03-24 19:11:31";"HÜLYA TARKAN 😀😁"
81664;;"2019-10-20 09:01:43";"Uygulama çok güzel. Sadece şeyi merak ediyorum. Kaçak Gelinler'in ikinci sezonu yüklenecek mi?"
89606;;"2019-04-01 23:07:44";"çok güzal"
121354;;"2017-04-22 21:24:45";Harika.
120857;;"2017-04-28 21:32:22";"Süper bir uygulama"
81413;;"2019-11-09 20:44:55";"Harika bir uygulama 😊"
98568;;"2018-09-06 12:10:00";"Çok çok çok çok çok güzel Ben bir İranlıyım."
98585;;"2018-09-05 12:52:38";"Çok güzel"
118796;;"2017-05-22 09:19:09";"Süper bi uygulama"
81170;;"2019-12-01 21:07:54";Sevdim
95264;;"2018-12-10 01:58:32";"Bu işte ciddi emek var harika program çok beğendim yapanların emeğine sağlık"
107011;;"2018-02-09 05:04:25";"Ülkemizde böyle kaliteli uygulama yapmanız mükemmel  Ayrıca reklamlar sıkıcı değil Bildirimler kaliteli Yazılımda emeği geçen herkeze teşekkürler Bende herkezin telefonda kesinlikle olmalı"
80926;;"2019-12-10 16:10:11";"Android tv uygulaması çalışmıyor"
114949;;"2017-08-11 20:35:10";"Bence güzel bi uygulama komedi dükkanı ve arkadaşım hoşgeldin de yüklenirse tadından yenmez"
89369;;"2019-04-12 21:39:22";"herşey süper ama keşke diziler sansürsüz olsa"
100361;;"2018-06-19 19:12:39";"Puhu Android tv de görüntü kalitesi secilmiyor düzeltin"
117760;;"2017-06-03 18:00:20";Muhteşem
80649;;"2019-12-29 11:22:29";"İğrenç bir uygulama sürekli donuyor reklam çıkıyor"
103197;;"2018-04-02 00:52:24";Mukemmel
119586;;"2017-05-12 14:24:13";👍👍
105497;;"2018-03-03 20:56:52";"Kotu degill"
80418;;"2020-01-21 14:32:52";"Payitagt abdülhamid diriliş Ertuğrul kuruluş osman ve ramo eklensin artık"
119847;;"2017-05-08 09:23:06";👍👍👍
86544;;"2019-05-22 22:44:45";mükemmel
106496;;"2018-02-15 21:07:51";"Umarım edho da listeye girer biran evvel.Onsuz olmaz"
109071;;"2018-01-16 03:32:55";"Mükemmel bi program"
80154;;"2020-02-14 23:27:49";"Reklam severler yükleyebilir"
80916;;"2019-12-11 13:41:05";"Muhteşem bir uygulama yapanın elleri dert görmesin"
107776;;"2018-01-29 16:16:02";Güzel
119566;;"2017-05-12 18:19:33";Süper
108579;;"2018-01-19 22:26:31";Super
79900;;"2020-03-11 15:53:33";"Şöyleki gerçekten harika bir uygulama fakat daha fazla film eklemelisiniz."
109607;;"2018-01-03 20:54:50";"Ellerinize sağlık"
107779;;"2018-01-29 15:47:15";Harika
110857;;"2017-12-19 19:50:23";"Şu takilmalarda olmasa"
104480;;"2018-03-19 23:19:57";"Börü dizisi de olsa idi çok daha iyi olacaktı diriliș payitaht bunlar zenginlik katardı"
129304;;"2017-01-18 18:10:09";"Behzat Ç nin kaldırılmasında emeği gecen herkesin amına koyim teşekkürler puhu tv"
79617;;"2020-04-01 18:49:30";"Allah rahmet eylesin mekânı cennet olsun"
104195;;"2018-03-22 04:51:58";"Gayet iyi, ama son 1 haftadır reklamlar çoğaldı. Televizyon'a döndürmeye başladınız."
95524;;"2018-11-28 05:45:26";"Televizyondan izlesem bu kadar reklam olmaz aşırı derecede reklam izletiyorsunuz SİLDİM"
104481;;"2018-03-19 23:12:20";"Izleyemediginiz yada tekrar izlemek istediğiniz en yeni en güzel diziler unutulmaz yeşilçam filmlerimiz ve en önemlisi türk dizi dünyasında tek gectigim Fi Çi  kesinlikle harikasın Puhu tv"
129305;;"2017-01-18 17:43:28";"Ölene kadar dizisini de istiyoruz ✋"
76289;;"2020-04-19 18:04:28";"Bi film izleyelim dedik on tane raklam izlemek zorunda kaliyoruz..bu reklamlari kim düsündüyse alsin FİTİL olarak bi yerine soksun..iyi gelecektir.TEŞEKKÜRLER.."
106767;;"2018-02-13 07:47:30";Başarılı
117542;;"2017-06-06 10:23:32";"Çokkk güzel herkese tavsiye ederim."
98054;;"2018-09-28 15:20:10";"Aslonda güzel bir uygulama ama sadece çıktığınızda diziye devam etme şansımoz kalkıyo ama ben bu uygulamayı gerçekten beğenerek kullanıyorum"
109075;;"2018-01-16 01:34:02";👍👍
76061;;"2020-05-10 16:40:42";"Allah bu reklamlarinizin belasını versin icerik izleteceğinize reklam izletiyorsunuz bu ne arkadaş ya. Netflix aldim sizin yüzünüzden. 5 dk.da bir reklam. Uygulamanizi silicem."
95772;;"2018-11-18 11:00:34";Harika
107540;;"2018-01-31 22:12:31";Süper
88854;;"2019-04-30 15:33:45";"Çok iyi"
111140;;"2017-12-17 08:35:14";Bayıldım
109076;;"2018-01-16 01:17:11";"Beklentileri ziyadesiyle karşılayan mükemmel bur uygulama ..."
75806;;"2020-06-10 22:21:22";"Ya bu nedir ya sürekli hesabimdan çıkıs yapıyor. Uygulamaya her girdiğimde giriş yap diyor ya şu sorunu çözün ya"
76055;;"2020-05-11 10:50:57";İyi
109068;;"2018-01-16 05:11:36";"Mükemmel bir uygulama"
109058;;"2018-01-16 07:55:17";"Bence mükkemmel bir site"
117267;;"2017-06-09 20:18:43";Harika
104484;;"2018-03-19 22:53:15";İyi
125732;;"2017-03-05 00:44:08";"Çok güzel bir platform. Başarılar diliyorum"
75527;;"2020-08-30 18:16:59";"İzlenmiyor hiç bir şey"
102669;;"2018-04-12 07:55:49";"Güzel bi site"
121377;;"2017-04-22 20:01:45";"Muh te şem"
116230;;"2017-06-20 13:15:39";"YABANCI FILIMLER TURK FILIMLERININ DASSSSANI YESİN"
112401;;"2017-11-16 23:27:52";"fi dizisini izlemek için android televizyonuma yükledim bu uygulamayı ancak dizi hiç bir şekilde acılmıyo tıklıyorum tam baslıcak siyah bi ekrenın üzerinde puhu tv durduruldu diyo başka hiçbir dizide böyle sorun cıkarmıyo sadece fidr var bu sıkıntı lütfen çözün şimdiden teşekkürler"
127521;;"2017-02-11 19:35:50";ADAMSINIZ
75297;;"2020-09-28 21:59:34";Mükemmel
116512;;"2017-06-17 03:25:16";Fi
79896;;"2020-03-13 18:39:19";"Cok koooooooootu"
81951;;"2019-09-30 19:56:44";"Smart tvde düne kadar izlediğimiz uygulamanizda görüntü yok ses var noldu da bozuldu anlamadik cozemedik bu sorunun cozumu var mi"
112159;;"2017-11-22 15:46:27";Guzel
98058;;"2018-09-28 12:18:41";"Yaa şu video kalitesinide ayarlayın otamatiğe geçip geçip duruyor 2 aydır güncellemiyonuz güncelleyin şunu ekimde 3 ay olacak güncelleyin artık"
117282;;"2017-06-09 18:53:13";"Super bi uygulama"
75046;;"2020-10-15 11:08:46";"Hep donuyor berbat."
75014;;"2020-10-19 06:16:56";"Artik dizileri izleyemiyorummm😡😡"
120597;;"2017-05-02 05:57:07";"bi bakarsaniz sevinirim bende puhutv açılmıyor bir teknik aksaklık olduysa geri dönerseniz sevinirim"
109060;;"2018-01-16 07:46:39";"Ya tamam ucretsiz yapiyorsunuz emekleriniz icin reklamlar koyuyorsunuz anliyorum ama 15 20 dk da bir ust uste 5 reklam koymak nedir aq 5 tane reklam ust uste verilir mi ? Insafsiz olmayin"
76059;;"2020-05-10 17:27:40";"ÇOK SUBER BIR UYGULAMA"
119298;;"2017-05-15 17:44:38";"Süper program"
123662;;"2017-04-02 07:20:11";"Bence arka sokaklar da olsa iyi olurdu"
71936;;"2020-12-24 08:23:03";"Çok güzel reklamlar var araya birkaç dizi sığdırmışsınız ama düzeltirsiniz onları(!)"
71937;;"2020-12-24 08:00:56";"Boyle reklam görmedim ben ne zevk kalıyo ne bişe indirmeyin indiren kaldırsın"
71938;;"2020-12-24 05:47:23";"Yarısı reklam izlemekle geçiyor"
71939;;"2020-12-23 22:58:41";"Gercekten 1 saatlik diziyi 3 gundur bitiremedim tvden izliyorum surekli donma bulaniklik boyle olmamali netimden kaynakli degil aradim sordum youtube tikir tikir ilerliyor puhu tv yarim saat doasa sukretmeye basliyoruz"
71940;;"2020-12-23 20:57:11";"Uygulama Gerçekten Mükemmel Görüntü çok canlı ve reklam yok Herşey Şahane Ve Ücretsiz Herkesin Emeğine Saglik❤❤"
71941;;"2020-12-23 20:46:50";"Uygulama bence cok güzel gayette çalişiyor donma cok yok kimse boş yapmasin cok gûzel bir uygulama"
71942;;"2020-12-23 18:15:53";"Neden halen donuyorrr takılıyorrr"
71943;;"2020-12-23 17:30:31";"Tek güzel özelliği o da güzel mi bilmem süs gibi bölümlerin orda beklemesi . Sürekli donuyor"
71944;;"2020-12-23 15:02:59";"Bin tane reklam olmuş yazıklar olsun"
71945;;"2020-12-23 14:24:10";"(R)eklamlari g*tünüze sokun (E)meği geçenlerin a**** kayayim (K)atlanilacak gibi değilsiniz (L)iseliler bile daha iyi uygulama yapar (A)llah belanizi versin (M)al insan topluluğu puhutv"
71946;;"2020-12-23 12:44:59";"Kesinlikle 0 bişi izlerken kanser olamamak elde degil surekli donuyo sinir krizi gecirmekten diziye konsantre olamiyosun kesinlikle indirmeyin."
71947;;"2020-12-23 11:05:49";"Çok fazla reklam yayinliyosunuz filmi seyredemiyoruz bu nasil bir uygulama birde puanlama istiyorsunuz"
71948;;"2020-12-23 07:51:48";"Dakika Başı Reklam Dizi Filmden Çok Reklam İNSAN açmaya Korkuyor İleri sarmaya korkuyor amına Koyum"
71949;;"2020-12-23 03:05:04";"Bu versiyonda yine sizden gelen birçok hata giderildi derken editör komik bir şaka yaptığını düşünüyor bence, bir yıldız bile çok..!"
71950;;"2020-12-23 02:43:23";"Yapacağınız uygulamanın taaa .. Sürekli reklam veriyor hadi onu geçtim her reklam sonrası reklamın ortasında donmaya başladı donuyor açılmıyor bidaha"
71951;;"2020-12-22 23:41:09";"Bol bol reklam izlemek isteyen indirsin ekrana dokunsan reklam çıkıyor"
71952;;"2020-12-22 22:03:00";"2 saatlik bir dizide 27 tane reklam reklamsizdi bi dizide en fazla 3 tane reklam cikyirdu suan ise 27 tane reklam cikti ne demek ya"
71953;;"2020-12-22 21:40:36";"Bu ne biçim bir uygulama sabahtan beridir doğru dürüst bir şey izleyemeidm sürekli donuyor kafayı yedim yaaa"
71954;;"2020-12-22 21:10:24";Ok
71955;;"2020-12-22 20:21:39";"Bi dizi de 500 reklamın ne işi var 3 dk da bir reklammı olur ayıp yav bi uygulama yapıyosunuz reklam üstüne reklam 1 yıldız bile fazla size"
71956;;"2020-12-22 18:15:55";"Uygulama efso ama bu kadar reklam koymayin aga ya"
71957;;"2020-12-22 16:09:50";"Sürekli donuyor çözünürlük birden düşüyor"
71958;;"2020-12-22 12:57:44";"Uygulamada bir dizi ya da bir film izlerken sürekli donuyo internetimin iyi olmasına rağmen sürekli donuyor örneğin 1 dk oynuhor film 30 saniye donuyo ve bu sürekli oluyor puhu tv yerine netflıx izleyin en iyisi puhu tv de bu sorunlar çözülmeli."
71959;;"2020-12-22 12:40:20";"Neden Turkiyeden Youtube çıkmadığının göstergesi"
71960;;"2020-12-22 12:33:06";"Ya her 5 dakika da bir reklam mi olur ya kesinlikle indirmeyin gidin başka yerden izleyin yoksa sadece reklam izlersiniz"
71961;;"2020-12-22 11:56:35";"Reklam arası dizi izliyoruz valla"
71962;;"2020-12-22 11:54:04";"Yeter da bu kadar reklam olmaz her ileri sardığjmda bile reklam çıkıyo dizi kadar reklam izliyorum yeter da yeter ya"
71963;;"2020-12-22 11:46:45";"Yapacağınız işin neyse 7 dk da bir reklam veriyorsunuz bisey izleyemiyoruz reklamdan"
71964;;"2020-12-22 10:56:35";"Reklam ve donma olsun hiç bir zman çözemediniz bir reklamlı bütün video boyu veriyorsunuz ve raklamdan sonra 30 saniye donma oluyor"
71965;;"2020-12-22 10:49:47";"Süper bir uygulama siz e tavsiye ederim ama biraz reklam var"
71966;;"2020-12-22 10:40:15";"5 dk da bir reklam ama allah razı olsun adlock kullanmaya başladım"
71967;;"2020-12-22 10:25:36";"Her ileri veya geri sardığımda reklam çıkıyor ve bu her seferinde oluyor. Film keyfinizin içine reklam koyuyorlar bildiğin."
71968;;"2020-12-22 10:13:16";"Eğer bilgilerim ele geçirilirse bu puhu tv nin işidir buda kanıtıdır"
71969;;"2020-12-21 23:28:02";"Ben bu kadar kötü bir uygulama görmedim"
71970;;"2020-12-21 23:06:27";"Çok donuyor rezalet"
71971;;"2020-12-21 22:31:47";"Donuyor dönüyor sürekli ama sürekli donuyor.En dandik dizi siteleri bile donmuyor ama bu uygulama donuyor (internetim 70 Mbit) siz uygulamayı gözden çıkarmışsınız önemsemiyorsunuz biz neden kullanalım.. Hoşçakal puhu tv"
71972;;"2020-12-21 22:21:25";"Guzel basarili"
71973;;"2020-12-21 22:14:25";"haftada bir cukur izkiyorum onuda 4 saatteizkiyorum sayenizde. internet hizimda problem yok ama surekli donmalar takilmalar yasiyorum. Bu duruma bi cozum bulmaniz için size 1 yildiz veriyorum"
71974;;"2020-12-21 22:13:30";"Rezil bi uygulama. Oynatma kalitesini kendiniz ayarlayamıyorsunuz. Sürekli donuyor 10 saniye oynat 15 saniye don. Ben hayatımda bu kadar işe yaramaz ikinci bi uygulama daha görmedim. Kesinlikle tavsiye etmiyorum"
71975;;"2020-12-21 22:09:39";"Leş gibi"
129312;;"2017-01-18 07:50:36";"Behzat Ç var diye indiriyorum bakalım.."
128038;;"2017-02-04 10:55:42";"Yüklenmesi uzun sürüyor ama genel olarak güzel"
126989;;"2017-02-15 12:53:50";"Tek kelime ile muhtesem bi uygulama kotu wifiden bile hic donmadan full hd film izledm"
128279;;"2017-02-01 10:23:44";"Coooooooooook guzeeeeel"
124705;;"2017-03-24 06:14:46";"Eşkıya dünyaya hükümdar olmaz ve kurtlar vadisi neden yok acaba"
123682;;"2017-04-02 01:38:03";"Muhteşem       Olmuş"
123915;;"2017-04-01 11:08:41";"Puhutv güzel fakat bazı eski ve yeni diziler filmler çıkmıyor internet üzerinden televizyonda da açılmıyor eski ve yeni diziler filmler çıkarsa internet üzerinden televizyondan da izlersek puhutv'nin mübdelası olacağız umarım söylediklerimizi  dikkate alirsınız ve yardımcı olursunuz yardımınız ve ilginizden dolayı teşekkür ederiz ;:-)"
121871;;"2017-04-18 17:43:36";"Uygulama çok güzel ozellikle televizyona kurduğumuzda çok kullanışlı, sadece dizinin ilk 2 dakikasında da kitlenmesine anlam veremedik, tekrar açınca sorun kalmıyor ama bir incelenmesinde fayda var."
128520;;"2017-01-29 23:05:28";"İşim olmasa bile girmek istiyorum tema falan cok guzel her dizi var nerdeyse kanal d disinda"
120088;;"2017-05-06 01:00:15";"İçeriklerinizi zamanla zenginleştirmeniz dileğiyle"
119310;;"2017-05-15 15:53:50";"Hem hızlı hemde yerli film dizi çok daha fazlası ve hepsi ücretsiz teşekkürler puhutv"
118538;;"2017-05-24 18:25:28";Gooood
117772;;"2017-06-03 14:53:17";Hoş
117012;;"2017-06-11 19:30:03";"Çok yaşa puhu TV"
116258;;"2017-06-20 06:43:56";"İyi bir uygulama begendim"
115734;;"2017-07-08 12:12:39";Süper
114968;;"2017-08-10 15:54:00";"Şevkat Yerimdar'ı bekliyorum 😉"
115738;;"2017-07-08 10:52:57";"Mukemmel indirin 😘"
113698;;"2017-10-23 06:56:03";"Para tatlı geldi heralde bu ne reklam ya dizi izleyemiyorum neden varsınız siz"
113169;;"2017-10-31 03:59:14";"Reklam olmalı sıkıntı Yok sonuç itibariyle biryerden bu masraf çıkmalı, donmadan güzel bir kalitede seyrediyoruz. Teşekkürler.."
112644;;"2017-11-11 22:41:15";"Kardeş Payı dizisinin diğer bölümleri verilse daha çok sevinicem bu siteyi seviyorum başka siteden izlemek istemem."
114468;;"2017-09-10 17:55:24";Açılmadı
117266;;"2017-06-09 20:28:08";Basarili
117268;;"2017-06-09 20:04:37";"Çok Güzel Bir Program"
126235;;"2017-02-25 18:23:17";"İstediğim diziler yok. Gereksiz bence"
110108;;"2017-12-26 08:56:29";"Çok sık reklam çıkıyor. Internet kanaliysa dha hizli olmali. Tv izlemiyorz dimi internet kanaliysa da ona gore bi ayarlama yapin lütfen .."
109578;;"2018-01-04 13:03:08";"Harika bir uygulama daha sorun yaşamadim tavsiye ediyorum"
109081;;"2018-01-16 00:37:14";"Daha da iyi olabilir."
124194;;"2017-03-31 17:15:37";"Kayit olunmuyor lutfen bir cozum bulun internet oldugu halde baglanti sorunu diyor.."
108807;;"2018-01-17 23:34:07";"Süper bi uygulama fakat indirme inki de olsa favorim olabilir.🖒"
107800;;"2018-01-29 07:45:46";"Güzel uygulama"
115974;;"2017-06-29 06:55:27";"Gayet iyi ancak dizilerden kesitler özetleri de ekleyin"
107024;;"2018-02-08 22:00:29";"Çok fazla reklam var."
121119;;"2017-04-25 02:03:54";Güzel
106260;;"2018-02-18 23:49:26";"Çok güzel olması gerektiği gibi 👍👍"
124188;;"2017-03-31 17:21:18";"Üye olmaya çalışıyorum her 2 şekilde de bağlantı hatası veriyor ve üye olamıyorum"
105508;;"2018-03-03 19:09:40";"Tamen ucretsiz muhtesem degismesse hic silmem"
105226;;"2018-03-07 20:55:21";"elinize saglık"
125215;;"2017-03-15 14:41:49";"Yabancı diziler de olsa mükemmel ama şimdi de çok güzel  elinize emeğinize  sağlık"
129024;;"2017-01-25 10:24:07";"Uygulama güzel fakat Android TV ve boxlar için kontrollerin gelişmesi gerek TV kumandası ile kontrol edilemiyor ya dokunmatik yada mouse olması lazım."
104211;;"2018-03-21 21:56:05";"Kendine öz dizileri ve tv dizilerini sansürsüz vermesi bu uygulamyi tercih etmemin sebebi. Umarım asla saçma bir yaptırim vs. Uygulanmaz"
103936;;"2018-03-24 15:21:02";"Çok güzel bir uygulama"
116513;;"2017-06-17 03:17:34";"İndirme imkanımız olmalıydı."
119815;;"2017-05-08 21:01:21";"Güzel uygulama ama 5-10 saniyelik sardirmalar olursa daha guzel olabilir bence"
102948;;"2018-04-06 17:22:10";"Reklama geçerken reklamdan reklama geçerken veya reklamdan diziye geçerken arada kitleniyor uygulamayı kapatmanız gerekiyo sonra kaldığınız dk yi bulmak için uğraşırken 20 reklam daha seyrediyosunuz mecburen şanlıysanız bu sürede uygulama tekrar donup bu işlemleri baştan yapmanız gerekmez."
102681;;"2018-04-11 20:04:28";Beyendim
102416;;"2018-04-18 16:56:50";"Reklamı geç i de koyun da"
102153;;"2018-04-27 09:17:19";Super
101892;;"2018-05-06 08:46:09";"Her dilimi izleyebiliyoruz herkese tavsiye ederim"
101633;;"2018-05-16 08:13:15";👏👏👏👏👏👏👏👏👏
101377;;"2018-05-26 02:54:47";👍
101123;;"2018-06-02 14:16:13";"aradığımı buluyorum"
100871;;"2018-06-07 21:20:36";"Az reklam olsun"
100621;;"2018-06-11 21:16:25";"Sözün kaldırılması hoşuma gitmedi ama uygulama güzel"
100373;;"2018-06-19 12:40:06";"Tek kelime ile harika"
100118;;"2018-06-23 06:32:28";"Reklâmlar rezalet. Koymayın şunları."
99873;;"2018-07-05 20:43:57";👍
122406;;"2017-04-13 08:07:57";🙌🙌🙌🙌🙌🙌🙌
111877;;"2017-11-28 15:33:41";Harika
104716;;"2018-03-17 03:57:12";"kimse yalandan uygulamayı kötülemesin yok donuyormuş video izleyemiyorum falan filan internet paketi alın kendinize"
116001;;"2017-06-27 17:01:25";"Güzel bir uygulama"
98833;;"2018-08-20 23:20:20";"İyi baya iyi"
98599;;"2018-09-04 23:12:12";"Çok reklam dışında güzel bir uygulama"
110853;;"2017-12-19 20:38:20";👊👍👍👏👏
125464;;"2017-03-10 18:32:52";"elerinize  saglik gercekten cok guzel bi uygulqma"
98060;;"2018-09-28 09:51:08";"Kısa reklamlar olmasa daha güzel olur"
127778;;"2017-02-08 15:55:00";"Böyle kaldığı sürece güzel bir uygulama. Lütfen ilerleyen zamanlarda güncellemelerizle mahfetmeyin puhutv yi :)"
128274;;"2017-02-01 11:36:16";Süper
106504;;"2018-02-15 20:38:52";"Gayet başarılı"
97311;;"2018-10-30 16:36:19";"Çok iyi uygulama hacı çukur bakıyorum"
111369;;"2017-12-13 08:50:34";"Harika başka söze gerek yok"
95779;;"2018-11-18 06:59:32";BAYILDIMMMMM❤️❤️❤️
122901;;"2017-04-07 21:57:50";"Smart tv fixlensin gayet iyi"
95490;;"2018-11-29 21:35:58";"Yayında ve yapımda emeği geçen herkese teşekkürler"
129568;;"2018-05-24 21:15:47";Gözal
118275;;"2017-05-28 14:51:14";"Ücretsiz olduğunu bugün öğrendiğim platform. Kesin ücretlidir diye indirmeye bile tenezzül etmemiştim."
94997;;"2018-12-22 20:43:41";"İzlediğim içeriği her duraklatıp başlattığımda kalite otomatiğe geçiyor.. Ve ben 1080p'de sorunsuz izlerken otomatikte 360p'nin üstüne çıkmıyor.."
108061;;"2018-01-25 14:15:54";"#kalpatisipuhutvde nolurrr :( #kalpatisipuhutvde"
94721;;"2019-01-04 11:15:12";guzel
119556;;"2017-05-12 18:39:51";Mükemmel
92949;;"2019-01-22 23:05:15";iyi
105756;;"2018-02-28 11:51:31";"Bide acilsa.sadece reklam.bosuna indirmeyin çöplük"
92681;;"2019-02-03 20:28:17";"gayet güzel"
127518;;"2017-02-11 20:30:34";"Teşekkürler puhutv😉😉😉"
92417;;"2019-02-12 15:16:56";başarılı
111894;;"2017-11-28 09:53:25";"Fazla reklam olmasa iyi"
92449;;"2019-02-12 02:44:21";"güzel olmuş begendim"
112415;;"2017-11-16 19:42:13";mükemmel
92189;;"2019-02-19 11:50:17";"boyle rezillik Görmedim filim izletken bisey izlerken 5 dkda bir 25 saniye 1 dk 2dk yaklaşık reklam Çıkıyor bu kadar reklam neyin necisi Bu nasıl berbat bı uygulama reklam uygulaması gibi film izlerken 100tane reklam İzlemek zorundamiyim Gitmiyorda sonuna kada İzletiyor valla Boyle devam ederse silcem Boyle bisey görülmedi berbat bi uygulama reklam İcin Kurulmus Adetaa."
110868;;"2017-12-19 18:31:55";"Çok iyi bir şey yapanların eline sağlık"
91649;;"2019-03-08 19:36:57";"gayet begendigim onceki cihazimda kullandigim bir uygulama reklamlar can siksada uygulamanin kazanci ordan geliyor asik oldugumuz behzat c poyraz karayel gibi dizileri sunmasida cabasi"
110624;;"2017-12-21 23:59:09";"Güzel uygulama"
89865;;"2019-03-20 15:57:36";Süper
123938;;"2017-04-01 09:51:22";"emegi gecen herkeze tşk ederim .. elinize saglık :) sevgiyle kalın"
89621;;"2019-04-01 10:58:13";"çok iyi you tube den de iyi sağolun <•••> ÇUKUR"
99844;;"2018-07-07 11:58:20";"Çok güzel olmuş yapanlara teşekürler"
89381;;"2019-04-12 19:12:48";"süper bağlantı kesilmiyor sürekli"
111373;;"2017-12-13 04:54:22";nice
114203;;"2017-09-25 19:05:42";"Yeni güncel filimlerin eklenmesi lazım artık"
89088;;"2019-04-21 05:39:39";"aşk-ı m müjdemi istiyorum.."
103190;;"2018-04-02 07:41:30";"Arkadaşlar filmi nasıl indiriyoruz"
88859;;"2019-04-30 11:43:39";"helal gerçekten çok iyi ama soz dizisi olsa baya guzel olacak insallah söz dizisi gelir yaa"
119822;;"2017-05-08 18:38:19";"Yeni çıkan dizileri de koyun olmuyor böyle hep aynı şeyler yeni filmler dizileri de ekleyin daha güzel olacak"
113672;;"2017-10-24 01:58:03";Perfecttttttrtttttt.......
88579;;"2019-05-14 04:54:29";Cep
103705;;"2018-03-26 12:49:25";Bayıldım
86823;;"2019-05-18 22:47:36";"ücretsiz olmasıyla beraber hemen izleme imkanın ve bildirimlerin anında gelmesi kadar müthiş bir uygulama daha yok yapanın ellerine sağlık"
94759;;"2019-01-02 12:54:00";"seksenler dizisini neden kaldırdınız... artık youtube den izlemeye devam. boşuna indirip telefonda yer kaplamayın"
104464;;"2018-03-20 00:42:53";Harika
86554;;"2019-05-22 17:09:28";"çok reklam var aga .."
125701;;"2017-03-05 14:28:46";"Uygulama güzel ama suskunlar da olsa daha güzel olur"
107295;;"2018-02-04 13:03:00";"Cok basarili bir platform olmus.."
86291;;"2019-05-28 14:24:17";"0daha önce yükledim güzeldi"
117531;;"2017-06-06 13:04:03";"Harika bi izleme zevki super"
129569;;"2025-02-04 08:26:35";"Sansür var. Hiç beğenmedim."
86035;;"2019-06-05 09:27:05";"puhu tv berbat ben bip uygulamasinin reklamlarini gormekten cinnet geciregim resmen. hadi reklami bekliyorum reklam bittikten sonra dizi devam etmiyor ki tekrat kapatip aciyorum ayni yere geldigimde tekrar ayni reklam çikiyor. bu kısır döngunun icinde boguldum kaldim. Behzat Ç.nin eski bolumlerini izlemeyecek olsam 1 saniye bile tabletimde bekletmem. yuklemek isteyenler yuklemesin sinirden cihazinizi kırarsiniz.."
129062;;"2017-01-24 20:36:25";"Pişman olmadan indirdiğim ender uygulamalardan ellerinize sağlık gerçekten çok güzel"
109315;;"2018-01-10 20:30:00";Mükemmel
85789;;"2019-06-15 19:54:24";"çok başarılı"
110365;;"2017-12-23 22:51:31";"Fi ve çi efsane diziler ❤"
122396;;"2017-04-13 10:32:26";"cok iyi"
122648;;"2017-04-10 07:46:10";"Arşiv genişletilmeli... Onun haricinde stabil.."
85533;;"2019-06-29 18:06:41";"lan ne yaptınız güzelim uygulamaya... 5 dk'da 30 snye reklam olurmu. sıçmış batırmışsınız. bıkkınlık getiriyor artık, filmmi izleyelim yokda reklâmmı..."
107279;;"2018-02-04 19:49:06";Bayıldım
120579;;"2017-05-02 08:51:35";"Acillll duzeltin internet olmasina ragmen baglanti başarısız tekrar yukleyin uyarisi veriyo normalde cok memnunum ama 2gundur kullanamıyorum"
82455;;"2019-07-21 07:27:52";"çok güzel bir uygulama ben kaçırdığım filimleri bundan izliyorum"
128012;;"2017-02-04 17:59:42";"Telefonda guzel fakat evde miracast gibi sistemleri bulunan tvlere direk aktarimi olsa daha guzel olurdu.Youtube gibi applarda var gonderiyoruz bundada olmali"
125472;;"2017-03-10 17:39:57";"Cok kullanisli bir  uygulama tavsiye  ederim"
116994;;"2017-06-11 22:25:55";"Süper bir uygulama her an istediğin diziyi izleye biliyosun fi ye ayrı bayıldım herkese tavsiye ederim"
82184;;"2019-09-02 06:42:25";"reklam çok var"
110362;;"2017-12-23 23:04:54";"Harika bi uygulama"
108814;;"2018-01-17 23:15:26";Mükemmel
123665;;"2017-04-02 06:46:30";"Harika bi uygulama olmuş"
81921;;"2019-10-02 20:13:50";"Android Tv de iyileştirme yapılması lazım! Uygulama güzel fakat Android tv de açılmıyor 5 sn den sonra ekran kararıyor ve sadece ses devam ediyor İyi çalışmalar"
116227;;"2017-06-20 14:40:47";"Berbat videoları oynatma hızı oldukça yavaş biraz YouTube dan örnek alsınlar"
103973;;"2018-03-24 08:07:19";"Uygulama güzel yalnız youtubedaki gibi indirip izleme seçeneğide olsa tadından yenmez. 👍👍"
125720;;"2017-03-05 07:28:37";"Çok güzel uygulamaa"
81693;;"2019-10-18 22:49:42";"TV uygulamanız çok kötü reklamlardan sonra izlediğimiz dizi devam etmiyor baştan açıyorum ileri sararken tekrar reklam giriyor kapanıyor açılıyor. Sonuç olarak stabil değil çok acil düzeltilmesi gerekli.."
122368;;"2017-04-13 18:11:40";"Harika bir bokkk🎥🎬🎬"
115982;;"2017-06-28 21:47:22";"Uygulama guzel tmm da bu reklamlardan dolayi dizilerim yarim kaldi reklam cikiyor suresi bittikten sonra uygulamadan atiyor"
121856;;"2017-04-18 19:30:37";İyi
81412;;"2019-11-09 21:23:35";"Yeni Sürümden Sonra Bi İşe Yaramaz Reklam Girip Duruyor Zaten TV'da reklam giriyor diye izlemiyordum bu kez de programa getirmişler reklam berbat"
123656;;"2017-04-02 07:47:24";"Bayıldım çok güzel bir uygulma istedim dizi izleyebiliyorum"
98819;;"2018-08-22 06:31:56";"Gayet güzel"
113155;;"2017-10-31 13:32:34";Harika
81169;;"2019-12-01 21:53:33";"Ben yurt dışında yaşayan bir insan olarak niye puhutv den faydalanamıyorum buna bir çözüm bulun lütfen"
119832;;"2017-05-08 13:33:36";"Ah şu reklamlar olmasa..."
127526;;"2017-02-11 19:24:02";Guzel
80925;;"2019-12-10 16:18:02";"Cidden çok güzel film falan izlemem pek ama hoşuma gitti ücretsiz kalirsa çok kullanilir🖒"
81695;;"2019-10-18 22:08:06";"Yeni indirdim hiç bir şey izlenmiyor program kendi kendine kapanıyor"
102919;;"2018-04-07 01:10:12";Harika
100609;;"2018-06-11 21:49:09";"Her sey iyiydi taaa ki.. Neyse neyse uygulamayi kaldirdigimi soyliyeyim 
bitsin bu is. Bir haftadir duzeltin diyoruz iplemiyosunuz"
119335;;"2017-05-15 08:44:12";Ok
80648;;"2019-12-29 12:04:23";Mühteşem
95748;;"2018-11-19 09:29:26";"Çok reklam var"
115748;;"2017-07-07 23:13:51";Harika
118567;;"2017-05-24 10:14:57";"Guncel dizileride koya bilirseniz süper olur"
80417;;"2020-01-21 17:47:45";"Donuyo rezalet"
92452;;"2019-02-12 01:29:57";"mukemmel ötesi"
127012;;"2017-02-14 23:22:27";"Ben beğendim ama dizi sayısı az ağırlıklı star tv yelpaze genişletilmeli bide indirme özelliği eklenmeli başarılar......"
111368;;"2017-12-13 09:00:18";"Daha ne olsun ...."
109568;;"2018-01-04 16:20:04";"Bu uygulamayı fi için indirmiştim gayet hoşuma gitti diğer diziler için de kullanıyorum..."
80153;;"2020-02-15 00:17:09";"5 dk bir 40 saniyelik reklam var. Bununla da kalmayıp 240 p de bile zor izleniyor hatta coğu zaman izlenmiyor bile. O yüzden yayında ve yapımda emeği geçen herkesin ALLAH belasını versin."
111399;;"2017-12-12 16:27:44";"Oynatıcıya 10 saniye geri 5 saniye ileri tuşları eklesek tadından yenmez bir uygulama olacak hadi bekliyoruz"
126740;;"2017-02-18 13:16:13";İyi
110856;;"2017-12-19 19:53:44";"B A Y I L D I M😍😍"
109072;;"2018-01-16 03:24:22";Harika
79899;;"2020-03-12 06:50:29";"çukuru izliyim dedim 240p bile değil videolar. gözlerim bozulacak telde kapadım.dizi, film biraz yüksek çöz olur görmek için!!!!!"
111638;;"2017-12-05 22:12:21";"Müthiş uygulama ama yabancı dizi ve filmlerde gelmeli"
99351;;"2018-07-26 01:59:00";"ÇOK GÜZEL PROGRAM ÜCRETSİZ OLMASINA BAYILDIIM"
111890;;"2017-11-28 11:27:58";"Bu nee yaa dizidenn cokk reklamm izliyoruzzz...hic guzell bir uygulama degill.."
115237;;"2017-07-25 10:06:43";"Çok iyi harika bayıldım puhu tv"
79655;;"2020-03-30 07:31:20";"Philips android tv ye dün kurdum hiçbir sorunla karşılaşmadım gayet güzel bir uygulama tebrikler."
79616;;"2020-04-01 18:57:12";"Cok kötü bir program ileri sarma koymuşlar ileri sararken harcanan vakit resmen kayip görüntü kalitesi çok kötü iyileştirilir diye bekledim kaldirmadim telefondan ama kimsenin umursadigi yok yeter bu kadar"
96038;;"2018-11-05 20:27:46";Mükemmel
111374;;"2017-12-13 02:16:33";"Ses ve videonun beraber ilerlediği tek bir bölüm izleyemedim"
114696;;"2017-08-28 12:43:39";"İndirdim bi baktım kalp atışı yok ozaman Hemen sildim kalp atışını koyun lütfen"
76327;;"2020-04-14 22:28:02";"Telefon ekranim 18.5/9 o yuzden tam ekran olmuyor . Güncellemeyle bu sorunun duzeltilmesi lazim"
76288;;"2020-04-19 19:23:48";"Ya sen anlat karadeniz dizisi neden yok. Ben sırf bu SEN ANLAT KARADENİZ 
dizisi için indirmiştim.. lütfen bu diziyi ekleyin bisy yapın.. ayrıca bu 
dizi çok beğenilen bi dizi.. lütfen🙏"
128023;;"2017-02-04 14:26:26";"Her kaçırdığım filmi izleyebiliyorum"
122624;;"2017-04-10 16:26:01";"Puhutv yi Fİ dizisi için indirdim . Diziye BAYILDIM . Onun dışında İçerde Kiralık Aşk dizilerini de burdan izliyorum."
103170;;"2018-04-02 17:56:55";Gbnkic
109572;;"2018-01-04 15:33:24";"Mastercard sizin anladiniz. Bu ne ya hep reklam. Ağır konuşurdum ama aile var."
76060;;"2020-05-10 17:01:57";"Mükemmel bir uygulama ama film eksikleri var. Daha çok film ve dizi olsa tadından tenmez. Çok teşekkürler puhu tv"
95239;;"2018-12-11 13:06:00";"Güzelde yabancı dizilerde olsa efsoo"
105491;;"2018-03-03 21:29:51";"Sinema filmleri konusunda daha fazla seçenek ve kaliteli filmler eklenirse mükemmel olur."
104740;;"2018-03-16 15:01:59";"5 dakika da bir reklam izletiyorsunuz iyice cılkını çıkardınız"
123154;;"2017-04-05 16:40:56";"Allah sizden razı olsun. Uygulamanın en sevdiğim özelliği, izleyemediğim filmleri ücretsiz ve donmadan izliyorum. Teşekkürler..."
109573;;"2018-01-04 15:33:06";"Reklam verme"
75805;;"2020-06-11 12:17:51";"Gerçekten çok güzel ama hemen uygulamadan çıkınca ve tekrar girince donuyor açılması için 10 dk bekliyorum bu yüzden 3 puan kırdım biran önce yorumumu dikkate alıp düzeltilmesini istiyorum"
118798;;"2017-05-22 08:59:39";"Güzel güzel. Bir önceki bitirdiğim bölüm bitmemiş gibi görüküyor ve kaldığın yerden devam et diyor. Bu hatayı düzeltirseniz tamamdır"
97298;;"2018-10-31 08:04:59";"Sakın indirmeyin.Hiç bir işe yaramaz! televizyondan izlesen daha iyi. Geçmiş bölümleri izleyemiyoruz!"
109851;;"2017-12-30 15:54:32";"10 üzerinden 10 puan harikasınız 😊"
129550;;"2021-10-25 14:25:03";Superrr
112900;;"2017-11-07 14:34:21";"Program güzel ama sevdiğim dizileri bulamıyorum siyah beyaz aşk meryem onlarıda yüklensin"
126985;;"2017-02-15 13:32:12";"Çok iyi"
75526;;"2020-08-30 19:28:36";"Merhaba puhu tv"
79895;;"2020-03-13 19:32:02";"İçerik az daha fazla içerik ve zamanın filmleri gelebilir"
126758;;"2017-02-18 10:09:53";"Emeğe saygı!"
122627;;"2017-04-10 16:00:45";"Gayet güzel"
98596;;"2018-09-05 05:28:03";"10 numara uygulama olmuş elinize ve emeğinize sağlık."
109078;;"2018-01-16 01:11:04";"On Numara 5 yildiz"
75296;;"2020-09-28 23:14:59";"Çok donuyor filmin tadını alamıyorum internet hızım gayet yüksek ama hala donmalar mevcut"
105742;;"2018-02-28 17:09:06";"Börüyü istiyoruz lütfen"
121359;;"2017-04-22 21:03:11";"Thanks you and I hope you are doing well with you guys for a while"
125719;;"2017-03-05 08:00:19";"Fena değil."
115482;;"2017-07-15 08:00:31";"Hiç bir diziyi açmıyor 😡😡😡"
119820;;"2017-05-08 19:39:54";"Söz dizisi yok oda olsa süper"
107798;;"2018-01-29 07:58:04";Güzel
75045;;"2020-10-15 11:24:44";"Donmasa iyi"
75013;;"2020-10-19 07:46:11";"İnternet altyapim çok iyi youtubeden bir videoyu 1080p izleyebilirken burada 240p izleyemiyorum sürekli donuyor"
79649;;"2020-03-30 16:06:21";"Reklam izlemekten diziyi unutuyorsun"
80646;;"2019-12-29 14:15:27";"Görüntü ayarlarına tıklayınca uygulamadan çıkıyor görüntü ayarı yapamıyorum sürekli 144 p de izliyorum düzeltin dizileri sizden izleyelim"
113408;;"2017-10-27 18:29:59";"Super gercrkten"
101927;;"2018-05-04 22:39:44";"Yapanın emeğine sağlık vardiyalı çalışanların işine yarıyor 😀😀😀"
124184;;"2017-03-31 17:24:02";"Uygulamami çöktü ne oldu giremiyoruz gunlerdir fi bekliyoruz uygulama gitti"
72192;;"2020-12-03 08:23:27";"Bence çok iyi harika bir uygulama"
72193;;"2020-12-03 05:35:43";"Allah belanızı versin bi dizi keyfimiz vardı belasını gibiyorsunuz. Ne ulan bu reklamlar böyle allahın belaları"
72194;;"2020-12-03 02:08:37";"Güzel uygulama hem ücretsiz hemde donmadan kasmadan izliyorum bütün filmleri 😊😊😁😁"
72195;;"2020-12-02 21:48:27";Mükemmelllll
72196;;"2020-12-02 20:04:37";"Çok donuyo 2 saatlik bölümü 3 saatte izliyorum resmen. Biran önce düzeltmenizi rica ediyorum."
72197;;"2020-12-02 19:52:25";"Sürekli donuyor o kadar yorumlara rağmen düzelmiyor buda kimseyi önemsemediğinizi gösteriyor..."
72198;;"2020-12-02 19:09:56";"cidden donuyor yaptığınız uygulamanın ta am.."
72199;;"2020-12-02 18:57:07";"Bir süre kullandım ondan sonra durmadan donma yaşıyorum bu işe bir çare bulun"
72200;;"2020-12-02 18:53:52";"1 yıldızı bile hak etmiyor.... Sürekli ve sürekli donuyor. Bim reklamından da bıktım ya. Dizi mi izliyoruz bim reklamı mı belli değil"
72201;;"2020-12-02 14:08:12";"Severek kullandığım bir uygulamaydı ancak Son bir haftadır donup kitleniyor. Oldukça yoğun içeriği olan böylesi bi portalın bu saçmalıkla kendini bitirmesi üzücü.. uygulamayı kaldırdım , gitti.."
72202;;"2020-12-02 14:04:24";"Uygulama mükemmel istediğim diziyi ücret siz izliyorum saolun"
72203;;"2020-12-02 11:39:14";"tak tak taka tak"
72204;;"2020-12-01 19:42:54";"Donuyo durekli ve reklâm cok"
72205;;"2020-12-01 19:38:05";"3 dk birgiren reklamdan mi bahsetsem, en olmadik yerlerde donmasindan mi???"
72206;;"2020-12-01 19:25:34";"Çok reklam çıkıyo donuyor indirme seçeneği yok sakın indirmeyin"
72207;;"2020-12-01 19:21:04";"Gerçekten güzel bir uygulama çok iyi ama sadece bir kaç diziyi arama motoruna yazdığımda bulamıyorum onun dışındaki her şey çok güzel👏👏 TEBRİKLER bu arada eklemeyi unuttum bazıları bir yıldız vererek iğrenç demişler ama sizde benim gibi uygulamayı yüklemeden yorumlara bakıyorsanız onları boşverin kesinlikle çok güzel"
72208;;"2020-12-01 15:14:20";"Çok kötü bir uygulama mesela 1 bölüm dizi izledikten sonra 2.bölümü izleyemiyorum"
72209;;"2020-12-01 11:50:22";"bı sefirin kızını izliyorum haftada onada pişman ediyo resmen yaa 1 günde donaa donaa ancak izliyorum"
72210;;"2020-12-01 08:29:47";"Dizi film tutkunları için çok güzel"
72211;;"2020-12-01 08:14:00";"Çok berbat bi uygulama diziler açılmıyor sürekli donuyor rezalet altarnatiflere yönelin"
72212;;"2020-12-01 00:58:44";"REKLAMLARDA EMEĞİ GEÇEN KİM VARSA ANASİNİ AVRADİNİ"
72213;;"2020-12-01 00:12:17";"Reklam vermeye çalışıyor uygulama veremeyip hataya girince donuyor sunduğu içerikler baya iyi fakat uygulama baya rezalet"
72214;;"2020-11-30 23:06:55";"Bakın Sizee buradan Sesleniyorum!!! Donmayı ve Kalite düşürürlüğünü ACİLL EN DÜZELTMESENİZ!!!! Bu uygulamayı zatenn kaldırınn!!!!!"
72215;;"2020-11-30 22:20:07";"Çok donuyor düzeltilsin. Güncelleme: An itibariyle uygulama AÇILMIYOR BİLE çukurun yeni bölümünü izlemek için uğraşıyorum webde bile izlenmiyor ŞU İŞİ CİDDİYE ALIN yüzlerce kişi şikayetçi!"
72216;;"2020-11-30 22:13:33";"Aşırı veri tüketiyor. Cep için ayarlara kalite düşünülebilir. Video ayarında yapıyorsun her seferinde en yüksek ayara geçiyor. Ana ayarlara video kalitesi ayarı eklensin."
72217;;"2020-11-30 21:55:31";"Bedava izlendiği için normal reklam çıkması arkadaşlar bence gayet başarılı kurucuları Bi şeklide kazancı olması lazım onuda reklamlardan alıyorlar."
72218;;"2020-11-30 21:53:28";"Internetim iyi olmasına rağmen sürekli donuyo oynatıcıyı player'ı değistirmenizi öneririm"
72219;;"2020-11-30 21:50:45";"Lutfen kavisli ekran telefonlar icin full ekran secenegi getirin yakinlastirma"
72220;;"2020-11-30 20:18:17";"1 buçuk saatlik bölümü 3 saatte izliyorum. Teşekkürler puhutv"
72221;;"2020-11-30 20:16:43";"Reklamlardan bıktım artık zorla reklam izletiyosunuz"
72222;;"2020-11-30 18:23:51";"Abi uygulama mükemel ben 5 veya 6 aydır kullanıyorum ve çok güzel bir uygulama abi uygulamayı kötülüyolar çok reklam var diye adamlar para kazanmasınmı ben günde 2 veya 3 fili izliyorum ve en fazla 10 reklam çıkıyo oda en yüksek saniyeli reklam 10 veya 15 saniye ve çok güzel filimler var yerli , yabancı bir süre filim var tavsiye ederim"
72223;;"2020-11-30 14:50:57";"Böyle bir uygulama neden surekli donuyor ve tek reklam diye gösterilen reklamlar 100 kere geliyor berbat."
72224;;"2020-11-30 13:34:37";"1 Yıldız verenler; Siz aptal mısınız? Tamamen ücretsiz olan bu uygulamaya şükredin. böyle uygulamalar bulunmuyor!! Haddinizi bilin"
72225;;"2020-11-30 05:27:33";"Orjinal içerikleri güzel fakat diğer içerikler ve uygulama rezalet"
72226;;"2020-11-29 21:21:18";"Aşırı donuyor programı kapatıp açıyorum yinede bir değişiklik yok"
72227;;"2020-11-29 20:51:33";"Çok donuyor"
72228;;"2020-11-29 20:03:57";👍👍👍👍👍👍👍👍👍👍👍👍👍👍👍👍👍👍👍👍👍👍👍👍👍👍👍
72229;;"2020-11-29 19:26:01";"Lanet uygulamada tüm diziler var sadece benim istediğim yok nr kadar güzel"
72230;;"2020-11-29 18:25:25";"5 kuruş etmez bi uygulama. Video dan çok reklam izliyoruz bu kadar da çıkarcılık olmaz. Hadi bir reklam koyarsın iki reklam koyarsın her on dakikada bir reklam nedir. Tavsiye etmiyorum kesinlikle... O reklamda çıkan şeyleri de bilerek almıyorum aldirmiyorum durmadan çıkıyor diye."
72231;;"2020-11-29 17:53:44";"Allah aşkına şuna alternatif bir uygulama söyleyin bıktım bi dizi izletmedi"
129311;;"2017-01-18 08:25:23";"Keşke yabanci dizilerde olsaydı daha harika olurdu"
128037;;"2017-02-04 10:58:40";"Harika bir uygulama tek eksiği ekran genişletme özelliği de olsa iyi olur"
126988;;"2017-02-15 13:04:20";"Ben boyle harika bur uygulama girmedim gercekten cokk super"
129559;;"2019-08-01 17:37:28";"çok güzel"
124704;;"2017-03-24 07:25:24";"Yabancı film yok"
123681;;"2017-04-02 02:08:01";"Doğuş grubu gerçekten çok güzel bir çalışmaya imza atmış. Görüntü kalitesi çok çok iyi  fi dizisi muhteşem bayıldım. Fakat reklam geçişleri hakkında iyileştirmeler yapılırsa sevinirim. İyi çalışmalar başarılarının devamını dilerim"
124943;;"2017-03-19 10:45:42";"Poyraz karayel neden yok?"
121870;;"2017-04-18 17:46:52";"Çok güzel"
120871;;"2017-04-28 18:26:30";"Televizyona elveda"
120087;;"2017-05-06 01:24:17";"İyisiniz daha iyi olacak mükemmele ramak kalmış iyi çalışmalar"
119309;;"2017-05-15 15:54:19";"Reklamdan ilerletemuoz leşşş"
118537;;"2017-05-24 18:27:39";"Kaçırdığım tüm bölümleri rahatlıkla izleyebiliyorum ve yeni diziler süper"
117771;;"2017-06-03 14:53:41";"Bazı diziler yok ama yinede güzel uygulama👍"
117011;;"2017-06-11 19:37:44";"Çok güzel iyi bir uygulama teşekkür"
116257;;"2017-06-20 06:51:41";"Çok güzel bir uygulama."
116486;;"2017-06-17 10:52:03";Yes
114967;;"2017-08-10 16:52:04";"Reklamlar sinir bozucu"
115744;;"2017-07-08 03:33:26";Acilmiyor
113697;;"2017-10-23 07:52:22";"seyredigim hic bir dizi yoktur"
113168;;"2017-10-31 04:27:04";"Smart tv de bilgisayarda ve mobil tv de 1 numarasın hizmetlerinizden dolayı teşekkür ederim."
112643;;"2017-11-11 23:45:50";"Reklamlar daha az olursa super olur."
115209;;"2017-07-26 20:27:13";"Tsk ederim"
118030;;"2017-05-31 20:50:31";"5 dakikada bir reklam çıkıyor sözde reklamsız izlemek için puhu tv'yi yükledik. Reklamları azaltırsanız seviniriz."
118032;;"2017-05-31 20:24:05";"Öylesine yüklemişim kenarda köşede duruyodu sonra bi bildirim geldi tam olarak hatirlamiyorum ama fi dizisiyle alakalıydı bi bakayım bu ne felan diye tıkladım o sırada resmen hayatım değişti. Televizyonlarda izlediğimiz diziler çok saçma gelmeye başladı. Umarım bu dizinin yeni bölümü en yakın zamanda gelir"
115215;;"2017-07-26 13:18:48";"reklamlar olmasa bundan iyisi yok"
110615;;"2017-12-22 06:46:39";"Atv dizileri eklenirse iyi olur"
109577;;"2018-01-04 13:59:22";"Kullanmanızı tavsiye ederim."
109080;;"2018-01-16 00:53:36";Bayildimmmm
129561;;"2019-05-25 22:15:30";🤟👍
113943;;"2017-10-07 14:03:43";Guzel
107799;;"2018-01-29 07:56:21";Harikaa
128286;;"2017-02-01 09:26:53";"Eski dizilerin bile olmasi cok guzel ama daha cok dizi ve film olmalı eksikler çok"
107023;;"2018-02-08 22:12:46";"Harika is cikariyorlar. Gurur verici"
117285;;"2017-06-09 18:16:38";Good
106259;;"2018-02-18 23:52:12";"Eskisi gibi fazla reklam çıkmıyor hizmet güzel emeğe saygı"
110631;;"2017-12-21 21:52:09";"Mukemmel bi uygulama arada bir reklam veriyo ama görüntü kalitesi iyi donma yok sansürsüz indirin yani"
105507;;"2018-03-03 19:11:33";Güzel
105225;;"2018-03-07 21:01:19";"Mükemmel bir uygulama"
126464;;"2017-02-22 06:22:50";Harika
104487;;"2018-03-19 22:39:22";"Reklam vermeyin artik be 30 dakikada 5 kere reklam verdiniz reklamsiz izleyelim diye geliyoruz buraya"
104210;;"2018-03-21 21:57:23";"Teşekkürler puhutv kaliteli yapımlarınıza son hız devam etmeniz dileğiyle"
103966;;"2018-03-24 09:07:50";"Başarılı...tebrik ederim 👍"
127252;;"2017-02-13 05:37:24";"Tek kelimeyle mükemmel tek eksiklik geçmiş bazı diziler listede nedense yer almamış ve sadece tek kanalda değil diğer kanallarda yer almış dizilerinde listelenmesi kıyaslama için daha dogru olacaktir"
120598;;"2017-05-02 05:56:13";"Açılmıyor yüklenemedi mesajı geliyor 2 gündür"
102947;;"2018-04-06 17:25:28";"Entegrasyonu çok ama çok başarılı 👍"
102680;;"2018-04-11 20:04:28";"Uygulama Çok güzel.Reklam görmek yerine cok az cüzi bir miktar 9.99 gibi ayda abonelik yapsanız daha iyi olur."
102415;;"2018-04-18 18:50:03";"Çok güzel bir uygulama"
102152;;"2018-04-27 10:14:34";"Az reklam lütfen"
101891;;"2018-05-06 09:51:22";"Site tasarım inevatif ve sade gayet başarılı diziler alışılmışın dışında 
Şahsiyet,Dip ve Fi muhteşem diziler(di).Daha nicelerini bekliyoruz sevgili 
puhu tv.İndirmeyenlere öneriyorum mutlaka"
101632;;"2018-05-16 10:56:19";"cök güzel"
101376;;"2018-05-26 03:54:12";"Harika bir uygulama dilediğiniz filmi bulabilirsiniz hatta youtube de 
olmayanları bile kendine has filmlerde mükemmel."
101122;;"2018-06-02 14:40:42";"Cevrimdisi izlesek hoş oluurr"
100870;;"2018-06-07 21:23:43";"Cok guzel bir uygulama ama bazi diziler yok"
100620;;"2018-06-11 21:17:51";"On numara"
100372;;"2018-06-19 13:29:18";"Diziyi izlerken dokunmama ragmen bazen cubuk cikmiyor tek sorun o"
100117;;"2018-06-23 07:01:22";"Yeter be artık her yerde bi reklam"
99872;;"2018-07-06 05:26:49";"Güzel ama dizi az."
123419;;"2017-04-03 17:35:08";"kırsl gibi"
112397;;"2017-11-17 03:54:27";"Her derde deva.."
104996;;"2018-03-11 15:57:45";"Her adim da reklam var bir dizide 20 reklam var bu kadar mi  acsiniz indirmeyin hep reklam var..."
109318;;"2018-01-10 19:19:45";Mükemmel
98832;;"2018-08-21 05:20:40";"Ücretsiz olması ve çalışması harika ücretli uygulmalaya blu tv 15 tl valla çok yazık yaa umarım başarıların devamı nı dilerim puhu tv tşkler"
98598;;"2018-09-05 01:10:08";Güzel
111365;;"2017-12-13 09:47:12";Güzel
123411;;"2017-04-03 18:02:49";"Guzel ama bazı filmler yok"
98059;;"2018-09-28 10:19:50";Prof
129050;;"2017-01-24 22:25:44";"Çok güzel bir uygulama indirin bence"
107274;;"2018-02-04 21:19:32";"Uygulama mükemmel en iyisi piyasada tek."
123425;;"2017-04-03 16:22:17";"Harika bir program gerçekten çok beğendim"
97310;;"2018-10-30 18:04:17";"Bu nasıl bir uygulama oldu anlamış değilim.. sanki Televizyon yayın akışı izliyoruz canlı.. her sahne sansür her sahne sansür bıktırdılar artık.."
97565;;"2018-10-21 19:30:20";"Berbat bi pırokram sadece yerli yabancı filim arama çubuğuna yazıyur um filim yok indirmeyin İnternete yazık"
95778;;"2018-11-18 07:22:55";👍👍👍👍👍👍
106508;;"2018-02-15 20:22:20";"Reklâmlar azaltılabilir"
95489;;"2018-11-29 22:41:14";"Muhteşem bir uygulama"
124453;;"2017-03-29 11:27:58";Güzel
119045;;"2017-05-19 12:57:51";"Açılmıyor hİÇ beklemediğin gibi çıkmış"
94996;;"2018-12-22 21:19:18";"Bir filmde 10-15 reklam katıyorsunuz hemde 30 saniyelik reklamlar filmden soğutuyorsunuz uygulama yı sildim hiç tavsiye etmiyorum"
108550;;"2018-01-20 09:58:58";"Sadece favorileşmiş diziler var filmler genel olarak eski yabancı bir diziyle karşılaşmadım bugüne kadar, onu da geçtim izlediğimiz bir dizide eskiden nerede kaldıysak oraya yönlendirilirdik ama artık nerede kaldigimizi kendimiz bulmamiz gerekiyor genel olarak uygulama kendisinden beklenilenin aksisini yapıyor dizilerin internet siteleri üzerinden izlemeniz daha yararlı gibi"
94720;;"2019-01-04 11:17:23";"dirilişi neden kaldırddınız oclar"
112911;;"2017-11-07 06:20:19";"Reklamları Azaltın onun dışında tam"
92948;;"2019-01-22 23:57:51";"İzleyeceğim bölümlere tıklıyorum açılmıyor"
113423;;"2017-10-27 18:02:30";"Gayet güzel görüntü kalitesi vb yapanın eline sağlık ne diyeyim"
92680;;"2019-02-03 20:36:40";"on numara uyhulama pişman olmazsınız normalde oylamam üşenmedim yazdım hakediyor"
109853;;"2017-12-30 14:42:31";Harikaaa
92416;;"2019-02-12 15:34:36";"mükemmel gerçekten indirdiginize kesinlikle değiyor"
112414;;"2017-11-16 20:22:51";"Reklâmlar çok fazla sayısının azaltılması dah güzel olurdu."
99354;;"2018-07-25 21:33:57";Harika
125206;;"2017-03-15 17:13:29";"Her şey var bir Güneşin Kızları yok bu ne ya"
106785;;"2018-02-13 01:08:05";"Kim ne derse desin emeğinize sağlık 😊"
111380;;"2017-12-12 22:03:50";Muhteşemmmm
91648;;"2019-03-08 20:37:20";.d
108068;;"2018-01-25 11:48:31";Efsane
89864;;"2019-03-20 19:59:15";"Cok guzel"
108808;;"2018-01-17 23:32:33";"Harikaa   blue tvden çookk daha iyi  bide reklamlar az olsa  daha süper olucak"
89620;;"2019-04-01 11:36:07";"Haaaaaaaaaarika amabir sorun var hep donuyoya iste bu sorun 1yildiz ondan kesdim.💓💗"
101670;;"2018-05-14 12:20:46";"Her dizisinde Samsung reklamı yapan bir platform nasıl oluyor da hala ekran 
optimizasyonu sorunu yaşıyor anlayamıyorum(s8+). Akıllı tv'lerde uygulaması 
bulunamıyor. Dip dizisinin bölümleri Full HD olarak atılmış, Şahsiyet'in 
yeni bölümü 720p olarak gözüküyor. Ayrıca yarısında bıraktığınız bir diziyi 
tekrar tekrar aynı yere basıp sarmanız lazım. Sıkıntılı bir uygulama. 
Dizilerin kalitesinden dolayı kullanıyoruz mecburen.."
89380;;"2019-04-12 19:29:05";"cok iyi"
95249;;"2018-12-11 00:35:45";"Dahada genis kapsamli olursa iy olur"
117250;;"2017-06-09 21:36:49";"Uygulama yanıt vermiyor kendi kendine çıkış yapıyor bu yüzden tekrar açıp videoyu ilerletmem gerekiyor"
