review_id;title;date_reviewed;review_text
208939;;"2024-10-21 15:44:34";"Superb app"
208896;;"2024-10-22 04:28:36";"Froad And fake Aap."
222234;;"2024-08-13 06:27:23";"My crush 🥰"
208738;;"2024-10-24 03:38:22";"Stopped loading charts on my device. It's telling me to update Webviewer which seems like a rocket science."
208695;;"2024-10-24 12:52:55";"My experience with this app on my Samsung galaxy A12 is nothing to write home about. It keeps on failing and writing error when you try to load charts am really tired"
208653;;"2024-10-25 02:56:28";"Very very helpful this application is ... Gives almost correct information"
211978;;"2024-10-03 13:27:45";Awesome
222248;;"2024-08-13 04:35:26";"Sensex chart not working in real time. It show 10 mins after the chart process and not showing volume indicator in the sensex chart. I was updated the application also."
208463;;"2024-10-27 19:05:48";"Superb app for an education"
208422;;"2024-10-28 08:53:22";"The only satisfying gateway to trading, thank you TradingView"
208464;;"2024-10-27 17:53:43";"I don't know why I can't access the app anymore. Could it be a poor network?"
214294;;"2024-09-23 05:07:06";"That was amazing"
212330;;"2024-09-29 03:32:54";Nice
222724;;"2024-08-07 05:53:21";"Excellent app for any market"
205134;;"2024-10-31 16:56:33";"Very nice 🙂👍"
205095;;"2024-11-01 06:38:45";"Superb, user interface for mobile."
205056;;"2024-11-01 14:16:18";Nice
222292;;"2024-08-12 17:09:03";Good
220226;;"2024-08-19 06:55:03";"Too good 😊"
204886;;"2024-11-04 00:52:49";"Great App.."
204848;;"2024-11-04 08:12:09";👍👍
204810;;"2024-11-04 16:44:11";"I am watching this"
209242;;"2024-10-17 19:55:13";"The very best and essential tool for traders"
220210;;"2024-08-19 10:31:23";"The alerts log is not working!"
204648;;"2024-11-06 12:59:04";"Good app.heart of every trader"
204611;;"2024-11-06 20:31:12";"Superb chart provider."
204574;;"2024-11-07 07:41:21";"Why can't Be Tradingview Be more like Meta5 Connected with Brokers And You can Make Money Trading.Solve This Issue .You just Made 'Newspaper' I hope This Could Be Solved Soon.other thing So Awesome.Like Newspaper"
204812;;"2024-11-04 16:34:35";Excellent
211457;;"2024-10-09 16:28:09";"Very professional and most useful in analysis, trading and knowing news related to the economy."
219228;;"2024-08-30 06:51:24";"Useful info in simple and fast manner. Thank you."
204384;;"2024-11-09 16:45:20";"Excellent 👍👍👍👍"
204348;;"2024-11-10 05:57:34";"Best trading app on app store"
204312;;"2024-11-10 13:53:08";"There is an error while selecting TIME FRAME for Daily, Monthly and Yearly"
209152;;"2024-10-18 17:29:47";❤️
209776;;"2024-10-11 23:27:04";"Best in the world"
218931;;"2024-09-02 15:28:22";"Very good app 👍"
204131;;"2024-11-12 08:10:44";"Easy to use"
204095;;"2024-11-12 16:43:19";Nice
204059;;"2024-11-13 04:22:29";"Excellent Trading Platform"
204350;;"2024-11-10 05:50:03";"Best app for trading"
209200;;"2024-10-18 08:44:07";Good
215057;;"2024-09-13 11:30:28";"આભાર 🎁🤝"
203883;;"2024-11-15 05:51:07";"Very nice 👍 app"
203847;;"2024-11-15 15:33:58";"Very nice app"
203811;;"2024-11-16 02:47:55";"The best trading companion"
202275;;"2024-11-16 12:47:49";"Excelent app"
202240;;"2024-11-17 07:51:31";"the best app for everyone that wants to check the charts."
212227;;"2024-09-30 09:25:38";Good
222509;;"2024-08-09 18:38:30";Good
220231;;"2024-08-19 06:00:10";"Just remove the ad from free version"
202073;;"2024-11-19 08:07:43";👍
202038;;"2024-11-19 15:04:27";"Easy to use"
202003;;"2024-11-20 02:17:31";"Tradingview is good but recently I noticed the 4 hours candlestick are not opening and closing accurately. Instead of a new one forming by 5:00 Wat it's forming by what I can't explain. Please solve this 🙏"
204062;;"2024-11-13 04:05:59";"Its Amazing. I really enjoy with indicator"
208705;;"2024-10-24 11:29:27";"The Best"
223272;;"2024-08-01 09:28:04";"Best app"
223257;;"2024-08-01 12:50:19";"So much Adds which is now unable to remove. Not happy with this non removable adds Then Said Close Button Should Compulsory to be shown to user. You will earn from add, when user will satisfy with your service not from your add."
201813;;"2024-11-22 07:48:14";Good
201779;;"2024-11-22 12:49:12";"Trading app connect with you and your family"
201745;;"2024-11-22 21:34:57";"Perfect & Powerful"
203814;;"2024-11-16 01:17:03";"Verry usefull apps"
212029;;"2024-10-02 19:33:36";Best💯
211988;;"2024-10-03 11:30:17";"Whenever you add new features and especially changing layout, you should add up and write each down in release note in the app itself. It hardly to keep track for all changings."
219725;;"2024-08-24 15:17:06";"YOU PEOPLE ARE WONDERFUL. YOUR WORK IS PLAIN AND EASY TO UNDERSTAND USER INTERFACE."
201567;;"2024-11-25 13:57:11";Great
201534;;"2024-11-25 22:34:44";Excellent
201501;;"2024-11-26 05:56:46";"So amazing"
201568;;"2024-11-25 13:55:10";"Very good experience"
204318;;"2024-11-10 12:01:47";"Very powerful app"
208952;;"2024-10-21 11:32:17";"This app is learnable and motivated 💯💯💯"
214304;;"2024-09-23 03:38:02";great
223042;;"2024-08-04 03:37:48";"Best app for trading"
201303;;"2024-11-29 07:10:24";"Usefull and perfect one ✌️"
183808;;"2025-02-21 04:21:42";"Best app"
183809;;"2025-02-21 04:19:36";"Not bad but v v v good"
183810;;"2025-02-21 04:15:45";Good.
183811;;"2025-02-21 03:42:35";Awesome
183812;;"2025-02-21 03:21:45";Classsyyy
183813;;"2025-02-21 03:21:02";"That's good place to make analysis for every pair.but if we can get 3 months chart in 1 minute time frame that's make it more good."
183814;;"2025-02-21 03:03:23";Great
183815;;"2025-02-21 02:39:19";Great
183816;;"2025-02-21 02:16:44";Super
183817;;"2025-02-21 02:04:14";Good
183818;;"2025-02-21 01:53:05";"Nice aap"
183819;;"2025-02-21 01:52:12";super
183820;;"2025-02-21 00:39:42";"Best app"
183821;;"2025-02-21 00:15:46";"The website is cool just hoping to adjust and give lower charging rates!"
183822;;"2025-02-21 00:11:57";Super
183823;;"2025-02-20 23:37:18";"Love tradingview only way to trade"
183824;;"2025-02-20 22:55:23";"Overall, I'm impressed with the app ⭐✨. However, in my opinion, the one area for improvement is the limited payment options 😕. I would recommend that the company consider adding more payment methods to enhance user convenience. Thank you for your attention to this matter."
183825;;"2025-02-20 22:01:54";"Chart expert in real time"
183826;;"2025-02-20 21:25:53";"Great information"
183827;;"2025-02-20 21:24:17";"Helpful app🫰💖"
183828;;"2025-02-20 21:03:27";"I've tried at least 10 trading platforms and Blofin is by far the best"
183829;;"2025-02-20 20:50:48";"Kindly fix chart opening problem chart Not showing"
183830;;"2025-02-20 20:41:28";"This is one of the best apps in fact the best of apps with tools that are user friendly and accurate in analysis"
183831;;"2025-02-20 20:34:17";Good
183832;;"2025-02-20 20:15:47";"A lot more stable these days"
183833;;"2025-02-20 19:57:22";"Bravo app wonderful 👍😊"
183834;;"2025-02-20 19:21:44";Good
183835;;"2025-02-20 18:56:50";"best app for look first/ then leap."
183836;;"2025-02-20 18:47:22";"I like it"
183837;;"2025-02-20 18:33:58";"In trading Very good"
183838;;"2025-02-20 18:01:35";Good
183839;;"2025-02-20 18:00:59";"it's good awesome and good for analysing market"
183840;;"2025-02-20 17:57:29";"So super"
183841;;"2025-02-20 17:29:21";"You are good"
183842;;"2025-02-20 17:01:38";"One of my fav app"
183843;;"2025-02-20 16:56:28";"the app is very slow sometimes, stop working and wont load while other apps work fine."
183844;;"2025-02-20 16:52:49";"Awesome app with all features and much more facilities"
183845;;"2025-02-20 16:47:22";"Exellent App with extra ordinary indicator (free). Very helpful in all segments. But Free use indicators 3 is very much good for traders. If possible. Now became 🆓 use indicators are only two."
183846;;"2025-02-20 16:34:06";Awesome
183847;;"2025-02-20 16:29:04";Satisfied
183848;;"2025-02-20 16:22:18";"I prefer the browser version on a computer but even the mobile version is extremely useful"
183849;;"2025-02-20 16:21:53";"Best app"
183850;;"2025-02-20 15:46:00";"Nice chart"
183851;;"2025-02-20 15:22:01";"It really helped me now how to trade and find good signals"
183852;;"2025-02-20 15:01:41";"Super application"
183853;;"2025-02-20 14:43:07";"Works great."
183854;;"2025-02-20 14:15:20";"Very nice app and nice educational Thanks"
183855;;"2025-02-20 14:01:35";"I'm thankful for this app! the best!"
183856;;"2025-02-20 13:57:45";"It help 🙂"
183857;;"2025-02-20 13:52:19";"This app is amazing for chat view"
183858;;"2025-02-20 13:11:51";"Excellent software. easy to write own indicators. ....."
183859;;"2025-02-20 12:59:44";Good
183860;;"2025-02-20 12:44:07";"Best app Hai bhai"
183861;;"2025-02-20 12:31:49";"Very good app"
183862;;"2025-02-20 12:30:37";"Welcome to TradingView, where you pay every mistake with money not sorry!"
183863;;"2025-02-20 11:22:15";Good
183864;;"2025-02-20 11:18:39";"This app is a must for traders. Used it for years."
183865;;"2025-02-20 11:05:27";"The charts are not accurate or real time and subscriptions do nothing extra really"
183866;;"2025-02-20 10:13:52";"Is a very sweet app"
183867;;"2025-02-20 09:59:45";"It's difficult to add indicators because there's no pop-up window like Meta Trader app."
183868;;"2025-02-20 09:58:19";Awsome
183869;;"2025-02-20 09:39:23";Nice
183870;;"2025-02-20 09:30:30";"would be great to see public Live chat option or button in App"
183871;;"2025-02-20 09:09:33";Wow
183872;;"2025-02-20 09:04:12";"Exceptional charting platform"
183873;;"2025-02-20 08:57:48";"Great 👍🏿"
183874;;"2025-02-20 08:49:06";"It doesn't want to show the chart😔😭"
183875;;"2025-02-20 08:29:42";"I have used this platform for about 6 years. It's been very good, but sometimes it drives me crazy, I can open the chart on my phone, and it will be different from my PC, like on my pc I use 4 window layout, but when I open this from my phone everything is fuc**ed up. I use pretty fast Internet but yet, sometimes it takes years to pop the chart. Overall, the app is good. What bad is that there is no alternative for that one, so we have what we have."
183876;;"2025-02-20 08:10:58";Nice
183877;;"2025-02-20 08:06:41";Good
183878;;"2025-02-20 07:51:08";"100 percent view ."
183879;;"2025-02-20 07:46:29";"Great app but please add a fear and greed index indicator by tradingview..."
183880;;"2025-02-20 07:29:44";"Good 👍"
183881;;"2025-02-20 06:53:04";"Very functional"
183882;;"2025-02-20 06:43:50";"World one of the best"
183883;;"2025-02-20 06:39:02";Excellent
183884;;"2025-02-20 06:11:49";Excellent
183885;;"2025-02-20 05:46:45";super
183886;;"2025-02-20 05:32:24";"Good 👍"
183887;;"2025-02-20 05:24:20";Nice
183888;;"2025-02-20 04:57:39";"The best app for analysis tht I hv seen so far"
183889;;"2025-02-20 04:45:40";"Money Printing Platform 💸🫂"
183890;;"2025-02-20 04:37:27";MANTAP
183891;;"2025-02-20 04:33:43";"app not working in my Moto g54 model, constantly crashing down"
183892;;"2025-02-20 04:22:16";"Very nice app I am using last 6 years."
183893;;"2025-02-20 04:21:30";"2 days ago trading view was working perfectly but now it has started to slow down. I can draw using tools without any lag but when i need to add some title to them it gets slow down and i have to tap multiple times then after a few minutes the dialogue box will appear. Same goes with adding alerts and you know how important alerts are. Please fix this"
183894;;"2025-02-20 04:16:06";"This app is very good the main problem the server of this app is very poor you will buy a trade and you will can't see the position because the server is very weak"
183895;;"2025-02-20 04:07:48";"Best app for chart study"
183896;;"2025-02-20 03:58:05";"Best ever app"
183897;;"2025-02-20 03:40:12";Good
183898;;"2025-02-20 03:20:10";Good
183899;;"2025-02-20 02:43:50";Nice
183900;;"2025-02-20 02:38:47";"Very nice"
183901;;"2025-02-20 02:37:55";👍
183902;;"2025-02-20 02:07:55";"Nice and good app"
183903;;"2025-02-20 01:31:26";"Like it"
183904;;"2025-02-20 01:08:31";Good
183905;;"2025-02-20 00:54:10";"I am satisfied with tradingview 80%. Just a limited issues remains."
183906;;"2025-02-19 23:33:10";"It's not working on my phone I don't see any charts"
183907;;"2025-02-19 23:10:57";"Sometimes the app just doesn't work for no reason"
183908;;"2025-02-19 21:22:40";Fantastic
183909;;"2025-02-19 21:07:05";"Very good app 👍"
183910;;"2025-02-19 20:50:03";"The best"
183911;;"2025-02-19 20:37:13";"Best app, no compition..."
183912;;"2025-02-19 20:11:57";Excellent
183913;;"2025-02-19 20:10:10";"Best ever"
183914;;"2025-02-19 19:54:12";Good
183915;;"2025-02-19 19:49:15";"Sooooooooooo gooooddd [look first/then leap]"
183916;;"2025-02-19 19:38:10";Excellent
183917;;"2025-02-19 19:28:18";"This one is best 👌"
183918;;"2025-02-19 19:27:53";"Good to view"
183919;;"2025-02-19 19:06:52";Good
183920;;"2025-02-19 18:50:06";"Informative platform to everyone's experience"
223253;;"2024-08-01 13:28:54";"Good, but plz keep option to remove add while looking chart"
223041;;"2024-08-04 04:15:16";"Perfect crypto screener"
222832;;"2024-08-06 05:41:27";Good
222764;;"2024-08-06 18:02:06";"Trading view not working. Fix it please."
222558;;"2024-08-09 06:49:00";Amazing
222491;;"2024-08-10 04:09:14";"King of Trading Chart."
222289;;"2024-08-12 17:26:12";"Very good app"
222224;;"2024-08-13 08:43:56";Good
222025;;"2024-08-15 16:45:08";Good
221961;;"2024-08-16 08:21:42";Awesome
220265;;"2024-08-18 21:59:58";"It was ok, but latest updates seem only to have made ads cover half the screen every few seconds and reduced the close button for it to dark pattern you into clicking the ad... But then it reappears after a few seconds anyway! 🤪 Either a bug or really stupid business decision. Considering deleting from the ads alone."
220202;;"2024-08-19 12:50:27";"Awesome 👌"
220009;;"2024-08-21 13:14:42";"Excellent app & service"
219947;;"2024-08-22 09:19:21";"Amazing experience"
219757;;"2024-08-24 06:43:43";"V nice app"
219696;;"2024-08-25 05:03:20";"Sab ko pata he ye best app he Iske bare me kya rate karna"
222565;;"2024-08-09 04:56:31";"CAN I DO NOT GET PAPER TRADING ON NIFTY 1 FUTURE AND BANK NIFTY 1 FUTURE PLATFORM"
219449;;"2024-08-27 19:59:08";"We need copy trade"
222498;;"2024-08-10 00:04:41";"I don't know what's wrong with my tradingview app. Lately I'm beable to access it, is not working at all on both my phone and my laptop. Pls help me out. @teamtradingview"
219206;;"2024-08-30 12:18:39";Great
219147;;"2024-08-31 06:03:46";Superb👋
218967;;"2024-09-02 07:29:19";"""TradingView is an excellent platform for traders and investors, offering a comprehensive suite of tools and features. With a user-friendly interface, real-time market data, and a vast community of users, it's an ideal platform for: - Technical analysis and charting - Market research and insights - Social networking and idea sharing - Education and learning"
218909;;"2024-09-02 19:56:51";good
215660;;"2024-09-05 20:04:57";"Great tool on desktop and phone. Settings carry right on over and everything."
215603;;"2024-09-06 13:00:16";"I’ve been using TradingView for the past 10 years, switching between the free and paid versions depending on my needs. Unfortunately, the recent updates have made the free version almost unusable due to the aggressive paywall. It's disappointing to see a platform I once relied on become so limited. After a decade of loyalty, I’m now switching to alternative platforms that offer better functionality without forcing an upgrade."
219150;;"2024-08-31 04:47:38";"Good 👍"
215373;;"2024-09-10 01:41:15";"Hello team Currently you are providing 2 free indicators earlier it is 3, for 5 indicators having some money around 1200rs, If you provide for 3 indicators atleast 500rs around if it is good for retailers, Please think about it and kindly do the needful."
215317;;"2024-09-10 14:03:24";"Best for technical analysis"
215147;;"2024-09-12 13:23:49";Excellent
215092;;"2024-09-13 04:57:20";👍👍👍
215148;;"2024-09-12 12:47:24";"Best platform in trading"
214871;;"2024-09-16 08:02:03";"Best for analysis"
214817;;"2024-09-16 19:50:39";"Pricings Are too High, Begginers can't afford it...."
223048;;"2024-08-04 01:10:06";"very nice app"
214599;;"2024-09-19 08:29:57";"A must to have app for traders"
214546;;"2024-09-19 18:53:21";"Welcome to Gboard clipboard, any text you copy will be saved here."
222989;;"2024-08-04 20:51:47";"Very good"
214335;;"2024-09-22 16:50:04";"Best trading charges"
214282;;"2024-09-23 06:39:30";Good
222564;;"2024-08-09 05:22:01";"best treading view"
212574;;"2024-09-25 14:24:53";Smooth
212522;;"2024-09-26 06:25:29";"Very slow to open and operate"
219704;;"2024-08-25 02:22:01";"Great aplication"
212319;;"2024-09-29 07:44:25";"Best experience ever."
212268;;"2024-09-29 23:15:22";"Good but lagging"
214548;;"2024-09-19 18:26:37";"Very Excellent!"
212070;;"2024-10-02 10:41:55";"Best trading platform"
212020;;"2024-10-03 00:33:02";"latest update: i just updated the app on my Samsung and can no longer change layout types. is there a fix for this or am i missing something?"
211970;;"2024-10-03 15:17:26";"The best on the game"
222993;;"2024-08-04 17:57:14";Best
211778;;"2024-10-06 14:20:49";Excellent
211729;;"2024-10-07 03:44:28";"V good apps"
218978;;"2024-09-02 05:43:37";Good
211542;;"2024-10-09 01:44:55";"Outstanding features"
211494;;"2024-10-09 09:54:30";"I love it...."
212073;;"2024-10-02 09:38:08";"Great app"
211312;;"2024-10-11 09:30:45";"Best allroum"
209765;;"2024-10-12 05:28:39";"good and easy to use"
209718;;"2024-10-12 17:04:38";"This is the app every traders should have. Highly recommend"
209671;;"2024-10-13 12:25:02";"It's amazing"
218980;;"2024-09-02 05:23:43";"Best he"
209496;;"2024-10-15 06:40:58";"I Love all the futures provided here the app. Is awesome"
209450;;"2024-10-15 15:55:18";"Good app"
218922;;"2024-09-02 17:35:36";"Very nice app"
219713;;"2024-08-24 19:31:46";"great app for traders"
209235;;"2024-10-17 23:15:27";"For trading? This is the first choice?"
209190;;"2024-10-18 10:38:47";Nice
209498;;"2024-10-15 06:17:23";"Excellent App. God Bless more Power..."
219466;;"2024-08-27 15:30:34";"Number 1"
208982;;"2024-10-21 06:23:16";Good
208938;;"2024-10-21 15:46:20";"Great App for Analysing the charts and Paper Trading"
208940;;"2024-10-21 15:06:14";"Best chart providers"
215331;;"2024-09-10 11:25:52";"Owesum app"
208737;;"2024-10-24 03:42:44";Good
208694;;"2024-10-24 12:54:43";disaster
208652;;"2024-10-25 03:02:12";"All form. No substance"
212028;;"2024-10-02 20:03:23";"Nice views"
222313;;"2024-08-12 13:06:31";"Easy to navigate"
208462;;"2024-10-27 19:32:16";"Good work"
208421;;"2024-10-28 09:03:50";Excellent🍀🌷💚
222048;;"2024-08-15 09:44:53";Nice
212741;;"2024-09-23 14:27:33";"as a trader this app i consider it as a body part or a sixth sense"
212482;;"2024-09-26 15:56:47";"Good for technical drawing"
222792;;"2024-08-06 13:12:13";"Not loading charts"
205133;;"2024-10-31 17:03:45";"Good Trading view"
205094;;"2024-11-01 06:41:09";"It's a grate app for treading."
205057;;"2024-11-01 14:14:37";"Very slow app"
211981;;"2024-10-03 12:49:09";"Like it"
221789;;"2024-08-18 15:04:58";"1000 is good beast trade ap"
204885;;"2024-11-04 01:16:55";Good
204847;;"2024-11-04 08:35:46";Nice
204809;;"2024-11-04 17:25:28";"it has got it all"
218923;;"2024-09-02 17:28:56";"Good 👍"
215335;;"2024-09-10 10:45:38";"Good app for all market analysis."
204647;;"2024-11-06 13:19:03";"100 % useful n very good information."
204610;;"2024-11-06 20:52:10";"Very good"
204573;;"2024-11-07 07:53:34";"Excellent, top notch it has never had any issues"
204850;;"2024-11-04 07:52:56";"Good app"
211505;;"2024-10-09 07:36:34";"Really very Good App ..."
219412;;"2024-08-28 07:33:38";Resourceful
204383;;"2024-11-09 17:06:33";"Nice but you have to give some more free to use features"
204347;;"2024-11-10 06:05:27";"Very nice"
204311;;"2024-11-10 13:54:27";"Good for analysis"
204813;;"2024-11-04 16:27:46";Nice
221782;;"2024-08-18 16:30:53";"Please give me 50% discount"
218989;;"2024-09-02 04:19:57";"Super app"
204130;;"2024-11-12 08:16:02";"Hi please add current symbol chart add to watchlist thanks 💯🌹🌹👍"
204094;;"2024-11-12 17:01:04";"They constantly give incorrect information including dividend payout ratio and 1 year price targets. This is very dangerous to do as people rely on you guys for valid information"
204058;;"2024-11-13 04:22:40";"Excellent. Have a great day, thank you. Take care."
204386;;"2024-11-09 15:49:39";"It's a wonderful platform that can give you chance to analyze the market with confidence."
209245;;"2024-10-17 19:23:09";"Best app"
215112;;"2024-09-12 19:49:18";"I really like the app's ability to track stocks/etf's, crypto, commodities and bond yields. My only complaint is that I can't follow mutual fund prices in the app. As so many people have a significant portion of their investments in mutual funds, I think it is important to be able to track price movements of these funds and chart recent history."
203882;;"2024-11-15 06:18:09";Good
203846;;"2024-11-15 15:41:04";"Good and easy app to use for , back testing and following charts"
203810;;"2024-11-16 02:55:06";"This app is very good and very quickly respon thnks"
202274;;"2024-11-16 13:14:15";"Good I'm just hope you do more work on zoom in /out tools. Make it smart"
202276;;"2024-11-16 12:38:38";"Best app forever"
208389;;"2024-10-28 16:59:22";Amazing
212234;;"2024-09-30 07:41:58";"When you scroll back in time from the present chart the button that sends the chart back to the present chart screen is missing. Please fix this"
221794;;"2024-08-18 14:37:00";"Very good app"
202072;;"2024-11-19 08:47:08";"Good 👍👍"
202037;;"2024-11-19 15:17:28";Outclass
202002;;"2024-11-20 02:57:30";"Good apps"
204098;;"2024-11-12 16:13:02";"Very good"
208748;;"2024-10-23 19:15:40";"Very good"
212749;;"2024-09-23 12:47:39";"Nice thanks"
222525;;"2024-08-09 16:10:46";"One alert is not enough but it is still the best"
201812;;"2024-11-22 07:58:20";"Best experience with application"
201778;;"2024-11-22 13:07:48";"Best! Best! Best!"
201744;;"2024-11-22 21:58:22";"The best trading app"
203850;;"2024-11-15 14:45:59";Greate
208391;;"2024-10-28 16:42:37";"I proud with this app"
212038;;"2024-10-02 16:52:43";Amazing
219915;;"2024-08-22 14:04:27";"Every thing is good"
201566;;"2024-11-25 14:04:44";Good
201533;;"2024-11-25 22:54:36";"Best Best and Best ✅✅,✅"
201500;;"2024-11-26 06:03:52";"Good stock watch apps...keep going and much better...i like it"
219664;;"2024-08-25 13:57:07";"Great I lost all my money"
204354;;"2024-11-10 03:53:25";"Best for trading analysis"
208995;;"2024-10-21 03:37:12";"Very good app analysis"
214356;;"2024-09-22 12:47:45";"Super 👌"
222527;;"2024-08-09 16:05:19";"Very good"
201302;;"2024-11-29 07:21:13";Good
184064;;"2025-02-18 11:54:52";"Remains the best"
184065;;"2025-02-18 11:47:57";"Its very helpful i love it"
184066;;"2025-02-18 11:40:22";"Cool stuff. Intuitive and easy."
184067;;"2025-02-18 11:26:17";"Just Fabulous, Thank You."
184068;;"2025-02-18 11:24:24";"It's so real"
184069;;"2025-02-18 10:34:30";"Very nice one for trade 👌 👍"
184070;;"2025-02-18 10:22:28";"Very nice app"
184071;;"2025-02-18 09:44:09";"Good experience in all device"
184072;;"2025-02-18 09:39:30";"Its nice app."
184073;;"2025-02-18 09:24:58";"Loving it."
184074;;"2025-02-18 08:54:06";"تطبيق اكثر من رائع"
184075;;"2025-02-18 08:38:32";"A lot of informations, statistics, ideas are there. Very helpful."
184076;;"2025-02-18 07:52:44";"Very good app for charting"
184077;;"2025-02-18 07:24:29";Good
184078;;"2025-02-18 07:22:20";"I just love the app.. the tools it provides you make it easier to analyze the markets"
184079;;"2025-02-18 07:00:24";"Pepar trading shuru kar do"
184080;;"2025-02-18 06:35:51";"بسیار عالی"
184081;;"2025-02-18 06:27:52";"Best of the best"
184082;;"2025-02-18 06:16:02";"In basic plan trading view allow two screen view"
184083;;"2025-02-18 06:06:23";"Nice 👍💯"
184084;;"2025-02-18 06:04:00";"Best app trading"
184085;;"2025-02-18 05:50:54";"Very good"
184086;;"2025-02-18 05:48:45";"Best app for analyzing that I've come across so far"
184087;;"2025-02-18 05:44:31";"Market ko samajh ne ka Achha zaria hai.good app"
184088;;"2025-02-18 05:41:48";"Subject: Unable to Report Bug – No Paid Account Dear TV Team, I'm experiencing a bug but can't reach support because I don’t have a paid account. I won’t pay for something that isn’t working properly. Users should be able to report issues regardless of payment status. Please provide a way to address this. Thanks"
184089;;"2025-02-18 05:40:47";"Trading view is a very easy to use app for practicing paper trading and investing in various types of investments. Trading View also provides a lot of tools and information"
184090;;"2025-02-18 05:35:25";"Great app, loving it"
184091;;"2025-02-18 05:35:22";"Very good"
184092;;"2025-02-18 05:32:56";Good
184093;;"2025-02-18 05:28:11";"Best app for traders"
184094;;"2025-02-18 05:22:09";"Very useful and helpful app"
184095;;"2025-02-18 05:10:57";"Absolute marvel and a real Jewel"
184096;;"2025-02-18 04:43:40";"Best app"
184097;;"2025-02-18 04:32:33";"It is very interesting"
184098;;"2025-02-18 04:18:57";"Its great app for me as trader"
184099;;"2025-02-18 04:07:55";"The app stopped working after last update. Otherwise until then pretty good."
184100;;"2025-02-18 03:55:13";"The premiere service is not a mension of how many alerts are available a month or month."
184101;;"2025-02-18 03:53:17";"Nice app"
184102;;"2025-02-18 03:48:12";Good
184103;;"2025-02-18 03:42:01";"Nice applications"
184104;;"2025-02-18 03:34:02";"Brilliant work. Valuable asset"
184105;;"2025-02-18 03:12:54";"Why you are changing the colour pallet every now and then , the colour was good before the dark black colour was good ???"
184106;;"2025-02-18 02:48:34";Good
184107;;"2025-02-18 02:47:45";"Very useful"
184108;;"2025-02-18 01:49:42";"Everything is good . Two major issues, (1) pushing so hard to get the subscription as the advertisement for it keeps popping up nonstop and the (2) issue candles load up slowly compared to other web-based platforms..so as for scalping it isn't easy."
184109;;"2025-02-18 01:42:12";"Very Useful App ✌"
184110;;"2025-02-18 01:13:33";"Excellent 👍👌👌👌"
184111;;"2025-02-18 00:08:54";"Very Good app"
184112;;"2025-02-18 00:05:50";"I do find this app ok. But could do with a better back test options to be able to go back 1 year or 90 days etc instead of just taking the best spots over 4 year's or so on. Other than that seems pretty good to me."
184113;;"2025-02-17 23:49:25";Good
184114;;"2025-02-17 23:21:07";"It's been few days and tradingview sometimes do not work both app and website 😢😢😢 all my devices are not working, cp , tablet and laptop."
184115;;"2025-02-17 23:02:29";"Excellent i know it will get better More life,more money"
184116;;"2025-02-17 22:29:17";"Very practical"
184117;;"2025-02-17 21:55:52";"Great tool 😊😊👌"
184118;;"2025-02-17 21:32:17";"The best app"
184119;;"2025-02-17 20:40:47";"Their customer service is wrost . I have purchased premium acc they thake 1day to reply msg in trading view ."
184120;;"2025-02-17 20:38:51";ok
184121;;"2025-02-17 19:49:00";"Absolutely Garbage site, app, and content. Never had anything so wrong about reality since Facebook went beyond Harvard hookups."
184122;;"2025-02-17 19:17:11";"Please add speed slow"
184123;;"2025-02-17 19:09:14";"My experience with trading view is exceptional good work"
184124;;"2025-02-17 18:05:50";"I hope I know about it all"
184125;;"2025-02-17 18:00:55";"I have not tried it yet, but I am sure that I am a very good application because everyone thanks it"
184126;;"2025-02-17 17:39:03";"No alert sound are coming also alerts management is also not available...."
184127;;"2025-02-17 17:32:39";Best
184128;;"2025-02-17 17:26:02";"all indicator script is locked not showing 🤬😡"
184129;;"2025-02-17 17:06:22";"زۆر پروفێشناڵ و بە کەڵکە"
184130;;"2025-02-17 17:03:35";"This app is the best digital currency revolution 🥰💸💸"
184131;;"2025-02-17 16:43:16";Best
184132;;"2025-02-17 16:37:49";"The king"
184133;;"2025-02-17 16:20:17";Good
184134;;"2025-02-17 16:17:23";Good
184135;;"2025-02-17 16:13:51";"Good App for the crypto trading."
184136;;"2025-02-17 15:57:50";"Best app for charting..."
184137;;"2025-02-17 15:42:43";"Very good app 👌 👍 👏 😊"
184138;;"2025-02-17 15:30:56";"Good very good very very good"
184139;;"2025-02-17 15:12:34";"Very good app for trading."
184140;;"2025-02-17 15:11:35";"Hard to payment in gcash"
184141;;"2025-02-17 14:58:17";"Wonderful app"
184142;;"2025-02-17 14:54:07";Excellent
184143;;"2025-02-17 14:41:33";Greatest
184144;;"2025-02-17 14:32:14";"Many thanks and love for giving me the opportunity to use technical indicators. Indicators that I didn't get to use before are now available through Trading View💝❤️‍🩹💖"
184145;;"2025-02-17 14:06:25";"I can't see the chart, but when I logged out and tried to login, it didn't recognized my account or saved password."
184146;;"2025-02-17 13:56:28";Best
184147;;"2025-02-17 13:48:26";"Best indicator"
184148;;"2025-02-17 13:12:36";Good
184149;;"2025-02-17 12:55:59";"Excellent app"
184150;;"2025-02-17 12:03:56";"You have a bug when placing limit order. You pull down the window for creating order and you cant select stop loss and drag it up or down, whole order is moving on scale and it is imposible to select just stop loss. Sometimes it works and most it doesnt work. TP is working most of the time. And on iOS you have a same problem we tried on friends iphone. Just try to test what am I saying on paper trade and you will see. please fix this. I will change my rate when you fix this."
184151;;"2025-02-17 11:45:04";"Its been lagging like hell"
184152;;"2025-02-17 11:39:40";"Why sensex 10 to 20 minutes delay in live market"
184153;;"2025-02-17 11:35:16";"It is a helpful app. Sometimes, it has delay to show trends .but it is great"
184154;;"2025-02-17 11:32:46";Awesome
184155;;"2025-02-17 11:31:05";"Good but unlocked premium"
184156;;"2025-02-17 11:15:04";Good
184157;;"2025-02-17 10:55:14";"Really good app, but on the 5-minute time frame I can't get so much historical data. I can only get about a month of historical data and then I get ""last available data"""
184158;;"2025-02-17 10:51:34";"That's great"
184159;;"2025-02-17 10:40:14";Best
184160;;"2025-02-17 10:25:48";"It has all the features you need, free option already has alot to offer for starters Probably the best trading app out there"
184161;;"2025-02-17 10:22:38";Best
184162;;"2025-02-17 10:09:13";"Best app for trading"
184163;;"2025-02-17 09:48:07";Good
184164;;"2025-02-17 09:33:54";Good
184165;;"2025-02-17 09:18:39";"Very nice app"
184166;;"2025-02-17 08:39:10";Good
184167;;"2025-02-17 08:36:38";Awesome
184168;;"2025-02-17 08:31:34";Good
184169;;"2025-02-17 08:04:39";"Bekar h"
184170;;"2025-02-17 07:47:14";Good
184171;;"2025-02-17 07:15:48";"So far so good"
184172;;"2025-02-17 06:58:31";good
184173;;"2025-02-17 06:47:57";"It's a really good app for analysing your charts."
184174;;"2025-02-17 06:44:37";"Great app"
184175;;"2025-02-17 06:35:15";"My experience with the TradingView app has been great and wonderful. I remember when I first downloaded the app, I was overwhelmed by the interface. Just like in life, there are green days and red days, same with the app, there are ups and downs, but the issues (red days) don't last long - thanks to the quick response of the Maintenance team. Overall, it's a wonderful app, and I think it's the best out there."
184176;;"2025-02-17 05:55:52";"Trading view is the best...."
223252;;"2024-08-01 13:29:42";"Advertisements are covering the whole screen"
223040;;"2024-08-04 04:17:56";Nice
222831;;"2024-08-06 05:44:11";Good
222763;;"2024-08-06 18:12:28";Best
222557;;"2024-08-09 07:47:32";"Interface is good"
222490;;"2024-08-10 04:19:15";"5 star app"
222288;;"2024-08-12 17:29:32";"It is full of ads"
222223;;"2024-08-13 08:46:31";"Wonderfull tool"
222024;;"2024-08-15 16:51:24";Good
221960;;"2024-08-16 08:54:46";"Amazing, quick and accurate"
220264;;"2024-08-18 22:23:18";"More than worth the money if you pay for the premium. Im actually not even using the platform my school/company traders use. Instead, I use this and couldn't be happier"
220201;;"2024-08-19 13:20:44";"One of the best Trading tools with Trading experience"
220008;;"2024-08-21 13:15:16";Awesome
219946;;"2024-08-22 09:29:00";"Good app"
219756;;"2024-08-24 06:51:06";"This 8s the Best app To analyze the forex market"
219695;;"2024-08-25 05:06:57";Best👍
222772;;"2024-08-06 17:00:39";wonderful✨😍
219448;;"2024-08-27 20:00:44";Wow
219698;;"2024-08-25 04:18:53";"Where's the toolbar?? Super difficult new tools layout. Looks like it's been remodeled to slow down our trading & make it more difficult & stressful. Whoever has designed this new app should be fired. Abhorrent!!"
219205;;"2024-08-30 12:30:15";Good
219146;;"2024-08-31 06:21:45";"The best so far"
218966;;"2024-09-02 07:34:08";Excellent
218908;;"2024-09-02 19:58:25";Sharp
215659;;"2024-09-05 20:19:47";"Good free version with up to date share price info"
215602;;"2024-09-06 13:00:38";Best
219209;;"2024-08-30 11:39:33";"best in the world!!"
215372;;"2024-09-10 02:05:46";"Very nice"
215316;;"2024-09-10 14:09:24";"Zoo wee mama"
215146;;"2024-09-12 13:34:39";Good
215091;;"2024-09-13 05:09:00";"Very good app"
215319;;"2024-09-10 13:22:57";Goodv
214870;;"2024-09-16 08:08:21";"Good and helpful too"
214816;;"2024-09-16 20:02:23";"Very great performance"
220212;;"2024-08-19 10:10:36";Best
214598;;"2024-09-19 08:30:36";Good
214545;;"2024-09-19 20:20:29";"I really enjoy this app. Period!"
223058;;"2024-08-03 18:43:36";"Good for easy analysis"
214334;;"2024-09-22 17:20:42";Superb
214281;;"2024-09-23 07:02:52";"Easy to use with many wonderful tools"
214820;;"2024-09-16 19:05:13";"Very good to analysi the charts"
212573;;"2024-09-25 14:37:01";"Good experience"
212521;;"2024-09-26 06:50:23";"Brilliant app! Definitely has all the tools a trader would need! On demand support chat would be a helpful tool.. Asking a live agent compared to having to read through community notes is just way easier and way faster."
214821;;"2024-09-16 18:42:43";Best!!
212318;;"2024-09-29 08:00:30";Helpful
212267;;"2024-09-29 23:47:36";"Just good. Still going"
214285;;"2024-09-23 06:05:48";"Best apps"
212069;;"2024-10-02 10:47:39";"Excellent with all features."
212019;;"2024-10-03 01:33:37";"Best app for trade 👌."
211969;;"2024-10-03 15:37:56";😇😇😇😇
223062;;"2024-08-03 15:50:35";Ok
211777;;"2024-10-06 14:30:53";"Very infirmative & magical"
211728;;"2024-10-07 03:47:14";Terbaik!
219159;;"2024-08-31 01:50:27";"Very good,"
211541;;"2024-10-09 02:10:39";"Please bring an update MCX options then i gave 5 🌟"
211493;;"2024-10-09 09:54:56";"Better experience for training leaning"
214602;;"2024-09-19 07:55:32";"Very useful and traning is very easy"
211311;;"2024-10-11 10:11:37";"Best trading app"
209764;;"2024-10-12 05:31:15";"The shortcut of adding/removing ticker directly on the charts tab was the best feature of the previous update. Almost useless without that button in the mobile app. How do I revert back to the previous update?"
209717;;"2024-10-12 17:06:48";Nice
209670;;"2024-10-13 12:54:06";"Amazing app to learn trading"
219161;;"2024-08-31 00:53:12";Nice
209495;;"2024-10-15 06:44:16";"Great app for traders"
209449;;"2024-10-15 15:59:17";Good
209673;;"2024-10-13 11:39:55";"I specially request you to improve your app so that it can trade very well even with weak mobiles."
219948;;"2024-08-22 09:12:34";"Too much lag"
209234;;"2024-10-18 00:01:19";Good
209189;;"2024-10-18 10:55:06";"I was really surprised at how functional and clear the app is to use! Three thumbs up 👍🏼👍🏼👍🏼"
222232;;"2024-08-13 06:37:46";"Nice app thanks treding veaw"
219653;;"2024-08-25 17:55:52";"Best technical analysis platform 😁😁😁😁😁😁😁😁😁😁😁😁"
208981;;"2024-10-21 06:37:47";👌
208937;;"2024-10-21 15:47:40";Good
208983;;"2024-10-21 05:42:40";"Guys can you help add luno exchange for the crypto? i will rate it 5 star if you guys did it!"
215387;;"2024-09-09 17:18:51";"Froud application"
208736;;"2024-10-24 03:54:53";great
208693;;"2024-10-24 12:55:23";"Messaging you from Nigeria and this is an amazing terminal with very good tools. But what can you do to support other brokers? I wish you could. Despite that I cannot find my broker on your platform, Tradingview remains my best tools for analysis."
208651;;"2024-10-25 03:29:35";"V good"
212078;;"2024-10-02 08:24:23";"A must have if you're into trading anything"
222517;;"2024-08-09 17:43:27";"‌it is the best app for analyzing and trading decisions"
208461;;"2024-10-27 19:40:56";"I love this app and this trading view"
208420;;"2024-10-28 09:24:12";Ok
221977;;"2024-08-16 04:39:57";Good
208423;;"2024-10-28 08:21:00";"Super duper app"
212534;;"2024-09-26 04:43:02";"good explanation for bignenears"
223001;;"2024-08-04 15:12:34";"I am unable to use it. Charts are not loading at all. Cleared the data and cache nothing helps."
205132;;"2024-10-31 17:09:56";"This aap is very nice and easy learn trading journey beacouse this aap all functions Avaliable"
205093;;"2024-11-01 06:47:30";Good
205096;;"2024-11-01 06:00:14";"Excellent and thanks for taking this into consideration for the role and the opportunity for me"
212031;;"2024-10-02 18:31:19";"The chart was given in trading view which is very well working condition"
221986;;"2024-08-16 04:03:01";"3 indicators in free was very good as compared to 2 indicators."
204884;;"2024-11-04 01:22:22";"Best app"
204846;;"2024-11-04 08:43:30";"Perfect support provided to execute transactions"
204808;;"2024-11-04 18:18:25";Excellent
209412;;"2024-10-16 04:17:10";"Great work by your team"
215391;;"2024-09-09 15:51:56";"It's so worst the chart prices are showing in the reverse order it makes more irritating 🫠"
204646;;"2024-11-06 13:28:53";A++++
204609;;"2024-11-06 21:20:05";"Ticks all the boxes for me."
204572;;"2024-11-07 07:58:06";Good👍
204888;;"2024-11-04 00:03:07";"Very nice"
211553;;"2024-10-08 18:36:19";"I'm happy"
219472;;"2024-08-27 14:45:45";"I doesn't wanna show me charts"
204382;;"2024-11-09 17:16:00";"Top notch app"
204346;;"2024-11-10 06:56:28";Ok
204310;;"2024-11-10 14:36:03";"very good stable"
204851;;"2024-11-04 07:52:54";"For analysis any stock index all over world. Nothing is best that tradingview."
211458;;"2024-10-09 16:27:47";"Good app but your premium fee is high in Nigeria, i used to subscribe to your premium but i can't now because your fee is very high. Kindly reduce your premium fees in Nigeria and you will get morw subscribers. Thank you"
219170;;"2024-08-30 19:04:01";Good
204129;;"2024-11-12 08:51:30";"Good 👍"
204093;;"2024-11-12 17:23:43";"Very helpful apps"
204057;;"2024-11-13 04:58:34";"Life changing app"
218988;;"2024-09-02 04:20:02";Best
215559;;"2024-09-07 09:07:24";"TradingView is an amazing app."
222980;;"2024-08-04 23:29:41";"Best app"
203881;;"2024-11-15 06:18:58";"Wow nice"
203845;;"2024-11-15 15:44:11";Good
203809;;"2024-11-16 02:58:28";"Nice app. Need India's data sholud be there like US data. Inflation data, rate cut info, MFI AND CPI data and major updates from SEBI,RBI."
202273;;"2024-11-16 13:24:37";Reliable
203812;;"2024-11-16 02:24:03";"Good chart analysis 👍"
208430;;"2024-10-28 07:10:41";"Please give android features like pc too, Grouping objects. Sync objects all at once not 1 object at a time. Work on paper trading module its full of bugs. How can we forward test if you cannot close or open paper trades on time ... On High impact news days The Go to Date is far, it doesn't remember time and date ... When in fullscreen mode the app does not give option to change time frame , u have to leave full screen mode..create short cuts for mobile devices so a keyboard is not needed"
212285;;"2024-09-29 17:37:42";"My experience is so amazing"
221991;;"2024-08-16 03:25:27";Excellent
202071;;"2024-11-19 09:34:42";"Superb app very happy and helpful to analysis the market and stock"
202036;;"2024-11-19 15:21:35";"Black screen the chart don't show.. don't tell me to report that issues or email you i already did with no answer for like month or more than month...my internet connection is perfect"
202001;;"2024-11-20 03:07:39";"100% secure❤"
204134;;"2024-11-12 07:47:56";"Good app"
214292;;"2024-09-23 05:15:57";"Chart not open please help me"
214302;;"2024-09-23 03:57:50";"This app use only legends person understands 🤣🤣"
222731;;"2024-08-07 04:46:51";Nice
201811;;"2024-11-22 08:01:54";"Very good app for pepar trading"
201777;;"2024-11-22 13:13:53";"GOOD ONE"
201743;;"2024-11-23 00:33:40";"Best trading app available. I use it every friggin day. It 100% took my mobile trading to a higher level."
203886;;"2024-11-15 04:59:36";"Honestly its the best it has changed my life alot"
208432;;"2024-10-28 06:27:12";"It's a good app, easy to keep up with the market with it"
222240;;"2024-08-13 05:34:57";Good
219977;;"2024-08-22 03:08:06";"Good and intuitive app."
201565;;"2024-11-25 14:27:41";good
201532;;"2024-11-25 23:07:17";"lovely app"
201499;;"2024-11-26 07:01:12";"this app is best for chart"
219217;;"2024-08-30 08:53:12";Gi
204390;;"2024-11-09 14:59:50";"Good app"
215049;;"2024-09-13 13:09:23";"Fantastic and easy to navigate through"
223266;;"2024-08-01 11:16:42";Nice
222733;;"2024-08-07 04:26:04";"currently more un skipped adds"
201301;;"2024-11-29 09:16:43";"Good app. Please add anchored twap"
184320;;"2025-02-14 17:56:25";"Awesome very easy to handle it"
184321;;"2025-02-14 17:48:16";"It is a good app for seeing the stocks"
184322;;"2025-02-14 17:39:12";"I love you trading view ❤️"
184323;;"2025-02-14 17:38:54";Ok
184324;;"2025-02-14 17:38:33";Nice
184325;;"2025-02-14 17:14:54";"It's very good"
184326;;"2025-02-14 16:59:11";"Best one"
184327;;"2025-02-14 16:53:03";Nice
184328;;"2025-02-14 16:10:20";"I love trading view"
184329;;"2025-02-14 15:53:01";"Nice for beginners"
184330;;"2025-02-14 15:34:59";Best.
184331;;"2025-02-14 15:22:57";Excellant
184332;;"2025-02-14 15:17:14";"In new Update they Changed the App Theme to Brown now its Look Ugly and My Eyes are Paining"
184333;;"2025-02-14 15:13:52";"How can i make my horizontal line firm or straight like in the computer we have shift and phone??"
184334;;"2025-02-14 14:55:22";"Nice 👌"
184335;;"2025-02-14 14:51:27";"This app is trading ka Lia most important"
184336;;"2025-02-14 14:19:11";"Best platform"
184337;;"2025-02-14 14:13:27";"Love it love it"
184338;;"2025-02-14 14:05:35";عالی
184339;;"2025-02-14 14:05:33";"Awesome 👍"
184340;;"2025-02-14 13:43:39";"Very nice app"
184341;;"2025-02-14 13:32:14";"So good"
184342;;"2025-02-14 13:03:02";👍
184343;;"2025-02-14 12:59:40";"यह बहुत अच्छा एप्लीकेशन है आप ही डाउनलोड करो यार एक्सपीरियंस बहुत अच्छा लगा मुझे बहुत ही अधिक सीखने का मौका मिला और मैं धन्यवाद करना चाहूंगा इस एप्लीकेशन का इसमें मुझे बहुत सारी चीज सिखाई है आप लोग इसको डाउनलोड करो कि आप भी बहुत खुशी खोलें"
184344;;"2025-02-14 12:31:39";"I am pleased with the app now after many updates. A small thing, please allow 1 min candle chart in the symbol screen. The default charts candles are of a 15 mins or so. Sometimes people just want to take a look at 1 min chart without using other tools. Thank you."
184345;;"2025-02-14 12:00:12";"Good very"
184346;;"2025-02-14 11:51:25";"Nice 👍🫶"
184347;;"2025-02-14 11:03:31";"So far so good"
184348;;"2025-02-14 10:47:02";Best
184349;;"2025-02-14 10:42:31";"It's a great app, best name for it's great service"
184350;;"2025-02-14 10:36:27";"Top app for any chart you can think of"
184351;;"2025-02-14 10:14:56";Good.
184352;;"2025-02-14 09:52:25";Goood
184353;;"2025-02-14 09:48:06";"Best aap"
184354;;"2025-02-14 09:08:38";"Feeling good"
184355;;"2025-02-14 08:58:41";"Nice app Easy to use"
184356;;"2025-02-14 08:33:33";"It's a good app"
184357;;"2025-02-14 08:18:37";"Best one"
184358;;"2025-02-14 08:10:02";"good for analysis"
184359;;"2025-02-14 07:48:54";"Nice app"
184360;;"2025-02-14 07:17:42";"Good app"
184361;;"2025-02-14 07:15:59";Awesome
184362;;"2025-02-14 07:15:30";"Very good 👍"
184363;;"2025-02-14 06:28:20";Exceptional
184364;;"2025-02-14 06:04:03";"An exceptional platform for in-depth data analysis and effective cryptocurrency trading, offering powerful tools that elevate your investment strategy."
184365;;"2025-02-14 05:59:10";Nice
184366;;"2025-02-14 05:35:05";"That's good experience and explanation really really good 👍😊😊👍😊"
184367;;"2025-02-14 05:19:55";Useful
184368;;"2025-02-14 05:10:06";Nice
184369;;"2025-02-14 05:07:40";Good
184370;;"2025-02-14 05:00:59";"Need Darvas Box indicator"
184371;;"2025-02-14 04:59:47";"Very detail app and it provides user friendly varities of tools to study stock market."
184372;;"2025-02-14 04:57:02";Exlant
184373;;"2025-02-14 04:46:55";A+
184374;;"2025-02-14 04:39:18";"Frequently close app while reading chart it's disappointing 😕"
184375;;"2025-02-14 04:19:34";"Good 👍"
184376;;"2025-02-14 03:59:10";Cool
184377;;"2025-02-14 03:46:14";"Very good"
184378;;"2025-02-14 03:46:03";Good
184379;;"2025-02-14 03:42:40";Good
184380;;"2025-02-14 03:15:46";"Good ut make more advance"
184381;;"2025-02-14 03:15:17";"Most helpful,but during open after some time it's may go back,no long standing, somthing went Rong"
184382;;"2025-02-14 03:12:05";Nice
184383;;"2025-02-14 02:05:59";"As I'm learning ICT concepts, so it's the best way to use demo account for real trading like feelings and testing the knowledge. Thank you."
184384;;"2025-02-14 01:16:21";Great
184385;;"2025-02-14 01:12:09";Good
184386;;"2025-02-14 00:54:37";"خیلی عالیه"
184387;;"2025-02-14 00:47:48";"I don't know why tradingview chart is not displaying on my tablet CM8800Plus phone showing an error occured I've tried possible way to resolve the issue it keeps on showing error occured my Network always intact Please can you suggest any further assistance that I can do to help me resolve the issue"
184388;;"2025-02-13 23:23:44";"It is nice"
184389;;"2025-02-13 22:54:00";"Great app, it is the app to use when trading"
184390;;"2025-02-13 22:23:21";"Best so far"
184391;;"2025-02-13 22:20:50";Nice💎
184392;;"2025-02-13 22:16:55";"very very good"
184393;;"2025-02-13 22:03:12";"Good for trading analysis"
184394;;"2025-02-13 21:44:11";"Took me a while to get used to the new layout and features and some things still bother me but it's mostly fine I guess"
184395;;"2025-02-13 21:05:04";"Good and preferably for Analysis"
184396;;"2025-02-13 21:03:08";"I'm a pro subscriber. I should never, ever have to close out of an intrusive, obnoxious full screen ad for whatever ""The Leap"" is, or anything else when I'm trying to look at my charts on the app. Full page nag screen interruptions are completely unacceptable for an annual service that costs this much."
184397;;"2025-02-13 20:36:43";"I'm happy with the app"
184398;;"2025-02-13 20:22:36";Nice
184399;;"2025-02-13 20:21:30";"Best app but a little too expensive"
184400;;"2025-02-13 20:14:24";Excellent
184401;;"2025-02-13 20:10:18";"The app is great I love it but when back testing you get a problem of a small screen chart💔can you please make that sell n buy buttons removable?thanks in advance"
184402;;"2025-02-13 19:10:36";"Works as expected and has some great tooling for a mobile app."
184403;;"2025-02-13 19:05:32";"I love this app"
184404;;"2025-02-13 18:54:28";"Super 👍"
184405;;"2025-02-13 18:47:00";"Great app! Easy to use"
184406;;"2025-02-13 18:41:52";"Great app"
184407;;"2025-02-13 18:26:45";"Nice app... give 5 free indicetars..."
184408;;"2025-02-13 18:06:09";"It has been two days now I can't see chart mu any more it's just blank since I updated the app it was annoying me 😕"
184409;;"2025-02-13 17:58:33";"When someone deleted their layout, can it be like trashed for like 48 hours or something before the final deletion. I just deleted my layout without reading what was written there very well and lost all my markings, tests, notes and outlook, With all my analysis from last week and this week which I was going to review during the weekend 🥲"
184410;;"2025-02-13 17:55:35";best
184411;;"2025-02-13 17:05:32";"Graph not static. Able to zoom in and out to see clearly the graph. Trading view is vey helpful in my trade."
184412;;"2025-02-13 17:01:31";"Very nice trading app...more clear and more usefull"
184413;;"2025-02-13 16:59:44";Nice
184414;;"2025-02-13 16:43:10";Good
184415;;"2025-02-13 16:40:16";Like
184416;;"2025-02-13 16:34:22";❤️‍🩹
184417;;"2025-02-13 16:32:16";"Best chart view. 💯"
184418;;"2025-02-13 16:16:30";"Good 👍"
184419;;"2025-02-13 16:10:25";"great features for accurate and informed tracking and monitoring"
184420;;"2025-02-13 16:05:47";"Very good"
184421;;"2025-02-13 16:01:17";Good
184422;;"2025-02-13 15:58:33";🤌🏻💓
184423;;"2025-02-13 15:46:56";"It's Grand"
184424;;"2025-02-13 15:46:52";"Very nice 👍"
184425;;"2025-02-13 15:46:12";"Forever excellent"
184426;;"2025-02-13 14:51:24";"Has become buggy lately . Used to be 5 star now I will give one"
184427;;"2025-02-13 14:49:00";"Just good enough"
184428;;"2025-02-13 14:48:31";Nice
184429;;"2025-02-13 14:46:10";❤️❤️❤️❤️❤️
184430;;"2025-02-13 14:41:54";"Superb App. No explanation needed. So many features"
184431;;"2025-02-13 14:35:16";perfect
184432;;"2025-02-13 14:25:11";"Very good"
223251;;"2024-08-01 13:40:29";"Very good"
223039;;"2024-08-04 04:26:56";"Excellent app"
222830;;"2024-08-06 06:32:39";"I can't complain. It is a very good app. Highly recommended🙂."
222762;;"2024-08-06 18:36:10";"Best view"
222556;;"2024-08-09 08:03:08";Nice
222489;;"2024-08-10 04:21:51";Excellent
222287;;"2024-08-12 17:47:51";"Great app"
222222;;"2024-08-13 09:04:56";"Very nice app"
222023;;"2024-08-15 17:13:07";"Great 👍"
221959;;"2024-08-16 08:56:12";"Has many markets alot of tools to use highly recommended"
220263;;"2024-08-18 22:52:31";"User friendly"
220200;;"2024-08-19 13:22:13";"Love it"
220007;;"2024-08-21 13:22:19";Good
219945;;"2024-08-22 09:40:52";"The problem is it doesn't connect while there is internet connection on my phone."
219755;;"2024-08-24 06:55:22";"Best !!!"
219694;;"2024-08-25 05:18:42";"The best ever I dearly appreciate this company having the free mode so that every trader and beginner trader can work towards getting better , really appreciate them, as well as for the broker they have on their system which are all legit to work with"
222981;;"2024-08-04 23:00:30";Amazing
219447;;"2024-08-27 20:09:31";"This new uptade is not good at all there is no option of chart in the asset you should add it to your favorite then you can watch not good at all"
219759;;"2024-08-24 06:11:14";"If you are into stock markets, you can never avoid Trading view...this is a mandatory tool...you need to use it to realise it's value...awesome representation of charts.."
219204;;"2024-08-30 12:45:45";"the latest update i think im okay for it, what im not good is when i decided to create new theme chart there are some instances that it keep in default even i already make some adjustment to create my new theme chart. hope it will fix, then maybe also it has a choices to clear those color i save. also please like me as newbie please make some guide how to use the buy/sell lotsize."
219145;;"2024-08-31 06:24:00";Excellent
218965;;"2024-09-02 07:38:03";"Nice 👍"
218907;;"2024-09-02 19:59:20";good
215658;;"2024-09-05 20:22:04";"so far okay"
215601;;"2024-09-06 13:18:11";"Cant trade without it"
219393;;"2024-08-28 12:03:59";Nice
215371;;"2024-09-10 03:19:19";"Very good app for market analyses and more"
215315;;"2024-09-10 14:20:21";"Help me"
215145;;"2024-09-12 14:04:13";"I love this trading information app"
215090;;"2024-09-13 05:09:36";"All Time Ever Green...... For Stock Market. But, needed some much facilities for newly beginner in stock market for example Only one Charts layout on the mobile app but it's need more One of more chart layout in Same Screen layout...... Hope it will be Considered for newly beginner.. Thank You all Team ""Training View""."
215375;;"2024-09-10 01:29:09";Best
214869;;"2024-09-16 08:12:14";"Very good performance"
214815;;"2024-09-16 20:05:51";"Easy to use graphics"
222978;;"2024-08-04 23:46:15";Good
214597;;"2024-09-19 08:46:54";Op
214544;;"2024-09-19 20:28:54";Best
223271;;"2024-08-01 09:52:10";"The best"
214333;;"2024-09-22 17:27:19";"Very good chart but learning market for beginner a few problem for search and add free services very good very good"
214280;;"2024-09-23 07:06:21";"Just perfect"
214874;;"2024-09-16 07:37:39";"Best of Trending chart"
212572;;"2024-09-25 14:38:12";"Best app for treding"
212520;;"2024-09-26 07:11:25";"Very nice application"
214875;;"2024-09-16 07:14:00";"Lovely experience"
212317;;"2024-09-29 08:26:54";"Trading view is one of the best platform where I am working I suggest all of you to invest your funds safely here, it's a good platform with very easy to use and handle interface. There deposit and withdrawal methods are so easy and convenient. I am very impressed by this platform and I am very happy by working here. Regards Trading view"
212266;;"2024-09-30 00:19:12";Super
214338;;"2024-09-22 16:27:04";"Just wonderful"
212068;;"2024-10-02 11:47:39";"Hey How do I use maximize/ full-screen option in mobile app new version"
212018;;"2024-10-03 01:50:54";"The only app i use that make me feel safe when you trade"
211968;;"2024-10-03 15:43:08";"Good app"
223275;;"2024-08-01 09:09:25";"It's very interesting and reliable as it help provide traders with a space to perform all their chats work. Also it provide a lifetime free off charge space for people or beginner traders who cannot afford to subscribe in the start, it helps me a lot as a beginner trader as i am not able to subscribe. I wondered what trading will be without Tradingview, shout out!!!"
211776;;"2024-10-06 15:04:23";Good👍
211727;;"2024-10-07 03:51:39";Great
219218;;"2024-08-30 08:44:22";"Great, easy to use and understand"
211540;;"2024-10-09 02:10:40";"Good app"
211492;;"2024-10-09 10:08:34";"Amazing app to do concrete analysis"
212272;;"2024-09-29 22:03:30";"Exactly what i expected"
211310;;"2024-10-11 10:24:57";"I love the recent updates, but something is still missing. We need the ability to drag or scroll our pairs up and down to organize them by priority as we choose."
209763;;"2024-10-12 06:01:38";GREAT
209716;;"2024-10-12 17:25:43";"Remove NewsBTC from your crypto news feed. A constant FUD disaster."
209669;;"2024-10-13 13:12:56";"A complete user friendly app. I like it."
219220;;"2024-08-30 08:21:35";"Nice 👍"
209494;;"2024-10-15 06:59:34";"1) Please add a refresh button which will sort again. 2) Please add alert condition for middle line in parallel channel. 3) App settings should have an option to manually set 'Auto rotate', 'Portrait' and 'Landscape'. This will be helpful to see the charts in landscape mode always without manual intervention."
209448;;"2024-10-15 16:04:18";"Wow what an app this is and it's easy to use especially when you know what to do , it's really helping and I can recommend someone to download it."
209720;;"2024-10-12 16:39:18";"Everything is good. After the update one problem arises, While watching a particular chart in CHARTS section, if want to add it to a particular watchlist there was a + option to add, but now this option is not available. It was convenient earlier."
219965;;"2024-08-22 04:51:52";Nice
209233;;"2024-10-18 00:53:35";Best
209188;;"2024-10-18 11:08:51";"This app is very easy and convenient to use."
209674;;"2024-10-13 11:21:21";"Best app"
219714;;"2024-08-24 18:37:28";"Good aap"
208980;;"2024-10-21 06:50:00";"Nice to watch"
208936;;"2024-10-21 15:54:51";"for now that you are content with life’s necessities and the humerus I like this app"
219406;;"2024-08-28 08:43:03";Good👍
215561;;"2024-09-07 07:11:07";"It is good app"
208735;;"2024-10-24 04:25:48";"This application is very good for trading analysis"
208692;;"2024-10-24 13:00:03";Awesome
208650;;"2024-10-25 04:07:16";"For years it's so hard to trade from and simply they don't let you stay logged into paper trading, every single time I open the app I have to connect paper trading again. Why? What nonsense. It should be the opposite of this and stay logged in no matter what"
212226;;"2024-09-30 09:59:01";"Well one USA dollar is 60000 to Iran rial right now but in this app is 42000 rial and that is my problem"
222723;;"2024-08-07 06:40:19";"Excellent and user friendly"
208460;;"2024-10-27 20:40:06";"This is world's best charting app"
208419;;"2024-10-28 09:25:26";best
208655;;"2024-10-25 02:33:03";Good
208424;;"2024-10-28 08:15:08";"Great app for technical analysis..."
212586;;"2024-09-25 11:15:32";"The new update is making issue, chart view is not good right now please check and adjust like before"
223071;;"2024-08-03 14:02:26";"very bad experience. chart never opend. only blanked screen. I am still facing same problem"
205131;;"2024-10-31 17:17:16";"Add logical tools that helps traders and more free features 🤪🤪 btw awesome app.."
205092;;"2024-11-01 06:55:16";"It's great monitoring and analysing the market"
205135;;"2024-10-31 16:41:20";"There is no need to rate it's tradingview they have no competition"
223274;;"2024-08-01 09:20:01";"Full candlestick chart not oppend after updation, please help or resolve my problem"
222050;;"2024-08-15 09:37:36";"Why app crashing?? Everytime i should delete and install for working. App carshing. Cant open any asset. Cant connect broker."
204883;;"2024-11-04 01:25:19";"Good experience"
204845;;"2024-11-04 08:57:37";"Well done"
204807;;"2024-11-04 18:27:12";"Nice that you removed drawing. Usefull app"
209458;;"2024-10-15 13:03:07";"i love TV"
215565;;"2024-09-07 06:06:59";عالی
204645;;"2024-11-06 13:31:08";Best
204608;;"2024-11-06 22:06:45";Great
204571;;"2024-11-07 08:37:15";Best
219970;;"2024-08-22 04:04:42";Nice
214824;;"2024-09-16 17:40:25";"Authentic application"
219659;;"2024-08-25 15:07:07";"trading made easy"
204381;;"2024-11-09 17:21:53";Excellent
204345;;"2024-11-10 07:17:42";"Very good"
204309;;"2024-11-10 14:37:02";"Chart is not displaying on my android mobile"
204889;;"2024-11-03 23:35:35";"Amazing selection of indicators."
211506;;"2024-10-09 07:31:30";"Good Fast Helpful"
219229;;"2024-08-30 06:48:10";"Very useful app"
204128;;"2024-11-12 09:02:33";"Awesome app for beginners or experienced traders.. Thanks"
204092;;"2024-11-12 17:36:18";"Best app for seeing chart"
204056;;"2024-11-13 05:05:12";"Nice n easy to check overview summary of market.."
209775;;"2024-10-12 00:24:23";"Mucha data y funciones gratis"
209415;;"2024-10-16 03:46:08";Nice
215338;;"2024-09-10 09:22:03";"good app"
203880;;"2024-11-15 06:26:06";"Very good and wonderfully useful. But the limite of indicator to only 2 is to low for those with no money to pay."
203844;;"2024-11-15 15:47:59";Great
203808;;"2024-11-16 03:16:07";"Add 100x leverage to paper trading so I can practice...that will help alot..the way mexc have it"
202272;;"2024-11-16 13:32:51";"add a way to check economic news in- app"
203848;;"2024-11-15 15:30:24";"Good Experience about this app, Hope dey by day increase it. Some bug or slowness is painful sometime but overall it's pretty good."
208471;;"2024-10-27 15:04:12";"this new update is more complicated. I cannot even find how to switch account. I miss the old trading view"
212336;;"2024-09-29 02:22:45";"lerning app"
222055;;"2024-08-15 08:56:07";"Best of a trader, but please let some tool be also free"
202070;;"2024-11-19 09:39:02";"I Love the app"
202035;;"2024-11-19 15:30:30";"Best app for paper trading"
202000;;"2024-11-20 03:14:04";😍😍😍
215567;;"2024-09-07 05:40:19";👌🏻👌🏻
208906;;"2024-10-22 02:40:53";Excellent
214354;;"2024-09-22 13:04:29";Good
222799;;"2024-08-06 11:37:28";"Everything is good but also add chat option in application. Just like in web platform."
201810;;"2024-11-22 08:06:39";"He is the best demo treding app"
201776;;"2024-11-22 13:31:15";"What's the plan for financial services"
201742;;"2024-11-23 00:43:54";"Nice App"
215093;;"2024-09-13 04:38:16";Exellent
208473;;"2024-10-27 14:37:26";"One of the best chart reading apps in world 🌍"
212236;;"2024-09-30 07:13:34";Good
220170;;"2024-08-19 20:48:17";💯
201564;;"2024-11-25 14:43:40";"good experience"
201531;;"2024-11-25 23:47:30";"The app is fantastic You can use indicators for easier understanding of what you are studying"
201498;;"2024-11-26 07:24:57";"Ni app nzuri sana,iko very advance kwa trader yoyote...imekaa professional"
211738;;"2024-10-07 01:48:00";"very good app, a guideline for trade but need to make it more better."
215566;;"2024-09-07 05:49:55";"When i open app, Indicator settings are not saved every time I need to change setting. There's a no option chain analysis in mobile app"
209159;;"2024-10-18 16:25:25";"Simply the best"
214568;;"2024-09-19 14:47:46";"Best app aver"
222801;;"2024-08-06 11:15:22";"Best App"
201300;;"2024-11-29 09:24:37";Bad
184576;;"2025-02-11 17:52:52";"Good app"
184577;;"2025-02-11 17:47:52";"Precision and clean"
184578;;"2025-02-11 17:42:43";"It's more interesting"
184579;;"2025-02-11 17:15:29";"Have many tools"
184580;;"2025-02-11 15:44:46";"Money blowing"
184581;;"2025-02-11 15:32:51";"Should be accessible in Low Speed internet connection."
184582;;"2025-02-11 15:14:08";"Very nice app"
184583;;"2025-02-11 14:28:22";"Love you TV😁"
184584;;"2025-02-11 14:18:50";"Unbeatable stock chart app with custom indicators"
184585;;"2025-02-11 13:57:32";"best app for forex analysis. period!"
184586;;"2025-02-11 13:56:44";"Bestest app for analysis!! The chart 📈 what is given by this app is very beautiful."
184587;;"2025-02-11 13:50:22";"Why is there no session break line in chart settings anymore?"
184588;;"2025-02-11 11:54:51";Good
184589;;"2025-02-11 11:32:09";"Trading view' The best"
184590;;"2025-02-11 11:21:24";"So far so good"
184591;;"2025-02-11 11:02:03";"Good for trading"
184592;;"2025-02-11 10:32:56";"Nice app"
184593;;"2025-02-11 10:19:59";Good
184594;;"2025-02-11 10:18:28";"Good one"
184595;;"2025-02-11 10:08:53";Great
184596;;"2025-02-11 09:53:58";"It is a perfect app for view and analyze different kinds of crypto"
184597;;"2025-02-11 09:38:47";"Feeling good"
184598;;"2025-02-11 09:15:49";"Very nice is the application"
184599;;"2025-02-11 09:02:14";"This application is very useful to beginners traders and an advance trader. This application is full of technical analysis. Good 👍🏻"
184600;;"2025-02-11 08:50:41";Good
184601;;"2025-02-11 08:41:43";Goooo
184602;;"2025-02-11 08:24:33";"Excellent trading app."
184603;;"2025-02-11 08:22:59";Good
184604;;"2025-02-11 08:13:39";"Not showing chart on Google pixel 8 android 14"
184605;;"2025-02-11 08:03:39";"Very good trading app"
184606;;"2025-02-11 07:58:59";Good
184607;;"2025-02-11 07:54:42";Excellent
184608;;"2025-02-11 07:42:56";Good
184609;;"2025-02-11 07:18:17";Perfect
184610;;"2025-02-11 06:57:23";"Beautiful and fast"
184611;;"2025-02-11 06:47:11";"Very useful for new traders I love it"
184612;;"2025-02-11 06:39:10";Good
184613;;"2025-02-11 06:33:38";"Nice tool"
184614;;"2025-02-11 06:08:05";"TradingView is an essential tool for traders and analysts. The charting features, indicators, and customization options are top-notch. The community insights and real-time data make market analysis much easier. However, it would be great to see improvements in speed and more advanced alerts for free users. Overall, an excellent platform for both beginners and professionals!"
184615;;"2025-02-11 06:00:52";"The app is very useful and insightful."
184616;;"2025-02-11 05:30:41";"Best analysis app ever"
184617;;"2025-02-11 05:21:25";"In a word , awesome"
184618;;"2025-02-11 05:19:09";"Smoothest Platform for Technical Analysis"
184619;;"2025-02-11 05:12:51";Awesome
184620;;"2025-02-11 05:08:39";Good
184621;;"2025-02-11 04:53:37";"Good app"
184622;;"2025-02-11 04:44:58";"Ek number"
184623;;"2025-02-11 04:39:42";Nice
184624;;"2025-02-11 04:35:15";"Now its difficult to load everything in app."
184625;;"2025-02-11 04:15:17";"Top notch"
184626;;"2025-02-11 03:48:20";"nice experience 👍"
184627;;"2025-02-11 03:35:19";Good
184628;;"2025-02-11 03:34:30";Awesome
184629;;"2025-02-11 03:26:02";"Easy to use,and very helpfull"
184630;;"2025-02-11 03:19:48";"best app"
184631;;"2025-02-11 03:01:32";"Too much price for the premium"
184632;;"2025-02-11 02:28:34";"Excellent experience. I am trading paper money and it is very good. All the charts are updated and every indicator is present. Love this app."
184633;;"2025-02-11 01:54:04";"Not good with errors everyday"
184634;;"2025-02-11 01:51:23";"Amazing 😍"
184635;;"2025-02-11 01:41:27";Good
184636;;"2025-02-11 00:32:19";"Good to understand and clear for a beginner."
184637;;"2025-02-11 00:31:58";"What must I say. TradingView is just great. Simple to use, and everything is clearly visible to you! Highly recommend it."
184638;;"2025-02-11 00:24:38";"excellent - informative"
184639;;"2025-02-11 00:00:24";"Best app"
184640;;"2025-02-10 23:33:38";"2022 Sorting of simbols not working well. I need to select the sorting function every time I open the app to refresh. User should be able to refresh sorting shown by swiping finger from top to bottom of screen. 13 Oct 2024 Stars changed to 2. Still no sorting improvements. 11 February 2025 tradingview has problems with chrome for windows 11. It is the only tab very slow loading out of 15 other tabs working just fine on a 64GB RAM laptop. Treadingview work fine on Brave internet browser."
184641;;"2025-02-10 22:49:15";"This application is great to learn how markets move."
184642;;"2025-02-10 22:39:59";"Because the ad appears 1000 times on the screen and says go premium... ! I DON'T WANT TO PAY PREMIUM."
184643;;"2025-02-10 21:12:57";"On point. Easy to learn"
184644;;"2025-02-10 21:01:38";"Excellent app. Make trading eazy"
184645;;"2025-02-10 20:54:07";Good
184646;;"2025-02-10 20:32:39";Perfect
184647;;"2025-02-10 20:26:52";"So far Im enjoying the UI but still learning functionality. I'm knew to the trading game so take that for what it's worth. I'll be back later to confirm or update my review."
184648;;"2025-02-10 19:53:36";"All indicators are list. Well done."
184649;;"2025-02-10 19:09:10";Good
184650;;"2025-02-10 18:41:45";Good!
184651;;"2025-02-10 18:35:13";"Only 2 indicator we can use in free that's not good"
184652;;"2025-02-10 18:31:29";"Good pofamance"
184653;;"2025-02-10 18:11:54";"Love you team 🤩 Thanks 🙏🏻👍🏻"
184654;;"2025-02-10 17:46:32";"Earlier I gave it a 4 star but changed it to 2 star because it is giving me this problem that the chart is always opening at one week interval rather than one day interval like it used to."
184655;;"2025-02-10 17:46:24";nice
184656;;"2025-02-10 17:28:23";💯❤️
184657;;"2025-02-10 17:21:15";Nice
184658;;"2025-02-10 17:06:52";Nice
184659;;"2025-02-10 17:04:36";"Excellant App"
184660;;"2025-02-10 16:47:41";Perfect
184661;;"2025-02-10 16:44:12";"Nice and good"
184662;;"2025-02-10 16:39:31";"Very good app. They have basically everything about the capital market."
184663;;"2025-02-10 16:35:25";Good
184664;;"2025-02-10 16:25:44";Excellent
184665;;"2025-02-10 15:47:07";"All in one platform, smooth and flows very well."
184666;;"2025-02-10 15:08:49";"It works"
184667;;"2025-02-10 14:49:14";"very good"
184668;;"2025-02-10 14:46:36";"I have no word but I say I really love this app"
184669;;"2025-02-10 14:44:51";"I like that I can analyse things in more detail manner"
184670;;"2025-02-10 14:42:55";"It should be a better place to trade. Better costs and better opportunities."
184671;;"2025-02-10 13:59:59";"Amezing experience with TV"
184672;;"2025-02-10 13:50:15";"Nice apply"
184673;;"2025-02-10 13:27:12";"gud app"
184674;;"2025-02-10 12:37:12";"Great app that every trader or market followers must use."
184675;;"2025-02-10 12:34:07";"This app will get all of your money. 🤣🤣😂🎊🙄"
184676;;"2025-02-10 12:02:11";"It's very very helpfull"
184677;;"2025-02-10 11:30:41";best
184678;;"2025-02-10 11:09:05";"Best app for analyzing"
184679;;"2025-02-10 10:56:07";Nice
184680;;"2025-02-10 10:52:44";"very 👍"
184681;;"2025-02-10 10:45:05";"Just wow"
184682;;"2025-02-10 10:17:12";"Best apps"
184683;;"2025-02-10 09:57:27";Good
184684;;"2025-02-10 08:40:32";"Great easy to use"
184685;;"2025-02-10 08:20:24";Good
184686;;"2025-02-10 07:54:58";"TradingView is a top-rated platform for traders, boasting 4.7 stars on Google Play. It offers advanced charts, real-time data from over 50 global exchanges, and a social network to connect with millions of traders. Users love its user-friendly interface, powerful scanning tools, and integration across devices. Both free and premium versions are available, catering to all levels of trading expertise. Highly recommended for a feature-rich trading tool."
184687;;"2025-02-10 07:43:52";Best
184688;;"2025-02-10 07:38:17";"Amazing app"
223250;;"2024-08-01 13:46:55";"I trade on phone, it works best. So far, I encountered no issue. But i have a request, can you consider making a horizontal trendline easier. People like me have to make it horizontal manually. I know there is horizontal ray, but i use trendlines more. Please consider this."
223038;;"2024-08-04 04:27:07";"Best app"
222829;;"2024-08-06 06:43:54";Great
222761;;"2024-08-06 18:44:04";"Nice 👍"
222555;;"2024-08-09 08:11:57";"Your ads are too much, is it by force to subscribe to your premium. Someone cannot have 1 minute of analysis without ads popping up. Is so annoying"
222488;;"2024-08-10 04:29:32";Good
222286;;"2024-08-12 17:52:26";"Pls I am opening the app it is telling me oops loading error pls what is the problem I love trading view a lot rebtify it immediately"
222221;;"2024-08-13 09:05:55";pafectooo
222022;;"2024-08-15 17:18:45";Good
221958;;"2024-08-16 09:11:48";"Very good"
220262;;"2024-08-18 23:01:06";"It's best app. Only prices are high."
220199;;"2024-08-19 13:40:30";Awesome
220006;;"2024-08-21 13:37:56";"Broker connection very bad"
219944;;"2024-08-22 09:44:00";Keeping!
219754;;"2024-08-24 07:17:40";Good
219693;;"2024-08-25 05:27:25";Useful
223050;;"2024-08-03 23:33:36";"Don't understand what's happening,keep telling me error try again , or error overloading. I can't sign in. Help center is not working."
219446;;"2024-08-27 20:12:05";"Good 👍"
219950;;"2024-08-22 09:02:30";"Good experience with Tradingview. Just that sometimes it just decides not to open."
219203;;"2024-08-30 12:52:10";Great
219144;;"2024-08-31 06:30:18";Good
218964;;"2024-09-02 07:43:40";"Better' then I expected"
218906;;"2024-09-02 20:01:21";"Too good"
215657;;"2024-09-05 20:40:51";"Best app"
215600;;"2024-09-06 13:23:05";Good
219453;;"2024-08-27 17:36:01";"Very essential app"
215370;;"2024-09-10 03:40:38";"I like it"
215314;;"2024-09-10 14:29:45";"Very good platform"
215144;;"2024-09-12 14:11:07";"Very good"
215089;;"2024-09-13 05:10:44";Awesome
218911;;"2024-09-02 19:50:57";🤯♥️
214868;;"2024-09-16 08:22:28";"Nothing short off exceptional"
214814;;"2024-09-16 20:50:01";"Good luck 💯🤞"
221972;;"2024-08-16 06:24:20";"It's okay 👍"
214596;;"2024-09-19 08:49:15";"The charts are suddenly not loading"
214543;;"2024-09-19 20:30:31";"Very nice"
214384;;"2024-09-22 07:52:24";"Just do it babe"
214332;;"2024-09-22 17:44:04";"Very good"
214279;;"2024-09-23 07:06:29";Good
215041;;"2024-09-13 15:16:26";"Very nice app"
212571;;"2024-09-25 14:57:00";Nice
212519;;"2024-09-26 07:30:52";"I have a very good experience with this app."
215042;;"2024-09-13 14:37:26";"Very good for usefully ❤❤❤❤"
212316;;"2024-09-29 09:07:33";"VERY nice app and useful for"
212265;;"2024-09-30 00:40:49";"Best trading app for analysis ever... But sometimes it just stops working (for me) even on the web browser this is something I complain to their email but apart from this , TRADINGVIEW is TOTALLY ROCKS🤘"
222506;;"2024-08-09 19:10:55";"Best 💯💪"
212067;;"2024-10-02 11:50:27";👍
212017;;"2024-10-03 02:16:28";"bast support tecnical data"
211971;;"2024-10-03 15:16:25";"Very good to analyze"
211824;;"2024-10-06 00:48:33";"Superb app"
211775;;"2024-10-06 15:23:27";"Very good app"
211726;;"2024-10-07 04:04:44";"Perfect app for tracking the markets"
219402;;"2024-08-28 09:38:07";"It's a nice app I love it here seeing the charts"
211539;;"2024-10-09 02:15:55";"Amazing app"
211491;;"2024-10-09 10:33:32";"1 star because no longer free, forced to use 30-days trial"
212323;;"2024-09-29 05:57:45";"Very nice 👍🙂"
211309;;"2024-10-11 10:55:14";Good
209762;;"2024-10-12 06:10:05";"So sweet and good"
209715;;"2024-10-12 17:52:16";"It has a very best app for the trading because we can understand the chart 📈📈📈 properly and many things 🗿🗿🗿"
209668;;"2024-10-13 13:53:28";Great
219404;;"2024-08-28 09:31:36";"Nice aap"
209493;;"2024-10-15 07:13:31";"nice App"
209447;;"2024-10-15 16:17:28";"So informative"
209767;;"2024-10-12 05:20:09";"this app slow movement"
220266;;"2024-08-18 21:42:49";"Highly recommended for analysis"
209232;;"2024-10-18 00:58:42";"The best trading chart app out there"
209187;;"2024-10-18 11:23:38";"I gave it 4 starts coz its not free,if it was free it would have been a 5 starts"
209721;;"2024-10-12 16:28:40";"Best technical analysis app ever made free"
219904;;"2024-08-22 16:45:14";"Awesome experience 😸"
208979;;"2024-10-21 07:00:10";"All money"
208935;;"2024-10-21 16:01:22";"Syncs drawings on mobile and web versions. Alerts are flawless and amazing if you are driving. Always sends a notification to your phone and has never missed a single alert. Some stuff are locked behind a paywall, like live futures data, but it is worth the money"
209452;;"2024-10-15 15:35:03";"Beter aap"
215618;;"2024-09-06 10:01:45";🙏🏻
208734;;"2024-10-24 04:34:34";"Good analysis"
208691;;"2024-10-24 13:01:40";"Helped Me alot"
208649;;"2024-10-25 04:18:00";Good
212277;;"2024-09-29 20:56:25";"Very nice application"
222791;;"2024-08-06 13:17:43";"World's best analytics app🌍🔥"
208459;;"2024-10-27 22:37:58";"Great 👍🏻"
208418;;"2024-10-28 10:16:20";"Very good 👍"
208697;;"2024-10-24 12:49:53";"Good service"
208465;;"2024-10-27 17:44:24";"thumb's up"
212742;;"2024-09-23 14:24:50";"All over very very very good."
205169;;"2024-10-31 05:55:08";"Owsome app"
205130;;"2024-10-31 18:27:36";"Since thave updated it I can't save my chart , after doing my analysis everything disappeared after I log in because I didn't save it, so add the save icon"
205091;;"2024-11-01 07:12:25";"Good track for trading"
222518;;"2024-08-09 17:14:45";"Awesome experience ✌️"
212229;;"2024-09-30 08:47:10";"Brilliant experience from this application"
222250;;"2024-08-13 04:25:45";"VERY HELP FUII APP"
204882;;"2024-11-04 01:28:40";"Gret app"
204844;;"2024-11-04 09:07:25";"A very good app for analysis 💯👍🏾"
204806;;"2024-11-04 18:40:50";"Awesome service"
209504;;"2024-10-15 05:39:40";Super
215622;;"2024-09-06 09:08:13";Best
204644;;"2024-11-06 13:31:49";"Very good app tô follow on stock markets"
204607;;"2024-11-06 22:10:44";"Best app for analysis"
204570;;"2024-11-07 08:52:49";"Outstanding platform with powerful tools and a supportive community, perfect for all levels of traders 💪📈🤝"
211739;;"2024-10-07 01:47:48";"Very nice"
211741;;"2024-10-07 01:29:05";"Great experience with treding view"
219720;;"2024-08-24 17:15:28";"Exceptional excellence"
204380;;"2024-11-09 17:22:50";Good
204344;;"2024-11-10 07:18:47";"Not opn 😡😡😡😡"
204308;;"2024-11-10 14:45:47";Super
219908;;"2024-08-22 15:57:59";Great
211554;;"2024-10-08 18:33:56";SHORAB
219413;;"2024-08-28 07:29:55";"The best, hoping that it has to be for free as a first trail with all options . In particular, to whom who engage to trading wold recently."
204127;;"2024-11-12 09:11:25";"This app is really good however some improvement can be made such as the refresh rate when reopening the app"
204091;;"2024-11-12 17:37:10";"can you add up down toggle buttons for switching between charts. it would make using the app easier. 12 nov 2024... Any update on this please?"
204055;;"2024-11-13 05:12:07";Good
215109;;"2024-09-12 21:43:15";"Good app positioning"
209461;;"2024-10-15 12:41:03";"It's simply superb"
215394;;"2024-09-09 14:51:24";Good
203879;;"2024-11-15 06:35:09";"Best app in time"
203843;;"2024-11-15 15:48:26";"Very good for beginners trading"
203807;;"2024-11-16 03:36:49";Best
202271;;"2024-11-16 15:04:19";"Super shot"
203884;;"2024-11-15 05:20:51";Good
219716;;"2024-08-24 18:04:39";good
212488;;"2024-09-26 15:15:07";"The app is good it works very smooth and very well.. but for you trader beware of liquidity in the market because in the chat you will meet your worst nightmare"
222255;;"2024-08-13 03:48:05";"🧡 जय श्रीं राम 🚩🚩🔥"
202069;;"2024-11-19 09:45:42";"Trading view has all the best trading tools"
202034;;"2024-11-19 15:31:34";"Cuma karna belum upgrade ke versi berbayar lalu mendapatkan iklan setiap 5 menit itu gila!"
201999;;"2024-11-20 03:43:18";Good
214880;;"2024-09-16 06:30:32";"Trading view have so much tools which is veri useful for trader and I am also learn many things in trading view but only 1 think which I hate about trading view is I couldn't found moving line indecater here if you see my feedback so pls help to know where I found this tool otherwise this app is amazing 👍🗿"
208950;;"2024-10-21 12:52:54";"good exlent app"
218973;;"2024-09-02 06:07:17";"Good day start from trading view"
223008;;"2024-08-04 13:56:49";"This app is good"
201809;;"2024-11-22 08:09:37";"Clear to read and understand the charts"
201775;;"2024-11-22 13:39:16";"I've been searching for app to help as a beginner trader but this is the best I've ever seen, I'm making money in my 20s couse of this app in my country reanda"
201741;;"2024-11-23 00:58:53";"Nice app"
208991;;"2024-10-21 04:28:47";"7 years now"
219468;;"2024-08-27 15:19:34";"Great experience Good service"
212287;;"2024-09-29 17:15:05";"Best for trading forever.i luv the app.i had paid service"
220233;;"2024-08-19 05:50:07";Fabulous
201563;;"2024-11-25 15:50:36";Good
201530;;"2024-11-26 00:07:10";"I love it"
201497;;"2024-11-26 07:25:12";"Best 🥇"
202278;;"2024-11-16 11:56:08";Best
209505;;"2024-10-15 05:23:09";"Like L"
209204;;"2024-10-18 07:58:07";"This app give everything you need to see in financial market"
214621;;"2024-09-19 04:28:41";"Just installed"
223010;;"2024-08-04 13:23:06";Good
201299;;"2024-11-29 09:25:06";"cool 😎"
184832;;"2025-02-08 10:17:22";"Important platform"
184833;;"2025-02-08 10:15:53";"excellent tools for all type of traders"
184834;;"2025-02-08 10:13:21";"Best application, with useful tools and work friendly interface"
184835;;"2025-02-08 09:53:53";"very good app"
184836;;"2025-02-08 09:51:12";"Very good"
184837;;"2025-02-08 09:45:32";ज़ोरदार
184838;;"2025-02-08 09:32:52";"Please add screener and alert facility to app"
184839;;"2025-02-08 08:30:40";"trading view best"
184840;;"2025-02-08 08:22:06";Great
184841;;"2025-02-08 08:09:57";"This is amazing app to learn stock market 😃, it app improve your skill and learn more and more , it app have paper trading and we are learn trading in this app. And also it have broker dhaan, interactive, trade station etc . It have free funded account to learn trading free . In free funded account you have 1 lakh rupees to learn paper trading , and it also advise how to mark support and resistance , and give draw the best analyse of the chat you try this app and made you a perfect trader 💝"
184842;;"2025-02-08 06:51:09";"Candle Let 5 sec"
184843;;"2025-02-08 06:38:03";"Nice apps"
184844;;"2025-02-08 06:14:48";"Sometimes the app doesn't load the charts and just pops up error message"
184845;;"2025-02-08 05:57:37";"Nice trading app"
184846;;"2025-02-08 05:52:52";"Good app"
184847;;"2025-02-08 05:40:30";Excellent
184848;;"2025-02-08 05:37:18";"Great full app"
184849;;"2025-02-08 05:32:13";"Complete features, hope more broker use this."
184850;;"2025-02-08 05:25:00";"Best' app"
184851;;"2025-02-08 05:02:16";Nice
184852;;"2025-02-08 04:42:13";Nice
184853;;"2025-02-08 04:39:56";Beast
184854;;"2025-02-08 04:31:15";"♥️ Fabulous Application for All Technical Analysis ♥️"
184855;;"2025-02-08 04:29:05";"Your app is very very good"
184856;;"2025-02-08 04:25:18";Good
184857;;"2025-02-08 04:20:08";"Good very comfortable charts 🗿"
184858;;"2025-02-08 04:17:05";"Speed, features..... Everything is ultra good...."
184859;;"2025-02-08 04:12:41";"Good work"
184860;;"2025-02-08 03:41:25";"Excellent 👌"
184861;;"2025-02-08 03:33:08";"One of the best apps i've ever had when it comes to trading 🔥🔥🔥🔥🔥"
184862;;"2025-02-08 03:24:22";"I love you❤"
184863;;"2025-02-08 02:37:43";"A saviour for small retail traders like me, appreciate the work done on the app. Please provide a few extra features to help us up our game so that we may convert to paying members of your premium plans."
184864;;"2025-02-08 02:33:47";"Ive been using the app on the top tier for years and have recently been profitable. I submitted my first ticket because suddenly my time zone is way off on both phones and all pc's. (Not me). My response was, ""send a screenshot."" Like, didnt happen unless its on your 'gram. It worried me that my issue wasnt super easy. ...it scared me that the puerile response was approximate to Prove it first. If tv wasnt a monopoly, id switch to something else."
184865;;"2025-02-08 02:25:07";"Thanks for help me"
184866;;"2025-02-08 02:11:54";"Very good app"
184867;;"2025-02-08 01:58:32";"It's very good applicatio."
184868;;"2025-02-07 22:58:19";"Best aap"
184869;;"2025-02-07 22:51:32";"100% application ever I salute 🫡 you tradeview"
184870;;"2025-02-07 21:24:02";"Just because i got a new phone the app is not loading chart again. What can i do about this?"
184871;;"2025-02-07 20:54:22";"One of them best Trading app ever ..."
184872;;"2025-02-07 20:54:05";"I like 🤩 the app and Web version it's very easy to use. Thanks 🙏🙏🙏"
184873;;"2025-02-07 20:38:46";"Very good"
184874;;"2025-02-07 20:15:32";"Nicest market app"
184875;;"2025-02-07 20:15:05";"""time to upgrade?"" having the app, free tier, forces you to see an ad every 5 minutes.. there's a reason why I didn't renew.. WAY OVER PRICED for what you get.. good riddance."
184876;;"2025-02-07 20:14:48";"The best :)"
184877;;"2025-02-07 20:05:31";"The chart is not opening in my tablet"
184878;;"2025-02-07 20:04:32";5⭐️
184879;;"2025-02-07 20:00:50";"Excellent 👌👍"
184880;;"2025-02-07 19:51:37";"Very good"
184881;;"2025-02-07 19:36:31";"Wonderful 💯💯"
184882;;"2025-02-07 19:25:49";"Nice nice nice"
184883;;"2025-02-07 18:52:34";Best
184884;;"2025-02-07 18:52:03";awsome
184885;;"2025-02-07 18:51:28";Truthful
184886;;"2025-02-07 18:38:19";"One of the best if not the best charting platform. Very robust with a huge range of indicators and information and yet so easy to use. I love Trading view"
184887;;"2025-02-07 18:20:56";"This app my life change 🥺🫶🏻"
184888;;"2025-02-07 18:12:16";"I think it wonderful for me"
184889;;"2025-02-07 17:16:19";"Man ....If can't give extra premium features, then don't even remove the free one's Atleast 😑🤦🏻"
184890;;"2025-02-07 16:58:55";Good
184891;;"2025-02-07 16:56:45";"Best hai"
184892;;"2025-02-07 16:33:59";"😊 Good"
184893;;"2025-02-07 16:20:06";"Extremely admirable! It gives perfect Alerts on SUPPORT & RESISTANCE , Please add some pro features and indicator in free version."
184894;;"2025-02-07 15:55:21";"Very good app for bigner"
184895;;"2025-02-07 15:49:21";"easy to use"
184896;;"2025-02-07 15:46:35";Good
184897;;"2025-02-07 15:25:28";👍👍👍
184898;;"2025-02-07 15:25:25";Best
184899;;"2025-02-07 15:20:38";"Need more free indecator"
184900;;"2025-02-07 15:20:09";❤️❤️❤️❤️❤️❤️❤️❤️❤️❤️❤️❤️❤️❤️❤️❤️❤️❤️❤️❤️❤️❤️❤️❤️❤️❤️❤️❤️❤️❤️❤️❤️❤️❤️❤️❤️❤️❤️❤️❤️❤️❤️❤️❤️❤️❤️❤️❤️❤️❤️❤️❤️❤️❤️❤️❤️❤️❤️❤️❤️❤️❤️❤️❤️❤️❤️❤️❤️❤️❤️❤️❤️❤️❤️❤️❤️❤️❤️❤️❤️❤️❤️❤️❤️❤️❤️❤️❤️❤️❤️❤️❤️❤️❤️❤️❤️❤️❤️❤️❤️❤️❤️❤️❤️❤️❤️❤️❤️❤️❤️❤️❤️❤️❤️❤️❤️❤️❤️❤️❤️❤️❤️❤️❤️❤️❤️❤️❤️❤️❤️❤️❤️❤️❤️❤️❤️❤️❤️❤️❤️❤️❤️❤️❤️❤️❤️❤️❤️❤️❤️❤️❤️❤️❤️❤️❤️❤️❤️❤️❤️❤️❤️❤️❤️❤️❤️❤️❤️❤️❤️❤️❤️❤️❤️❤️❤️❤️❤️❤️❤️❤️❤️❤️❤️❤️❤️❤️❤️❤️❤️❤️❤️❤️❤️❤️❤️❤️❤️❤️❤️❤️❤️❤️❤️❤️❤️❤️❤️❤️❤️❤️❤️❤️❤️❤️❤️❤️❤️❤️❤️❤️❤️❤️❤️❤️❤️❤️❤️❤️❤️❤️❤️❤️❤️❤️❤️❤️❤️❤️❤️❤️❤️❤️❤️❤️❤️❤️❤️❤️❤️
184901;;"2025-02-07 15:16:12";"Tells me as a beginner in investing Everything i need,, except a search button."
184902;;"2025-02-07 14:54:28";Nice
184903;;"2025-02-07 14:53:41";"Best application to be in your phone"
184904;;"2025-02-07 14:32:16";Ok
184905;;"2025-02-07 13:46:06";"O melhor, so deveria ter replay no modo gratuito, ou ao menos ter taxas de 1 ou 2 semanas."
184906;;"2025-02-07 13:41:16";"For me Tradingview is exceptional! The only trading App to use. It's getting Better with Tradingview. I remain with Tradingview"
184907;;"2025-02-07 13:35:14";"please fix event section, only upcoming events are visible so how one can check what happened 15 minutes earlier? events should be cut off from the beginning of the day, not from the current time."
184908;;"2025-02-07 13:34:29";"Nice indicators"
184909;;"2025-02-07 13:31:59";"Best one so far"
184910;;"2025-02-07 12:51:05";"Good experience"
184911;;"2025-02-07 11:41:58";Perfect
184912;;"2025-02-07 10:55:02";"Easy to use"
184913;;"2025-02-07 10:51:18";"That a good app for learn treading"
184914;;"2025-02-07 10:28:14";"Everything's great!"
184915;;"2025-02-07 10:16:48";"Very very great experience, starting the 3 year journey to become millionaire, still in struggle with you"
184916;;"2025-02-07 10:14:35";Nice
184917;;"2025-02-07 10:08:54";"Its best ever"
184918;;"2025-02-07 09:50:25";Nice
184919;;"2025-02-07 09:34:58";Excellent
184920;;"2025-02-07 09:34:27";Ok
184921;;"2025-02-07 09:20:45";"Best app for trading"
184922;;"2025-02-07 09:19:43";"It's better when you keep on using the app you realize you also get better"
184923;;"2025-02-07 09:11:53";Good
184924;;"2025-02-07 08:49:36";"i cancelled my trading view trial account still i have been charged for the trading view essentials plan. i contact many time with contact google but no help. i lost my money also not get benefit of essential plan because it's showing basic plan. and on google play its showing subscription cancelled. then how my money deducted for the plan?"
184925;;"2025-02-07 08:32:23";Awesomw
184926;;"2025-02-07 08:27:04";"Best platform for trade analysis"
184927;;"2025-02-07 08:26:25";"Thiscan change your life"
184928;;"2025-02-07 08:11:31";Exceptional
184929;;"2025-02-07 07:57:07";"Webview error accourd chart not working in Android11"
184930;;"2025-02-07 07:39:00";"Very costly"
184931;;"2025-02-07 07:11:56";"Best app for Analysis of any Market"
184932;;"2025-02-07 06:27:35";Excellent
184933;;"2025-02-07 06:13:44";"best apps for crypto and for ex"
184934;;"2025-02-07 06:04:20";"Very good app."
184935;;"2025-02-07 05:38:14";"Mine isn't showing up"
184936;;"2025-02-07 05:02:02";"Thish se A best app"
184937;;"2025-02-07 04:22:34";Good
184938;;"2025-02-07 04:03:49";"very amazing 👏 🤩"
184939;;"2025-02-07 03:50:15";"Great tool 👍"
184940;;"2025-02-07 03:33:49";"You supposed to provide little free option"
184941;;"2025-02-07 03:29:54";"Awesome for technical analysis"
184942;;"2025-02-07 03:25:40";"Good 👍"
184943;;"2025-02-07 03:00:25";"Very informative 👍"
184944;;"2025-02-07 02:22:33";"Good app"
223249;;"2024-08-01 14:07:24";"Best of me"
223037;;"2024-08-04 04:48:06";Good
222828;;"2024-08-06 06:45:18";"Wonderful app that helps you understand trend in making good trading decisions."
222760;;"2024-08-06 19:01:35";"Best app for trading analysis"
222554;;"2024-08-09 08:22:49";"This is very goooooooooood app for the treading"
222487;;"2024-08-10 04:45:59";"Good 👍"
222285;;"2024-08-12 17:52:28";"Good working"
222220;;"2024-08-13 09:23:13";"Go for it"
222021;;"2024-08-15 17:46:48";"Way are not give free it's much better for your platform"
221957;;"2024-08-16 09:27:46";"Wow this app is very very good 🖤"
220261;;"2024-08-19 00:29:58";Amazing
220198;;"2024-08-19 13:42:15";"Very useful and reliable"
220005;;"2024-08-21 13:38:02";"Very beautiful ❤️❤️❤️ I love trading view!"
219943;;"2024-08-22 09:44:44";"Nice using it.... It has really improved my trading experience based on the bigger picture it gives"
219753;;"2024-08-24 08:21:59";"This app is fantastic."
219692;;"2024-08-25 06:01:03";"Future earning"
223263;;"2024-08-01 12:07:53";"Could you kindly consider adding drawing tools to the TradingView app that would help beginner traders set buy prices, targets, and stop-loss levels more easily? These features would be invaluable for newcomers, particularly in learning and practicing trading through paper trading."
219445;;"2024-08-27 20:38:52";"Nice app"
220012;;"2024-08-21 12:44:57";"Simple for use"
219202;;"2024-08-30 12:53:39";"Good feature with premium plan"
219143;;"2024-08-31 06:38:40";Excellent
218963;;"2024-09-02 07:57:27";"Very useful."
218905;;"2024-09-02 20:07:08";Great
215656;;"2024-09-05 20:52:58";"Great charts"
215599;;"2024-09-06 13:32:12";"Make for grade"
222029;;"2024-08-15 16:30:09";"Nice product"
215369;;"2024-09-10 03:45:06";Good
215313;;"2024-09-10 14:30:19";Goooooood
215143;;"2024-09-12 14:17:48";perfect
215088;;"2024-09-13 05:11:22";Good
215606;;"2024-09-06 12:30:22";"Ad at wrong place"
214867;;"2024-09-16 09:19:06";"Bast for charts"
214813;;"2024-09-16 20:59:18";"Best app all time 😃"
222036;;"2024-08-15 14:33:42";"Indicators 🥲"
214595;;"2024-09-19 09:36:43";"Very good good prediction aap"
214542;;"2024-09-19 20:45:24";"Best trading app"
214383;;"2024-09-22 07:56:42";"Good app"
214331;;"2024-09-22 17:50:52";"Excellent 👍"
212778;;"2024-09-23 07:07:42";"Best 🔥🔥🔥"
215096;;"2024-09-13 03:52:26";Super
212570;;"2024-09-25 15:14:26";"Verry good use full"
212518;;"2024-09-26 07:37:40";Great
215097;;"2024-09-13 03:44:09";Good
212315;;"2024-09-29 09:10:17";"it is nie but for biggners in the futures some of them make them free to helptehm"
212264;;"2024-09-30 00:46:29";"Nice app"
214550;;"2024-09-19 17:52:00";"I wouldn't have learned how to trade in the capacity I trade if it weren't for their demo account and everything they offer on the platform!!! There is Noone like tradeview!!"
212066;;"2024-10-02 11:58:17";Good
212016;;"2024-10-03 02:24:06";"Nice app"
212021;;"2024-10-03 00:32:11";Awesome
211823;;"2024-10-06 00:57:45";"This new update layout sucks! You put tat undo button there which will easily accidentally touch it, and i can't find the redo button."
211774;;"2024-10-06 15:43:26";"Best Platform...."
211725;;"2024-10-07 04:23:54";"Super excellent"
219462;;"2024-08-27 15:49:44";"Number of stars define this app"
211538;;"2024-10-09 02:41:31";"My mark up are not coming up even after deleting and installing the app again"
211490;;"2024-10-09 10:36:04";"When I enter many times can't inter they just stop"
214337;;"2024-09-22 16:29:21";"Excellent and the best of the best platform in trading"
211308;;"2024-10-11 11:02:41";"Just leaving this here to let the team know that the latest updates are making the app rapidly worse not better. Today's novelty is that favourites are no longer grouped together in the Load layout option. If you have a new product lead over there I strongly advise you go back to the old one."
209761;;"2024-10-12 06:27:10";"Best App but it sucks in 1 to 5 year old chart data 😑"
209714;;"2024-10-12 18:20:42";"In previous version we can share the with others by just clicking on share tab in mobile..But in the latest version there no share button .....Feeling bad with new version."
209667;;"2024-10-13 14:10:17";"Pepar treding problem please solve this problem issue"
219464;;"2024-08-27 15:34:49";Good
209492;;"2024-10-15 07:18:28";"Top app"
209446;;"2024-10-15 16:19:49";Nice
223064;;"2024-08-03 15:31:56";Awesome
220221;;"2024-08-19 08:05:22";"Excellent platform..basic subscription moved from 14usd to 17usd,please explain"
209231;;"2024-10-18 02:01:47";"The app was a sure short 10 before the recent update. I just want to ask why have you guys remove the add stock button from chart. That button was very helpful to add charts to red list for future reference. It was at the place where you you guys introduced the new tool bar and now it's not showing. Please bring it back. Thank you Team Tradingview"
209186;;"2024-10-18 11:33:45";"Very nice app for traders"
209768;;"2024-10-12 04:56:27";"Option charts not showing after update, any bug?"
219966;;"2024-08-22 04:34:14";"Good app to use"
208978;;"2024-10-21 07:00:42";Good
208934;;"2024-10-21 16:15:36";"not Working properly in my new device always stops Working"
209192;;"2024-10-18 10:33:09";"Tons of free tools to use. What else can you ask for for free? 😁😉"
220271;;"2024-08-18 19:08:49";"Good App"
208733;;"2024-10-24 04:51:19";Excellent
208690;;"2024-10-24 13:04:24";Fjji
208648;;"2024-10-25 05:11:20";"Keeps getting better and better"
212328;;"2024-09-29 03:52:01";Asome🤩🤩
223000;;"2024-08-04 15:44:37";"Very nice app for technical analysis"
208458;;"2024-10-27 22:56:52";Good
208417;;"2024-10-28 10:26:18";🙃
208740;;"2024-10-24 01:55:37";"I use trade view every day to track my moves and plan my next ones."
221984;;"2024-08-16 04:05:43";Nice
214295;;"2024-09-23 05:04:33";"Best charts viewed international and local"
205168;;"2024-10-31 06:34:37";"Geart app for technical and fundamental analysis"
205129;;"2024-10-31 19:01:31";"I'm very happy for this app is very easy to do analysis to trade u give you 5 ⭐⭐⭐⭐⭐"
205090;;"2024-11-01 07:57:07";"Very Good for analysing and monitoring instruments."
212279;;"2024-09-29 20:38:28";"So many adds everything is premium go for alternatives"
212280;;"2024-09-29 20:24:49";بست
222315;;"2024-08-12 12:32:37";"Please increase one indicator total 3 In free version"
204881;;"2024-11-04 01:43:09";good
204843;;"2024-11-04 09:48:50";Excellant
204805;;"2024-11-04 18:54:29";Bestt
215102;;"2024-09-13 01:24:55";Impressive
223262;;"2024-08-01 12:19:14";"Very good"
204643;;"2024-11-06 13:38:25";Superb
204606;;"2024-11-06 22:13:07";"I love ❤️ this platform! That's all i can say."
204569;;"2024-11-07 08:54:11";"Good to trade"
205059;;"2024-11-01 13:41:53";"It's still my first few weeks but so far, I like it.... I'll come back after some few months"
211790;;"2024-10-06 11:46:39";"Very handy"
219910;;"2024-08-22 14:59:35";"My trading view is not working 💔🥹"
204379;;"2024-11-09 17:46:08";Ok
204343;;"2024-11-10 07:19:29";good
204307;;"2024-11-10 15:03:09";"My app open but chart not open even after app update"
215045;;"2024-09-13 13:55:19";"Nice experienced"
219396;;"2024-08-28 11:48:46";"The only app one needs to do technical analysis"
219473;;"2024-08-27 14:33:19";"Best app"
204126;;"2024-11-12 09:21:37";"Pretty much the best trading app out there. Copious amounts of features, fast speed, relatively cheap and reliable."
204090;;"2024-11-12 17:41:06";"The first candle of the day shows the opposite color , if first candle close in red it shows green candle. It is when I use android app but if I open chart with browser it shows correct colour ."
204054;;"2024-11-13 05:15:40";"My go to chart. It's perfect!"
204577;;"2024-11-07 07:13:42";"Wonde user interface. The chart and tools very useful. I Love this app. Keep rocking."
209507;;"2024-10-15 05:16:19";"One of the best app to use for stock market."
215568;;"2024-09-07 05:35:33";Good
203878;;"2024-11-15 07:02:58";Good
203842;;"2024-11-15 15:59:27";"Good experience"
203806;;"2024-11-16 03:49:51";👍
202270;;"2024-11-16 15:04:56";uieregunm
214890;;"2024-09-16 04:03:27";"Best chart for trading"
223255;;"2024-08-01 13:15:38";"God is the King 👑🙏👑"
212540;;"2024-09-26 03:39:54";"Good future but not a free 🤣"
222320;;"2024-08-12 11:31:40";Best
202068;;"2024-11-19 10:11:12";Good
202033;;"2024-11-19 15:46:06";"Overall very good. I use it since several years and they release important updates regularly. Best charting app I ever found. Edit: Thx for the hint, Dev! I didn't watch properly. My mistake."
201998;;"2024-11-20 03:43:21";"Tradingviwe is a Amazing app"
204613;;"2024-11-06 19:37:45";"If studied Indicators you can earn more and more Money which u have Deciplane.."
208993;;"2024-10-21 03:53:59";Excellent
214566;;"2024-09-19 14:52:37";"It's better for me to work with tradingview on website, you have to fix the app problem especially while connecting broker"
223078;;"2024-08-03 12:08:59";"I love the user experience"
201808;;"2024-11-22 08:14:27";Usefull
201774;;"2024-11-22 13:43:42";"Highly recommend for beginners!"
201740;;"2024-11-23 01:59:33";"Brilliant app"
209729;;"2024-10-12 14:35:50";"accurate, and user friendly"
209723;;"2024-10-12 16:05:23";"Very good app for trading"
223060;;"2024-08-03 17:08:25";"Very useful"
221796;;"2024-08-18 14:10:33";Good
201562;;"2024-11-25 16:06:15";Good
201529;;"2024-11-26 01:09:51";"I've been using this app for years now, and everyone knows it's awesome, but I think you should make it possible for me to see my open trades when using the paper trade. I think that would make it more fun"
201496;;"2024-11-26 07:33:10";Sublime.
201747;;"2024-11-22 20:54:28";"Money is Power"
204544;;"2024-11-07 14:18:23";"Description says you can open 10 tab, but if I refresh there is only last open stock chart in all tab. Then what is the point of multiple tab. When only one tab is working."
209249;;"2024-10-17 18:01:30";"Bas do he sector set kr paa rhee or option do list Bananaae kee liye"
214785;;"2024-09-17 06:24:15";"Very good"
223080;;"2024-08-03 12:01:17";Excellent
201298;;"2024-11-29 10:14:09";"Please yall should bring back the normal features and setting of the old version, the new version you made has ruined my trading plan please if you can make the old setting back for me ill appreciate it please the new setting zooming on the chart is annoying and i cant even see the assest i want to analyze on like gpbusd it unclear because of the extra zoom please give us back the old setting abeg"
185088;;"2025-02-05 09:33:16";"good app"
185089;;"2025-02-05 09:24:58";"Well done 💯"
185090;;"2025-02-05 09:10:54";"Good apps work"
185091;;"2025-02-05 08:12:57";Best
185092;;"2025-02-05 08:01:18";nice
185093;;"2025-02-05 07:52:28";"It's nice I like... Borat"
185094;;"2025-02-05 07:39:43";"This app helping your trades nice app"
185095;;"2025-02-05 07:18:33";👍
185096;;"2025-02-05 06:52:16";"Cool apps"
185097;;"2025-02-05 06:52:04";nice
185098;;"2025-02-05 06:39:42";Great
185099;;"2025-02-05 06:27:58";"Good in chart"
185100;;"2025-02-05 06:21:33";Awesome
185101;;"2025-02-05 06:20:14";"Best for learning trading"
185102;;"2025-02-05 05:19:41";"Nice work"
185103;;"2025-02-05 05:11:22";"Very good"
185104;;"2025-02-05 05:10:34";"Well crafted application. Must for charting technical analysis."
185105;;"2025-02-05 04:38:05";"This app is super fantastic for all traders because it allows us to access all the type of stocks, Indices, Crypto etc. But problem is in layout please change the layout and move it to right side please...Because it is too uncomfortable for me to access many tools....please keep my words and I hope that you will do change in another update THANK YOU"
185106;;"2025-02-05 04:32:54";"Greatest tool in a traders belt."
185107;;"2025-02-05 04:32:45";"Fantastic app i love trading views"
185108;;"2025-02-05 04:17:13";"Very good wark"
185109;;"2025-02-05 04:13:21";"There is an excellent team behind this platform, and they have left nothing to be blamed for. Wonderful thing."
185110;;"2025-02-05 04:01:02";"The best trading app ever."
185111;;"2025-02-05 03:48:31";good
185112;;"2025-02-05 03:47:34";"Highly appreciated"
185113;;"2025-02-05 03:41:57";"Nise app"
185114;;"2025-02-05 03:35:46";"Premium free now"
185115;;"2025-02-05 03:20:00";Magnificent!
185116;;"2025-02-05 02:49:02";best
185117;;"2025-02-05 02:30:33";"Very good app"
185118;;"2025-02-05 01:54:32";Excellent
185119;;"2025-02-05 01:46:52";"very good app with loads of features and easy to use."
185120;;"2025-02-05 01:07:26";"User friendly."
185121;;"2025-02-04 23:59:13";"Nifty 50 option not available, so bad"
185122;;"2025-02-04 22:43:31";"Good Binance broker is not connecting"
185123;;"2025-02-04 22:13:30";👊👊
185124;;"2025-02-04 21:46:17";"App use to work fine but now it constantly shows multiple cancelled orders popping up which I've never placed. I pay for the essential upgrade and I've reinstalled the app, which then forgot my details so I've had to pay again. After I've reinstalled it, I'm still experiencing the same issue. *Update* I've managed to fix the glitch. Go onto chart settings, trading, notifications, select rejection only."
185125;;"2025-02-04 21:34:06";"Always hangs"
185126;;"2025-02-04 21:32:09";"The newest update is complete trash. Please for the love of God take the update back to where it was. The mobile version now looks like the PC version and the drawings option refuses to load, can no longer scroll up and down on the time frame it's at the top of the screen now like it would be on pc. Charts are freezing up and not loading. Drawings i used to chart are disappearing when i close the app. Everything is completely jacked up. Literally..."
185127;;"2025-02-04 20:17:59";Ok
185128;;"2025-02-04 20:15:53";"Great ... everythings is there"
185129;;"2025-02-04 20:14:27";Helpful
185130;;"2025-02-04 19:02:12";"It's for you"
185131;;"2025-02-04 18:58:41";Best
185132;;"2025-02-04 18:48:09";"very good"
185133;;"2025-02-04 18:36:01";"Best app ever. Its amazing. Its magic. Keep it up."
185134;;"2025-02-04 18:18:20";"Amazing experience, wish a could add a little more indicators."
185135;;"2025-02-04 17:59:33";"verry useful App.."
185136;;"2025-02-04 17:43:50";"I really love this broker it's the best broker"
185137;;"2025-02-04 17:43:08";"What a application"
185138;;"2025-02-04 17:30:38";"Very good"
185139;;"2025-02-04 17:29:39";"It's very faster but cnxfinance is very delayed please fix it And update me."
185140;;"2025-02-04 17:08:40";Best
185141;;"2025-02-04 17:05:55";"Best app for trading"
185142;;"2025-02-04 17:03:20";"Very very Good"
185143;;"2025-02-04 16:37:33";"It was very attractive experience after using this application for analysing charts of all types . And one of the best platform for paper/virtual trading. In my opinion you should try this."
185144;;"2025-02-04 15:44:43";"Very nice app for analysis."
185145;;"2025-02-04 15:35:15";"What is the difference of the app and the website"
185146;;"2025-02-04 15:29:14";Nice
185147;;"2025-02-04 15:18:44";"Good app"
185148;;"2025-02-04 15:02:55";Suuuuuiii
185149;;"2025-02-04 14:38:32";super
185150;;"2025-02-04 14:31:43";"Very good"
185151;;"2025-02-04 14:30:04";Impressive
185152;;"2025-02-04 14:28:25";"Best app for analysis"
185153;;"2025-02-04 13:44:01";"Great App"
185154;;"2025-02-04 13:37:38";"Chart not showing"
185155;;"2025-02-04 13:36:46";Good
185156;;"2025-02-04 13:26:08";Exceptional
185157;;"2025-02-04 13:24:33";اعلیٰ
185158;;"2025-02-04 13:22:34";Ok
185159;;"2025-02-04 13:13:42";Ok
185160;;"2025-02-04 13:13:22";"Its helpfull for every trader and investors.❤️💎"
185161;;"2025-02-04 13:06:16";"Very nice 👌🏻"
185162;;"2025-02-04 12:57:17";"Verrrrry nice"
185163;;"2025-02-04 12:54:58";"Nice setup,profitable indicators and it very useful for beginners,nice backtest on replay mode"
185164;;"2025-02-04 12:41:24";"Actually 😼 it's glorious here. I think that other trading apps should learn something from trading view. Like what audience want. So, in conclusion 😃 trading view is most accurate and realistic beginning of era..."
185165;;"2025-02-04 12:33:01";"The best app ever to analysis the market"
185166;;"2025-02-04 12:32:35";"Nice an simple interface for analysis,both beginners and pro traders will enjoy this app"
185167;;"2025-02-04 12:24:37";"best platform are"
185168;;"2025-02-04 12:15:47";"Excellent app to watch charts"
185169;;"2025-02-04 11:54:39";Nice
185170;;"2025-02-04 11:51:11";"Good experience"
185171;;"2025-02-04 11:41:31";"Very exceptional app"
185172;;"2025-02-04 11:33:18";"Very useful"
185173;;"2025-02-04 11:32:32";Best
185174;;"2025-02-04 11:18:05";"Very good app"
185175;;"2025-02-04 11:17:04";Good
185176;;"2025-02-04 11:12:37";"Good performance so far"
185177;;"2025-02-04 10:55:55";"Ultimate lessons i get learn from this aap"
185178;;"2025-02-04 10:50:09";Good
185179;;"2025-02-04 10:15:50";"Beautiful chat"
185180;;"2025-02-04 10:12:46";"Great one"
185181;;"2025-02-04 10:08:30";"Excellent 👍👍"
185182;;"2025-02-04 10:08:26";Good
185183;;"2025-02-04 10:07:59";"Good experience more indicators though can't subscribe to premium in kenya couz we use mobile money transfer like mpesa and airtel money"
185184;;"2025-02-04 09:50:38";Good
185185;;"2025-02-04 09:42:46";"Very good for Analysis"
185186;;"2025-02-04 09:37:44";"For now I'm happy with the view that I'm new to this."
185187;;"2025-02-04 09:04:13";Good
185188;;"2025-02-04 08:53:26";"Bsc sensex is 15 minutes lete update"
185189;;"2025-02-04 08:47:19";"Userfriendly ... Acurate"
185190;;"2025-02-04 08:45:59";Best
185191;;"2025-02-04 08:41:23";"Someone is using this app with my email can't figure out why or how sais my phone number is no good it's stupid or I have been hacked"
185192;;"2025-02-04 08:35:40";🙂💕
185193;;"2025-02-04 08:34:50";Excellent
185194;;"2025-02-04 08:23:48";"GREAT APP"
185195;;"2025-02-04 08:22:48";"Every updated version brings better experiences"
185196;;"2025-02-04 08:09:18";"The best app for analysis market by"
185197;;"2025-02-04 08:04:49";Excellent
185198;;"2025-02-04 08:04:25";"Best analysis platform"
185199;;"2025-02-04 07:57:18";"Legit tools"
185200;;"2025-02-04 07:30:08";"Best app"
223248;;"2024-08-01 14:20:11";Super
223036;;"2024-08-04 05:00:14";"This app is awesome for chart analysis but in my device there is a bug or something this app is crashing frequently after 30 min"
222827;;"2024-08-06 06:46:38";"Very good app"
222759;;"2024-08-06 19:57:06";Choice
222553;;"2024-08-09 08:26:01";"The best"
222486;;"2024-08-10 05:43:07";Awesome
222284;;"2024-08-12 18:01:17";Awesome
222219;;"2024-08-13 09:28:17";"Been great, but you should bring back all timeframe to the free tier. Thanks🙏🏽"
222020;;"2024-08-15 18:16:06";"The best I ever use"
221956;;"2024-08-16 09:39:23";"Nice and fast"
220260;;"2024-08-19 01:16:38";"Nice 👍🙂"
220197;;"2024-08-19 14:05:23";good
220004;;"2024-08-21 13:44:16";"Tradingview offer the best charts service."
219942;;"2024-08-22 09:47:26";"It has been so easy using the app even as a beginner"
219752;;"2024-08-24 08:25:22";"very useful"
219691;;"2024-08-25 06:05:26";"Nice app"
219504;;"2024-08-27 07:51:02";Nice
219444;;"2024-08-27 21:07:38";"Good asf"
220206;;"2024-08-19 12:14:33";"Nice 👍"
219201;;"2024-08-30 12:56:45";Good
219142;;"2024-08-31 07:22:19";"Demo trading is the best for new trader"
218962;;"2024-09-02 08:22:40";"The best app ever"
218904;;"2024-09-02 20:15:45";"Very easy to navigate, makes analysis easier."
215655;;"2024-09-05 21:15:02";"great app"
215598;;"2024-09-06 13:32:21";"Stupid app"
219701;;"2024-08-25 03:25:20";"Watchlist widget has been sporadically encountering errors when trying to refresh. I usually have to remove the widget, then re-add to get it functional again."
215368;;"2024-09-10 03:47:15";"One of the beste app for chart analysis"
215312;;"2024-09-10 14:36:11";👌👌
215142;;"2024-09-12 14:27:47";"Reliable, consistent, and stable."
215087;;"2024-09-13 05:12:46";"If you want to make money it's your only option. II just wish you had cheaper plans for students even at the premium level paying your own way through school I mean literally with cash you're making Trading and then on top of that paying fbusiness bachelor's and then for an MBA, It's rough"
215663;;"2024-09-05 18:48:57";Good
214866;;"2024-09-16 09:27:14";"Not opening chart 📈 last many months . Always having problem in opening chart"
214812;;"2024-09-16 21:27:38";"Nice app"
222236;;"2024-08-13 06:13:08";"Working fine"
186735;;"2025-02-03 21:43:23";"I miss the old layout as far as having accessibility to the tools on the side of the screen. The new layout does give more room to see the chart. 4 out of 5. Wow..... I left this review on November 14, 2022. If we would have all loaded up on Bitcoin on this day, we'd all be up 7x right now. Best performing asset of all time."
186736;;"2025-02-03 20:09:53";Perfect
223247;;"2024-08-01 14:23:58";"The app is no longer displaying after I updated it"
223035;;"2024-08-04 05:14:54";"Good app"
222826;;"2024-08-06 06:48:08";Good
222758;;"2024-08-06 20:01:22";Amazing
222552;;"2024-08-09 08:31:59";Good
222485;;"2024-08-10 05:57:24";Good
222283;;"2024-08-12 18:08:31";"Very useful app"
222218;;"2024-08-13 09:40:08";"Not easy to navigate. Trying to get to Leap is impossible. The actual charts are nice and have a lot of features. However, navigation needs improvement with respect to the Leap competition which is nowhere to be found on this App."
222019;;"2024-08-15 18:21:03";Good
221955;;"2024-08-16 09:48:02";"NICE APPLICATION"
220259;;"2024-08-19 01:48:46";"Thanx trading view"
220196;;"2024-08-19 14:06:10";❤️
220003;;"2024-08-21 13:44:22";"Good helping 👍"
219941;;"2024-08-22 10:05:12";"Great trading view"
219751;;"2024-08-24 08:35:10";"Superb app for forex trading"
219690;;"2024-08-25 06:30:49";"Great app to go about your analysis."
219503;;"2024-08-27 08:11:05";"Ever since the last update I've not been able to access anything on the App. It keeps showing ""Something went wrong"" I've tried deleting and downloading again but it's still the same situation and it's clearly not a Network problem but it keeps saying it is. So please do something to fix this, I'm certain several other people are experiencing this too."
219443;;"2024-08-27 21:31:41";"One of the best app in the market"
220269;;"2024-08-18 19:52:24";Amazing
219200;;"2024-08-30 13:24:02";Supar
219141;;"2024-08-31 07:24:54";"Best app for trading"
218961;;"2024-09-02 08:32:26";"Very goods excellent"
218903;;"2024-09-02 20:15:46";🥊🥊🥊
215654;;"2024-09-05 21:17:12";"They keep locking more and more features and functionality behind higher subscription tiers. Greed ruins yet another product. Edit: Developer's statement is empty. Many MORE features used to be free but are continually locked away under the subscription and in some cases shifted to higher tiers to squeeze every last nickel from users."
215597;;"2024-09-06 13:34:15";Good
223049;;"2024-08-04 00:38:16";"My best app for my trading analysis"
215367;;"2024-09-10 03:49:19";"Best app for technical analysis"
215311;;"2024-09-10 14:43:12";Great
215141;;"2024-09-12 14:34:00";"Commodity market paper trading not available for trading view platform So please start to all market paper trading."
215086;;"2024-09-13 05:28:53";"hello we need agent solution to this trading platform it's very slow when I try to open small time flames like 1minute and 5minute. wether in the trading view app or website it's the same I have tried it on different phones and computers in different areas but it's still them same please help us with that problem thank you"
218913;;"2024-09-02 19:25:04";Good👍
214865;;"2024-09-16 09:38:24";"Best app"
214811;;"2024-09-16 22:17:55";"The best one out there!"
222301;;"2024-08-12 15:07:50";"TradingView is Very much helpful and amazing for small retailers,,, kindly, allow 3 free indicators,,,as users will love it,,,,,thanks"
214594;;"2024-09-19 10:01:25";"Awesome 😎👍"
214541;;"2024-09-19 22:21:31";"Great app"
214382;;"2024-09-22 08:03:13";"Best app for papar trading"
214330;;"2024-09-22 18:03:01";"Excellent app"
212777;;"2024-09-23 07:08:25";Nice
215151;;"2024-09-12 11:46:07";"Best trading platform"
212569;;"2024-09-25 15:27:37";"Good and smooth to operate."
212517;;"2024-09-26 07:53:27";Good
215152;;"2024-09-12 11:15:16";Perfekt
212314;;"2024-09-29 09:59:10";Great
212263;;"2024-09-30 01:36:25";"Easy to use but if you free 5000 more candles access it will be great"
214603;;"2024-09-19 07:49:52";"Best app"
212065;;"2024-10-02 12:20:03";"Perfect application"
212015;;"2024-10-03 02:35:53";Good
212071;;"2024-10-02 10:18:17";"this is my favourite i like everything about it. its fantastic and smooth. but i have given it 4 stars because we really need deriv Indices on this app please it will a very good feature."
211822;;"2024-10-06 01:12:18";Great
211773;;"2024-10-06 15:48:43";"Nice app"
211724;;"2024-10-07 04:41:32";"Just perfect"
219649;;"2024-08-25 18:55:06";"Great! Never had any problems.."
211537;;"2024-10-09 02:42:42";"Paper trading is not working"
211489;;"2024-10-09 11:05:36";Good
212527;;"2024-09-26 05:35:35";"Best ever for trading. Easy to use, loads of accessories. Love it. Don't know what I would do without it. Thanks TV."
211307;;"2024-10-11 11:13:25";"It has its flaws, but to be honest its so easy to use and chart on. ill use it forever and highly recommend to anyone interested in trading. 5 stars from me. id be lost without it......"
209760;;"2024-10-12 06:58:13";"Best trading app"
209713;;"2024-10-12 18:55:52";"100% TV"
209666;;"2024-10-13 14:41:35";"Simply the best trading app out there"
219651;;"2024-08-25 18:21:56";"Simply the best."
209491;;"2024-10-15 07:20:46";"good app for learning this market moment."
209445;;"2024-10-15 16:59:56";Superb
211973;;"2024-10-03 14:24:58";"Pine editor not working in new update"
221784;;"2024-08-18 15:49:23";Good
209230;;"2024-10-18 02:17:08";"Best App for study market"
209185;;"2024-10-18 11:37:46";"good product"
222995;;"2024-08-04 17:04:10";"Fines chart tradingview"
220203;;"2024-08-19 12:43:48";"Very good support application for trading Wold no- 1 application"
208977;;"2024-10-21 07:45:10";"Very great user interface and tools for great analysis."
208933;;"2024-10-21 16:22:38";"Very good"
209237;;"2024-10-17 22:10:07";"It's a very good app for trading analysis."
218925;;"2024-09-02 16:46:28";"Very good ❤️‍🔥"
208732;;"2024-10-24 05:33:15";"Excellent app"
208689;;"2024-10-24 13:38:33";"Latest update sucks yet again. Why did you get rid of the ""save"" button on the mobile app?!?!"
208647;;"2024-10-25 05:25:43";"good for all markets"
212480;;"2024-09-26 16:34:55";"Nice app"
223070;;"2024-08-03 14:07:32";"V good"
208457;;"2024-10-28 00:20:40";Best
208416;;"2024-10-28 10:30:24";reliable
215050;;"2024-09-13 12:58:55";"Y'all be pumping ads into this app and even the PC version we don't even see the chance to use the app again, can't even tell if it's a trading app or an avenue for pumping ads, the distractions is crazy, how did we get here TV?"
211785;;"2024-10-06 12:31:23";Nice
214347;;"2024-09-22 15:22:15";"Allow 3 indicators in free version"
205167;;"2024-10-31 07:07:55";"I am happy with this"
205128;;"2024-10-31 19:06:08";"Excellent Trading analysis platform, however high price plans are a concern. May be better pricing will attract more premium plan buyers..."
205089;;"2024-11-01 08:14:09";Amazing
212585;;"2024-09-25 11:23:39";"It's great, just make the times less than one minute free along with the bazaar playback"
212331;;"2024-09-29 03:32:26";"The best app in the market but require little improvement like locking of indicators on chart, option chain etc"
222519;;"2024-08-09 17:11:00";"5 ⭐"
204880;;"2024-11-04 01:47:51";"Very informative app... But website better then app"
204842;;"2024-11-04 09:56:10";"jeet ghosh"
204804;;"2024-11-04 19:05:02";"This app changed my life! 5 up 3 down count the Elliott waves! ""Markets can remain irrational longer than you can remain solvent"" - R.N Elliott"
209680;;"2024-10-13 09:02:51";Good
218929;;"2024-09-02 15:39:38";"Very good"
204642;;"2024-11-06 13:43:18";"Very good"
204605;;"2024-11-06 22:13:21";Good
204568;;"2024-11-07 08:57:29";"Very helpful"
205098;;"2024-11-01 05:13:08";Good
221964;;"2024-08-16 07:36:17";Great
219972;;"2024-08-22 03:57:26";"Best analysis app to use when trading"
204378;;"2024-11-09 17:55:14";"Goated app of the century.. 🐐"
204342;;"2024-11-10 07:33:31";"Nice trading platform"
204306;;"2024-11-10 15:16:02";👍👍
205060;;"2024-11-01 13:18:54";Good
211742;;"2024-10-07 00:09:45";"Best app for analysis But the recent update has been a trash Since yesterday i can see chart or any data from the app Mostly i get this message that said ""Sorry, an error occured Oops! Something went wrong Reload"""
219660;;"2024-08-25 14:45:58";"Very good"
204125;;"2024-11-12 09:33:15";"Good day. Please assist me to navigate to the sound and/or notification settings in mobile app. I want to change the tone and type of notification. This cannot be done in my app settings on Samsung."
204089;;"2024-11-12 17:53:09";"Good platform"
204053;;"2024-11-13 05:22:28";"The charts kind of freeze for the last few weeks on my samsung tablets. They get stuck and do not move, I have to close the app and restart it and it again freezes after a few minutes. can u look into this please"
204614;;"2024-11-06 19:24:39";"Immaculate experience"
214826;;"2024-09-16 17:09:33";"It's doesn't want me to analyze my chart I don't know why"
215625;;"2024-09-06 07:50:44";Good
203877;;"2024-11-15 07:41:59";"The platform is great there's a little interference when I trade on the platform. And it sounds rude and disturbing"
203841;;"2024-11-15 16:19:23";🥰
203805;;"2024-11-16 04:20:50";"just yes"
202269;;"2024-11-16 15:12:34";Awesome
209155;;"2024-10-18 17:16:40";"Pretty Good"
208662;;"2024-10-24 23:16:11";"Excelent a0"
212592;;"2024-09-25 10:40:25";"It is great opportunity"
222524;;"2024-08-09 16:10:54";"Very beautiful"
202067;;"2024-11-19 10:24:20";"Very nice"
202032;;"2024-11-19 15:46:47";Good
201997;;"2024-11-20 04:10:44";"This up help me to exercise the market more than any app but some apps are good at making order on trading view ordering is lettel bit hard just by units if they can change it to lot size they will have more customers to order on ther platform or apps"
204316;;"2024-11-10 12:31:11";"Without it, trading is nightmare"
222299;;"2024-08-12 15:32:44";"excellent for trading"
214619;;"2024-09-19 04:57:32";"Its currently the best trading app with lots of benefits"
201841;;"2024-11-21 23:21:21";Like
201807;;"2024-11-22 08:15:39";"The best"
201773;;"2024-11-22 13:53:07";Amazing
201739;;"2024-11-23 02:15:01";"I love TradingView!!!"
204063;;"2024-11-13 03:59:21";"Awesome app"
208664;;"2024-10-24 22:53:53";Masssive
212490;;"2024-09-26 14:57:20";Good
221993;;"2024-08-16 02:59:28";👍👌
201561;;"2024-11-25 16:14:44";Exceptional
201528;;"2024-11-26 01:14:59";"Good app. Expensive subscription though."
201495;;"2024-11-26 07:40:51";"Nice one...best app for analysing Trading...."
201781;;"2024-11-22 12:44:19";"Good but pricing for individuals is very high. If someone needs very less indicators and more screens"
204581;;"2024-11-07 06:26:48";"Good 👍 job"
215103;;"2024-09-13 01:19:58";"The app is good, but it doesn't have future graph, it would be great if it had"
214840;;"2024-09-16 14:41:39";"Good Aplication"
201329;;"2024-11-28 18:58:52";"Nice 👍"
201297;;"2024-11-29 10:16:28";"Very nice"
186880;;"2025-02-02 05:54:03";"Good app for learn trading"
186881;;"2025-02-02 05:21:16";"Exceptional 👌🏽"
186882;;"2025-02-02 04:40:37";"Very nice app for trading 🥸"
186883;;"2025-02-02 04:21:51";"All in one, bestest app"
186884;;"2025-02-02 04:01:40";"It is best app to see makers"
186885;;"2025-02-02 03:55:37";"Wonderfull app"
186886;;"2025-02-02 03:12:12";"vry good app"
186887;;"2025-02-02 03:11:03";Superb
186888;;"2025-02-02 02:57:52";"The app is very useful"
186889;;"2025-02-02 02:45:01";"It's a awesome platform to track stock market movements"
186890;;"2025-02-02 02:17:11";"Thank you trading view"
186891;;"2025-02-02 02:13:57";"It is a really good"
186892;;"2025-02-01 23:47:43";"I'm a premium member and having a hard time understanding why it's so hard to contact live support, like you used to say we got. Not I get the runaround in a question and answer tree. There's no way to actually email anyone and if there is, it's not apparent. Think twice about dropping the $$$ for the membership. The support isn't there."
186893;;"2025-02-01 23:32:46";"Blank screens, data stealing, paid liar reviews. Credit card info, login credentials not safe."
186894;;"2025-02-01 22:33:40";Super
186895;;"2025-02-01 22:30:42";"Nice app but for premium members"
186896;;"2025-02-01 22:06:15";"Bagus ❤️👍"
186897;;"2025-02-01 21:50:07";"thumbs up! technical analysis even on free trial!"
186898;;"2025-02-01 20:13:25";Best
186899;;"2025-02-01 20:08:16";"Nice platform"
186900;;"2025-02-01 19:37:39";Great!
186901;;"2025-02-01 19:33:38";"Fair. But would like if the rectangle be divided into quadrants."
186902;;"2025-02-01 19:33:03";"Мне все нравится."
186903;;"2025-02-01 19:08:38";"Ok ok hai"
186904;;"2025-02-01 18:54:20";Gajab
186905;;"2025-02-01 18:44:23";"Can u check, the candlestick is opposite, Told customer care they are saying I should be a premium customer before I can reach out to support that's very bad because what I am asking will benefit everybody not only me, everybody should be able to reach out to customer care no matter if u aren't a premium user.Edit:created another email don't know what I was told to do will work, pls do u all have sol, btc, eth, and xrp the max of them pls"
186906;;"2025-02-01 18:26:36";"The best view i have had"
186907;;"2025-02-01 18:26:13";"nice app"
186908;;"2025-02-01 17:22:09";"Good app 😍😍"
186909;;"2025-02-01 17:17:21";"Best app"
186910;;"2025-02-01 15:33:29";Best
186911;;"2025-02-01 15:31:14";"sometimes the chart freeze and it caused me alot of loss"
186912;;"2025-02-01 15:22:34";Good
186913;;"2025-02-01 15:11:46";"Best app in the world 🌎"
186914;;"2025-02-01 15:10:37";"Obviously best but premium is problem"
186915;;"2025-02-01 15:04:48";excellent
186916;;"2025-02-01 14:45:25";"It's great but my chart is not working, how do I solve the problem?"
186917;;"2025-02-01 14:40:52";"Nice app"
186918;;"2025-02-01 14:40:37";"Good work"
186919;;"2025-02-01 14:34:51";"Best trading app by far"
186920;;"2025-02-01 13:45:18";"No better platform to get a good glimpse of the market"
186921;;"2025-02-01 13:24:12";Nice
186922;;"2025-02-01 12:53:27";"Since the last update charts are no longer loading at all"
186923;;"2025-02-01 12:02:54";"Best for chart reading"
186924;;"2025-02-01 11:58:35";"Very good..."
186925;;"2025-02-01 11:53:55";"Good im Good trader"
186926;;"2025-02-01 11:11:41";"It's good because there is no other . So it's expensive and there are so many tools which are not too useful."
186927;;"2025-02-01 09:36:27";"Good 👍"
186928;;"2025-02-01 09:31:25";"Nice app"
186929;;"2025-02-01 09:14:48";"I love 💕"
186930;;"2025-02-01 08:52:42";"Best app on the world"
186931;;"2025-02-01 08:47:26";"May be life changing app for someone"
186932;;"2025-02-01 08:46:20";"It makes me understand what am doing more"
186933;;"2025-02-01 08:39:36";"बहुत ही बडिया हे"
186934;;"2025-02-01 08:30:01";Good
186935;;"2025-02-01 08:20:32";"Very Use full"
186936;;"2025-02-01 08:03:26";Nice
186937;;"2025-02-01 07:42:17";"Worst app, don't go for paid service , totally waste of money even stock broker provide much better charting software. Very disappoint and tot6waste of money"
186938;;"2025-02-01 06:11:33";"Good 👍"
186939;;"2025-02-01 05:44:52";"Bank nifty and nifty data not showing error come 24 hour interval how can I solve that problem"
186940;;"2025-02-01 05:23:11";Good
186941;;"2025-02-01 04:35:46";"Best app in the world"
186942;;"2025-02-01 04:34:36";"Amazing app only problem is navigating the settings for the charts and other things"
186943;;"2025-02-01 04:26:11";"Nice aap"
186944;;"2025-02-01 04:24:17";"Good working"
186945;;"2025-02-01 04:22:34";"Awesome platform 👏👍👏"
186946;;"2025-02-01 04:18:11";"It's helpfull"
186947;;"2025-02-01 04:08:24";"TradingView is an excellent charting platform for traders and investors. It offers a clean interface, powerful indicators, real-time data, and a strong community for market insights. While the free version is great, some advanced features require a subscription. Overall, it's a must-have for technical analysis."
186948;;"2025-02-01 03:38:01";"News update for NSE & BSE STOCK MARKET INDIA IS VERY POOR NEED IMPRUVMENT"
186949;;"2025-02-01 02:45:19";"I have soo much best experience with this app"
186950;;"2025-02-01 02:45:13";Best
186951;;"2025-02-01 02:44:17";"It's been absolutely amazing using tradingview"
186952;;"2025-02-01 02:39:14";"Best for trading and analysing chart"
186953;;"2025-02-01 02:36:43";"Good experience"
186954;;"2025-02-01 02:10:03";"GREAT INTERFACE"
186955;;"2025-02-01 01:40:28";"The only app you need for technical analysis."
186956;;"2025-02-01 01:30:08";"fitur lengkap"
186957;;"2025-02-01 01:18:15";Perfect
186958;;"2025-02-01 01:13:52";Super
186959;;"2025-02-01 01:13:48";"Nice 👍"
186960;;"2025-02-01 01:12:14";Good
186961;;"2025-01-31 23:26:41";"Greatest app"
186962;;"2025-01-31 22:43:11";"Nice trader"
186963;;"2025-01-31 22:26:10";"Just super"
186964;;"2025-01-31 22:08:25";"Give it a try."
186965;;"2025-01-31 21:41:53";"Last updated it's bad 👎"
186966;;"2025-01-31 21:25:02";"Amazing app"
186967;;"2025-01-31 20:36:27";"I love it"
186968;;"2025-01-31 20:35:30";"Very good"
186969;;"2025-01-31 20:22:55";Good
186970;;"2025-01-31 19:41:38";"Real time data"
186971;;"2025-01-31 19:33:08";"Makes trading easy"
186972;;"2025-01-31 19:16:19";Fast
186973;;"2025-01-31 19:06:08";super
186974;;"2025-01-31 18:57:22";"Accuracy is really good 👍"
186975;;"2025-01-31 18:48:57";Wow
186976;;"2025-01-31 18:44:52";"Please add again separate notification tone option in app ,this helps to get indicator alert right timing"
186977;;"2025-01-31 18:32:54";"Too much ads. Too expensive. I would only consider to buy only if I get a lifetime subscription for max 100 USD. Don't get fooled, don't buy any monthly subscription! Stop spamming the ads. I will give you 0 anyway."
186978;;"2025-01-31 18:14:44";Excellent
186979;;"2025-01-31 18:02:26";Best
186980;;"2025-01-31 17:58:48";"One of the best app"
186981;;"2025-01-31 17:54:47";Great
186982;;"2025-01-31 17:52:23";"Great performance. I will give you the 5 Stars as long as you guys don't change negatively"
186983;;"2025-01-31 17:49:39";Good
186984;;"2025-01-31 17:26:41";good
186985;;"2025-01-31 17:26:04";"awesome app.!!!!! 😀😀😀😀😀😀"
186986;;"2025-01-31 16:59:11";Nice
186987;;"2025-01-31 16:59:10";"Best trading app ever!!!"
186988;;"2025-01-31 16:56:39";"Very bad"
186989;;"2025-01-31 16:52:45";"Solid platform"
186990;;"2025-01-31 16:41:16";Nice
186991;;"2025-01-31 16:37:26";"Very good Trading app"
186992;;"2025-01-31 16:19:18";GooooooooD
223246;;"2024-08-01 14:44:11";Ok
223034;;"2024-08-04 05:49:05";"Helpful and powerful"
222825;;"2024-08-06 06:50:44";Perfect
222757;;"2024-08-06 20:58:05";"Best decision by far for my trading experience"
222551;;"2024-08-09 08:49:02";Good
222484;;"2024-08-10 06:28:44";"Super Services"
222282;;"2024-08-12 18:24:46";"The best❤️❤️"
222217;;"2024-08-13 09:46:45";"Is just good if you know what you doing. But it's good app I recommend it"
222018;;"2024-08-15 18:37:39";"Best app for Trading Analysis"
221954;;"2024-08-16 10:04:00";"this app always does not work and locks. it just requests to be premium. it has a lot of ad. i leave tradingview and use investing application. that's better"
220258;;"2024-08-19 02:02:16";"Useful app"
220195;;"2024-08-19 14:11:47";"Very good for analysising of trades and has very helpful tools 🔥📉📊"
220002;;"2024-08-21 14:03:55";"Was getting spammed a popup to upgrade my plan every minute now i can't even close the ad anymore app is unusable as it blocks half the screen, tried clearing cache/data and uninstalling reinstalling. The ad just has a grey background and is missing the x to close"
219940;;"2024-08-22 10:22:52";"Very good tool"
219750;;"2024-08-24 08:43:54";Good
219689;;"2024-08-25 06:36:33";"V nice app trading"
219502;;"2024-08-27 08:46:49";"The best app ever"
219442;;"2024-08-27 21:46:31";"The best of the best."
221966;;"2024-08-16 06:55:00";"Nice app"
219199;;"2024-08-30 13:24:47";"Best app for omni view."
219140;;"2024-08-31 07:54:32";Good
218960;;"2024-09-02 08:42:05";"Good but subscription price is not affordable"
218902;;"2024-09-02 20:19:23";"Everything is good so far. Nevertheless, nothing is absolute. There's more room for improvement. Cheers"
215653;;"2024-09-05 23:06:40";"I can't search for an asset. I keep getting this error message: error on GET https...."
215596;;"2024-09-06 13:40:48";"Great app..."
219953;;"2024-08-22 07:56:45";"Good Application"
215366;;"2024-09-10 04:04:05";Exilant
215310;;"2024-09-10 14:45:28";Good
215140;;"2024-09-12 14:43:30";"Best app"
215085;;"2024-09-13 05:34:43";super
218971;;"2024-09-02 06:46:31";Impressive
214864;;"2024-09-16 09:43:25";"It's great 👍 costly but I get why they need to charge"
214810;;"2024-09-16 23:20:46";"Very good"
222505;;"2024-08-09 20:04:47";Great
214593;;"2024-09-19 10:02:32";"Cool app for TA"
214540;;"2024-09-19 23:25:47";"ACHA ha bs"
214381;;"2024-09-22 08:14:20";Nict
214329;;"2024-09-22 18:27:27";"Best viewing app ever"
212776;;"2024-09-23 07:16:18";"Best on the market"
215322;;"2024-09-10 12:41:44";"Excellent app for study charts...."
212568;;"2024-09-25 15:32:40";"I like this future chart"
212516;;"2024-09-26 08:18:50";👍
215323;;"2024-09-10 12:29:25";"Nice experience"
212313;;"2024-09-29 10:06:54";Good
212262;;"2024-09-30 02:13:16";nice
220205;;"2024-08-19 12:30:35";"My preferred app for paper trading & monitoring the stock movement. Excellent features and user-friendly design. However, the stock update of the widget is a lengthy delay."
212064;;"2024-10-02 12:20:08";"pretty informative."
212014;;"2024-10-03 02:48:24";"This is the best, I was doing losses in most of my trades, but now I see the light..."
212576;;"2024-09-25 13:50:30";"Good charts, paper trader is awful. Best charting app for Android I've seen. My gripe is the paper trader sucks. I try to put in an order for DOLLAR amount it keeps putting in some wacko high amount way above whay I put in and then the order is put in and closed immediately for a loss and the values aren't even close to what I put in. It also seems to keep the price at where I start to make the order and so if it has changed since then it acts like I put it in before the price change. So dumb!"
211821;;"2024-10-06 02:23:36";"Last update stuck on coin no longer listed.now i can't see any graphs"
211772;;"2024-10-06 16:19:19";"Very helpful app."
211723;;"2024-10-07 04:51:58";"very good chart and information also accurate"
219710;;"2024-08-24 23:10:06";Great
211536;;"2024-10-09 02:51:54";"Always great"
211488;;"2024-10-09 11:38:08";"Awesome application"
212579;;"2024-09-25 12:52:08";nice
211306;;"2024-10-11 12:00:36";"helpfull ap"
209759;;"2024-10-12 07:04:01";"Every traders first requirement is this"
209712;;"2024-10-12 19:35:50";Awsm
209665;;"2024-10-13 15:03:15";"Massive app"
219712;;"2024-08-24 20:34:36";Nice
209490;;"2024-10-15 07:45:16";"Such a good app"
209444;;"2024-10-15 17:05:48";"Love it. Must have."
211497;;"2024-10-09 09:36:05";"Amazing App to use♥️"
221981;;"2024-08-16 04:13:26";"Good👍 BBB:bbbb"
209229;;"2024-10-18 02:40:38";good
209184;;"2024-10-18 11:46:39";👌
223256;;"2024-08-01 13:11:56";Good
220222;;"2024-08-19 08:05:12";Excellent
208976;;"2024-10-21 07:53:35";"Goda akhri h a application"
208932;;"2024-10-21 16:23:08";"as reference is ok but comfortabe more at PC"
219465;;"2024-08-27 15:34:40";"The best app for becoming billionair"
218983;;"2024-09-02 04:48:21";"I am satisfy 🥰🙏"
208731;;"2024-10-24 06:01:53";"Enhanced trading experience"
208688;;"2024-10-24 13:56:32";"Trading view is one of the best platform where I am working. I suggest all of you to invest your funds safely here and receive profit on daily basis their interface is very good looking and easy to handle I am very impressed by this platform and working here pleasantly and receiving profit on daily base."
208646;;"2024-10-25 05:45:41";"Invaluable tool for investors!"
212532;;"2024-09-26 04:51:07";"For trading one must use this application"
208497;;"2024-10-27 09:19:20";"ada bug mengganggu yang ga menyimpan analisa dan indikator2 terakhir yang diterapkan"
208456;;"2024-10-28 01:09:35";"Hate the new changes they did to the mobile app. Wish there was an option where I could revert back to the older setup."
208415;;"2024-10-28 10:33:59";Good
208898;;"2024-10-22 03:54:42";"Vary good Thankyou"
208656;;"2024-10-25 02:09:05";good
222497;;"2024-08-10 02:07:05";Great
205166;;"2024-10-31 07:24:57";Goooooooood
205127;;"2024-10-31 19:27:55";"I would give 5 star if trading view would have allowed us to use three free indicators for free account."
205088;;"2024-11-01 08:18:58";"Great App you can't go wrong with your trading"
208384;;"2024-10-28 18:03:32";"best trading app ever"
212483;;"2024-09-26 15:51:51";Best
222725;;"2024-08-07 05:45:00";"Useful yet free apps for financial business"
204879;;"2024-11-04 02:36:02";"Nice interface with plenty if features"
204841;;"2024-11-04 09:56:17";"Cause you can do your analysis perfectly so💓🤗👍"
204803;;"2024-11-04 19:17:26";"It often like requires me to uninstall and reinstall again, otherwise the pairs won't be displayed, what could be the challenge?"
209727;;"2024-10-12 15:15:19";"Great app"
218987;;"2024-09-02 04:29:16";"Bestest for trading"
204641;;"2024-11-06 13:45:33";"this is amazing 😍😍😍"
204604;;"2024-11-06 22:16:09";"But too many aDs in free version"
204567;;"2024-11-07 08:58:13";"Navigate and trade with ease view 📈📉 charts conveniently"
205137;;"2024-10-31 15:37:05";"Nice Experience"
211983;;"2024-10-03 12:17:12";"There's nothing better"
220165;;"2024-08-19 22:37:57";Fantastic
204377;;"2024-11-09 18:23:51";"It's a great app"
204341;;"2024-11-10 07:33:49";"The app is very good"
204305;;"2024-11-10 15:28:06";Excellent
205099;;"2024-11-01 05:07:18";"Nice app"
211791;;"2024-10-06 11:43:43";"Good app"
219721;;"2024-08-24 17:12:56";Good
204124;;"2024-11-12 09:50:55";"Found some issues when trying to manually move stop loss by editing the risk in dollar, it doesn't let me cahnge it at all"
204088;;"2024-11-12 18:01:04";"Love it, man! May God bless its developers!"
204052;;"2024-11-13 05:26:42";Better
204651;;"2024-11-06 12:19:26";"Pine editor is useless. Can't add to chart or save it"
209683;;"2024-10-13 08:08:51";Excellent
219452;;"2024-08-27 17:56:13";"Great app"
203876;;"2024-11-15 08:29:38";Good
203840;;"2024-11-15 16:27:57";"Thanks to your advice. Basically I'm using two browser that cause misunderstanding. I reinstall chrome and the chart problem has fixed now."
203804;;"2024-11-16 04:35:38";Good
202268;;"2024-11-16 15:30:58";"Trader's heart❤️ ""TV"""
204314;;"2024-11-10 13:28:42";"Tradingview is the best and my favorite trading app. This latest version is more easier to navigate than the previous version."
208704;;"2024-10-24 11:30:39";Good
212748;;"2024-09-23 13:12:41";"app is awesome"
222730;;"2024-08-07 04:56:24";"Amazing 😍🤩"
202066;;"2024-11-19 10:45:07";"It is easy to navigate"
202031;;"2024-11-19 15:49:53";"the news does not open since the last update... nothing happens when you click on the title..."
201996;;"2024-11-20 04:18:58";"Previously I used to like this app but now it sucks because we can't able to see past data . For watching past data now we need premium, we can't use more than 2 indicator and . Now i think it's time to switch for Go charting rather than tradingview. Trading view only care for money. They have become greedy day by day ."
204352;;"2024-11-10 04:20:56";"Very good"
209157;;"2024-10-18 17:03:04";Osm
214818;;"2024-09-16 19:41:38";"I love the user interface a great deal. Still exploring can't talk much about the service for now cos I'm new to this space, but from what I've seen is a lot of work, thoughts and effort that has gone into building this app. 👍"
201840;;"2024-11-21 23:32:19";"Great 👍"
201806;;"2024-11-22 08:16:53";"Make trading analysis easier. Amazing app"
201772;;"2024-11-22 14:47:34";"Help me to trade"
201738;;"2024-11-23 03:33:31";"Simply simple"
204099;;"2024-11-12 16:12:52";"Great 👌"
208706;;"2024-10-24 11:12:52";"Big like"
212542;;"2024-09-26 03:14:58";"Its a very helpful app for traders"
222057;;"2024-08-15 08:46:38";"Best app"
201560;;"2024-11-25 16:15:20";"Chart are not shown ....very bad experience"
201527;;"2024-11-26 01:20:33";"The best trading apps"
201494;;"2024-11-26 08:36:09";"Useful for daily trader"
201815;;"2024-11-22 06:41:28";"I really like it."
204618;;"2024-11-06 17:35:17";Nice
209419;;"2024-10-16 02:26:39";"Awesome App"
214894;;"2024-09-16 02:56:23";Good
201328;;"2024-11-28 19:28:14";"Very good app"
201296;;"2024-11-29 10:28:30";Perfect
187136;;"2025-01-30 05:53:39";good
187137;;"2025-01-30 05:36:36";"Very useful"
187138;;"2025-01-30 05:22:56";Good
187139;;"2025-01-30 05:15:19";👌
187140;;"2025-01-30 05:11:40";"Heaven for traders"
187141;;"2025-01-30 05:09:32";"It's the best app for market analysis"
187142;;"2025-01-30 04:59:30";Best
187143;;"2025-01-30 04:31:29";"Theek hai more screneer need work"
187144;;"2025-01-30 04:11:34";Good
187145;;"2025-01-30 04:04:55";Best
187146;;"2025-01-30 03:43:07";"Great app to look at your trading charts or cos....many features are provided which makes your technical screening easy"
187147;;"2025-01-30 03:35:51";"Fantastic app"
187148;;"2025-01-30 03:23:24";Good
187149;;"2025-01-30 03:09:38";"TradingView's interface is so frustrating when changing scrips/timeframes. Instead of a 4h switch, it switched randomly near to 1 hour sometime 1 day. like scrolling up and down randomly, making the experience horrible. You have to carefully scroll the time frame to get perfect. Needs serious improvement for seamless usability. Please make it shortcut like web version."
187150;;"2025-01-30 02:54:07";"Super hero 💪"
187151;;"2025-01-30 02:48:49";"Bast aap for stock"
187152;;"2025-01-30 02:34:36";"The best trading app"
187153;;"2025-01-30 02:20:13";"Very usefull"
187154;;"2025-01-30 02:00:33";Excelente
187155;;"2025-01-30 01:57:53";Good
187156;;"2025-01-30 01:47:42";"Basic need for traders"
187157;;"2025-01-30 01:41:26";Excellent
187158;;"2025-01-30 01:35:59";"Really this is a bad application 👎"
187159;;"2025-01-30 01:27:20";"Best & Amazing If Can Give Some More Fetures For Free ..🙂 Or Discounts"
187160;;"2025-01-30 01:23:47";"Awasome app"
187161;;"2025-01-30 00:46:41";Good
187162;;"2025-01-30 00:16:39";Good
187163;;"2025-01-30 00:15:36";"I like to have an overview of the markets."
187164;;"2025-01-30 00:14:10";Good
187165;;"2025-01-29 23:44:53";"Excellent App"
187166;;"2025-01-29 22:36:42";"Best charting app so far"
187167;;"2025-01-29 22:06:49";"My account is premium and now i cant find drawing tool in my mobile android version, out of sudden, what happened!"
187168;;"2025-01-29 21:32:36";"Best tools for trading"
187169;;"2025-01-29 21:14:23";good
187170;;"2025-01-29 20:44:33";"The rectangle isn't working, just please fix it, when i draw it it extends on the left all the wayyy.. I can't work properly without it (only on phone this bug) (UPDATE) It was my mistake, after the update app feels extremely smooth, like always, I'd rate the app with more stars if that was possible 😁"
187171;;"2025-01-29 20:43:23";"This app kill your emotion But build your future"
187172;;"2025-01-29 20:19:06";Cool
187173;;"2025-01-29 20:16:36";"❤️the best"
187174;;"2025-01-29 20:11:53";"Hey sir can you add exness broker plz"
187175;;"2025-01-29 20:09:06";Superb
187176;;"2025-01-29 20:03:48";"Good oooohhh"
187177;;"2025-01-29 19:50:36";Good
187178;;"2025-01-29 19:45:34";"Perfect for experts"
187179;;"2025-01-29 18:27:52";Good
187180;;"2025-01-29 18:25:59";🥰
187181;;"2025-01-29 18:09:23";"Wide range of datas and accurate charts.Trading view charts more and most helpful to me. Also real-time data is wonderful."
187182;;"2025-01-29 18:01:51";"V good"
187183;;"2025-01-29 17:57:04";"How tf open-ended alert can be expired with premium account?"
187184;;"2025-01-29 17:52:42";Great!
187185;;"2025-01-29 17:48:39";"Best app"
187186;;"2025-01-29 17:40:43";"Very easy and fast it is good......"
187187;;"2025-01-29 16:57:59";"This application is not complete accessible for blind users who are using TalkBack for example a blind user is not able to set a price alert"
187188;;"2025-01-29 16:57:36";"Best platform"
187189;;"2025-01-29 16:35:47";"Good good"
187190;;"2025-01-29 16:02:48";"User friendly"
187191;;"2025-01-29 16:00:34";"Chart is not working at all.. very disappointed ☹️... I wanted to buy premium membership but it is waste of money"
187192;;"2025-01-29 15:59:19";"Very useful"
187193;;"2025-01-29 15:52:20";"Best App for traders. No other App can come even closer."
187194;;"2025-01-29 15:48:39";"Loving it"
187195;;"2025-01-29 15:43:44";"I am feeling good because I have not opened an account in it yet because I am not able to get any information about brokerage"
187196;;"2025-01-29 15:43:12";"All types of rations not given"
187197;;"2025-01-29 15:41:57";"Very useful application for chart analysis"
187198;;"2025-01-29 15:33:23";"It's a great app, it does exactly what it's supposed to, and more.Network timeouts happen too often on my end, even when I can use my internet elsewhere. Most especially on the desktop app."
187199;;"2025-01-29 15:32:02";"Just the best"
187200;;"2025-01-29 15:14:17";"I love this appp It is the best 💗💗💗💗💗💗💗💗💗💗💗💗💗💗💗"
187201;;"2025-01-29 15:14:13";"Very good app"
187202;;"2025-01-29 15:05:49";Excellent
187203;;"2025-01-29 14:26:35";"The best trading platform ever exist i recommend this app for all traders all in world 🌎"
187204;;"2025-01-29 14:25:04";Good
187205;;"2025-01-29 14:19:00";"plz give exness chart , every thing else top notch exness broker chart for forex trading"
187206;;"2025-01-29 14:07:42";"Created strategy thats not even triggering whats the use of paid version"
187207;;"2025-01-29 14:05:23";great
187208;;"2025-01-29 14:02:57";"Thank you very much 😊"
187209;;"2025-01-29 14:02:45";"Works perfectly fine"
187210;;"2025-01-29 14:01:23";"I don't have a word"
187211;;"2025-01-29 13:23:48";"The best app"
187212;;"2025-01-29 13:18:12";Nice
187213;;"2025-01-29 13:02:33";Good
187214;;"2025-01-29 13:00:35";"An excellent source of information"
187215;;"2025-01-29 12:56:28";Exceptional
187216;;"2025-01-29 12:50:32";Amazing
187217;;"2025-01-29 12:44:19";"Trading view team please free for chart reply option 😔"
187218;;"2025-01-29 12:38:47";"Good platform"
187219;;"2025-01-29 12:35:56";"it's fine"
187220;;"2025-01-29 12:32:33";"Good app"
187221;;"2025-01-29 12:30:12";Good
187222;;"2025-01-29 11:37:19";Good
187223;;"2025-01-29 11:10:03";"Best trading and learning app"
187224;;"2025-01-29 10:39:16";"The app is good but it seems the pairs have different directions with the one in meta trader 5"
187225;;"2025-01-29 09:43:01";Super
187226;;"2025-01-29 09:12:05";"This app is annoying now. Everything is buggy"
187227;;"2025-01-29 08:59:21";"The best 👌"
187228;;"2025-01-29 08:50:55";"Great app."
187229;;"2025-01-29 08:40:25";"Best app for financial markets analysis"
187230;;"2025-01-29 08:26:58";"In US market, another app show pre market stock price advance in 1:30 PM (indian time).. But trading view show pre market price lately.... After 3-4 PM (indian time).... Kindly update.. So that we can invest US market from India before 3 PM"
187231;;"2025-01-29 08:23:28";"Best 👌💯"
187232;;"2025-01-29 08:22:53";"Valuable facts found by MoizWordpress"
187233;;"2025-01-29 08:11:25";"Does its job right"
187234;;"2025-01-29 08:10:40";"Nice working"
187235;;"2025-01-29 07:20:44";Good
187236;;"2025-01-29 07:20:19";"This is very excellent app no need to explain"
187237;;"2025-01-29 06:58:58";"Very excellently Performance"
187238;;"2025-01-29 06:13:45";"Supar app"
187239;;"2025-01-29 06:11:42";"I like this app ui design and I'm also a ui designer."
187240;;"2025-01-29 06:00:38";"good apps😊"
187241;;"2025-01-29 05:49:34";"Cryptos grt experience u can find at trending view only"
187242;;"2025-01-29 05:38:18";"Trading view are good for all crypto traders."
187243;;"2025-01-29 05:37:41";Excellent
187244;;"2025-01-29 05:36:56";Thankyou
187245;;"2025-01-29 05:31:22";"Trading View is very useful App"
187246;;"2025-01-29 05:31:08";"Best aplication"
187247;;"2025-01-29 05:28:21";"Love how the platform is easy to use"
187248;;"2025-01-29 05:17:22";❤️❤️❤️
223245;;"2024-08-01 14:45:38";Nice
223033;;"2024-08-04 06:02:16";"For analysis,, best app"
222824;;"2024-08-06 07:19:25";Best
222756;;"2024-08-06 21:01:54";Nice
222550;;"2024-08-09 08:54:10";"You guys are doing a great job, just keep up with the good work"
222483;;"2024-08-10 06:59:50";"Best app"
222281;;"2024-08-12 18:34:57";Good
222216;;"2024-08-13 09:47:44";"Super like. Thumbs up for the great work! Keep invigorating"
222017;;"2024-08-15 19:02:06";"Crashing on my Motorola faster and more frequently than a dei hire at work."
221953;;"2024-08-16 10:05:44";"Best app for browsing charts."
220257;;"2024-08-19 02:06:01";"Very good"
220194;;"2024-08-19 14:16:14";"Trading view can y'all stop constantly putting the add at the bottom of the screen. Once I cross it off it comes back within 5 mins and is so annoying like if I crossed it off once what makes you think im gonna agree to the add and buy premium lol"
220001;;"2024-08-21 14:24:37";"draining so much battery for only viewing chart"
219939;;"2024-08-22 10:23:00";"You can do better"
219749;;"2024-08-24 08:52:15";Excellent
219688;;"2024-08-25 06:58:37";Okay
219501;;"2024-08-27 09:18:55";"The best"
219441;;"2024-08-27 21:59:40";"Great app, really good. Could do with the paper trading on mobile having more refinement though, it seems to go immediately into the green as a profit when price hasn't moved and also closes positions without notice or reason at times. Regardless, this is a great app, hope to utilise the paid version in near future along with market data."
222030;;"2024-08-15 16:12:39";"Your app used to be very good but since you guys updated the app it no longer function properly. I can no longer adjust the size of the chart the way I will understand what is going on in the market because the charts are stretched out horizontally. Please you guys should work on that."
219198;;"2024-08-30 13:27:07";Nice
219139;;"2024-08-31 08:02:29";"This app is best"
218959;;"2024-09-02 08:51:22";Good
218901;;"2024-09-02 21:01:33";"It's user friendly and integration in near perfection."
215652;;"2024-09-06 00:44:28";"Very very excellent app"
215595;;"2024-09-06 14:13:35";"This is not working properly in mobile"
220015;;"2024-08-21 12:18:14";Cool
215365;;"2024-09-10 04:06:06";"Is this only for the US? Can't this be used for trading in India?"
215309;;"2024-09-10 15:02:32";"nice apps"
215139;;"2024-09-12 14:47:45";Exceptional
215084;;"2024-09-13 06:17:39";Good
219152;;"2024-08-31 04:11:12";"Best for traders"
214863;;"2024-09-16 09:54:33";"Make Groww broker and Delta Exchange India available for trading in the app. I have been waiting for so long, thought u guys would do it eventually but... Please atleast add delta exchange india"
214809;;"2024-09-16 23:36:43";"Good experience"
222572;;"2024-08-09 03:27:01";"Best app for graf"
214592;;"2024-09-19 10:17:54";"Very good"
214539;;"2024-09-20 00:05:05";Good
214380;;"2024-09-22 08:15:02";"Great App. But,recently, I observed an error in charts in Egypt stocks market. It shows the open price of the day as the closing price of the day before, despite the real opening price is different. E.g., AMOC, PRCL and PHDC."
214328;;"2024-09-22 18:30:53";Op
212775;;"2024-09-23 07:17:22";"It's a perfect app a trader needs"
215378;;"2024-09-09 23:24:05";"Very good"
212567;;"2024-09-25 15:47:03";"Helps me in my trades"
212515;;"2024-09-26 08:44:16";Best
215379;;"2024-09-09 20:58:52";"This app is very good but it's need sudden full screen shortcut and papertrade also help if it's including application ads can't close in applications so much irritating ads can't close in single click because of a small close botton when I click close pramotion ad open only"
212312;;"2024-09-29 10:29:17";Good
212261;;"2024-09-30 02:23:15";"Ok good"
214822;;"2024-09-16 18:42:40";"Is it possible to do backtesting of a strategy using a phone? I would be nice if it was possible to backtest using a phone"
212063;;"2024-10-02 12:24:46";👍
212013;;"2024-10-03 04:54:54";"Very nice I am happy with trading"
212270;;"2024-09-29 22:18:41";Excellent
211820;;"2024-10-06 02:40:23";"Good ..."
211771;;"2024-10-06 16:30:50";"Please ad a trailing stop order option."
211722;;"2024-10-07 05:00:41";"Beautiful and usefully program for beginers"
220267;;"2024-08-18 21:25:27";"Best app for chart study"
211535;;"2024-10-09 03:11:59";"Amazing app with lots of features. Highly appreciated. Good work trading view team."
211487;;"2024-10-09 11:39:50";"It's a good trading inalesies app"
214283;;"2024-09-23 06:20:28";"The chart don't work any more even with 4g internet"
211305;;"2024-10-11 12:12:44";Good
209758;;"2024-10-12 07:07:24";"Very nice app"
209711;;"2024-10-12 20:13:11";"The best at it all"
209664;;"2024-10-13 15:29:47";👌👌👌
220010;;"2024-08-21 13:05:31";"Awesome application for charts and endless indicator"
209489;;"2024-10-15 07:49:20";Great
209443;;"2024-10-15 17:48:26";👍👍
211545;;"2024-10-08 23:03:39";"One useful app, all you can find it here."
222045;;"2024-08-15 09:57:21";"Helps alot"
209228;;"2024-10-18 02:54:02";"Nice 👍👍👍"
209183;;"2024-10-18 11:53:13";"Excellent 👍"
211498;;"2024-10-09 09:00:56";"New update involved many problems mainly setting option of indicator is not enabled ."
221785;;"2024-08-18 15:45:16";"Nice app"
208975;;"2024-10-21 08:03:03";Best
208931;;"2024-10-21 16:29:36";"Good one"
209451;;"2024-10-15 15:53:37";"Best trading app ever"
219164;;"2024-08-30 20:35:54";"Rating it a two star because the app was running very smoothly without any problems until recently it decided not load the charts charts anymore. I tried to clear it's cache and storage on and still nothing. I also uninstalled a couple of times and reinstalled it but it's still not helping i hope this issue can be resolved ."
208730;;"2024-10-24 06:04:49";"Can not find some of the free feature on the mobile version"
208687;;"2024-10-24 14:01:14";nice
208645;;"2024-10-25 06:00:52";"Helpful 🙂"
212584;;"2024-09-25 11:42:13";Good
208496;;"2024-10-27 09:24:15";"Very nice 👌 👍"
208455;;"2024-10-28 01:13:56";Amazing
208414;;"2024-10-28 11:38:09";👌👌👌👌👌👌
208942;;"2024-10-21 14:40:00";"Very good app 👍"
208698;;"2024-10-24 12:33:21";"Best App"
214559;;"2024-09-19 16:33:14";"Just love it"
205165;;"2024-10-31 07:36:46";"One the best &reliable app for TRADING. Have been using trading view since 5 plus years."
205126;;"2024-10-31 19:46:44";"Thank you for the things you have done for me, God bless you."
205087;;"2024-11-01 08:26:50";"The most best app for users"
208425;;"2024-10-28 08:13:01";"Indicator all on for everyone"
212535;;"2024-09-26 04:23:31";"Great view"
222793;;"2024-08-06 12:38:43";Good
204878;;"2024-11-04 03:09:37";"Very good"
204840;;"2024-11-04 10:34:30";"Nice 👍👍👍"
204802;;"2024-11-04 20:44:11";"Good one"
209774;;"2024-10-12 00:30:49";"Best app"
219168;;"2024-08-30 19:45:10";"The app saying something went wrong and it don't display anything"
204640;;"2024-11-06 13:53:46";Good
204603;;"2024-11-06 22:19:34";Great
204566;;"2024-11-07 09:23:56";"The best charting and technical analysis app I've ever seen. Charts and TA indicators are in a class of their own. Includes a comprehensive and sophisticated scripting language for users who want to create their own trading software."
222249;;"2024-08-13 04:32:37";"Best app , it was best with 3 free indicators on free version"
212033;;"2024-10-02 17:55:20";"Fast app"
220228;;"2024-08-19 06:22:06";⭐⭐⭐⭐⭐
204376;;"2024-11-09 18:33:04";"Awesome 👌 👏"
204340;;"2024-11-10 07:47:36";Good
204304;;"2024-11-10 15:40:55";"Warning: Prices are more expensive in the app than on desktop version! Feels convoluted on a phone and it's difficult to find the charting tools you will want to use."
205138;;"2024-10-31 15:30:04";"Nice and accurate app"
219709;;"2024-08-24 23:59:50";"My favourite chating app. But some time it is laging."
219911;;"2024-08-22 14:47:38";"Great experience"
204123;;"2024-11-12 09:57:08";"Very easy to use and have all the necessary tools"
204087;;"2024-11-12 18:07:08";"Accha aap hai bhai"
204051;;"2024-11-13 05:30:03";Gud
214887;;"2024-09-16 04:16:57";Good
209730;;"2024-10-12 14:14:24";"Good app"
218932;;"2024-09-02 14:47:13";"Best application for chart but now make charges on basic features also."
203875;;"2024-11-15 09:05:18";Better
203839;;"2024-11-15 16:28:45";Priceless
203803;;"2024-11-16 04:52:56";Nice
202267;;"2024-11-16 16:46:47";"There should be a small improvement, weak network drops down, 25 seconds behavior is seen back and forth, I have noticed this on my three different network providers and three different devices."
204061;;"2024-11-13 04:11:38";😘
208747;;"2024-10-23 20:08:30";"When use in google chrome than all feature and full interface show.but in app use than limited interface show.Cons now doesn't connect with paper trade app for practice in indian market"
214301;;"2024-09-23 03:58:48";"Excellent 👌 i liked this"
222798;;"2024-08-06 11:42:48";Great
202065;;"2024-11-19 11:33:47";excilent
202030;;"2024-11-19 15:56:39";"The Watchlist won't load after upgrade to Android 15. The rest of the app (all the other bottom tabs) appears to be functioning as expected. Watchlist bouncing dot keeps bouncing but nothing ever populates."
201995;;"2024-11-20 05:11:14";"Take so much time to loadt"
204388;;"2024-11-09 15:21:38";Slow
209202;;"2024-10-18 08:30:13";Awesome
214838;;"2024-09-16 14:50:14";"Good stocks data and lot of technical tools available . I like that you can make your own codes for backtesting"
201839;;"2024-11-21 23:56:46";Godd
201805;;"2024-11-22 08:19:04";"superb helpfull site, it's profashionaly great."
201771;;"2024-11-22 14:54:03";"Nice app and easy to understand"
201737;;"2024-11-23 04:03:00";"Chart slow hai thoda"
204135;;"2024-11-12 07:34:14";"Nice app"
208749;;"2024-10-23 19:08:46";"Good for getting financial data. Doesn't have the option to create a portfolio."
223059;;"2024-08-03 18:12:07";Excellent
222257;;"2024-08-13 03:16:56";"Best app for stock market"
201559;;"2024-11-25 16:32:40";"Very good"
201526;;"2024-11-26 01:38:10";Good
201493;;"2024-11-26 09:04:05";Great
222056;;"2024-08-15 08:54:06";Good
204655;;"2024-11-06 12:03:57";"Truly Awesome. Can't expect a better app than this."
209465;;"2024-10-15 12:06:16";"CHASE Fx"
215061;;"2024-09-13 10:57:49";"Good 😊👍"
201327;;"2024-11-28 20:46:55";"Best For Overall Trading Concepts"
201295;;"2024-11-29 11:00:17";Gritty
187392;;"2025-01-27 16:10:25";Awesome
187393;;"2025-01-27 15:55:17";"Good 👍👍👍"
187394;;"2025-01-27 15:50:48";"Super good."
187395;;"2025-01-27 15:35:09";"Nice app"
187396;;"2025-01-27 15:29:06";"There is not getting NAVIGATION (Refresh) button on chart. Timeframe shifting scrolling system is not good it is uncomfortable for scrolling system. So please reupdate like old version, like a brokers chart interface."
187397;;"2025-01-27 15:21:25";"Good best"
187398;;"2025-01-27 15:14:45";"Great way to stay ahead of the crowd."
187399;;"2025-01-27 15:09:30";"Best app"
187400;;"2025-01-27 15:07:23";"Good app"
187401;;"2025-01-27 15:04:22";"Excellent app"
187402;;"2025-01-27 14:28:26";Good
187403;;"2025-01-27 14:12:01";Amazing
187404;;"2025-01-27 14:02:11";Fantastic
187405;;"2025-01-27 13:37:30";Good
187406;;"2025-01-27 13:17:57";"Best in making analysis and chat is more good"
187407;;"2025-01-27 13:17:33";Perfect
187408;;"2025-01-27 12:55:14";Good
187409;;"2025-01-27 12:39:27";"Best app for beginners"
187410;;"2025-01-27 12:10:35";"Best app in life"
187411;;"2025-01-27 11:59:59";"👍 Great"
187412;;"2025-01-27 11:47:22";Excellent
187413;;"2025-01-27 11:38:02";Impressive😍
187414;;"2025-01-27 11:37:00";"The chart does not work, it will be loading for hours but it never shows the candle stick... I don't know what you guys have don but you have made this app Worst not better, and I was also planning to buy premium but I can't buy what is useless to me"
187415;;"2025-01-27 11:25:51";"Has best features for chart analysis"
187416;;"2025-01-27 11:25:23";🤌
187417;;"2025-01-27 11:18:28";"Very nice 💯"
187418;;"2025-01-27 11:09:55";Good
187419;;"2025-01-27 11:07:11";"I love it"
187420;;"2025-01-27 11:01:17";"Very helpful understanding the market and keep upgrading to the app more futures. Thank you"
187421;;"2025-01-27 10:55:21";Nice
187422;;"2025-01-27 10:51:08";"Very good"
187423;;"2025-01-27 09:34:05";Ok
187424;;"2025-01-27 09:24:36";"Nice app"
187425;;"2025-01-27 08:56:33";Great
187426;;"2025-01-27 08:55:32";Good
187427;;"2025-01-27 08:53:38";"It is easy to use"
187428;;"2025-01-27 08:51:54";"Well i cant say any thing it's perfect."
187429;;"2025-01-27 08:44:11";"Nice trading view thenx of lot"
187430;;"2025-01-27 08:43:07";Best
187431;;"2025-01-27 08:40:08";"It's Expensive but secure"
187432;;"2025-01-27 08:37:57";"Good app shows the sessions"
187433;;"2025-01-27 08:29:23";"It's a well optimised app and everything works so smoothly in it."
187434;;"2025-01-27 07:49:13";"Nice app"
187435;;"2025-01-27 07:34:49";Good
187436;;"2025-01-27 07:34:15";Good
187437;;"2025-01-27 06:58:13";"Very good app"
187438;;"2025-01-27 06:26:50";"It's very nice and helping app for trading, I request to pls allow some more addition of stocks in watchlist for new customers."
187439;;"2025-01-27 06:21:37";"Mast app hai 🥳 Hai"
187440;;"2025-01-27 06:13:45";"It's good"
187441;;"2025-01-27 05:55:24";Excellant
187442;;"2025-01-27 05:54:22";"Best of the best"
187443;;"2025-01-27 05:52:14";"I found My first life partner, I mean trading business. Just love it"
187444;;"2025-01-27 05:45:02";"Please allow 3 free indicators as permitted earlier...OR...Reduce the monthly subscription charges."
187445;;"2025-01-27 05:31:25";"Great Aap"
187446;;"2025-01-27 05:13:57";Best
187447;;"2025-01-27 05:11:12";"This is a great app for monitoring the market. However, the backtesting functionality is limited when moving from lower timeframe to higher timeframe as the whole candle gets displayed unlike other backtesting software that I've used."
187448;;"2025-01-27 05:04:48";Superb
187449;;"2025-01-27 05:00:45";"Best charting app"
187450;;"2025-01-27 04:29:36";excellent
187451;;"2025-01-27 04:13:21";Good
187452;;"2025-01-27 04:08:50";Good
187453;;"2025-01-27 04:07:15";"Amazing easy to use. Tons of features."
187454;;"2025-01-27 03:57:32";"Awesome, easy to use."
187455;;"2025-01-27 03:35:31";Great
187456;;"2025-01-27 03:32:03";"Extraordinary experience fr 🫴🏽"
187457;;"2025-01-27 03:27:33";"Best app for analysis"
187458;;"2025-01-27 03:25:46";"Very helpfull app I give ,....5star rating I recommend public use this app."
187459;;"2025-01-27 03:25:43";"It's just amazing"
187460;;"2025-01-27 03:24:30";"Nice 👍"
187461;;"2025-01-27 03:20:02";"App is good but there must be tutorials for beginners on how to draw tradelines and all"
187462;;"2025-01-27 03:04:38";Great
187463;;"2025-01-27 02:56:05";"Hello TradingView Team, I have a small request, please include delta exchange as a broker."
187464;;"2025-01-27 02:36:47";Good
187465;;"2025-01-27 02:31:02";"Excellent app for trading insights"
187466;;"2025-01-27 02:16:03";"Good app"
187467;;"2025-01-27 02:15:41";"No bugs"
187468;;"2025-01-27 02:12:36";"Not bad"
187469;;"2025-01-27 01:57:31";"Trading view the bast app"
187470;;"2025-01-27 01:47:58";"No update description. Too much storage space!! 👎👎👎👎👎"
187471;;"2025-01-27 01:46:56";"Great trading tools, keep up the good work"
187472;;"2025-01-27 00:59:31";"So nice app"
187473;;"2025-01-27 00:59:24";"Excellent app for trading"
187474;;"2025-01-27 00:48:30";Great
187475;;"2025-01-26 23:39:56";"Best app for charts and indicators"
187476;;"2025-01-26 23:21:08";"Invaluable app"
187477;;"2025-01-26 22:50:37";"Very good app"
187478;;"2025-01-26 22:17:00";"I like it"
187479;;"2025-01-26 21:07:00";"Great platform for analysis and execution.. Easy to use and equipped with most things a trader might need."
187480;;"2025-01-26 20:45:26";"customer support sucks, no reply up to 4hrs and counting"
187481;;"2025-01-26 20:27:23";"Super fine"
187482;;"2025-01-26 20:19:12";"Great app"
187483;;"2025-01-26 20:06:42";Best
187484;;"2025-01-26 19:47:07";👍
187485;;"2025-01-26 19:45:58";"""I've been using Tradingview for analyzing stock market charts, and it's been a game-changer for my investment decisions. The platform offers an incredible range of features."
187486;;"2025-01-26 19:44:45";Perfect!!!!!!!!
187487;;"2025-01-26 19:08:24";"Excellent apps"
187488;;"2025-01-26 19:07:51";"Super App"
187489;;"2025-01-26 18:37:50";"Nice app good instruments the only thing I don't like is that I cannot connect my brokers"
187490;;"2025-01-26 18:33:45";"This App Make You Rich 💸 But Killed Your Emotions 😮‍💨"
187491;;"2025-01-26 18:18:33";Good
187492;;"2025-01-26 17:53:08";amaizing
187493;;"2025-01-26 17:24:29";"Super se 👌"
187494;;"2025-01-26 17:24:21";پرفکت
187495;;"2025-01-26 17:24:13";Best
187496;;"2025-01-26 17:02:09";"Trading view ❌ Best friend of traders ✔️"
187497;;"2025-01-26 16:58:10";ok
187498;;"2025-01-26 16:34:47";"Exceptional app better experience. I will recommend it for all traders for analysis"
187499;;"2025-01-26 16:02:18";"Very good to use.."
187500;;"2025-01-26 15:47:12";"First time so far so good"
187501;;"2025-01-26 15:35:50";"The app is awesome"
187502;;"2025-01-26 15:35:03";"Very good app to provide best chart"
187503;;"2025-01-26 15:24:13";good
187504;;"2025-01-26 15:06:58";"best ever"
223244;;"2024-08-01 14:49:48";"This is a very good platform very easy to use, with lots of scripts you can customize and grade community support"
223032;;"2024-08-04 06:07:43";"Please remove these a and l options coming in charts...."
222823;;"2024-08-06 07:22:18";"For those who love neatly presented data, this is THE app"
222755;;"2024-08-06 21:04:09";"What's happening. Why has your app stopped working?😖😣"
222549;;"2024-08-09 08:59:38";Exceptional
222482;;"2024-08-10 07:03:39";excellent
222280;;"2024-08-12 18:45:46";Excellent
222215;;"2024-08-13 10:00:40";Legit
222016;;"2024-08-15 19:04:11";"Best 👍"
221952;;"2024-08-16 10:09:09";"Very sweet app"
220256;;"2024-08-19 02:13:26";"Need 3indicators in free version"
220193;;"2024-08-19 14:22:08";"Awesome software"
220000;;"2024-08-21 14:32:30";"Great app"
219938;;"2024-08-22 10:27:00";Good
219748;;"2024-08-24 09:33:23";"I m buy, plus subscription Same premium indicator not working , lag lag lag Worst experience, if any High impact news trading view chart freezz, loading, And Ur money is burning, ""Best' charting app "" in World 🤨💨💨"
219687;;"2024-08-25 07:12:32";Fantastic
219500;;"2024-08-27 09:33:42";"I need more updates on this app thanks for your great work"
219440;;"2024-08-27 22:00:58";Good
222230;;"2024-08-13 06:55:45";"Great app"
219197;;"2024-08-30 13:47:33";"Very nice app"
219138;;"2024-08-31 08:07:30";Good
218958;;"2024-09-02 09:05:30";"Best platform for analysis ever but please give us the replay too hawu batong"
218900;;"2024-09-02 21:07:10";"Wonderfully app"
215651;;"2024-09-06 00:55:26";"Best app for all time"
215594;;"2024-09-06 14:49:20";"Very helpful for beginners as well as professional"
220209;;"2024-08-19 11:13:28";Excellent
215364;;"2024-09-10 04:13:18";"Nice app"
215308;;"2024-09-10 15:03:20";"Good very good"
215138;;"2024-09-12 14:59:04";Worthed
215083;;"2024-09-13 06:20:12";"Sir I got no response from your customer support."
219211;;"2024-08-30 11:08:45";Good
214862;;"2024-09-16 10:28:49";Nice
214808;;"2024-09-16 23:47:12";"I really enjoyed using this app"
222779;;"2024-08-06 15:14:15";"Bear trading platform"
214591;;"2024-09-19 10:23:36";Helpful
214538;;"2024-09-20 00:53:10";Perfect...
214379;;"2024-09-22 08:27:02";"Not removed for ads"
214327;;"2024-09-22 18:39:30";"Great App really awesome"
212774;;"2024-09-23 07:27:25";"Awesome 👍😎"
215552;;"2024-09-07 10:49:46";"Great app great tools Just a little lag"
212566;;"2024-09-25 16:19:34";"Best app"
212514;;"2024-09-26 08:49:43";"TradingView alerted me of another login (good) but then suggested I setup 2 factor (good). I did that and when logging back in I lost all my custom watchlists with specific portfolio tracking (bad). Asked them to see if they keep backups and they said there isn't a backup (womp womp). Suggest everyone make backups of their configuration in other apps. $200+ a year product should be safer to use."
215553;;"2024-09-07 10:48:51";Good
212311;;"2024-09-29 11:13:10";Nice
212260;;"2024-09-30 03:29:33";"Best of trading tool... Lots offff indicators there for good prediction and profit"
214876;;"2024-09-16 07:13:36";"Nice app"
212062;;"2024-10-02 12:25:31";"Its is a good app... but it doesnt work properly in phone... likee it doesnt open in my phonee...! It shows only the loading icon and cannot load it even after 10 min."
212012;;"2024-10-03 04:56:39";"Best application for trading. My experience of 1 year."
212321;;"2024-09-29 07:11:21";Excellent
211819;;"2024-10-06 03:01:01";"GOOD APPS"
211770;;"2024-10-06 16:37:47";Good
211721;;"2024-10-07 05:15:30";"very good app but iam a beginner so I don't have money for tha subscription please provide some extra features in free mode like dual layout 3 indentor support and 3 watch list thankyou for make a very usefull app"
219962;;"2024-08-22 05:35:16";"Got the view💥"
211534;;"2024-10-09 03:36:59";"Good 👍"
211486;;"2024-10-09 12:10:57";"Can still become better"
214288;;"2024-09-23 05:32:24";good
211304;;"2024-10-11 12:25:48";"Trading view app good application for watch indicate"
209757;;"2024-10-12 07:11:30";"After the new update we are not able to add indicator in chart."
209710;;"2024-10-12 22:47:03";"Nice one"
209672;;"2024-10-13 11:47:59";"love the new update on trading view looks futuristic 👍"
219964;;"2024-08-22 04:55:11";Exercise
209488;;"2024-10-15 08:02:56";exelent
209442;;"2024-10-15 18:13:01";"Useful application"
215613;;"2024-09-06 11:30:33";Amezing
222245;;"2024-08-13 04:57:01";Good
209227;;"2024-10-18 02:59:27";"Awesome app, Really help me this app in my treading journey, thank you so much.."
209182;;"2024-10-18 11:53:25";"Great Chart reader app"
211546;;"2024-10-08 22:21:20";"Nice app"
221982;;"2024-08-16 04:09:29";"Amazing app"
208974;;"2024-10-21 08:04:08";"Extremely exceptional charting experience . Must have for Trading ."
208930;;"2024-10-21 17:00:41";"Nice 🙂"
209453;;"2024-10-15 15:34:11";"Very useful 👌"
219223;;"2024-08-30 07:23:28";"Best trading flat form"
208729;;"2024-10-24 06:15:27";Perfect
208686;;"2024-10-24 14:54:50";"It is very helpful when you trade this app is wonderful"
208644;;"2024-10-25 06:05:49";"Best Trading Platform ever! Mobile, desktop, online - all of them!"
212740;;"2024-09-23 15:06:13";Nice
208495;;"2024-10-27 09:31:28";Awesome
208454;;"2024-10-28 01:35:07";"The watchlist button which allowed to add or remove a pair from a watchlist while looking at the charts was great, hate that it's gone apart from that great update"
208413;;"2024-10-28 11:41:58";Good
208985;;"2024-10-21 05:25:02";Best
208741;;"2024-10-24 01:39:38";Good
214612;;"2024-09-19 06:16:53";Great
205164;;"2024-10-31 07:43:16";"Don't have many works but I love the app. Having a powerful app on the go keeps up to date in the ever evolving markets."
205125;;"2024-10-31 20:25:38";"Nice 👌"
205086;;"2024-11-01 08:33:31";Nice
208466;;"2024-10-27 17:18:14";Superb
212587;;"2024-09-25 11:06:34";"The ad on the app is so frequent that it gets annoying. It takes up about a 3rd of the screen which is annoying. The"" x"" to close the bottom is small that you end up clicking on the ad which then brings up the enrollment ad.... Other than that it's pretty useful"
223002;;"2024-08-04 14:57:45";"Nice app for technical analysis"
204877;;"2024-11-04 03:25:26";Best
204839;;"2024-11-04 10:36:27";"Best app for you technical and fundamental analysis"
204801;;"2024-11-04 20:51:16";"Widgets not updating data on s24+"
222043;;"2024-08-15 11:35:25";Guzara
219227;;"2024-08-30 07:01:28";"Great user experience"
204639;;"2024-11-06 14:06:07";"Good work"
204602;;"2024-11-06 22:48:27";"Cool app bro"
204565;;"2024-11-07 09:29:23";Super
212080;;"2024-10-02 07:24:51";"Good 👍"
222992;;"2024-08-04 18:35:41";"Requires an email account just to view data. BS"
221791;;"2024-08-18 14:53:29";Superb
204375;;"2024-11-09 18:47:21";"Awesome app"
204339;;"2024-11-10 07:57:35";Nice
204303;;"2024-11-10 15:52:25";"Very useful"
222049;;"2024-08-15 09:39:08";"Best app for charts reading and news"
211984;;"2024-10-03 12:15:38";"So glad they finally made an app"
219973;;"2024-08-22 03:37:30";"Very nice"
204122;;"2024-11-12 10:07:36";"Beginner trader. Very usefull tool"
204086;;"2024-11-12 18:29:29";"Great app"
204050;;"2024-11-13 05:45:44";useful
221968;;"2024-08-16 06:43:22";"Beautiful app trading app ko yaha sa bohat asi training ho gi"
223278;;"2024-08-01 08:55:52";"It was working perfectly fine Then all of a sudden it refuses to open Already unistalled and reinstalled But still doing same thing Please fix it"
218990;;"2024-09-02 04:19:38";"Great app just have to make profit and withdraw but it's user friendly and nice visual app great job hfmarkers"
203874;;"2024-11-15 09:06:18";Wonderfull,quickly
203838;;"2024-11-15 16:31:04";"لعنتی باز نمیشه"
203802;;"2024-11-16 04:55:46";"Why my chart is not opened"
202266;;"2024-11-16 16:47:53";"Perfect App"
204097;;"2024-11-12 16:14:14";"some issue in my tradingviaw my chart cannot be open 4 days kindly solve this issue"
214345;;"2024-09-22 15:23:06";"Very nice app for chart read"
214353;;"2024-09-22 13:15:31";"EDIT: The popup box 'X' has been enlarged. Updating my rating. I've always used this app, both paid and free versions. I average probably half the year as paid. Now I get the ad pop up probably 2 times a minute. Completely ruining the free experience. And to add to that, they made the close 'X' nearly impossible to click. Shady tactics. If that was the intent, we'll done. I am starting my search for another app now."
223007;;"2024-08-04 14:02:47";"I am unable to open chart from last 3-4 days...i am having premium membership but unable to open chart...kindly help me...is there any whitelist issue or any other issue ?"
202064;;"2024-11-19 11:41:17";Good
202029;;"2024-11-19 16:15:21";"You are the best"
201994;;"2024-11-20 05:14:09";"Hi dear how are you doing today"
219700;;"2024-08-25 03:28:43";"Nice app"
209247;;"2024-10-17 18:04:13";"Trustable app"
214892;;"2024-09-16 03:53:00";Nice
201838;;"2024-11-22 00:05:33";"I love this app. It is easy to navigate and provide great insights about trading."
201804;;"2024-11-22 08:23:28";"Best trading website"
201770;;"2024-11-22 15:08:36";"Edit: New update is great. Tradingview is the best app to analyze markets. Cuz UI is very eyecatching. Highly recommend❤️"
201736;;"2024-11-23 04:09:23";Nice
215393;;"2024-09-09 15:12:55";"This aap is very useful for beginners but one default in this that default is in the replay bar in option is not replay on 5m to 4 h. Minimum 1 day for replay"
212739;;"2024-09-23 15:16:54";"Never missed a trade with this masterpiece of an app"
212750;;"2024-09-23 12:46:39";"Personally review that app is nice with relaxing UI and chart is without laging is nice"
223044;;"2024-08-04 02:25:12";"OVER GOOD APPLICATION THANKS"
201558;;"2024-11-25 16:57:25";"Very useful"
201525;;"2024-11-26 02:03:41";"You guys are great but don't put almost everything in premium"
201492;;"2024-11-26 09:09:12";"Very well simplified"
212489;;"2024-09-26 15:04:44";Best
214561;;"2024-09-19 16:27:59";"Not bad"
209511;;"2024-10-15 04:43:49";"Good Interface and easy to use, understand and track"
215116;;"2024-09-12 19:02:36";"Great app"
201326;;"2024-11-28 22:21:44";"Still pending"
201294;;"2024-11-29 11:05:00";👍
187648;;"2025-01-24 12:59:56";"very good app"
187649;;"2025-01-24 12:57:33";"Good 👍👌"
187650;;"2025-01-24 12:52:15";"Very good experience"
187651;;"2025-01-24 12:39:13";"The OG, the master, the king, i don't have much words for this mind-blowing app. All time best"
187652;;"2025-01-24 12:30:28";"Best tool for any type of trader"
187653;;"2025-01-24 12:29:10";"It's hard to be all things to all people. I had some problems with navigation and could not bring up the charts for the crypto assets I wanted to track."
187654;;"2025-01-24 12:25:58";best
187655;;"2025-01-24 12:09:40";Good
187656;;"2025-01-24 12:02:01";"Best App ever"
187657;;"2025-01-24 11:59:47";"Perfect tool to make analyses of market."
187658;;"2025-01-24 11:49:42";"very good"
187659;;"2025-01-24 11:43:50";"Trading chart is not showing is anyone have solution"
187660;;"2025-01-24 11:41:16";"Nice app"
187661;;"2025-01-24 11:34:09";"Best app"
187662;;"2025-01-24 10:50:17";"bagus akurat"
187663;;"2025-01-24 09:47:10";"This is easy to use"
187664;;"2025-01-24 09:20:49";"Tradingview is very good app for charting and as well as demo Trading i using this app for 5 year and still stick to it."
187665;;"2025-01-24 09:08:20";"great, just keeps making me money."
187666;;"2025-01-24 09:01:00";Ok
187667;;"2025-01-24 08:47:55";Dope
187668;;"2025-01-24 08:34:07";Best
187669;;"2025-01-24 08:24:31";"It's just good"
187670;;"2025-01-24 07:57:20";"Best apps"
187671;;"2025-01-24 07:55:35";Good
187672;;"2025-01-24 07:32:51";"خیلی عالی"
187673;;"2025-01-24 07:18:51";"Easy to use and compitable for trading"
187674;;"2025-01-24 06:54:50";"This app is awosame"
187675;;"2025-01-24 06:34:12";Good
187676;;"2025-01-24 06:27:38";Nice
187677;;"2025-01-24 06:20:55";"Every side is good and smooth the best forex market analysis in the world"
187678;;"2025-01-24 06:11:01";Excellent
187679;;"2025-01-24 05:58:08";Nicce
187680;;"2025-01-24 05:56:24";"It is very good"
187681;;"2025-01-24 05:56:12";"very good"
187682;;"2025-01-24 05:16:08";"Perfect trend analysis"
187683;;"2025-01-24 04:57:02";"Good charting app..... If they reduce membership fees, I would like to get subscription"
187684;;"2025-01-24 04:45:35";Ok
187685;;"2025-01-24 04:19:43";Nice
187686;;"2025-01-24 04:16:31";"Best app Good app"
187687;;"2025-01-24 03:58:17";Ok
187688;;"2025-01-24 03:50:14";👍🏻🚀📈
187689;;"2025-01-24 03:48:01";Nice
187690;;"2025-01-24 03:41:21";"Superb app for trading"
187691;;"2025-01-24 03:28:04";"Good experience- zero issues so far - only wish they partnered with more brokers"
187692;;"2025-01-24 03:20:18";"They are good"
187693;;"2025-01-24 03:13:42";"very helpful ❤️"
187694;;"2025-01-24 03:09:24";"""can't live without app"""
187695;;"2025-01-24 02:40:05";"TradingView is a one stop shop for traders & investors. Just wants to request Trading view to at least allow 3 indicators for free users. Thanks."
187696;;"2025-01-24 02:30:48";"I'm very pleased with Trading View. I use it everyday and make decisions by it."
187697;;"2025-01-24 02:22:07";Great
187698;;"2025-01-24 01:53:17";"good DD from all sorts of people. you can make money copytrading."
187699;;"2025-01-24 01:16:07";"Very informative app, highly recommendable."
187700;;"2025-01-24 00:25:54";"Excellent views on my holdings. Thank you for being free"
187701;;"2025-01-23 23:47:00";"Good insight"
187702;;"2025-01-23 23:07:32";Excellent
187703;;"2025-01-23 23:04:47";"okay lets go... 👍👍👍"
187704;;"2025-01-23 21:59:16";"This is the best trading app I have ever used"
187705;;"2025-01-23 21:22:41";Nice
187706;;"2025-01-23 20:12:07";"Bad app just want subscription"
187707;;"2025-01-23 19:29:36";"no any option for free"
187708;;"2025-01-23 19:16:47";"Great app"
187709;;"2025-01-23 19:13:08";"Laging some times"
187710;;"2025-01-23 18:40:25";"Very good"
187711;;"2025-01-23 18:36:40";Fast
187712;;"2025-01-23 18:34:37";"Best trading app"
187713;;"2025-01-23 17:56:25";"All is well without its price."
187714;;"2025-01-23 17:25:16";"Aside bad service that affects the connection...no other thing's wrong with the all...Too perfect"
187715;;"2025-01-23 17:19:31";"Good experience"
187716;;"2025-01-23 17:14:26";"It is very good"
187717;;"2025-01-23 16:24:20";Good
187718;;"2025-01-23 16:19:27";"An amzing and perfect to trade using this tool."
187719;;"2025-01-23 15:58:46";"Very good"
187720;;"2025-01-23 15:52:00";"Awesome app 👍"
187721;;"2025-01-23 15:02:58";"Cool app"
187722;;"2025-01-23 14:57:57";"Great features"
187723;;"2025-01-23 14:48:52";"This is very nuce application"
187724;;"2025-01-23 14:35:48";"Nice experience"
187725;;"2025-01-23 14:28:57";"Amazing experience"
187726;;"2025-01-23 14:22:02";"No comparison 🗿📈"
187727;;"2025-01-23 14:16:21";Nice!
187728;;"2025-01-23 13:41:06";"VERY NICE 👍 EXLENT"
187729;;"2025-01-23 13:30:42";Nice
187730;;"2025-01-23 13:08:21";"🔝 top"
187731;;"2025-01-23 12:52:12";"Excellent application"
187732;;"2025-01-23 12:51:31";"To the mooonnnn!!"
187733;;"2025-01-23 12:49:22";"The autopay is fraudulent. They automatically charge you the highest amount possible and make it hard to get a refund. Watch out."
187734;;"2025-01-23 12:43:37";"Easy and reliable"
187735;;"2025-01-23 12:42:59";"Nice app"
187736;;"2025-01-23 12:09:58";"Always the best"
187737;;"2025-01-23 11:58:37";❤️❤️
187738;;"2025-01-23 11:57:27";🥰🥰😎
187739;;"2025-01-23 11:56:50";Superb
187740;;"2025-01-23 11:19:02";"single true in market amazing so good"
187741;;"2025-01-23 10:55:36";👍
187742;;"2025-01-23 09:53:58";"Excellent tools helps to explore deeply"
187743;;"2025-01-23 09:34:03";"App works. Does it's job."
187744;;"2025-01-23 09:29:29";Nhi
187745;;"2025-01-23 09:18:44";"Great App for technical analysis"
187746;;"2025-01-23 08:43:18";👍🏼👍🏼👍🏼
187747;;"2025-01-23 08:18:38";"Best experience 🔥💯"
187748;;"2025-01-23 08:11:23";"Chart issue"
187749;;"2025-01-23 08:09:23";"Nice app"
187750;;"2025-01-23 08:01:25";"Nice app"
187751;;"2025-01-23 07:51:47";"good for learning"
187752;;"2025-01-23 07:28:25";"It's good to analyse the charts"
187753;;"2025-01-23 07:24:26";"Please my chart is not loading, I have done factory reset 3 times now and it's still same issue, also my Network is fine because I'm using it for other device and it's working"
187754;;"2025-01-23 07:21:02";"Good experience"
187755;;"2025-01-23 07:13:59";"Suggestion: 1) please add an option to arrange ""favourite drawing tools bar"" vertically too.so that we can place that aside from the view when viewing in landscape. 2) add a hide toggle ( \/ ) in the chart screen at the bottom to hide the tool bar (where you have indiactors, '+' , replay button etc). Many of us don't use it often & it takes a lot of screen space when we don't use it.really distracting unless you have a tablet. More mobile users will use this app if you do it."
187756;;"2025-01-23 07:00:03";Nice
187757;;"2025-01-23 06:51:44";Greatest
187758;;"2025-01-23 06:44:35";Elegant!
187759;;"2025-01-23 06:19:44";"This app for best to paper trading"
187760;;"2025-01-23 06:06:51";"Very very good app"
223243;;"2024-08-01 15:17:24";"Why is is it so stressful to display 💔💔💔💔"
223031;;"2024-08-04 06:11:36";"The BEST App which has helped me so much & great thing is it has helped me cover my losses to quite a extent and hopefully I will be in profit soon... All those who are still waiting for it..... please Go for it ... It's really awesome 👍"
222822;;"2024-08-06 07:32:17";"Theek hai"
222754;;"2024-08-06 21:19:51";"Best charting app"
222548;;"2024-08-09 09:33:35";"nice app"
222481;;"2024-08-10 07:28:31";"Better Experience"
222279;;"2024-08-12 19:00:36";"Like the crypto charts"
222214;;"2024-08-13 10:14:37";"Really great app I love it just disappointed with the limited offer of brokers some of those brokers are not accessible here in Africa exactly lusaka zambia. All in all I love it but some more brokers which are available in Africa can be amazing. I am confused with my trading view platform, the buy candlesticks are in red and the sell candlesticks are in green and when I want to enter a position it does the opposite to what I want, otherwise everything else seems cool am just enjoying it"
222015;;"2024-08-15 19:05:49";Fantastic
221962;;"2024-08-16 08:11:32";Good
220255;;"2024-08-19 02:42:10";"I recently started using TradingView & when I choose your 30 days free trial for plus plan to experiencing your subscription version by pressing try for 30 days option. But after activation process of my free trial, I realised that amount is deducted from my account.  If you want to charge for your subscriptions, then why you fooling your users by showing that trial is free? It a complete fraudulent kind of thing you're doing with your users. I want refund my full money back as soon as possible"
220192;;"2024-08-19 14:23:52";"Best for chart 📊 analysis"
219999;;"2024-08-21 14:40:08";"Very good app"
219937;;"2024-08-22 10:39:59";"Good , kindly provide 10 indicaters at free of coat"
219747;;"2024-08-24 09:35:30";"Easy to handle"
219686;;"2024-08-25 07:13:10";"The best app ever for analysis"
219499;;"2024-08-27 10:02:34";"Very good application is all market"
219439;;"2024-08-27 22:23:08";"Wonderful app for the chart"
222295;;"2024-08-12 16:29:12";"Too good"
219196;;"2024-08-30 14:21:03";"Really great as long as you can get a signal from it. In any case, its maker's tail is warm and always successful."
219137;;"2024-08-31 08:38:55";"Best trading and analysing app so far"
218957;;"2024-09-02 09:12:39";Awesome
218899;;"2024-09-02 21:09:01";"Why does it keep saying sorry an error occurred since I last updated it"
215650;;"2024-09-06 01:54:12";"Easy to use. Interactive interface. Could better the functions implementation, it is messy as heck."
215593;;"2024-09-06 14:55:46";"Very very bad app"
220272;;"2024-08-18 18:43:02";Nice
215363;;"2024-09-10 04:58:20";"Little bit slower than actual chart subscription amounts are expensive for new traders"
215307;;"2024-09-10 15:12:43";"This is best app in the world 💖😍"
215137;;"2024-09-12 15:22:33";"Vhery good"
215082;;"2024-09-13 06:29:20";"Perfect tools & View"
219395;;"2024-08-28 11:58:06";"Features good .. cost too much"
214861;;"2024-09-16 11:07:00";Terms
214807;;"2024-09-16 23:55:37";"Good one"
222988;;"2024-08-04 21:04:53";"This is the best charting software that I've ever used"
214590;;"2024-09-19 10:42:57";👍🏻
214537;;"2024-09-20 01:32:39";👍👍
214378;;"2024-09-22 08:32:58";❤❤❤❤
214326;;"2024-09-22 18:53:20";"BESTEST SOFTWARE FOR TECHNICAL ANALYSIS"
212773;;"2024-09-23 07:52:26";"Help to gain additional support"
215609;;"2024-09-06 12:22:41";"User-friendly and convenient for all of my Crypto and stock market needs."
212565;;"2024-09-25 16:34:32";"Good for trading analysis, learning new market trends, and market analysis and trends"
212513;;"2024-09-26 08:57:02";😍😍😍
215610;;"2024-09-06 12:18:35";"The best app for analyzing"
212310;;"2024-09-29 12:12:17";"It's no work"
212259;;"2024-09-30 03:30:31";Good
215043;;"2024-09-13 14:22:03";"Just good for the market strategy"
212061;;"2024-10-02 12:26:07";"It very good Please can exness broker be added"
212011;;"2024-10-03 05:13:38";"Very good app"
214549;;"2024-09-19 18:11:08";excellent
211818;;"2024-10-06 03:03:18";"I Love Trading View"
211769;;"2024-10-06 16:55:58";Nice
211720;;"2024-10-07 05:32:35";"Easy to use , superb app for stock analysis ♥️♥️♥️"
222227;;"2024-08-13 07:54:35";"Quality AAP"
211533;;"2024-10-09 03:37:11";Good
211485;;"2024-10-09 12:17:44";"Nic but slo"
214341;;"2024-09-22 16:02:17";"Best app"
211303;;"2024-10-11 12:27:21";"Great app. Just don't like the addition of ads to the charts. Disrupts my trading experience."
209756;;"2024-10-12 07:25:37";"Excellent job"
209709;;"2024-10-13 00:57:33";"The best"
209719;;"2024-10-12 16:41:42";"Nice pic of you and family members and friends and"
221963;;"2024-08-16 07:52:38";"Best for technical analysis"
209487;;"2024-10-15 08:07:32";"Try it"
209441;;"2024-10-15 18:17:32";"My love TV"
211733;;"2024-10-07 03:19:02";"Good app for biggeners"
222310;;"2024-08-12 13:27:45";"World 🌎 the best chart 📉 platform"
209226;;"2024-10-18 03:04:21";"Indispensable app for any discerning investor/Trader"
209181;;"2024-10-18 12:01:57";"mantap sng nk ejh indicator"
215556;;"2024-09-07 10:24:33";Fantastic
222046;;"2024-08-15 09:49:28";Good
208973;;"2024-10-21 08:18:55";Nice
208929;;"2024-10-21 17:06:25";"Very good but nu members"
209499;;"2024-10-15 06:14:05";"Excellent App. The Best 💯❤"
219407;;"2024-08-28 08:26:34";"in new edition, widget of watch list dont show any things..."
208728;;"2024-10-24 06:16:43";"One of the most helpful tool ever"
208685;;"2024-10-24 15:50:51";"Best app"
208643;;"2024-10-25 06:17:01";"There's no way to say no with this app ehehe"
214293;;"2024-09-23 05:07:46";"Very good"
208494;;"2024-10-27 09:45:54";Gud
208453;;"2024-10-28 01:38:21";"this app is outstandng result in treding i suggestion all of customer"
208412;;"2024-10-28 11:44:41";"I have 30 days of free subscription. After 5 days they cancel it."
219163;;"2024-08-30 22:36:31";"Top notch"
214883;;"2024-09-16 05:01:57";Niceone
215661;;"2024-09-05 19:24:13";"best but very expensive vip account"
205163;;"2024-10-31 07:53:21";"This app really helped me to navigate in my trading journey. Thank you very much"
205124;;"2024-10-31 20:34:25";"Amazing !"
205085;;"2024-11-01 09:11:01";"Good luck"
221787;;"2024-08-18 15:15:13";♾️
212743;;"2024-09-23 14:22:48";"They made the x bigger on ads. Very happy the developers listened to feedback!"
223072;;"2024-08-03 13:40:25";"Good apps"
204876;;"2024-11-04 03:54:43";Good
204838;;"2024-11-04 10:58:54";👍
204800;;"2024-11-04 21:22:53";Good
211456;;"2024-10-09 16:33:16";"ولا غلطه"
219411;;"2024-08-28 07:39:01";Nice
204638;;"2024-11-06 14:38:48";"Very lagging"
204601;;"2024-11-07 00:04:11";"I used this app back in 2020-2022 times and it worked great. Now for some reason the charts don't load"
204564;;"2024-11-07 09:47:33";Good
212481;;"2024-09-26 16:09:24";Best
212231;;"2024-09-30 08:28:15";"Happy to use"
221988;;"2024-08-16 03:47:06";Nice
204374;;"2024-11-09 18:55:22";Money
204338;;"2024-11-10 08:11:14";"Hi Tradingview team, it's a very good app to analyse the market. I just want to subscribe premium plans but auto renewal feature make me to hesitate to subscribe. Pls make it easy to subscribe and cancel the subscription when we want to do. Most of your clients complaining that they couldn't cancel the subscription."
204302;;"2024-11-10 15:58:27";"Just WOW"
212030;;"2024-10-02 19:25:57";Nzuri
212034;;"2024-10-02 17:39:47";❤❤❤❤
220166;;"2024-08-19 22:32:07";"Amazing 😍🤩"
204121;;"2024-11-12 10:14:36";"Great app. Help me to learn share market pattern & improve knowledge of share market. You are 🌟🌟🌟🌟🌟🙏🏻🙏🏻🙏🏻✨️✨️✨️"
204085;;"2024-11-12 18:31:27";Great
204049;;"2024-11-13 07:09:16";"Easy to use."
204814;;"2024-11-04 16:20:09";"Exceptional ..!"
220219;;"2024-08-19 08:59:14";"It's easy to use"
219171;;"2024-08-30 18:27:41";Nice
203873;;"2024-11-15 09:08:56";"Good 💯"
203837;;"2024-11-15 16:38:28";"Some time app delays"
203801;;"2024-11-16 04:56:55";"Increase the number of watchlist"
202265;;"2024-11-16 16:56:29";Ok
204133;;"2024-11-12 07:48:34";"What happened to it's server why it's not working. Keep showing a message ""try later"". I can't even login to my account."
208905;;"2024-10-22 02:42:57";"Very good app"
219154;;"2024-08-31 03:44:39";"One of the best app. Please help people like me who are learning stock market and realy love Tradingview It was good enough to pratice with three free indicator but now it has becomes very tough only with two. Please consider about this."
223077;;"2024-08-03 12:25:21";"Good morning"
202063;;"2024-11-19 11:51:22";Good
202028;;"2024-11-19 16:34:54";"Very nice app for chart reading"
201993;;"2024-11-20 05:27:43";Amazing
209681;;"2024-10-13 09:00:51";"Nice app very helpful app Wonder full salute"
215329;;"2024-09-10 11:38:40";"Good analysis work in market."
215059;;"2024-09-13 11:20:53";"Gret For Trade"
201837;;"2024-11-22 00:18:27";"Best platform for analyzing the financial markets 🌟🔥"
201803;;"2024-11-22 08:37:02";"From best to worst now .. unwanted adds .. irritating us during paper trading...it's a great plateform for stock market learners.. please restart this app adds free for all once again.. your well-wisher.."
201769;;"2024-11-22 15:09:55";Great
201735;;"2024-11-23 04:15:13";"One of the best trading app"
209506;;"2024-10-15 05:18:20";"Very nice app for technical analysis"
208907;;"2024-10-22 02:40:50";"Superb app for traders"
214303;;"2024-09-23 03:41:31";"Excellent app"
222526;;"2024-08-09 16:08:37";"Amazing as ever because charts are clearer"
201557;;"2024-11-25 17:08:07";"Very informative application"
201524;;"2024-11-26 02:39:29";"Nice app"
201491;;"2024-11-26 09:28:16";"Awesome 😎"
209770;;"2024-10-12 03:00:24";Ok
215664;;"2024-09-05 18:47:18";Sharabee
221973;;"2024-08-16 05:39:15";"this their frequent pop up ads is becoming annoying, it's cool for the adds to come up two to three times a day not every single minutes."
219394;;"2024-08-28 11:59:04";"Good backup for the web version I use on my laptop. Everything there you need"
201325;;"2024-11-28 23:47:56";"App getting crashed, showing no internet connection. And not getting updated. What's the issue just before election results"
201293;;"2024-11-29 11:40:51";"I like it"
187904;;"2025-01-21 21:27:47";great
187905;;"2025-01-21 21:12:08";"I want to backtast it say I should pay money ☠️🔕😡"
187906;;"2025-01-21 20:17:06";Good
187907;;"2025-01-21 20:03:20";Good
187908;;"2025-01-21 19:55:52";perfect
187909;;"2025-01-21 19:33:00";"Extremely wongderful"
187910;;"2025-01-21 19:28:36";"I am so satisfied with results"
187911;;"2025-01-21 19:18:17";Mast
187912;;"2025-01-21 18:51:05";"Best app for trading"
187913;;"2025-01-21 18:43:02";"Best app for learning trading"
187914;;"2025-01-21 18:42:25";"Nice 👍"
187915;;"2025-01-21 18:36:18";"It's good but Not Opening chart"
187916;;"2025-01-21 18:21:58";"This is a world wide used app and it very helpful I suggest I should be added on HAUWEI app gallery"
187917;;"2025-01-21 18:05:01";"It's more easy to trade"
187918;;"2025-01-21 17:18:39";"Perfect app"
187919;;"2025-01-21 16:56:33";"I'm learning. Program is easy to learn. Thanks."
187920;;"2025-01-21 16:47:23";"Nice app"
187921;;"2025-01-21 16:16:22";"Nice helpful"
187922;;"2025-01-21 16:13:43";"Best app for analysis"
187923;;"2025-01-21 15:55:58";"Clear, easy to follow"
187924;;"2025-01-21 15:49:55";"increase the. brain function and helping the trades side"
187925;;"2025-01-21 15:47:11";"Good app"
187926;;"2025-01-21 15:44:28";Excellent
187927;;"2025-01-21 15:26:59";"Warning download this app at ur own risk 😅😅financially"
187928;;"2025-01-21 15:17:47";"Nice app"
187929;;"2025-01-21 15:17:00";"excellent 👌"
187930;;"2025-01-21 15:10:13";Nice
187931;;"2025-01-21 15:06:48";"Best app for crypto analysis"
187932;;"2025-01-21 14:52:52";"one of best analysis software"
187933;;"2025-01-21 14:38:33";"Easy To Ues And Fastest Working"
187934;;"2025-01-21 14:27:24";"Osm chart"
187935;;"2025-01-21 14:20:31";"Awesome (Industry Tool) Study, learn, use"
187936;;"2025-01-21 14:11:12";"Good trading platform.."
187937;;"2025-01-21 14:11:04";"Mast Mall hai 😅😅"
187938;;"2025-01-21 14:10:34";"I did just log in my acc ti another device yet it didnt sync, also there is no sync button in the settings WHY!?"
187939;;"2025-01-21 14:07:01";Good
187940;;"2025-01-21 13:40:30";"Great app"
187941;;"2025-01-21 13:37:06";"Best experience for all traders, Initially the app was bit slow and not showing charts, but now everything is perfect, i give them five stars"
187942;;"2025-01-21 13:32:43";❤️💰💸🧠
187943;;"2025-01-21 13:01:18";"I just love it"
187944;;"2025-01-21 12:42:44";"The best trading app"
187945;;"2025-01-21 12:42:08";Nice
187946;;"2025-01-21 12:39:23";"I like app"
187947;;"2025-01-21 12:28:51";"Very good"
187948;;"2025-01-21 12:20:28";"Cool app"
187949;;"2025-01-21 11:33:48";"Fantastic app"
187950;;"2025-01-21 11:20:54";"Best app for trading vision for future trade setups , it helped me alot for understanding the trading platform 💯💯"
187951;;"2025-01-21 11:08:57";"The worst customer service is imaginable , I'm a paid customer and can't access my account, none if their reset PW works and you cannot contact their 'support' unless you are logged in , they are happy to take your money though. They act exactly like a bunch of scammers , I suspect they have abandoned the product and just leave it running. Warming you now , just look at their trust pilot reviews , shocking bad , stay away"
187952;;"2025-01-21 11:05:56";👍
187953;;"2025-01-21 10:42:42";"Good experience with this app"
187954;;"2025-01-21 10:25:07";"Good 👍"
187955;;"2025-01-21 09:58:49";"Ask for being pro too much. It is limited for free users."
187956;;"2025-01-21 09:53:41";"Nice app though not free user friendly because the ads keeps popping up, you can't copy the price of an instrument at any point in the chart ( no means anywhere in the app to copy price ) Please provide a means to copy price at any point in the chart"
187957;;"2025-01-21 09:53:41";"Good app"
187958;;"2025-01-21 09:47:58";"I can not find where to cancel price alarm. It's super annoying. It is worst user interface. Never find what I want..."
187959;;"2025-01-21 09:46:05";"The best charts in the game!"
187960;;"2025-01-21 09:30:53";Good
187961;;"2025-01-21 09:25:06";"Nice ☺️"
187962;;"2025-01-21 09:06:48";"Kya baat best chart learner"
187963;;"2025-01-21 08:14:36";"Best trading platform"
187964;;"2025-01-21 08:11:03";"Good app"
187965;;"2025-01-21 07:58:19";"Just love it"
187966;;"2025-01-21 07:56:37";"Very nice to use on mobile fone"
187967;;"2025-01-21 07:50:47";"Sometimes it doesn't open even though my internet connection is ok"
187968;;"2025-01-21 07:42:53";"Best trading platform ever. It's very user friendly. Easy to navigate even for beginners."
187969;;"2025-01-21 07:09:13";"Nothing but spam emails i didn't ask for from the start. Instant uninstall."
187970;;"2025-01-21 06:31:14";"Too slow n laggy"
187971;;"2025-01-21 06:29:16";Nice
187972;;"2025-01-21 06:20:10";"Very very good"
187973;;"2025-01-21 06:12:00";"Good classes"
187974;;"2025-01-21 06:04:31";Nice
187975;;"2025-01-21 05:53:24";"Wonderful Experience best part is accurate chart. No other even broker give this type of chart."
187976;;"2025-01-21 05:46:45";"It crashes some times"
187977;;"2025-01-21 05:32:16";"Good 😊"
187978;;"2025-01-21 05:31:01";😊
187979;;"2025-01-21 05:29:07";"Excellent for your trade but app language is inglish and other, I want to see in hindi language"
187980;;"2025-01-21 05:18:14";Anushka
187981;;"2025-01-21 05:10:11";"Very dirty app"
187982;;"2025-01-21 04:58:08";"Nice aap"
187983;;"2025-01-21 04:55:03";"very good"
187984;;"2025-01-21 04:50:07";"The best app"
187985;;"2025-01-21 04:43:11";"Nice app for trading"
187986;;"2025-01-21 04:42:26";"Excellence is all this is!!"
187987;;"2025-01-21 04:36:10";Good
187988;;"2025-01-21 04:05:36";"Best charting app But when ever I open and close the app, if I want to open it again it will stop responding why?"
187989;;"2025-01-21 03:56:44";"The best app for trading if your a beginners and the paper trading feature is so easy to use if your a beginners trade on paper trading if you new to trading but overall best app"
187990;;"2025-01-21 03:55:51";"Just awesome 😎👍🏻"
187991;;"2025-01-21 03:46:56";Ok
187992;;"2025-01-21 03:46:05";"You're missing one critical thing in your app is a Crypto and Stock Portfolio Tracker within the app"
187993;;"2025-01-21 03:37:50";"Good app"
187994;;"2025-01-21 03:26:55";Nice
187995;;"2025-01-21 03:22:40";"It is the wast app and trusted app"
187996;;"2025-01-21 03:03:39";Nice
187997;;"2025-01-21 02:45:40";"Greate application helping alot with my trading and upgrading to premium as soon as position"
187998;;"2025-01-21 02:45:34";"My life"
187999;;"2025-01-21 02:23:39";"The one and oniy"
188000;;"2025-01-21 02:15:11";"Osm app"
188001;;"2025-01-21 02:08:39";Nice
188002;;"2025-01-21 00:51:38";"Well, it's working well"
188003;;"2025-01-21 00:22:05";Awesome
188004;;"2025-01-20 23:24:55";Awesome
188005;;"2025-01-20 23:14:41";Bestest
188006;;"2025-01-20 23:14:08";"The undisputed best"
188007;;"2025-01-20 22:48:02";"Dollar index chart is not up to date. I can see chart upto 17th January only. Uninstalled & reinstalled App 4 times. Still facing same issue. Kindly check and fix."
188008;;"2025-01-20 22:16:18";"Impressive charts for the price."
188009;;"2025-01-20 21:56:28";"Life changing apps🤗"
188010;;"2025-01-20 21:54:12";"Very good"
188011;;"2025-01-20 21:39:00";Better
188012;;"2025-01-20 21:20:54";"Very excellent"
188013;;"2025-01-20 21:12:01";"Nice app"
188014;;"2025-01-20 20:50:22";Prefect.
188015;;"2025-01-20 20:39:29";Good
188016;;"2025-01-20 19:55:25";Grait
223242;;"2024-08-01 15:20:31";"Best app for beginners"
223030;;"2024-08-04 06:55:42";"Super app"
222821;;"2024-08-06 07:56:40";Nice
222753;;"2024-08-06 22:24:55";"Nice app"
222547;;"2024-08-09 09:55:22";💗💗💗💗💓💓💓💓💓
222480;;"2024-08-10 08:40:52";"Amazing app"
222278;;"2024-08-12 19:01:59";"I love it"
222213;;"2024-08-13 10:35:28";"Trading view is one of the best platform where I am working. i suggest all of you to invest your funds safely here and receive profit on daily basis. it's interface is so good looking and easy to use. I am really impressed by this platform. Regards Trading view"
222014;;"2024-08-15 19:07:01";👍🏻
222026;;"2024-08-15 16:44:28";"Since 2-3 days now, there is an AD which pops up, showing the message: ""Unlock the full power of TradingView"" continuously less than every 2 mins. This way, it's impossible to work as before. I'm using Version 1.20.28.0.1001300. Thank yoy for your attention."
220254;;"2024-08-19 03:03:56";"It's very useful to get the market knowledge."
220191;;"2024-08-19 14:45:37";"Super Excellent"
219998;;"2024-08-21 15:00:35";Best
219936;;"2024-08-22 10:41:25";Send
219746;;"2024-08-24 09:38:56";"Best service for everyone.. 👍"
219685;;"2024-08-25 07:25:10";"Very nice"
219498;;"2024-08-27 10:07:44";Good
219438;;"2024-08-27 22:27:38";Extraordinary
222499;;"2024-08-10 00:00:44";"After using smart phones for over 15 years, I can confidently say this is the most user enemy application I've ever used. There is not even one function that could be executed worse."
219195;;"2024-08-30 14:21:20";Excellent
219136;;"2024-08-31 09:11:45";"Great charts man 👏"
218956;;"2024-09-02 09:33:27";"Hell gd"
218898;;"2024-09-02 21:52:17";Amazing
215649;;"2024-09-06 02:01:08";Good
215592;;"2024-09-06 15:01:41";"Very good"
221969;;"2024-08-16 06:35:56";"Verybad app it's fake flert Verybad app it Fake Flert Do so much investment for so many days. Do it. Do it yet. I have not received any payment. No one should believe it. If my withdraw is cleared today, I will give you a good review. 😡😢😥😭"
215362;;"2024-09-10 05:04:07";Cariar
215306;;"2024-09-10 15:23:55";"Paper trading execution and MTM is slow.."
215136;;"2024-09-12 15:23:33";"Very great and friendly user interface"
215081;;"2024-09-13 06:35:17";Excellent
219455;;"2024-08-27 16:56:58";"Best of all times"
214860;;"2024-09-16 11:10:25";"In the free version there should have a few more indicators to add at once. The paid version's cost is too high for the beginner traders."
214806;;"2024-09-17 00:32:16";"Very good interface, smooth.."
223057;;"2024-08-03 19:14:53";Slow
214589;;"2024-09-19 11:38:06";Amazing👍🤩
214536;;"2024-09-20 01:55:13";Ok
214377;;"2024-09-22 08:38:18";"Great and reliable application thanks"
214325;;"2024-09-22 19:27:23";"Is good now.."
212772;;"2024-09-23 07:56:34";"This is by far the best app in the world I love it and it works 1000%"
223053;;"2024-08-03 21:13:05";"Without you trading is incomplete."
212564;;"2024-09-25 16:35:57";Nice
212512;;"2024-09-26 09:00:41";"Easy to navigate ✅"
222984;;"2024-08-04 21:27:27";"Best app"
212309;;"2024-09-29 12:46:45";"This is very helpful for me"
212258;;"2024-09-30 03:36:31";"Very nice 👍"
215098;;"2024-09-13 03:19:11";"Nice chart interfce"
212060;;"2024-10-02 12:27:24";"Great app"
212010;;"2024-10-03 05:51:08";"It's nice and user friendly"
212525;;"2024-09-26 05:38:49";Good
211817;;"2024-10-06 03:05:10";Nice
211768;;"2024-10-06 16:57:49";"Very good 👍"
211719;;"2024-10-07 06:04:21";"""Saya adalah salah satu dari pihak pengguna yang sudah mem-verifikasikan data yang akurat agar dapat terbukti bahwa memang mempunyai dan memilik akun yang sifatnya pribadi dan privasi yang tinggi. Saya senang sekali dengan ulasan seperti ini. Tidak terlepas juga dengan Kuki/cokies yang terlampir di dalam situs ini [TRADING VIEW]. Tq"""
220218;;"2024-08-19 09:06:03";"Drawing lines is a bit difficult sometimes, but overall, it's the best app I have seen so far"
211532;;"2024-10-09 03:41:53";"Full time error occurred problem"
211484;;"2024-10-09 12:18:15";"Good app"
222037;;"2024-08-15 14:26:14";"I will upgrade my plan but it will not activated from you"
211302;;"2024-10-11 12:34:34";"Very supportive signals perfectly working"
209755;;"2024-10-12 07:30:38";"Very helpful"
209708;;"2024-10-13 01:06:03";"V good app..."
209766;;"2024-10-12 05:21:49";Good
220220;;"2024-08-19 08:13:15";"It's not letting me sign in, it keeps saying an error occurred and something went wrong"
209486;;"2024-10-15 08:07:44";"In New update indicator adding option and drawing trandline option not showing in chart menu"
209440;;"2024-10-15 18:20:14";"Nice, been using it for quite some time and many years more"
211782;;"2024-10-06 13:30:19";"Please free the replay candle"
222514;;"2024-08-09 17:59:06";"My trading view app isn't working for the past one week. Each time I try to open the app, it writes error in connecting."
209225;;"2024-10-18 03:54:29";"Very good app it helped me lots of time to achieve my goals"
209180;;"2024-10-18 12:09:44";"Subscription price is not nominal. Otherwise app is great."
211734;;"2024-10-07 02:56:13";"Superb app"
222246;;"2024-08-13 04:50:05";"Trading view is very important for traders"
208972;;"2024-10-21 08:19:34";"Good app"
208928;;"2024-10-21 17:09:36";Good
215615;;"2024-09-06 11:03:46";"Amazing App 🙌🤩🤑"
219467;;"2024-08-27 15:24:36";"I've had such great experience with trading view"
208727;;"2024-10-24 06:24:55";"Best application"
208684;;"2024-10-24 16:02:31";"Amazing app"
208642;;"2024-10-25 06:20:56";"Great 👍 love this ❤️"
214346;;"2024-09-22 15:22:52";Good
208493;;"2024-10-27 10:25:16";"Tradingview amazing,I just wish if they introduced crpto payment many people would enjoy.."
208452;;"2024-10-28 01:55:33";"Very best information everykne know the tradingview is best"
208411;;"2024-10-28 12:06:47";"the best trading app"
219652;;"2024-08-25 17:58:26";Best
208899;;"2024-10-22 03:37:46";"Nice app"
214831;;"2024-09-16 15:49:32";"Awesome platform love it"
205162;;"2024-10-31 07:54:59";"Exit multiple times"
205123;;"2024-10-31 21:00:15";"Best ever"
205084;;"2024-11-01 09:18:26";Extraordinary
211736;;"2024-10-07 02:32:15";Best
214296;;"2024-09-23 05:04:20";"Very nice 👍"
204913;;"2024-11-03 16:44:02";"Excellent app"
204875;;"2024-11-04 03:59:50";Good
204837;;"2024-11-04 11:05:43";Nice
204811;;"2024-11-04 16:37:17";"Very good"
211504;;"2024-10-09 07:38:51";"Best app"
219471;;"2024-08-27 14:54:59";"Very good"
204637;;"2024-11-06 14:54:00";"Good Trading view थैंक्यू"
204600;;"2024-11-07 01:05:16";"Best experience with this app"
204563;;"2024-11-07 10:12:24";Nice
208386;;"2024-10-28 17:44:08";"Would love to see a recent search history for searches"
212282;;"2024-09-29 18:16:17";👍🏻👍🏻
222052;;"2024-08-15 09:06:18";"Details are awesome"
204373;;"2024-11-09 19:07:56";good
204337;;"2024-11-10 08:53:43";"Always better"
204301;;"2024-11-10 16:07:18";"It's so help full"
212329;;"2024-09-29 03:40:03";"Nice app.. It has become our part of life."
222783;;"2024-08-06 14:31:19";Happy
220229;;"2024-08-19 06:18:08";Good
204120;;"2024-11-12 10:27:27";Helpful
204084;;"2024-11-12 19:08:20";Good
204048;;"2024-11-13 07:40:00";"Amazing Experience"
204852;;"2024-11-04 07:32:16";Awesome
211459;;"2024-10-09 16:11:14";Good
219230;;"2024-08-30 06:48:07";"Very easy to use"
203872;;"2024-11-15 09:09:26";"Best On The Market"
203836;;"2024-11-15 16:52:06";"Verry good 😊"
203800;;"2024-11-16 05:39:13";"Good app for trader"
202264;;"2024-11-16 17:01:37";"A very helpful and good app for tradar"
215624;;"2024-09-06 08:09:53";"Trading view chart notwarking"
208949;;"2024-10-21 13:01:28";"This is an excellent product and very user friendly."
214565;;"2024-09-19 15:18:07";"Very good app"
202097;;"2024-11-19 03:59:58";"Good app"
202062;;"2024-11-19 11:59:05";Good
202027;;"2024-11-19 16:50:33";"VERY GOOD FOR EVERYTHING ☺️"
201992;;"2024-11-20 05:32:29";"Monthly premium packages are not offordable for mostly traders. Need to decrease price."
204612;;"2024-11-06 19:39:26";"Not 5 because the constant pop-ups on the free version are borderline unbearable I paid for a subscription for like 4 years. Cancel and now I'm just bombarded with requests to upgrade You're better than this"
209417;;"2024-10-16 03:35:11";Nice
215114;;"2024-09-12 19:16:22";"I still don't know what I'm doing but I understand a little bit more of day trading. I will keep learning with this app if it kills me!!"
201836;;"2024-11-22 00:50:47";👍
201802;;"2024-11-22 09:03:37";"Best app"
201768;;"2024-11-22 15:14:13";"Great charting! I began on the desktop and the app is a perfect extension to it. Kept finding more and nice surprises complimenting the charting. I would give this app a 6 if I can!"
201734;;"2024-11-23 06:09:00";"Great app to draw markets"
204576;;"2024-11-07 07:18:32";👍👍👍
208951;;"2024-10-21 12:19:45";Awesome
214355;;"2024-09-22 12:58:55";"Very good support for trader's"
222732;;"2024-08-07 04:31:16";great
201556;;"2024-11-25 17:12:04";Awesome
201523;;"2024-11-26 03:00:23";"Will send ads though notifications. No clear way of turning them off without losing functionality. Dirty."
201490;;"2024-11-26 09:42:28";excellent
215386;;"2024-09-09 18:12:00";Nice
204818;;"2024-11-04 15:53:20";"The best apps"
209687;;"2024-10-13 06:49:47";"Great app"
215342;;"2024-09-10 08:55:53";"Trading view is very best for beginers traders, its my experience."
201324;;"2024-11-29 00:10:49";"This so helpful in making the analysis one of the best apps till now to be used"
201292;;"2024-11-29 11:48:43";Great
188160;;"2025-01-19 12:48:31";Good
188161;;"2025-01-19 12:36:52";Ok
188162;;"2025-01-19 12:28:06";"Very good charts"
188163;;"2025-01-19 12:17:26";worst
188164;;"2025-01-19 11:59:16";"Good charts"
188165;;"2025-01-19 11:50:59";"This is the best trading app I've ever used. The interface is amazing Yoh"
188166;;"2025-01-19 11:30:50";"Sangat membantu pembelajaran dan perjalanan tradingku"
188167;;"2025-01-19 11:28:52";Best
188168;;"2025-01-19 11:22:02";"Geat app I even seen 🙌🙌🙌"
188169;;"2025-01-19 11:18:27";"Good app"
188170;;"2025-01-19 09:59:06";"Is good"
188171;;"2025-01-19 09:58:40";"Please add forex options strategy builders"
188172;;"2025-01-19 09:45:27";Good
188173;;"2025-01-19 09:14:01";Amazing
188174;;"2025-01-19 08:51:59";"Very Nice Hapl Full"
188175;;"2025-01-19 08:45:12";"Very useful"
188176;;"2025-01-19 08:35:09";Great
188177;;"2025-01-19 08:30:45";"Less prompting for the paid version 🙏 otherwise 5 stars"
188178;;"2025-01-19 08:18:42";👍🏻
188179;;"2025-01-19 07:58:37";Good
188180;;"2025-01-19 07:56:55";"Perfect app for candle chart"
188181;;"2025-01-19 07:21:30";"It very good"
188182;;"2025-01-19 06:54:52";"The only app you need to understand it all"
188183;;"2025-01-19 06:40:18";"Good handy"
188184;;"2025-01-19 06:26:42";"Very slow"
188185;;"2025-01-19 06:15:44";good
188186;;"2025-01-19 06:08:53";"Best trading app"
188187;;"2025-01-19 05:56:14";"Good for making charts"
188188;;"2025-01-19 05:17:09";good
188189;;"2025-01-19 05:16:04";Nice
188190;;"2025-01-19 05:09:58";"Its a gteath app that I see"
188191;;"2025-01-19 05:03:49";"Mere device per kam nhi kar rhe h"
188192;;"2025-01-19 04:49:27";Good
188193;;"2025-01-19 04:40:36";"Ever since I started trading, I have been learning from here and even now I learn a lot from here, it has been very useful to me"
188194;;"2025-01-19 04:00:20";"Clean UI. Faster execution"
188195;;"2025-01-19 02:53:51";"Suprb app"
188196;;"2025-01-19 02:29:03";"Life changer"
188197;;"2025-01-19 01:50:09";Good
188198;;"2025-01-19 01:25:01";"As on pc"
188199;;"2025-01-19 01:18:51";"Super 😍"
188200;;"2025-01-19 01:12:25";"Orders visual size is so big that i cant even see the candle in smartphone plz fix."
188201;;"2025-01-19 00:21:21";"Update any time"
188202;;"2025-01-18 23:42:20";"Gives me details and insight on what I am researching"
188203;;"2025-01-18 23:36:08";"Smooth, very helpful with such informative layout. All I need just for my trade assistant is there."
188204;;"2025-01-18 22:59:47";Great
188205;;"2025-01-18 22:49:14";عالی
188206;;"2025-01-18 22:48:05";"One of the best app for reading charts"
188207;;"2025-01-18 22:31:23";"Good treading app"
188208;;"2025-01-18 22:26:55";"Helpful but hangs at time"
188209;;"2025-01-18 22:08:27";💎
188210;;"2025-01-18 21:51:44";"Love this app"
188211;;"2025-01-18 21:25:52";"They keeping taking money from my account after I cancel No customer support Notting. I will never use them again 😞"
188212;;"2025-01-18 21:03:41";Exceptional
188213;;"2025-01-18 20:39:06";Good
188214;;"2025-01-18 20:14:56";"the best 👍🏽"
188215;;"2025-01-18 19:21:53";Good
188216;;"2025-01-18 19:19:42";"Very good"
188217;;"2025-01-18 19:12:06";"Good experience"
188218;;"2025-01-18 19:03:19";"The best platform"
188219;;"2025-01-18 18:34:38";Good
188220;;"2025-01-18 18:27:38";Good
188221;;"2025-01-18 18:15:22";"App of wonder. Great work Tradingview team"
188222;;"2025-01-18 18:09:19";Good
188223;;"2025-01-18 17:55:12";"یو جهان مننه"
188224;;"2025-01-18 17:34:53";"Very nice pm"
188225;;"2025-01-18 17:12:45";"Very good app. but very expensive. Kindly give maximum discount."
188226;;"2025-01-18 16:36:36";"Very good"
188227;;"2025-01-18 16:21:40";"Much expence."
188228;;"2025-01-18 16:01:03";"Very good"
188229;;"2025-01-18 15:57:34";Super
188230;;"2025-01-18 15:56:42";"There should be a manual for beginners guide"
188231;;"2025-01-18 15:30:06";"Great app. It's cross platform too so you can look at your charts on any device!"
188232;;"2025-01-18 15:22:54";Good
188233;;"2025-01-18 15:16:33";"Ye app ka crypto ek number bhai U.S India Dollar 💵 Aur bhi is me bhut kuch hai Mast Vala paper trading hai bhai Dil jit liya Pr is me mera stock market nhi chal raha hai 😑 pr Acha hai paper trading ke liye Agr aap ko crypto Sikh na hai to ye app Acha hai Thank you"
188234;;"2025-01-18 15:12:47";"Nice information"
211507;;"2024-10-09 07:24:37";"Everything is constantly updateting."
219414;;"2024-08-28 07:29:45";"App almost perfect. For my use cases it will be perfect once there is stock screener. Hope to see update in the future"
203871;;"2024-11-15 09:24:05";"Good 😊"
203835;;"2024-11-15 16:57:36";good
203799;;"2024-11-16 06:03:49";Nice
202263;;"2024-11-16 17:10:03";"After downloading da app. It failed to open and now I need you to pay back my data"
209682;;"2024-10-13 08:30:28";Great
208992;;"2024-10-21 04:04:56";"Very good 👍"
214618;;"2024-09-19 05:03:23";"Chart is not working."
202096;;"2024-11-19 04:01:51";Good
202061;;"2024-11-19 12:00:35";"Very nice platform"
202026;;"2024-11-19 16:53:42";"Only 30 coins in the watchlis for free🤨"
201991;;"2024-11-20 05:33:15";"This the best app for free chat view i love this 😘❤️"
204579;;"2024-11-07 07:04:59";Nice
209463;;"2024-10-15 12:29:57";"It's a wonderful app. It gives good directions for trading decisions."
221965;;"2024-08-16 07:27:11";"I am very happy because triding view very important for me.."
201835;;"2024-11-22 01:44:33";Best
201801;;"2024-11-22 09:09:01";"Useful and easy to use"
201767;;"2024-11-22 15:32:32";"I love you app... thank you 😊😘😍"
201733;;"2024-11-23 06:17:59";Amazing
204317;;"2024-11-10 12:26:58";"Helpfull app"
208994;;"2024-10-21 03:40:07";"Best app"
218915;;"2024-09-02 19:08:55";Mice
222800;;"2024-08-06 11:23:52";Awsome
201555;;"2024-11-25 17:38:19";"Great app"
201522;;"2024-11-26 03:12:05";"Sangat bagus sekali"
201489;;"2024-11-26 10:43:48";Good
202006;;"2024-11-20 01:35:58";"User- friendly, versatile, and the most impressive app for charting."
204856;;"2024-11-04 07:19:48";"The best out there"
209734;;"2024-10-12 13:00:41";"খুবই ভালো"
215398;;"2024-09-09 14:27:38";Love
201323;;"2024-11-29 01:29:25";"Great app for those who are involved in trading / investing. I really like the app."
201291;;"2024-11-29 11:52:49";He👌👌👌
192768;;"2025-01-18 07:23:24";"Just wish the rewind tool were part of the free package... Some people, myself included, cannot afford the subscription but we really need the rewind tool...it just makes trading a bit easier... But nonetheless, there are ways around that, so yeah, 5 stars."
192769;;"2025-01-18 07:09:13";"Good 👍"
192770;;"2025-01-18 07:03:01";Good
192771;;"2025-01-18 06:34:32";Best
192772;;"2025-01-18 06:17:28";Suerb
192773;;"2025-01-18 06:16:30";"Amazing app for beginners as well as pro for practicing technical analysis on charts ."
192774;;"2025-01-18 05:39:12";"Good app"
192775;;"2025-01-18 05:27:41";"All time better for all other appps"
192776;;"2025-01-18 05:25:23";Dbest
192777;;"2025-01-18 05:24:35";Best
192778;;"2025-01-18 04:17:11";nice
192779;;"2025-01-18 04:13:02";Best
192780;;"2025-01-18 03:24:51";"One and only best for trading"
192781;;"2025-01-18 03:11:58";"The chart Page is not viewing"
192782;;"2025-01-18 02:23:26";"Perfect !!!"
192783;;"2025-01-18 02:17:38";"I like the tools they offer, tomstudy the charts"
192784;;"2025-01-18 01:29:23";"Very helpful for analysis"
192785;;"2025-01-18 01:27:52";"Awesome platform for monitoring the FX market with a lot of useful tools to help you make a better decision."
192786;;"2025-01-18 01:25:49";"Best one"
192787;;"2025-01-17 23:53:33";"Forgot why it was 4 stars, but here 5, deserves it :)"
192788;;"2025-01-17 23:03:39";Good
192789;;"2025-01-17 22:52:10";"I am new user"
192790;;"2025-01-17 22:44:33";"Chart not Wark reyal time"
192791;;"2025-01-17 21:35:52";"what a app ...its the best on Analysis"
192792;;"2025-01-17 21:32:05";"Great app"
192793;;"2025-01-17 21:27:40";"All you need for technical analysis and more"
192794;;"2025-01-17 20:53:17";"I need your help my charts refuses to open its just a white screen this never happen to me before"
192795;;"2025-01-17 20:10:19";"Good With Start Up Investing"
192796;;"2025-01-17 20:07:48";Excellent.
192797;;"2025-01-17 19:39:32";"My trading view chart page isn't opening since Ive upgraded it...what's wrong?"
192798;;"2025-01-17 19:36:33";Good👍
192799;;"2025-01-17 19:23:34";"Best app"
192800;;"2025-01-17 19:06:23";"Really the best"
192801;;"2025-01-17 18:51:58";"good aaps"
192802;;"2025-01-17 18:43:39";Ok
192803;;"2025-01-17 18:40:10";Useful
192804;;"2025-01-17 18:25:58";"You are best"
192805;;"2025-01-17 18:22:28";"Powerful and perfect"
192806;;"2025-01-17 18:08:14";Great
192807;;"2025-01-17 18:01:38";"Very good"
192808;;"2025-01-17 17:27:27";Super
192809;;"2025-01-17 17:21:32";"Very helpful 👍 but l could not see candlestick chart in my mi smart tv. Would you please help me to see it"
192810;;"2025-01-17 17:21:17";🔥🔥🔥🔥
192811;;"2025-01-17 17:08:57";Ok
192812;;"2025-01-17 16:26:49";"Best app for traders"
192813;;"2025-01-17 16:07:17";Good
192814;;"2025-01-17 15:45:02";Best
192815;;"2025-01-17 15:40:09";"Good to use and fast"
192816;;"2025-01-17 15:38:20";"The best"
192817;;"2025-01-17 15:20:21";Good
192818;;"2025-01-17 15:12:38";👍❤️
192819;;"2025-01-17 15:11:24";"Well updated"
192820;;"2025-01-17 15:08:48";"Really great app. Alerts for almost anything you can conceive about a stock price."
192821;;"2025-01-17 15:05:48";"very good app"
192822;;"2025-01-17 14:57:59";Good
192823;;"2025-01-17 14:16:54";"Best trading app that ever existed 😁😀"
192824;;"2025-01-17 13:51:04";👌
192825;;"2025-01-17 13:41:59";"Good application treding view world 🌎 best ap"
192826;;"2025-01-17 13:40:24";"Nice experience"
192827;;"2025-01-17 13:26:19";"I could finally figure out this is naturally blocked in Iran Yet 😆"
192828;;"2025-01-17 13:21:10";"The app came highly recommended and so far it's lived up to the hype 😁"
192829;;"2025-01-17 13:15:15";"Good app easy to use"
192830;;"2025-01-17 13:11:42";"Exlent AAP"
192831;;"2025-01-17 12:57:15";"Really a tool that you need for entire trading in single application whether it's stock commodity crypto flow is just addictive"
192832;;"2025-01-17 12:52:36";Amezing
192833;;"2025-01-17 12:46:20";"Vree good"
192834;;"2025-01-17 12:42:29";"Nice work 💯😁"
192835;;"2025-01-17 12:31:52";"Still new, but it makes charting easier to understand"
192836;;"2025-01-17 12:29:07";"Very good"
192837;;"2025-01-17 12:21:35";Nice
192838;;"2025-01-17 12:08:54";Excellent
192839;;"2025-01-17 12:01:34";Nice
192840;;"2025-01-17 11:42:56";"Paid stragies available"
192841;;"2025-01-17 11:22:22";👍🏾👍🏾
192842;;"2025-01-17 11:22:12";Good
192843;;"2025-01-17 11:22:01";"Great app"
192844;;"2025-01-17 11:19:08";"Very nice trading view team"
192845;;"2025-01-17 11:15:53";Great
192846;;"2025-01-17 11:10:35";👌👌
192847;;"2025-01-17 10:47:59";Nice
192848;;"2025-01-17 10:35:51";Excellent
192849;;"2025-01-17 10:32:44";Good
192850;;"2025-01-17 10:24:11";"Their description fits it well'first look then Leap""They give you full trading view."
192851;;"2025-01-17 10:10:42";"Veri good"
192852;;"2025-01-17 09:59:48";"Hello!! I have lost all the chart setups I have been trying uninstall the app and install again and again"
192853;;"2025-01-17 09:30:12";"chart loading slow and laggy getting worse 2025 overpriced"
192854;;"2025-01-17 09:20:33";"Best platform to analyse your trade, Look first then Leap"
192855;;"2025-01-17 09:10:56";Good
192856;;"2025-01-17 09:09:20";"I want to cancel the update.But I can't cancel.The team was charge every month from my card."
192857;;"2025-01-17 08:50:14";Cool
192858;;"2025-01-17 08:22:02";"Hello malware app developers. Please tell me how to unsubscribe from your stupid emails. You guys made it impossible to do so."
192859;;"2025-01-17 08:19:57";"Verry good aap sabhi logo ko kahna chuga ek baar trading view chala kar dekho aur sikho"
192860;;"2025-01-17 08:10:20";"Best Trading view and Trading view chart and information trade Top best app"
192861;;"2025-01-17 08:08:20";"This app is very good for trading analysis"
192862;;"2025-01-17 08:02:23";Great
192863;;"2025-01-17 07:56:55";Sensational
192864;;"2025-01-17 07:50:30";"User friendly, though you have to be consistent inorder to be get along well"
192865;;"2025-01-17 07:49:02";Nice
192866;;"2025-01-17 07:41:00";"Thik app is very very good 😊👍"
192867;;"2025-01-17 07:32:24";"Good experience so far"
192868;;"2025-01-17 07:27:16";perfect
192869;;"2025-01-17 07:26:35";"Best app for trading analysis"
192870;;"2025-01-17 07:12:43";"Best app for live charts"
192871;;"2025-01-17 07:08:22";"Great 👍"
192872;;"2025-01-17 07:07:13";Nice
192873;;"2025-01-17 06:58:38";"The best app so far."
192874;;"2025-01-17 06:35:05";Good
192875;;"2025-01-17 06:34:57";"Best' aap"
192876;;"2025-01-17 06:22:40";"Best app for analysing"
192877;;"2025-01-17 06:15:20";"Good Application"
192878;;"2025-01-17 06:03:14";"Nice app"
192879;;"2025-01-17 06:01:35";"Nice app"
192880;;"2025-01-17 05:40:40";"Very nice application I love it"
223241;;"2024-08-01 15:30:55";"Very good"
223029;;"2024-08-04 07:10:41";"Good 👍👍👍👍"
222820;;"2024-08-06 08:00:15";"Best games in the world 😭😭🤣🤣🥲🙏"
222752;;"2024-08-07 00:00:51";"Good app for trading"
222546;;"2024-08-09 10:07:01";"So many ads i think should use alternative apps trading view is sucks now😐 because now is ads platform they can't give you click on close button please work on close button which can easily close your ads our we are all going to another platform"
222479;;"2024-08-10 08:48:13";"Just amazing! It is very easy and smooth to trade and track all markets."
222277;;"2024-08-12 19:03:12";"Very good"
222212;;"2024-08-13 10:44:31";"Good app"
222013;;"2024-08-15 19:10:35";"Very helpful trading application"
222226;;"2024-08-13 08:26:41";"Unconditional help"
220253;;"2024-08-19 03:16:28";"I recently switched from Metatrader and I've fallen in love with this app. The User interface is awesome and I have a good experience using the app"
220190;;"2024-08-19 15:02:28";"Very good app they should also include one more segment for demo tradres and can include more istock of lefted companies"
219997;;"2024-08-21 15:34:43";"User friendly app"
219935;;"2024-08-22 10:47:47";"Última mente en mi Motorola edge 2024, no corre adecuadamente la aplicación en mi caso es muy mala, no carga los gráficos, rápidamente, se tarda mucho cuando cbio temporalidades o cuando cambio a diferentes activos, tarda demasiado tanto que tengo que cerrar la aplicación y volver a iniciar, no sé si esi celular pero no tengo problema con otras aplicaciones solo esta. Dos meses o más antes me queje y pensé que iba a ser pasajero el problema pero no se va, sigue igual un desastre en mi celular."
219745;;"2024-08-24 09:53:15";"Really helpful"
219684;;"2024-08-25 07:41:20";"Useful app"
219497;;"2024-08-27 10:45:21";"nice 👍"
219437;;"2024-08-27 22:43:31";"Nice 👍"
222566;;"2024-08-09 04:49:57";"Not able add any stock to the wishlist"
219194;;"2024-08-30 14:37:03";"Best app ever"
219148;;"2024-08-31 05:38:26";"App is crashing unnecessarily 😐😐,please improve it , it gives lots of problems 🥵"
218955;;"2024-09-02 09:33:31";"Good experience"
218897;;"2024-09-02 22:01:48";"Very good app"
215648;;"2024-09-06 02:45:03";Good
215591;;"2024-09-06 15:11:21";"Nice bro"
222033;;"2024-08-15 15:31:42";Nice
215361;;"2024-09-10 05:08:05";Excellent
215305;;"2024-09-10 15:41:38";"So cool"
215135;;"2024-09-12 15:43:25";Nice
215080;;"2024-09-13 06:54:52";"Better till now"
220268;;"2024-08-18 20:31:21";Good
214859;;"2024-09-16 11:17:44";Great
214805;;"2024-09-17 00:36:53";"TV always the best"
223270;;"2024-08-01 10:24:41";Good
214588;;"2024-09-19 11:38:33";Badass
214535;;"2024-09-20 02:01:04";"Unmatched...using for 5 years now"
214376;;"2024-09-22 09:10:18";Nice
214324;;"2024-09-22 20:02:09";"Best app in the world"
212771;;"2024-09-23 08:01:33";"I’m not new to TradingView—I've been checking it out in my browser. I’m thinking about downloading the app, though. Is there anything cool about the app that I can’t get in the browser?"
218916;;"2024-09-02 19:07:06";"Excellent app to analyse the charts"
212563;;"2024-09-25 16:41:53";"very use app"
212511;;"2024-09-26 09:35:00";"No coverage of Irish stock market. Other than that a great user friendly charting app"
218917;;"2024-09-02 18:37:35";"US 100 tech chart slow"
212308;;"2024-09-29 12:50:41";"I love it 🥵😍"
212257;;"2024-09-30 03:47:19";"The best"
223268;;"2024-08-01 11:06:54";"Great app very useful for looking deeper into charts"
212059;;"2024-10-02 12:32:08";"Very good app.."
212009;;"2024-10-03 06:11:40";"Great app but paper trading in Indian stocks is not available"
212577;;"2024-09-25 13:34:17";Good
211816;;"2024-10-06 03:30:07";"👍😊 nice"
211767;;"2024-10-06 17:01:59";"Great experience"
211718;;"2024-10-07 06:14:18";"very good"
221781;;"2024-08-18 16:39:50";"Veruly but useful"
211531;;"2024-10-09 03:49:28";"Bast trading Chart app"
211483;;"2024-10-09 12:21:13";⭐️⭐️⭐️⭐️⭐️
214553;;"2024-09-19 17:31:32";"Easy, informative. Highly recommend."
211301;;"2024-10-11 13:09:23";"Very very good app to trade"
209754;;"2024-10-12 07:45:17";Verygood
209707;;"2024-10-13 01:32:02";"Very good"
223277;;"2024-08-01 08:55:52";"Easy to navigate."
221783;;"2024-08-18 16:16:08";"I had cancelled subscription before end free trail date but you debited the money from my account please cancel the subscription and refund my money . I am not satisfied to you service ."
209485;;"2024-10-15 08:19:01";"Nice trading view"
209439;;"2024-10-15 18:23:57";Good
222306;;"2024-08-12 14:37:23";"Very good"
222720;;"2024-08-07 07:30:56";Great
209224;;"2024-10-18 04:06:12";Awesome
209179;;"2024-10-18 12:09:47";"Nes hia"
211783;;"2024-10-06 13:25:22";Excellent
222311;;"2024-08-12 13:23:35";"The app is great and all but for some time now have not been able to access the chart, it keeps saying an error occured,oops something went wrong even though my data is on"
208971;;"2024-10-21 08:30:11";Awesome
208927;;"2024-10-21 17:30:50";Ok
209675;;"2024-10-13 10:58:40";"New version's so bad, I cannot search any pair"
219654;;"2024-08-25 16:32:31";Best
208726;;"2024-10-24 06:33:05";Good
208683;;"2024-10-24 16:04:17";"I wish it was easier to switch between frequently used tickers on mobile. That being said, Trading View is hands down the best charting program (and its free!) Edit: the scroll function includes a very long list of tickers, making it practically unusable. There is no easy way to switch between two frequently used tickers for example."
208641;;"2024-10-25 07:00:49";"Hangs & lags after switching between apps"
219957;;"2024-08-22 06:38:39";"It's a very reliable app"
208492;;"2024-10-27 10:35:10";"Simply the best. Incredible platform, can't fault them."
208451;;"2024-10-28 02:09:57";"Good 👍"
208410;;"2024-10-28 12:11:37";"To benifits of trading view"
209194;;"2024-10-18 09:51:15";"Good update I am happy. Thanks trading view team."
208943;;"2024-10-21 14:36:49";Good
214885;;"2024-09-16 04:27:54";"This aap is very useful for trading and I share my opinion this aap is very very important useful trading app in tha word"
205161;;"2024-10-31 08:34:55";Good
205122;;"2024-10-31 21:52:16";Great
205083;;"2024-11-01 09:22:19";"Fast ⚡️"
208657;;"2024-10-25 02:02:04";Excelent
214348;;"2024-09-22 15:17:41";Good
204912;;"2024-11-03 16:44:03";"Best' Aap"
204874;;"2024-11-04 04:08:36";"NEXT LEVEL APP - BUT ONE REQUEST U SHOULD MAKE APP EASY TO USE IN MOBILE LIKE U SHOULD GIVE A OPTION MOBILE MODETO PC MODE IN MOBILE MODE"
204836;;"2024-11-04 11:11:02";Good
204849;;"2024-11-04 07:54:57";"Good app, excellent interface But sometimes their ads can be extremely annoying"
211552;;"2024-10-08 18:37:23";"Best chart"
219658;;"2024-08-25 15:57:25";"Very good app"
204636;;"2024-11-06 15:11:13";Good
204599;;"2024-11-07 01:13:35";"Awesome 😎"
204562;;"2024-11-07 10:19:30";"The best"
208427;;"2024-10-28 07:46:22";Awesome
212333;;"2024-09-29 03:09:29";"Happy this application"
222252;;"2024-08-13 04:16:32";"So far so good."
204372;;"2024-11-09 19:28:25";"This Is My Best App ever 🥰🥰✅✅💯"
204336;;"2024-11-10 08:56:51";"Very helpful"
204300;;"2024-11-10 16:31:48";"Nice and good explanation on 📈📉"
208387;;"2024-10-28 17:32:08";"Its the best app for ur trading."
212232;;"2024-09-30 08:11:26";Great
221792;;"2024-08-18 14:45:22";"Nice app"
204119;;"2024-11-12 10:53:43";perfect
204083;;"2024-11-12 19:20:00";"Best App to Analyse charts"
204047;;"2024-11-13 08:26:48";"Cool app"
204890;;"2024-11-03 23:32:28";"Nice one 👍"
211555;;"2024-10-08 18:32:13";"I like it"
219474;;"2024-08-27 14:10:40";"Trading View is one of the best platform where I am working it's interface is so good looking and easy to handle their deposit and withdrawal methods are so instant I'm loving this app in short I suggest all of you to invest your funds safely here I am very happy by working there Regards trading view"
203870;;"2024-11-15 09:34:44";"Trading view is one of the best app across the world 👍"
203834;;"2024-11-15 17:03:56";"it's a better app for technical analysis and it improves on ones trading experience"
203798;;"2024-11-16 06:04:39";"Nice app"
202262;;"2024-11-16 17:10:15";good
204650;;"2024-11-06 12:52:22";"That's perfect that's perfect bro Only don't ask a price for time frames😭😭😭"
215330;;"2024-09-10 11:29:50";Top
214872;;"2024-09-16 07:53:04";"Good app"
202095;;"2024-11-19 04:09:51";"Amazing app"
202060;;"2024-11-19 12:05:39";"It's a mobile app not a desktop version. We can't see charts in clear time frame. Change sliding charts to older version. In desktop also. Adding features is ok."
202025;;"2024-11-19 16:57:24";Good
201990;;"2024-11-20 05:36:28";"Awesome 😎"
204616;;"2024-11-06 19:09:45";"Just say love it thanks"
209509;;"2024-10-15 05:05:11";"De best"
215340;;"2024-09-10 09:14:35";Extraordinary
201834;;"2024-11-22 01:48:28";"New trader for best aap🤑"
201800;;"2024-11-22 09:37:40";Superb!!!
201766;;"2024-11-22 15:36:00";"Very good"
201732;;"2024-11-23 06:25:03";"This app is not provide signal any time. They're busy every time I lost my funds 😓"
204353;;"2024-11-10 04:19:48";"Good of tereding"
215104;;"2024-09-13 00:05:08";Best
214567;;"2024-09-19 14:48:14";"trading view is very use full app for seeing chart of stocks and derivatives I use this app. I am very much happy, thanks to Trading view"
223009;;"2024-08-04 13:45:09";Good
201554;;"2024-11-25 17:44:01";"Wery good 👍"
201521;;"2024-11-26 03:17:47";👍👍👍
201488;;"2024-11-26 11:17:25";"Cutue app 👻🫣🫢🤭😋"
202041;;"2024-11-19 14:42:25";Best
204894;;"2024-11-03 20:05:17";Excellent
211281;;"2024-10-11 18:04:18";"Alaram notification are not working properly last few days"
215572;;"2024-09-07 03:39:21";Okay
201322;;"2024-11-29 02:10:59";Good
201290;;"2024-11-29 12:04:31";Nice
193024;;"2025-01-15 15:03:31";great
193025;;"2025-01-15 14:42:20";"Very good app"
193026;;"2025-01-15 14:36:27";"EXCELLENT SERVICE"
193027;;"2025-01-15 14:33:28";"Anyone from india🇮🇳? 🤌😘😘😘Chumu app download kore nao 😂. Seriously it's very good app"
193028;;"2025-01-15 14:30:18";"Love it"
193029;;"2025-01-15 14:26:46";Super
193030;;"2025-01-15 14:25:54";"Very 👍"
193031;;"2025-01-15 14:14:20";Awesome
193032;;"2025-01-15 14:06:53";"He to utna ajha aap he"
193033;;"2025-01-15 14:02:13";"Good Tradingview"
193034;;"2025-01-15 13:40:18";Super
193035;;"2025-01-15 13:38:35";"Free is good 💯"
193036;;"2025-01-15 13:33:43";"World best application"
193037;;"2025-01-15 13:33:22";"Absolutely recommended for technical analysis. However, there are many features that needs improvement. Also if the free version gets more features that would be cherry on top"
193038;;"2025-01-15 13:23:57";"Cool app. To first everluate strategy before placing a trade"
193039;;"2025-01-15 13:20:59";Good
193040;;"2025-01-15 13:03:58";"Exceptional investing app... To get my 5star rating, if it is possible show us the top 10 if not top 30 shareholders and the number of shares they hold since the companies are publicly listed on their various exhanges."
193041;;"2025-01-15 12:51:50";"Great app"
193042;;"2025-01-15 12:41:28";"Amazing coverage"
193043;;"2025-01-15 12:20:05";"Updated: they got back to me w/ decent explanation 15 days later Original Review: [Good luck on getting support. Live Customer service is non-existent & my help ticket over a basic pine script code, which was pasted in the ticket, is on day 14 of waiting for a response. The trade simulation kept selling me out of a position even though I had no stop loss. Take a position & hold until the profit price was reached. Simple enough yet it can't do a better job than I can by hand. Save your money.]"
193044;;"2025-01-15 12:08:17";Great
193045;;"2025-01-15 12:05:58";"When will you add the screener to the app ?"
193046;;"2025-01-15 12:02:56";"Trading view app is so good and reliable"
193047;;"2025-01-15 11:38:51";👌
193048;;"2025-01-15 11:25:22";"Best for beginners"
193049;;"2025-01-15 11:24:28";Good
193050;;"2025-01-15 11:24:03";"Good experience"
193051;;"2025-01-15 11:09:10";Nice
193052;;"2025-01-15 10:49:51";"Indicators hide button disaappeared fix this problem please"
193053;;"2025-01-15 10:33:22";"incredible app 👍🏻"
193054;;"2025-01-15 10:18:33";"Even though I'm a beginner but i found it very friendly and helpful knowledgeably."
193055;;"2025-01-15 10:09:45";"Thanks for everything"
193056;;"2025-01-15 10:07:40";Good
193057;;"2025-01-15 09:56:38";"Best app for trading"
193058;;"2025-01-15 09:53:58";Best
193059;;"2025-01-15 09:49:17";superb
193060;;"2025-01-15 09:47:52";"Excellent application for all market analysis Thanks to trading view ❤️."
193061;;"2025-01-15 09:13:53";"The app is perfect I really enjoy using it and it works perfectly."
193062;;"2025-01-15 08:54:00";"Please give me 30 days membership 🙏🏻🥺"
193063;;"2025-01-15 08:33:50";"Love the app."
193064;;"2025-01-15 08:33:02";"Perfect 👌"
193065;;"2025-01-15 08:07:15";Fabulous
193066;;"2025-01-15 08:03:14";"Great app"
193067;;"2025-01-15 07:59:38";Excellent
193068;;"2025-01-15 07:31:28";"Best app for chart"
193069;;"2025-01-15 07:17:31";"THE APPLICATION IS THE BEST OF THOSE I WAS EVER USED,INSPIT OF ONE ESSUE TO MY SIDE,IT STOPPED SHOWING MY CHARTS DURING T.ANALYSIS"
193070;;"2025-01-15 06:51:38";"Awesome application. Everyone should use this."
193071;;"2025-01-15 06:48:27";"Very transparent and good to sync between your pc and phone."
193072;;"2025-01-15 06:29:59";"Best app for trading"
193073;;"2025-01-15 06:16:03";Good
193074;;"2025-01-15 06:05:44";"Best app for analysis the stock"
193075;;"2025-01-15 05:58:28";beautiful
193076;;"2025-01-15 05:53:30";"Excellent service"
193077;;"2025-01-15 05:30:38";amezing
193078;;"2025-01-15 05:12:45";"Works well"
193079;;"2025-01-15 04:34:25";"It's very easy to use"
193080;;"2025-01-15 04:26:43";"Superb app, price need to be reduced"
193081;;"2025-01-15 04:25:11";Good
193082;;"2025-01-15 04:02:31";"Very helpful app 👍👍👍👍👍👍👍"
193083;;"2025-01-15 03:51:01";"Nice app"
193084;;"2025-01-15 03:42:34";Good
193085;;"2025-01-15 03:40:07";"Thank you so much for better understanding"
193086;;"2025-01-15 03:34:06";"Perfect 👍👍 Thanks 👍"
193087;;"2025-01-15 02:17:43";Best
193088;;"2025-01-15 01:58:40";Best
193089;;"2025-01-15 01:55:25";"Watchlist is bit cumbersome"
193090;;"2025-01-15 01:21:16";"Very useful appa i loved it"
193091;;"2025-01-15 00:30:06";"Every body watching with payment only. It is not a free website"
193092;;"2025-01-14 23:59:08";"Why is synhethic indices not available on the app. Pls can you guys make it available , all those volatility index pairs, synthetics pairs. Pls let it be available on the app. Overall the app is the best, the only reason for the one star is cuz of synthetics indices. Tradingview is the best app so far buh this is a great limitation on the part of the trader. Kindly look deeply into this request"
193093;;"2025-01-14 23:29:50";"Best for technical analysis"
193094;;"2025-01-14 23:03:52";"useful info app"
193095;;"2025-01-14 22:31:16";"Best platform for traders to help finding best profitable trades 😘😘"
193096;;"2025-01-14 22:27:24";"Not bad"
193097;;"2025-01-14 21:53:08";wow
193098;;"2025-01-14 21:25:43";"Lo mejor para hacer análisis técnico de mis inversiones."
193099;;"2025-01-14 21:12:14";Good
193100;;"2025-01-14 20:36:45";👍👍👍🐈‍⬛
193101;;"2025-01-14 20:14:44";"Tikkle tikkle tikkle little Star ⭐ tokens billions 10 miles away happy 😊😁😊😁😊😁😁😁😊😁😁😊😁😊😁😁😊😁😁😁😁😁😁😁😁😁😁😁😁😁😁😁😊😊😁😁😁😁😊😁😁😁😁😁😁😁😁😁😁😁 a person who needs help and love you and you are the down water God is good 😊 and peace and happiness 😊 you are a person that is a person that has a person who understands that is a Star ⭐ tokens and peace ✌️🕊️ and peace and peace of God and seek God protect protections the Lord to go into your life and freedom to protect y"
193102;;"2025-01-14 19:40:39";"Thus far trading view was of great help in annalizing my daily charts"
193103;;"2025-01-14 19:35:22";"I love this app."
193104;;"2025-01-14 18:57:57";"Great app"
193105;;"2025-01-14 18:57:39";"Out classs"
193106;;"2025-01-14 18:51:19";Perfect
193107;;"2025-01-14 18:44:15";Good
193108;;"2025-01-14 18:37:35";Good
193109;;"2025-01-14 18:32:38";"Great app"
193110;;"2025-01-14 18:32:25";Amazing
193111;;"2025-01-14 18:11:59";good
193112;;"2025-01-14 17:57:54";"It's very clear view"
193113;;"2025-01-14 17:55:05";"Nice charting application"
193114;;"2025-01-14 17:52:13";Excellent
193115;;"2025-01-14 17:47:56";"I love it"
193116;;"2025-01-14 17:37:29";"Awesome trading platform but a little confusing"
193117;;"2025-01-14 17:25:55";"If it shows free here, then when the application is opened, it says why premium"
193118;;"2025-01-14 17:18:25";Nice
193119;;"2025-01-14 16:49:16";"Very good app"
193120;;"2025-01-14 16:46:54";Nice
193121;;"2025-01-14 16:34:09";"Real time movement"
193122;;"2025-01-14 16:33:20";"Better app for sure"
193123;;"2025-01-14 16:32:17";"Good 👍"
193124;;"2025-01-14 16:28:49";Super
193125;;"2025-01-14 16:03:02";"No, the email link takes you to the Android app if you have it installed (via Android App Links), and you cannot unsub in the app. This is not in keeping with spam and unsub laws, since emails should take you directly to an unsub page......... (it's not the users responsibility to jump through hoops and open the web version to unsub, your devs could easily do this... hopefully )"
193126;;"2025-01-14 15:53:42";Awesome...
193127;;"2025-01-14 15:51:38";"By far the best app to analyse the market, has a lot of tools you can't get from Metatrader or trading portals. Can also login to certain brokers and trade as you analyse, 100% recommended"
193128;;"2025-01-14 15:47:14";Nìce
193129;;"2025-01-14 15:46:07";"It's pretty good and easy for beginners"
193130;;"2025-01-14 15:45:55";"Super verry easy"
193131;;"2025-01-14 15:43:25";"Good 👍 78"
193132;;"2025-01-14 15:43:00";"If you don't know now you know 💪💎"
193133;;"2025-01-14 15:32:03";Good
193134;;"2025-01-14 15:17:55";"Since recent update, a major problem has appeared -- the chart will freeze CONSTANTLY. On the watchlist tab, all prices will be updated & changing every second, but switch back to the chart and it's still be frozen. Try to change to a different chart and the screen will dim like it's trying to change but then just stay frozen. I've left the phone for 30mins and the TradingView chart is still frozen! Problem occurs on wifi + mobile data, with VPN and without. Needs to be fixed ASAP!! Unusable rn"
193135;;"2025-01-14 15:08:38";Nice
193136;;"2025-01-14 15:04:28";"Very great tool and charting website"
223240;;"2024-08-01 15:42:44";awesome
223028;;"2024-08-04 07:34:30";Excellent
222819;;"2024-08-06 08:05:15";wow
222751;;"2024-08-07 00:25:21";"Very useful application for traders and investors. One of best application in appstore."
222545;;"2024-08-09 10:11:19";"Very trusted fore app"
222478;;"2024-08-10 09:09:08";"Very happy with it"
222276;;"2024-08-12 19:21:40";"Good for credible analysis"
222211;;"2024-08-13 10:48:30";Good
222012;;"2024-08-15 20:15:31";Awesome
222291;;"2024-08-12 17:14:30";Good
220252;;"2024-08-19 03:16:48";Good
220189;;"2024-08-19 15:15:25";"Superb app, excellent facility for starting Trading"
219996;;"2024-08-21 15:37:59";"one of the best stock viewing apps, it's free (I don't pay for it) and there's a pro version, easy to view and understand, Recommend for sure!"
219934;;"2024-08-22 10:49:55";"The most greedy app with its annoying ads"
219744;;"2024-08-24 09:56:16";"Relax with the ads every two minutes"
219683;;"2024-08-25 07:50:00";Nice
219496;;"2024-08-27 10:57:35";"Plz add to Upstox Broker on Tradingview."
219436;;"2024-08-27 23:05:59";"The app has helped me improve my trading experience"
222773;;"2024-08-06 16:51:36";"Very useful"
219193;;"2024-08-30 14:43:17";"i love it but only 2 indicators is not good"
219207;;"2024-08-30 12:15:17";"Very good app for trading"
218954;;"2024-09-02 09:33:46";Excellent
218896;;"2024-09-02 22:05:59";"Good app"
215647;;"2024-09-06 02:54:39";"Good 👍"
215590;;"2024-09-06 15:31:35";"Great app for the markets. Probably the best out there."
222233;;"2024-08-13 06:37:13";Good
215360;;"2024-09-10 05:33:41";"Nice application"
215304;;"2024-09-10 15:48:25";"Easily the best app out there. Very informative. Love how indicators created by others can be shared widely. Please keep up your good work. Wish you have the larger logo options on a widget though or logo only option(Sorry for the typos). More widget options with brief screenshot of candle stick would be great."
215134;;"2024-09-12 15:46:18";Good
215079;;"2024-09-13 07:06:19";Epic
219703;;"2024-08-25 02:25:49";"Best app for all market tracker"
214858;;"2024-09-16 11:24:42";Good
214804;;"2024-09-17 00:57:42";Easy.
214640;;"2024-09-19 00:06:52";"Helpful links to all market traders"
214587;;"2024-09-19 12:05:54";"Best in Class amongst Platform. Too High Price for Us."
214534;;"2024-09-20 02:33:24";Awsm
214375;;"2024-09-22 09:13:34";"Very good"
214323;;"2024-09-22 20:04:22";"Excellent 👌"
212770;;"2024-09-23 08:04:54";"Doesn't update candles on time and they want to force us to purchase their premiums plan!"
218974;;"2024-09-02 05:59:05";"Love iin with it"
212562;;"2024-09-25 16:42:28";"This app is great buh please add more brokers because Exness like this is not part"
212510;;"2024-09-26 09:49:22";Good
218975;;"2024-09-02 05:58:11";Nice
212307;;"2024-09-29 13:07:11";"All good, but please we need you guys to partner with more brokers"
212256;;"2024-09-30 03:51:00";"Great app !!!"
215324;;"2024-09-10 12:21:15";Excelente!
212058;;"2024-10-02 12:36:12";Great
212008;;"2024-10-03 06:52:38";"Paid service is free for us is better keep earning money from ads"
222780;;"2024-08-06 15:03:19";"Very helpfull flatform trading"
211815;;"2024-10-06 04:05:42";"It' s really good"
211766;;"2024-10-06 17:02:05";Good
211717;;"2024-10-07 06:14:57";terbaik.
221978;;"2024-08-16 04:37:00";Neec
211530;;"2024-10-09 03:57:36";Good
211482;;"2024-10-09 12:21:43";"Best app"
214606;;"2024-09-19 07:24:15";"Fantastic 😍"
211300;;"2024-10-11 13:09:33";"Very good 👍"
209753;;"2024-10-12 08:06:22";"great app"
209706;;"2024-10-13 01:40:19";"I love you 💖"
212023;;"2024-10-02 21:54:39";"The best"
221980;;"2024-08-16 04:31:36";Good
209484;;"2024-10-15 08:26:48";"Good company app"
209438;;"2024-10-15 18:35:03";"Great app"
211975;;"2024-10-03 13:40:56";"The updated layout is really very bad and frustrating since our fingers are accustomed to old layout please bring back old layout!"
222788;;"2024-08-06 13:44:00";"Trading View is worth every penny. I just wish I could put my orders in and get them sent to my broker Questrade."
209223;;"2024-10-18 04:11:50";"Can you please help , my price scale shows prices with very many zeros at the end,how do I go over that?"
209178;;"2024-10-18 12:36:35";"Lot's of useful features in this app makes me a regular user"
222241;;"2024-08-13 05:31:53";Good
222515;;"2024-08-09 17:56:28";Wow
208970;;"2024-10-21 08:35:37";"Very good 👍"
208926;;"2024-10-21 17:55:55";"Doesn't support NSE"
209722;;"2024-10-12 16:27:28";Perfect
219715;;"2024-08-24 18:34:16";"The app is good but sometimes the charts are getting slower then usually but as I am swing trader so it's not much important for me.. but for intraday it's not much useful.. commodity also not so good to check on trading view.."
208725;;"2024-10-24 06:42:33";"This app is so amazing"
208682;;"2024-10-24 16:06:29";"Great for keeping track of investments!"
208640;;"2024-10-25 07:01:22";"Best app for single trend 📉"
214558;;"2024-09-19 16:39:58";"Very good"
208491;;"2024-10-27 10:43:25";"Very good"
208450;;"2024-10-28 02:11:20";"Charts are good"
208409;;"2024-10-28 12:33:14";"Great app."
209239;;"2024-10-17 21:40:39";👍👍👍👍👍
208986;;"2024-10-21 05:14:53";"Great platforms"
215052;;"2024-09-13 12:45:20";"Awesome 😎👍"
205160;;"2024-10-31 09:01:45";"Best trading platform ever!"
205121;;"2024-10-31 22:23:41";"Ever since the last update, trading view has been finding it difficult to load data very frustrating."
205082;;"2024-11-01 09:29:34";"Good starge"
208699;;"2024-10-24 12:29:29";"Excellent for the beginners"
219705;;"2024-08-25 02:10:28";Best
204911;;"2024-11-03 16:44:16";"Best App Ever To keep Eye On World Index"
204873;;"2024-11-04 04:19:55";Good
204835;;"2024-11-04 12:19:38";"TV simply got better ✅"
204887;;"2024-11-04 00:50:06";"The best for trader"
214878;;"2024-09-16 06:56:50";"The best app for making technical analysis using indicators"
219719;;"2024-08-24 17:15:50";"The only tool I use for my analysis"
204635;;"2024-11-06 15:26:20";Cool
204598;;"2024-11-07 01:21:02";"Information is best"
204561;;"2024-11-07 10:20:49";Perfecto
208468;;"2024-10-27 16:15:33";Amazing
212485;;"2024-09-26 15:43:41";"Best Trading view platform"
222317;;"2024-08-12 12:04:52";"I've has the best trading experience from this app"
204371;;"2024-11-09 19:51:59";Perfect
204335;;"2024-11-10 09:18:38";Best
204299;;"2024-11-10 16:33:19";"They best in all views"
208428;;"2024-10-28 07:39:31";"Awesomeness 👌"
212283;;"2024-09-29 18:14:02";"Very Good application for stock market"
221989;;"2024-08-16 03:33:33";Good
204118;;"2024-11-12 10:57:53";"Nice app. But impossible to subscribe the paid version. I tried to subscribe the monthly plan through paytm, it asked for 1 lakh upfront!!!"
204082;;"2024-11-12 19:29:58";"No BTCXAU ( Bitcoin vs Gold )"
204046;;"2024-11-13 08:37:48";"Nce One."
219718;;"2024-08-24 17:29:18";"It would be good if this is free :)"
214605;;"2024-09-19 07:24:43";"Got stuck at chart Redownloaded but didn't work Not only at chart panel the others too they don't open even i change the internet in concern if my mobile data is not working but the same In other words the chart of any currency or firms didn't open"
219661;;"2024-08-25 14:42:37";Excellent
203869;;"2024-11-15 10:09:04";"Perfect tool"
203833;;"2024-11-15 17:05:39";"Good one"
203797;;"2024-11-16 06:07:47";Good
202261;;"2024-11-16 17:43:21";"سرعتش کنده"
204315;;"2024-11-10 12:45:49";"An ability to link an Exness Account to Trading View would be a game changer"
209156;;"2024-10-18 17:05:24";"In pine editor not having PASTE option"
214837;;"2024-09-16 14:51:02";"You ruined the program with unnecessary updates. You can't use the chart part even with VPN. Optimize the program so that it can be used with low speed internet. Different parts of the program are not usable. Please take care of it Previously, more indicators were added to the chart. Like other programs, after gathering the audience and getting points, you start giving paid services. And little by little the free program is removed.👎👎👎"
202094;;"2024-11-19 04:14:17";"I like this app"
202059;;"2024-11-19 12:07:43";"it's great app for drawing on charts for technical analysis. but please add double tap to horizontal mode like in other chart app. you have to chance your phone settings to auto rotate to view and draw chart if you want bigger view in horizontal mode. it's annoying to change your phone settings for one app use, otherwise great app"
202024;;"2024-11-19 17:01:31";"Wow... beginners should try it. It's a game changer"
201989;;"2024-11-20 05:39:02";"Very good"
204653;;"2024-11-06 12:09:31";"Great app. Accurate charting. I like the ability to chart on my desktop, and sync to my phone for on-the-go monitoring"
214607;;"2024-09-19 06:52:20";"I've been using trading since around 5 years back and i still remain grateful and amazed 💯💯"
215396;;"2024-09-09 14:33:18";"It's a cool app"
201833;;"2024-11-22 01:55:15";"Good app. Helpful"
201799;;"2024-11-22 09:41:27";Super
201765;;"2024-11-22 15:57:46";"Nice one 👍 👌 👏"
201731;;"2024-11-23 06:33:00";Good
204389;;"2024-11-09 15:00:12";Good
209158;;"2024-10-18 16:43:48";"Best app"
214620;;"2024-09-19 04:41:54";"the excellent application for trading prediction and market view"
223079;;"2024-08-03 12:06:18";Indispensable
201553;;"2024-11-25 17:52:45";"Awesome 👍"
201520;;"2024-11-26 03:20:35";"Life changer"
201487;;"2024-11-26 11:18:06";"Too expensive 😪"
202076;;"2024-11-19 07:25:30";"Verry good AAP"
219226;;"2024-08-30 07:07:06";"Very helpful for taking decisions. A lighthouse for investors. It enhances your confidence and helps to tide over market moods without stress and sleepless nights."
219711;;"2024-08-24 21:10:33";"Thank you for the prompt response and for noting my suggestion. I understand that this feature is currently unavailable in the mobile app. I appreciate the ongoing improvements and look forward to seeing this functionality implemented in next updates."
215629;;"2024-09-06 06:47:36";"Best tool for trading planning"
201321;;"2024-11-29 02:11:04";"Nice helpful"
201289;;"2024-11-29 12:29:55";"Already paid for black friday annual subscription, bank account balance already deducted, yet tradingview said my purchase was not successfull and my account failed to upgraded.. Worst thing is, the apps customer support only exclusive for paid user.. Then how in the freezing hell i can resolved my issue!!??? (Update) here's the answer for my email: ""We don't provide support via email. Please open a support ticket from the website. Be aware that we only support users with a paid subscription."""
193280;;"2025-01-13 07:16:56";"Best app ever"
193281;;"2025-01-13 07:15:06";Good
193282;;"2025-01-13 07:14:18";"My charts doesn't display well in my Samsung j6+"
193283;;"2025-01-13 07:08:12";💥👍🤌🦾💯
193284;;"2025-01-13 07:08:02";"simple and easy to navigate through"
193285;;"2025-01-13 06:51:49";"Nice app"
193286;;"2025-01-13 06:45:40";Amazing
193287;;"2025-01-13 06:19:36";"It's an amazing app I like it most"
193288;;"2025-01-13 05:33:42";"Very nice app"
193289;;"2025-01-13 05:28:26";"You deserve it"
193290;;"2025-01-13 05:18:01";"I have such a smoothly working market we can also analysis the any market like Indian or other country but I like to wish please give us paper trading in Indian market such as nift 50 banknifty bse such please"
193291;;"2025-01-13 04:45:44";"Nice app"
193292;;"2025-01-13 04:42:12";"Very fast and very accurate"
193293;;"2025-01-13 04:26:57";"best app to view all stocks values and to trade"
193294;;"2025-01-13 04:24:55";👍
193295;;"2025-01-13 04:14:23";"Good app"
193296;;"2025-01-13 04:04:56";"Very helpful app I use every day to analyse currency pairs"
193297;;"2025-01-13 03:53:31";"very good"
193298;;"2025-01-13 03:45:53";Gud
193299;;"2025-01-13 03:39:56";"Good platform"
193300;;"2025-01-13 03:37:32";"Thik thak"
193301;;"2025-01-13 03:35:17";"I was on essential plan all along. But suddenly i saw my plan change to premium and got charged for premium 65.35usd. From 16.30usd become 65.35usd which i did not subscribe. And there is no support i can do. This is scamming."
193302;;"2025-01-13 03:20:38";Awesome
193303;;"2025-01-13 03:17:32";Best
193304;;"2025-01-13 03:11:10";Excellent
193305;;"2025-01-13 02:42:48";"nice 👍🏻🙂"
193306;;"2025-01-13 02:22:43";"Good app to learn"
193307;;"2025-01-13 02:12:18";Good
193308;;"2025-01-13 01:40:06";Amazing
193309;;"2025-01-13 01:30:21";"Lim Trading International"
193310;;"2025-01-13 01:19:36";"very concise"
193311;;"2025-01-13 00:15:29";"Love it. Very humbling. It is a reminder, Do not gamble with real money"
193312;;"2025-01-12 23:36:35";Excellent!
193313;;"2025-01-12 22:21:05";"TradingView are miserable..leeching.. Can't continue to use the App on my phone of the service I paid for whilst simultaneously using the service on my PC. It's a pathetic cheap move by TradingView. I have been paying for a service and then they rug pull functionality while maintain their fees 🤬"
193314;;"2025-01-12 21:43:27";"Very helping tool love still could be more simple"
193315;;"2025-01-12 21:39:02";"Good 👍"
193316;;"2025-01-12 21:15:55";"A very good app for trading"
193317;;"2025-01-12 21:11:43";"Very usefull app"
193318;;"2025-01-12 19:34:25";"Great and easy to use"
193319;;"2025-01-12 19:26:03";Excited
193320;;"2025-01-12 19:06:16";Good
193321;;"2025-01-12 18:59:10";"Fantastic app. I can't say enough good things about it... The only 2 things this needs: 1) Scrolling between timeframes/pairs from the chart screen is too sensitive and finicky. 2) Allow users to adjust the opacity of an entire indicator from the drop-down (just like turning them on and off)"
193322;;"2025-01-12 18:56:50";"Very nice"
193323;;"2025-01-12 18:36:58";Best
193324;;"2025-01-12 18:05:51";"Great work"
193325;;"2025-01-12 17:23:02";Nice
193326;;"2025-01-12 17:16:53";"Great app"
193327;;"2025-01-12 17:15:30";"Very good"
193328;;"2025-01-12 17:12:17";"Easy to use and to practice, you will never go wrong over here"
193329;;"2025-01-12 17:08:43";"The ever best app"
193330;;"2025-01-12 17:03:44";"Best chart provider best tools provider"
193331;;"2025-01-12 16:59:48";"nice app"
193332;;"2025-01-12 16:29:45";"Very good."
193333;;"2025-01-12 16:23:38";"Super app"
193334;;"2025-01-12 16:11:22";Excellent!
193335;;"2025-01-12 15:59:32";"Fantastic view👍❤️"
193336;;"2025-01-12 15:52:39";"Best app to trade with🤟👌"
193337;;"2025-01-12 15:40:58";"Very nice app"
193338;;"2025-01-12 15:30:37";"Thank you for sharing a great app with us. This is a great tool with a great community to help learn."
193339;;"2025-01-12 15:27:15";Good
193340;;"2025-01-12 15:03:23";❤️❤️❤️
193341;;"2025-01-12 14:58:43";"వెరీ good app"
193342;;"2025-01-12 14:50:25";Good
193343;;"2025-01-12 14:34:42";Good
193344;;"2025-01-12 14:21:09";"This is useful fundamental analysis"
193345;;"2025-01-12 13:36:44";❤️🙏
193346;;"2025-01-12 13:15:12";"It's a amazing chart provider, i like it's terminal"
193347;;"2025-01-12 13:07:47";،👌
193348;;"2025-01-12 13:05:10";"Really good app for doing the analysis wherever you are"
193349;;"2025-01-12 12:58:01";Fabulous
193350;;"2025-01-12 12:57:38";"Good 👍"
193351;;"2025-01-12 12:47:30";Good👍
193352;;"2025-01-12 12:29:12";"I love the app"
193353;;"2025-01-12 12:27:38";"Soo much good and reliable for all of financial analysis for crypto and forex"
193354;;"2025-01-12 12:18:46";"Very good experience to using this app"
193355;;"2025-01-12 12:07:13";Good
193356;;"2025-01-12 11:53:43";"It's a amazing App, show everything of options data."
193357;;"2025-01-12 11:42:52";Good
193358;;"2025-01-12 11:39:03";⭐⭐⭐👍👍👍⭐⭐
193359;;"2025-01-12 11:19:14";Perfect
193360;;"2025-01-12 11:05:24";"Great app"
193361;;"2025-01-12 10:40:29";"Great one"
193362;;"2025-01-12 10:25:46";Good
193363;;"2025-01-12 10:00:48";"Simply the best"
193364;;"2025-01-12 09:55:25";Perfect
193365;;"2025-01-12 09:40:49";Best
193366;;"2025-01-12 09:29:34";Best
193367;;"2025-01-12 09:10:36";"This app so amazing"
193368;;"2025-01-12 09:07:27";Good
193369;;"2025-01-12 08:59:08";"Good app having integrated features provide 3 functions free"
193370;;"2025-01-12 08:58:09";,✅💸💸❤️‍🩹💌💕
193371;;"2025-01-12 08:44:29";👍👍👍👍👍👍
193372;;"2025-01-12 08:28:32";"Best chat layouts"
193373;;"2025-01-12 08:23:34";"Very efficient and useful"
193374;;"2025-01-12 08:05:51";"No need to rate tradingview, everyone knows tradingview is world no.1"
193375;;"2025-01-12 07:55:44";"This is the best trading app in my own experience"
193376;;"2025-01-12 07:43:36";Nice
193377;;"2025-01-12 07:26:42";"Trading view is the best app for trading 😘😘🤩🤩🤩🤩🤩🤩🤩🤩🥰🥰🥰🥰🥰🥰🤩🤩🤩😍🥰😘🥰🥳🥳😍😍🥰🥰🥰🥰🥰😍😍🤩🤩🤩🤩😍😍"
193378;;"2025-01-12 07:08:28";best
193379;;"2025-01-12 06:50:53";👍👍
193380;;"2025-01-12 06:22:08";good
193381;;"2025-01-12 06:13:44";"Outstanding as long as the integrity is maintained"
193382;;"2025-01-12 06:03:13";"This or suicide"
193383;;"2025-01-12 05:37:02";"Best trading analysis platform ever ,hands down"
193384;;"2025-01-12 05:28:11";👏👏👏👏👍👍
193385;;"2025-01-12 05:18:19";"Awsm best app"
193386;;"2025-01-12 05:15:47";Good
193387;;"2025-01-12 05:01:57";"App of the cebtury"
193388;;"2025-01-12 04:56:28";"Good app"
193389;;"2025-01-12 04:31:31";"Great info, broad spectrum of investments in one app."
193390;;"2025-01-12 03:47:33";good
193391;;"2025-01-12 03:39:39";"Good ... 👍"
193392;;"2025-01-12 03:28:06";"Best app for beginners"
223239;;"2024-08-01 15:51:55";"Very good for trade information"
223027;;"2024-08-04 07:41:07";"Good app"
222818;;"2024-08-06 08:14:18";"Day by day, it's becoming so worse,so much lag, not functioning properly either, what happened to it's developers?"
222750;;"2024-08-07 00:38:36";"Good very good"
222544;;"2024-08-09 10:26:26";"Awesome app"
222477;;"2024-08-10 09:23:32";"Thenk you 🤩"
222275;;"2024-08-12 19:27:13";"Great app with perfect tools"
222210;;"2024-08-13 10:53:57";"Great experience!"
222011;;"2024-08-15 20:50:37";"I just like tis app it gives various options and easy to cope with ... It's e perfect app if you wanna make a fortune"
222494;;"2024-08-10 02:40:57";"Nice app ..very smooth"
220251;;"2024-08-19 03:22:31";"Very nice app"
220188;;"2024-08-19 15:21:44";"Good 💯😊"
219995;;"2024-08-21 15:53:55";"Very helpful aap🤗"
219933;;"2024-08-22 11:17:04";"This app hasn't been opening on my phone.. keeps telling me an error occured"
219743;;"2024-08-24 10:00:25";"Very nice app"
219682;;"2024-08-25 07:59:22";"Good application"
219495;;"2024-08-27 10:59:51";"My tradingview app doesn't work anymore its been 4 days now... I don't know why... it doesn't load anymore... may you please fix it"
219435;;"2024-08-27 23:06:27";Goodness
222982;;"2024-08-04 22:05:20";"Great app, thanks for being here"
219192;;"2024-08-30 14:45:27";"Good okokokokogo good"
219450;;"2024-08-27 19:12:06";"Really great app."
218953;;"2024-09-02 10:12:50";Best
218895;;"2024-09-02 23:17:12";"so many pop-up ads. this is awful and very annoying."
215646;;"2024-09-06 03:10:10";Good
215589;;"2024-09-06 15:48:15";"Best App For Traders"
222298;;"2024-08-12 15:34:07";"Very good platform. Simple and easy to use. Great for beginners and anyone learning how to invest. Plus, paper trading to help gain live trading experience without the financial risk!!"
215359;;"2024-09-10 05:42:58";"Day Format nahi hota.. Hum jab bhi 1 Day format karte hai to 1 Minut ka hi chart dikhata hai"
215303;;"2024-09-10 15:54:21";"It's a very good app."
215133;;"2024-09-12 15:51:09";"App is crashing when network signal decrease"
215078;;"2024-09-13 07:14:24";Best
222771;;"2024-08-06 17:04:46";Awesome
214857;;"2024-09-16 11:46:04";Ok
214803;;"2024-09-17 01:08:57";"very simple 👌"
214639;;"2024-09-19 00:15:58";best
214586;;"2024-09-19 12:22:09";"Verry Useful app 🙂"
214533;;"2024-09-20 03:08:33";"Best app to view the chart and analysis the market"
214374;;"2024-09-22 09:19:33";Good
214322;;"2024-09-22 20:37:47";"Okay naman"
212769;;"2024-09-23 08:14:38";"really it's wonderful app,,, everything you need you'll find it"
219155;;"2024-08-31 03:15:18";"Best platform for charting and other things"
212561;;"2024-09-25 17:56:30";Best
212509;;"2024-09-26 09:54:21";nice
219156;;"2024-08-31 03:10:34";"Best leaning 📈"
212306;;"2024-09-29 13:14:08";"Very nice"
212255;;"2024-09-30 03:59:15";"Best trading platform"
215380;;"2024-09-09 20:31:37";Exilent
212057;;"2024-10-02 12:42:17";"Go apps"
212007;;"2024-10-03 07:14:34";"Good trading app analysing❤️❤️❤️❤️"
214286;;"2024-09-23 05:54:59";"Can give more benifits to free version"
211814;;"2024-10-06 04:12:52";"Overrated app. Tok compled to use."
211765;;"2024-10-06 17:04:06";"Very effective app for trading"
211716;;"2024-10-07 06:29:17";Good
222042;;"2024-08-15 11:36:18";Good
211529;;"2024-10-09 04:11:06";"Please extend max indicator to 4"
211481;;"2024-10-09 12:38:23";"good 👍👍"
219212;;"2024-08-30 10:48:15";"It's good. I like the part where people post their analysis."
211299;;"2024-10-11 13:20:27";"its been okay"
209752;;"2024-10-12 08:06:24";"Superb,easy,with all features needed.."
209705;;"2024-10-13 01:48:32";Fantastic
211496;;"2024-10-09 09:45:50";"Nice application"
222044;;"2024-08-15 11:00:29";"I withhold my one star of late it gets unusually slow and it can be frustrating"
209483;;"2024-10-15 08:38:38";"I can't open the app sometimes. It's use to say server error. Even though i try refresh several times it still won't work. Until the next day"
209437;;"2024-10-15 18:36:17";"Very good app"
212025;;"2024-10-02 21:20:54";Great
222997;;"2024-08-04 16:40:22";Superb
209222;;"2024-10-18 04:14:45";"Easy to analyse the stock"
209177;;"2024-10-18 12:41:43";"For some reason it's the best analysis tool for trading, the features are great and the scope cover is simply unique. A must in every trader's toolbar !!!"
211976;;"2024-10-03 13:36:31";"Very good"
222721;;"2024-08-07 07:06:06";"Great just great!"
208969;;"2024-10-21 08:41:35";"Great. Very smooth operating system. Best and quality charts best for all the Trader's and investors."
208925;;"2024-10-21 18:00:57";"The best 👌👍😍!"
209769;;"2024-10-12 04:06:51";Awesome
219905;;"2024-08-22 16:32:29";Good
208724;;"2024-10-24 06:55:22";"Nice trading app"
208681;;"2024-10-24 16:16:06";Good
208654;;"2024-10-25 02:43:13";"👍 great"
214611;;"2024-09-19 06:23:04";"Very nice app for training"
208490;;"2024-10-27 11:05:31";"Good experience"
208449;;"2024-10-28 02:28:44";"Good 👍"
208408;;"2024-10-28 13:15:16";"The best trading platform ever"
219221;;"2024-08-30 07:57:48";"I can't access my trading view is doesn't show any charts anymore and it been days"
218982;;"2024-09-02 05:05:39";Good
215107;;"2024-09-12 22:41:27";"Easy to use."
205159;;"2024-10-31 09:08:52";Good
205120;;"2024-10-31 22:57:16";Super
205081;;"2024-11-01 09:37:19";"Sweet and nice"
208742;;"2024-10-24 00:36:41";❤️✅
214560;;"2024-09-19 16:30:52";"very nice aap to learn trading"
204910;;"2024-11-03 16:49:35";"No other platform is like this, it's a must have for trading"
204872;;"2024-11-04 04:36:39";"Perfect app. Feature request: kindly provide an option to automatically switch the TF if we zoom out the charts sufficiently"
204834;;"2024-11-04 12:23:51";Excellent
220163;;"2024-08-19 22:52:04";"Sangat membatu untuk mengetaui perkembangan harga pasar"
211740;;"2024-10-07 01:39:11";"Excellent app"
219909;;"2024-08-22 15:03:11";"Good app"
204634;;"2024-11-06 15:31:30";"Well Animated"
204597;;"2024-11-07 01:30:55";"TV is very good for analysis and charting"
204560;;"2024-11-07 10:39:54";"Really great"
220161;;"2024-08-20 00:48:34";"Great 👍"
212537;;"2024-09-26 03:57:34";Supar
222521;;"2024-08-09 16:59:29";Awesome
204370;;"2024-11-09 20:03:12";"Trading View has a very user-friendly interface. However I can't setup TDI Indicator on the app"
204334;;"2024-11-10 09:36:35";"best app for trader and investors"
204298;;"2024-11-10 16:47:34";"Great experience ever"
208469;;"2024-10-27 15:47:37";"Better trading app experience my better"
212334;;"2024-09-29 02:48:31";Good
222053;;"2024-08-15 09:03:10";"Best one"
204117;;"2024-11-12 10:59:57";"Good app 👍"
204081;;"2024-11-12 19:48:45";"Simply perfect (for this beginner)"
204045;;"2024-11-13 08:44:42";"Error come several times"
211551;;"2024-10-08 19:43:29";"Volume indicators.Latest update nothing is working at all free volume indicators even the srappy ones nothing working"
211743;;"2024-10-06 23:55:47";"Excellent app"
219722;;"2024-08-24 16:40:55";Perefect
203868;;"2024-11-15 10:40:34";Good
203832;;"2024-11-15 17:42:19";"Good work"
203796;;"2024-11-16 06:13:23";"Right the first time trying to use it, it just didn't load at all, kept loading for minutes before showing a retry button which is helpless because it looked like really down in that period of time (which seemed to have been lasting for at least 30 minutes). I really doubt that this is a legit app, even possibly a scam or something. This is the first app downloaded from the Play store that has given me this terrible experience. And I've used Android phones for almost 7 years now."
202260;;"2024-11-16 17:44:53";"Awasam / good earn money"
204351;;"2024-11-10 05:22:06";Good
209201;;"2024-10-18 08:36:42";"Backbone of trading"
214891;;"2024-09-16 04:02:23";"Best application for trading and analysis markets"
202093;;"2024-11-19 04:45:22";"Help full"
202058;;"2024-11-19 12:39:58";"This is so amazing app"
202023;;"2024-11-19 17:04:22";"Best app for technical analysis"
201988;;"2024-11-20 06:06:25";Beautiful
215320;;"2024-09-10 13:19:31";"I had a good experience with it but unfortunately it's not working right now in neither in my mobile nor pc so kindly sort out my issue."
209685;;"2024-10-13 08:05:23";useful
215570;;"2024-09-07 04:39:13";"Amazing ❤️❤️❤️❤️❤️❤️❤️❤️"
201832;;"2024-11-22 02:16:23";"In web yesterday tradingview chart was stuck and also candles are miss at 10:30am tradingview was running at 9:45am in sensex 5min chart 🤢🥴🥴 I have image's also of this issue 💔💔"
201798;;"2024-11-22 09:54:42";Good
201764;;"2024-11-22 16:02:13";Noice👌👌
201730;;"2024-11-23 06:36:33";Good
215623;;"2024-09-06 08:40:08";"Love it but sometimes won't work"
209203;;"2024-10-18 08:12:20";Excellent
214784;;"2024-09-17 06:45:40";😌🤚
201585;;"2024-11-25 08:44:50";"Love it 😀"
201552;;"2024-11-25 17:54:46";"Life changing app"
201519;;"2024-11-26 03:20:58";Nice
201486;;"2024-11-26 11:20:43";"They changed there buy sell indication when market get closed. That is no need in real time the app do nothing but same as Ema cross.."
219913;;"2024-08-22 14:22:39";Superb
209773;;"2024-10-12 01:53:20";💯✌️
211463;;"2024-10-09 15:28:52";"A good product will always advertise and sell itself If it's possible to give 100 stars I will do that a million times"
218968;;"2024-09-02 07:24:46";"Nice app great work first of all the free version doesn't have annoying ads that's great"
201320;;"2024-11-29 02:58:29";"good view"
201288;;"2024-11-29 12:42:57";"Best app for trading. Analysis.but. Abhi khuch problem ajati h. Is m bhi. Wesy best h"
193536;;"2025-01-10 10:17:30";"best stonks monitoring"
193537;;"2025-01-10 09:54:32";"It's very good"
193538;;"2025-01-10 09:45:05";"A great charting app. I enjoy the current version. Nice job TV"
193539;;"2025-01-10 09:32:09";Good
193540;;"2025-01-10 09:21:06";👍
193541;;"2025-01-10 09:20:39";"great and easy to learn"
193542;;"2025-01-10 08:57:52";"The best so far I have come across"
193543;;"2025-01-10 08:25:25";"If not the best app it is definitely one of the best apps one can use to increase learning and earning in the stock market."
193544;;"2025-01-10 08:12:37";"Very very good app"
193545;;"2025-01-10 08:01:41";"Best app for paper trading"
193546;;"2025-01-10 07:48:10";"It's the best"
193547;;"2025-01-10 07:46:38";Nice
193548;;"2025-01-10 07:23:32";"Analysis simplified"
193549;;"2025-01-10 07:18:49";"This app is the best of the best"
193550;;"2025-01-10 07:17:43";"The vary help ful tool"
193551;;"2025-01-10 07:02:26";"I like the app cus you don't really need to pay for most features"
193552;;"2025-01-10 06:56:23";Nice
193553;;"2025-01-10 06:47:43";Nice
193554;;"2025-01-10 06:46:07";Ok
193555;;"2025-01-10 06:41:57";"Love charts"
193556;;"2025-01-10 06:33:47";Good
193557;;"2025-01-10 06:33:13";"love of life"
193558;;"2025-01-10 06:20:24";"Add pop up is too much at time. Maybe have a predetermined frequency like after every 3 hours or so"
193559;;"2025-01-10 06:10:31";"Give me entire premium access for free , then you will get 5 star."
193560;;"2025-01-10 06:06:22";excellent
193561;;"2025-01-10 05:44:07";"Trading view thumbnail is sucks, change it like previous."
193562;;"2025-01-10 05:43:04";"its a cool and easy trading view"
193563;;"2025-01-10 05:40:30";"Love you trading view ❤️🥰"
193564;;"2025-01-10 05:39:23";Good
193565;;"2025-01-10 05:31:04";"Very Very accurate classification provider app.."
193566;;"2025-01-10 05:10:10";"App won't stay with in always needs refresh and it takes time need an update"
193567;;"2025-01-10 04:58:58";"Best app for serious traders"
193568;;"2025-01-10 04:49:37";"I am very happy this app gives me more skills and experience in treading"
193569;;"2025-01-10 04:36:21";"Very Good Service"
193570;;"2025-01-10 04:25:43";"Good app for traders"
193571;;"2025-01-10 04:12:35";"Good for technical Analysis..."
193572;;"2025-01-10 04:06:28";"Love the app , simply the best on mobile and pc . Keep it up!"
193573;;"2025-01-10 03:35:46";"I love this app ❤️🥰"
193574;;"2025-01-10 03:34:42";Superb
193575;;"2025-01-10 03:23:58";"Very good"
193576;;"2025-01-10 02:57:20";Good
193577;;"2025-01-10 02:56:35";Awesome
193578;;"2025-01-10 02:44:13";Good
193579;;"2025-01-10 02:38:17";"Love it,make my trades easier"
193580;;"2025-01-10 02:14:20";"Nothing Can Replace this app"
193581;;"2025-01-10 01:51:59";"very nice helpful ♥️♥️"
193582;;"2025-01-10 00:24:17";عالی
193583;;"2025-01-10 00:16:43";Excellent
193584;;"2025-01-09 23:30:28";"Simply the best trading tool"
193585;;"2025-01-09 23:09:08";"Good App"
193586;;"2025-01-09 22:55:23";Good
193587;;"2025-01-09 22:41:24";"good applicasong"
193588;;"2025-01-09 20:29:26";"Best with everything"
193589;;"2025-01-09 20:20:42";"A lot of tools but bit by bit you can learn how to use them, very handy app😊"
193590;;"2025-01-09 19:57:50";Nice
193591;;"2025-01-09 19:04:22";"Lit 🥵🔥🥵"
193592;;"2025-01-09 19:00:20";"Amazing and resourceful"
193593;;"2025-01-09 18:20:19";🤔💫💭🙌📰🗞️🔢
193594;;"2025-01-09 18:02:52";"Love it."
193595;;"2025-01-09 17:53:29";"Nice so far wish for more free features tho"
193596;;"2025-01-09 17:40:18";"Best app"
193597;;"2025-01-09 17:13:12";"Best trading app for charts."
193598;;"2025-01-09 17:09:04";Good
193599;;"2025-01-09 16:56:58";"Hello trading view team Please help me As I have paid subscription of premium plan for one year starting from 30 November 2024 but unfortunately you have cancelled the same May be bye mistake so please restore the same"
193600;;"2025-01-09 16:46:45";"Good App"
193601;;"2025-01-09 16:31:38";Op
193602;;"2025-01-09 16:28:59";Nice
193603;;"2025-01-09 15:45:54";"Very nic"
193604;;"2025-01-09 15:33:52";"Good to use"
193605;;"2025-01-09 15:23:55";Good
193606;;"2025-01-09 15:08:59";"Smooth good"
193607;;"2025-01-09 14:58:56";"Excellent 👍"
193608;;"2025-01-09 14:46:54";Fantastic
193609;;"2025-01-09 14:43:53";Nice....
193610;;"2025-01-09 14:43:32";spectacular
193611;;"2025-01-09 14:34:39";"Very good apps..more easier to refer for charting and training..i wish to get 70% offer for any date for subscribing premium account"
193612;;"2025-01-09 14:34:28";"Nice 👍"
193613;;"2025-01-09 14:27:23";"Awesome app"
193614;;"2025-01-09 14:21:40";good
193615;;"2025-01-09 14:09:35";"Very Good"
193616;;"2025-01-09 14:08:00";"I unsubscribed tradingview and still ₹1699 got debited from my bank account but I didn't received the essential service. Please give my money back."
193617;;"2025-01-09 14:06:15";Perfect
193618;;"2025-01-09 14:01:07";"Very useful and user friendly"
193619;;"2025-01-09 13:58:30";Excellent
193620;;"2025-01-09 13:52:37";👍👍👍
193621;;"2025-01-09 13:36:29";"I'm looking loving this experience with this application....it very helpful 😀"
193622;;"2025-01-09 13:20:54";"My Experience like good"
193623;;"2025-01-09 12:59:48";"Very best application for trading analysing"
193624;;"2025-01-09 12:59:14";"thank you"
193625;;"2025-01-09 12:54:20";"Great app"
193626;;"2025-01-09 12:38:24";"It's a great app"
193627;;"2025-01-09 12:23:43";"Without Trading view trading becomes tough, trading has given vast opportunities, i genuinely love trading view."
193628;;"2025-01-09 12:05:07";"Best platform for trading!!"
193629;;"2025-01-09 11:59:02";"Good app"
193630;;"2025-01-09 11:42:20";"My favorite app 😍"
193631;;"2025-01-09 11:40:36";Good
193632;;"2025-01-09 11:25:12";"Good app for investors"
193633;;"2025-01-09 11:24:55";"Use frendly"
193634;;"2025-01-09 11:08:21";"From novice to professional trader, best platform for technical analysis of stocks."
193635;;"2025-01-09 10:57:08";Best
193636;;"2025-01-09 10:47:16";Helpful
193637;;"2025-01-09 10:25:18";Best
193638;;"2025-01-09 10:21:32";"Thoroughly Impressed with it's performance"
193639;;"2025-01-09 10:19:45";"Perfect signal on m5"
193640;;"2025-01-09 10:10:34";"Very good App 💯 satisfy"
193641;;"2025-01-09 10:02:10";"Cool app"
193642;;"2025-01-09 09:47:19";Authentic
193643;;"2025-01-09 09:39:22";"It's a wonderful app"
193644;;"2025-01-09 09:36:47";🥳🥳
193645;;"2025-01-09 09:35:31";Amazing
193646;;"2025-01-09 09:31:43";"best trading chart app"
193647;;"2025-01-09 09:31:28";"Please how do I restore my free trial. Please restore my free trial so I can give you a 5 star"
193648;;"2025-01-09 09:24:11";"So nice"
223238;;"2024-08-01 15:56:27";"Trading is something that requires you to constantly keep an eye on your stocks and this application is very useless because it automatically turns off regularly. As a result, you have to reopen the application, which is extremely irritating and can be dangerous as it may lead to loss of profits. Find some different applications. I already lost my money because of that."
223026;;"2024-08-04 08:46:56";"Best technical analysis app for making investment and trading decision"
222817;;"2024-08-06 08:15:20";"I love this app💖"
222749;;"2024-08-07 01:55:32";"It's good for technical analysis"
222543;;"2024-08-09 10:42:04";Awsome.
222476;;"2024-08-10 10:55:56";"Good app ..I can track all markets"
222274;;"2024-08-12 20:03:00";"So good"
222209;;"2024-08-13 10:57:22";"Very helpful"
222010;;"2024-08-15 21:08:02";Excellent
222561;;"2024-08-09 06:21:13";"To many adds on the mobile app. whenever I open the app, an add pops up and stay there."
220250;;"2024-08-19 03:35:24";Good
220187;;"2024-08-19 15:44:38";"Awesome app for technical analysis and chart analysis also learning"
219994;;"2024-08-21 15:57:48";"Very efficient and useful..."
219932;;"2024-08-22 11:22:20";Good
219742;;"2024-08-24 10:03:20";"We need to purchase premium version for adding 30+stocks in watchlist.atleast gives 200 for free version. That's the reason I shifted to other broker side."
219681;;"2024-08-25 08:12:28";"Super 🔥🔥"
219494;;"2024-08-27 11:00:04";"Very good 💚✨"
219434;;"2024-08-28 00:58:19";"no words to tell about performance 👌"
223051;;"2024-08-03 22:49:21";"Switched to Z Fold 6 and am now unable to set specific TV Push Notification sounds. The Notification Categories no longer exist under the Notifications selection."
219191;;"2024-08-30 14:58:38";"The app does not load the chart and still keep on loading while everything is fine don't know but many others are also having the same issue in andriod devices."
219451;;"2024-08-27 18:59:18";"The best platform for analiz trade"
218952;;"2024-09-02 10:16:56";Best
218894;;"2024-09-02 23:17:36";"best apk"
215645;;"2024-09-06 03:26:56";"Good 😊💯"
215588;;"2024-09-06 15:56:41";"Best among the all"
222502;;"2024-08-09 22:51:51";Wonderful
215358;;"2024-09-10 06:03:04";"Great app"
215302;;"2024-09-10 16:13:33";Nice
215132;;"2024-09-12 15:55:40";"Great app"
215077;;"2024-09-13 07:41:13";"Great app. It woukd be great to be able to pull the screener next to the chart, so that you can flick through stock charts by simply clicking on the stocks that appear on the screener, like you can on the desktop app."
219955;;"2024-08-22 07:10:01";superb
214856;;"2024-09-16 11:52:35";"No explanation needed great 👍"
214802;;"2024-09-17 01:13:16";"This is the ultimate stock tech analysis app. Look no further."
214638;;"2024-09-19 01:11:12";"Very beautiful work done by TV"
214585;;"2024-09-19 12:26:06";"This app is very good 👍👍👍"
214532;;"2024-09-20 03:33:01";"Happy 😊"
214373;;"2024-09-22 09:22:16";Good
214321;;"2024-09-22 21:29:45";Excellent
212768;;"2024-09-23 08:20:10";"Nice app for analysis of the financial markets but could you please add the deriv synthetic indices. The web version has loads of limitations with regards to back testing, absence of weekly and monthly time frames and ability to set price alerts."
219214;;"2024-08-30 10:00:43";"Nice app"
212560;;"2024-09-25 17:58:27";Besttttttt
212508;;"2024-09-26 10:15:10";"Best app"
219215;;"2024-08-30 09:54:28";"Good to go but need beginner free everything in this app"
212305;;"2024-09-29 13:14:55";"Verry good"
212254;;"2024-09-30 04:07:40";Best
215554;;"2024-09-07 10:45:20";"Why do u perform sanctions on countries? Do you have problems with governments or people of countries?"
212056;;"2024-10-02 12:47:19";"This gau is best"
212006;;"2024-10-03 07:29:14";Good
214339;;"2024-09-22 16:19:32";"This aap is very very helpful and trading and investing"
211813;;"2024-10-06 05:15:57";"Best appp"
211764;;"2024-10-06 17:09:47";Good
211715;;"2024-10-07 06:29:59";"I love that it's always accurate and upto date"
222242;;"2024-08-13 05:30:12";"Best app ever wow I love it"
211528;;"2024-10-09 04:24:24";Great
211480;;"2024-10-09 12:47:03";"User friendly and handy; Love it from Iran 🙂"
214825;;"2024-09-16 17:22:03";"Really very best app for trading"
211298;;"2024-10-11 13:38:19";"Would give 5 if they had the screener and backtester.... Updated my review (Oct 2024): The new Pinescript Editor in the app. If I could give 4.5 stars I would. This is by far the best app in the world."
209751;;"2024-10-12 08:34:55";"Need security from other to being seller must be not disturb my wallet money and my stock inside.."
209704;;"2024-10-13 01:49:30";"TradingView is a great tool for traders and easy-to-use features. You can analyze markets in real time and even get ideas from other traders. While the free version is limited, You can use your multi indicator for your better charting."
211544;;"2024-10-09 00:09:31";"Amazing 🤩😍"
222244;;"2024-08-13 05:09:33";"Flexible and user-friendly"
209482;;"2024-10-15 08:44:46";"Best app"
209436;;"2024-10-15 19:21:28";"Why is it getting slow. 😌😌😌"
212075;;"2024-10-02 08:38:25";Best
223067;;"2024-08-03 15:16:56";"Very useful"
209221;;"2024-10-18 04:18:47";Good
209176;;"2024-10-18 12:43:16";Good
212026;;"2024-10-02 21:01:50";"The new app update is super epic"
222789;;"2024-08-06 13:40:02";"Very nice. Love the interface"
208968;;"2024-10-21 08:53:07";"Excellent service. Thanks for reply."
208924;;"2024-10-21 18:04:47";"Excellent app"
222786;;"2024-08-06 14:05:48";"Simply super"
219967;;"2024-08-22 04:28:57";"The best ever tools in trading ."
208723;;"2024-10-24 07:02:25";"Thank you"
208680;;"2024-10-24 16:19:33";"It's a very incredible app"
208696;;"2024-10-24 12:50:50";"برنامه خوب و کاربردی هست"
215607;;"2024-09-06 12:29:11";Happy
208489;;"2024-10-27 11:10:05";"Very very good"
208448;;"2024-10-28 02:37:05";"Basic of training...."
208407;;"2024-10-28 13:22:36";"Very nice Awesome app"
209409;;"2024-10-16 05:09:06";Best
209236;;"2024-10-17 23:00:18";Superb
221970;;"2024-08-16 06:35:36";"A nice app that I think I can't do without. But recently it has been giving me issues. it won't load up charts, and keeps giving me errors saying something went wrong even with a strong network."
205158;;"2024-10-31 09:19:27";"Great app 👍"
205119;;"2024-11-01 00:05:54";"Best app, just best app. Try it out it will make trading easier for you"
205080;;"2024-11-01 09:44:47";"Very very buggy, the chart layout of y axis I am not able to shift down or up. Also the chart layout is messy from todya."
214829;;"2024-09-16 16:00:59";Nice
214613;;"2024-09-19 06:09:58";"Can easily assess the chart. Good work Trading view team."
204909;;"2024-11-03 16:51:10";"Good useable app"
204871;;"2024-11-04 04:38:02";"Excellent app for stock market research and analysis"
204833;;"2024-11-04 13:16:57";"Most thoughtful UI UX of any app or website I have used. Thank you. Keep up the great work."
211788;;"2024-10-06 12:01:37";Free
211789;;"2024-10-06 11:56:47";👍
219971;;"2024-08-22 04:02:41";"This is an excellent app"
204633;;"2024-11-06 15:42:26";"User friendly"
204596;;"2024-11-07 02:09:44";"A fantastic Application. Sadly, there is one small issue with it. Even in their most premium paid plans, there is no live data feed. If the data is not live, what is the use of offering 50 indicators at once if you cannot track the thing which the indicators are supposed to indicate. Apart from this, this app is picture perfect."
204559;;"2024-11-07 11:01:38";Nice
211548;;"2024-10-08 22:03:43";great
212589;;"2024-09-25 11:03:57";Sharp
222727;;"2024-08-07 05:15:11";"Awesom appp India's no. Trading chart view app"
204369;;"2024-11-09 20:49:50";Excellent
204333;;"2024-11-10 09:46:34";"These days my charts isn't opening it's killing cus why?? 😭😭😭😭😭 And the currency pairs are showing pls can you fix it"
204297;;"2024-11-10 16:50:29";"Best platform for chart"
219968;;"2024-08-22 04:21:00";"The app is very good to use"
212486;;"2024-09-26 15:40:24";Nice
222253;;"2024-08-13 04:02:40";"Best of all"
204116;;"2024-11-12 11:16:50";Happy
204080;;"2024-11-12 19:50:40";Good
204044;;"2024-11-13 08:54:18";"good app helpful"
205061;;"2024-11-01 13:01:58";"Nice App"
211792;;"2024-10-06 10:24:51";"Good work"
219912;;"2024-08-22 14:30:34";"Takes a little getting used to but once you do it is very helpful"
203867;;"2024-11-15 11:26:27";"Great app.."
203831;;"2024-11-15 17:43:53";"Very Good App For Analysis"
203795;;"2024-11-16 06:28:56";"Good but more indicator provided please"
202259;;"2024-11-16 18:00:06";Best
204387;;"2024-11-09 15:31:54";"W trading sim, it's helping get my experience up"
209246;;"2024-10-17 18:34:47";"Since i get to know Tradingview its has help me when doing my technical analysis"
215058;;"2024-09-13 11:25:18";"Hello Trading View team, it's a humble request can you preety please make and option for manual rotation of favourite toolbars. Please I beg you 🥺."
202092;;"2024-11-19 04:49:39";"Best app for trading guys"
202057;;"2024-11-19 12:44:49";good
202022;;"2024-11-19 17:28:50";"Ab tak 1 rs kamaya nahi lekin gawaye 2 lakh."
201987;;"2024-11-20 06:06:31";Ok
208945;;"2024-10-21 14:20:18";Better
209732;;"2024-10-12 13:14:59";Good
215627;;"2024-09-06 07:23:17";Awesome
201831;;"2024-11-22 02:28:02";"Hell TradingView team where is Fibonacci Trendline"
201797;;"2024-11-22 10:03:45";"Complete and easy to know"
201763;;"2024-11-22 16:15:13";"Average ... Agin and again reloading issue"
201729;;"2024-11-23 06:40:32";"One of the best tools for active traders in all sectors."
215047;;"2024-09-13 13:28:16";"Good app I like 💯 percent"
209248;;"2024-10-17 18:02:06";Good
214839;;"2024-09-16 14:42:54";"Great app for analysis"
201584;;"2024-11-25 09:13:23";Awesome
201551;;"2024-11-25 18:06:07";"Good experience"
201518;;"2024-11-26 03:27:13";Good
201485;;"2024-11-26 11:50:40";"Best trade app ever"
219461;;"2024-08-27 15:54:26";"- app is outstanding."
205065;;"2024-11-01 11:55:06";"Very good app for depyth analysis of a particular stock we can easily draw fibanaci too & analyse a stocks further movements"
211511;;"2024-10-09 06:25:00";"Computer app is way ahead. If I have the same indicator for 2 different symbols: on the comp I can configure them differently with no issues, but on the app it will only take 1 set of configurations across all symbols."
218936;;"2024-09-02 14:31:05";Average
201319;;"2024-11-29 03:03:23";"Very good"
201287;;"2024-11-29 12:56:52";"love this app"
193792;;"2025-01-07 21:20:03";"I love it good for analysis chats"
193793;;"2025-01-07 21:15:50";"Chart does not appear on my app,i have un-installed and installed on several occasions but the issue persists"
193794;;"2025-01-07 20:55:07";"Good app"
193795;;"2025-01-07 20:51:23";"Best app to view the market"
193796;;"2025-01-07 20:30:34";"Perfect. Thanks"
193797;;"2025-01-07 20:07:42";Excellent
193798;;"2025-01-07 20:07:18";"Worst customer support ever. I'm on Essential plan and I wanted to use bar replay but it isn't working on Nifty and BankNifty Index futures for timeframe above 15 min. When I select a bar from where I want to start, the candles on left side disappears even tho the range is within plan. Issue is assigned to James B. I told him to get over a meeting to understand the issue but he refused & said it's not how they handle. I'm facing this issue since 26 Nov 2024 and it's not resolved yet."
193799;;"2025-01-07 19:45:23";"Very good platform to analyze the charts"
193800;;"2025-01-07 19:29:02";"Terrible update. I regret updating it. Why wuold you make opening a layout in the webpage launch the app? Why ruin the webpage. ...uninstalled..."
193801;;"2025-01-07 19:21:28";"Always i need it"
193802;;"2025-01-07 19:13:38";good
193803;;"2025-01-07 19:08:34";"Best app for your technical analysis, and it's the best platform so far for the best trading tools"
193804;;"2025-01-07 18:40:36";"Price is hmm ...."
193805;;"2025-01-07 18:00:14";"Perfect app"
193806;;"2025-01-07 17:54:01";Great
193807;;"2025-01-07 17:44:43";"So good apps"
193808;;"2025-01-07 17:36:46";"When it comes to analysis just think of TV"
193809;;"2025-01-07 17:24:43";"Very good program"
193810;;"2025-01-07 16:56:28";"Loved it"
193811;;"2025-01-07 16:54:07";"still Learning"
193812;;"2025-01-07 16:44:23";Good
193813;;"2025-01-07 16:33:54";"Awesome app and information. Highly recommended!"
193814;;"2025-01-07 16:33:32";Best
193815;;"2025-01-07 16:22:22";"best for trading. I am 14 years old still this app is very easy to understand. 😃😃😃"
193816;;"2025-01-07 16:17:16";Nice
193817;;"2025-01-07 16:16:25";"Best for charting"
193818;;"2025-01-07 16:03:41";"Charts are great but the constant pop-ups to buy some paid version is annoying af. Also paper trading is extremely difficult to understand and learn here. Too many unclear unnecessary settings for novice"
193819;;"2025-01-07 15:56:51";"Nice 🙂"
193820;;"2025-01-07 15:54:05";"Good to view the candals in market"
193821;;"2025-01-07 15:40:22";"Free version is too limited"
193822;;"2025-01-07 15:19:22";"NICE FOR MONEY"
193823;;"2025-01-07 15:18:56";"Great App to track my investments"
193824;;"2025-01-07 15:17:10";Ok
193825;;"2025-01-07 15:13:36";Best'
193826;;"2025-01-07 15:12:22";"East to use and straight forward!"
193827;;"2025-01-07 14:56:57";Good
193828;;"2025-01-07 14:52:02";💸
193829;;"2025-01-07 14:51:52";Good
193830;;"2025-01-07 14:50:40";Nice
193831;;"2025-01-07 14:46:49";"Easy to navigate, great users experience."
193832;;"2025-01-07 14:34:02";"No good is scammer is frode 10000 pkr scam telegram bot خدا کے قسم یہ لوگ چھوٹے اور فروڈی ہیں سکیمر ہیں یہ لوگ ان لوگوں نے مجھ سے بھی 15000 ہزار کا سکیم کر لیا ہے لعنت ہے اسے لوگوں پر"
193833;;"2025-01-07 14:31:08";Cool
193834;;"2025-01-07 14:16:41";"World Best platform for life changing"
193835;;"2025-01-07 13:45:17";Nice
193836;;"2025-01-07 13:41:53";Best
193837;;"2025-01-07 13:20:21";Best
193838;;"2025-01-07 12:49:29";"It's a very good app! Some limitations on the unpaid version that other apps offer for free, but it's acceptable for a free version."
193839;;"2025-01-07 12:42:26";Excellence
193840;;"2025-01-07 12:40:44";"Best Charts provider"
193841;;"2025-01-07 12:27:52";Good
193842;;"2025-01-07 12:16:27";"Very good....healpful"
193843;;"2025-01-07 11:58:00";ok
193844;;"2025-01-07 11:53:18";"Very helpful"
193845;;"2025-01-07 11:26:11";"Today i reinstalled it and the charts ain't loading"
193846;;"2025-01-07 11:24:19";Vgood
193847;;"2025-01-07 11:12:26";"Good to analysis charts"
193848;;"2025-01-07 10:42:10";"Great app"
193849;;"2025-01-07 10:33:33";Good
193850;;"2025-01-07 10:30:09";Op
193851;;"2025-01-07 10:29:27";"unlike the iOS app, on android the Save function is missing from the menus. so you could open a new timeframe & switch to another app then come back to find a different chart."
193852;;"2025-01-07 10:28:58";Excellent
193853;;"2025-01-07 10:05:55";"I became millionaire. EU na piscina à chuva."
193854;;"2025-01-07 09:52:52";🔥
193855;;"2025-01-07 09:26:52";"User friendly"
193856;;"2025-01-07 09:22:07";"Wow, the app is wonderful"
193857;;"2025-01-07 09:18:40";"Thank you"
193858;;"2025-01-07 09:05:38";"Overall good experience so far how ever at times the stats refresh is still a problem, please improve it"
193859;;"2025-01-07 08:48:31";❤️
193860;;"2025-01-07 08:37:45";"I like this app 2 much it's shows me a signals very easy and fast"
193861;;"2025-01-07 08:18:51";"Very good experience"
193862;;"2025-01-07 08:00:33";"Currect information"
193863;;"2025-01-07 07:36:02";Good
193864;;"2025-01-07 07:22:29";"for best chart app i will give you 5 ⭐⭐⭐⭐⭐"
193865;;"2025-01-07 07:17:47";"easy to use and navigate"
193866;;"2025-01-07 07:06:39";"Great one no mistake"
193867;;"2025-01-07 06:59:32";"Awesome chart app."
193868;;"2025-01-07 06:40:20";"Best charting software in the industry. Keep it up 👏"
193869;;"2025-01-07 06:39:33";"Best app ever"
193870;;"2025-01-07 06:34:30";"What do we want that we don't have?"
193871;;"2025-01-07 06:30:21";Awesome
193872;;"2025-01-07 06:20:49";Good
193873;;"2025-01-07 06:18:59";"It's very useful"
193874;;"2025-01-07 05:59:31";Good
193875;;"2025-01-07 05:51:49";Good
193876;;"2025-01-07 05:23:24";excellent💯
193877;;"2025-01-07 05:06:56";"Good app"
193878;;"2025-01-07 05:02:13";Super
193879;;"2025-01-07 04:51:57";"Good app"
193880;;"2025-01-07 04:50:58";"Trading view option chat nahin khul raha hai usko theek karo"
193881;;"2025-01-07 04:38:29";"Wow trading view i must you're The Best I can now understand how trading work"
193882;;"2025-01-07 04:34:36";"This app kills your emotions"
193883;;"2025-01-07 04:32:43";Nice
193884;;"2025-01-07 04:32:36";"Very Good."
193885;;"2025-01-07 04:29:12";Superb
193886;;"2025-01-07 04:26:33";"Choose Agreat"
193887;;"2025-01-07 04:20:58";"Very nice and very useful app"
193888;;"2025-01-07 04:08:01";"Very useful app."
193889;;"2025-01-07 04:07:39";"Best app in the genre"
193890;;"2025-01-07 03:54:39";Excellent
193891;;"2025-01-07 03:53:01";"Good app thanks"
193892;;"2025-01-07 03:52:35";❤️❤️❤️
193893;;"2025-01-07 03:41:01";"Just good,"
193894;;"2025-01-07 03:12:29";"Naic chart"
193895;;"2025-01-07 02:57:35";"Good app"
193896;;"2025-01-07 02:55:44";"There is no app better than this"
193897;;"2025-01-07 02:32:25";"Fantastic app. Just missing Stock Screener in mobile app. Can it be provided pls ?"
193898;;"2025-01-07 02:19:18";"Nice guidence"
193899;;"2025-01-07 01:55:16";"Great app and accurate experience"
193900;;"2025-01-07 01:52:06";"Its very helpfull for trade"
193901;;"2025-01-07 01:34:18";"five star"
193902;;"2025-01-07 00:51:52";Good
193903;;"2025-01-07 00:03:54";Nice
193904;;"2025-01-06 23:35:17";"I love it"
223237;;"2024-08-01 16:01:14";Best
223025;;"2024-08-04 08:50:31";Behtreen
222816;;"2024-08-06 08:25:53";"great app tnx team"
222748;;"2024-08-07 02:16:23";Good
222542;;"2024-08-09 11:42:46";Great
222475;;"2024-08-10 11:14:14";"Thee best in the game"
222273;;"2024-08-12 20:35:55";"As usual"
222208;;"2024-08-13 11:01:46";"Best of the best"
222009;;"2024-08-15 21:13:04";"herkese tavsiye ederim... Mükemmel"
222768;;"2024-08-06 17:25:18";"Very good"
220249;;"2024-08-19 03:36:04";Good
220186;;"2024-08-19 16:02:25";Suparu
219993;;"2024-08-21 16:16:52";Best
219931;;"2024-08-22 11:49:30";"The app has been good ,but now every few seconds and everytime after you minimise the app it shows pop up ads that literally cover ALL of the screen ,this took it from a solid 10/10 app to downright embarrassing ,i guess they are desperately looking for ways to 100% paywall this app ,sad times"
219741;;"2024-08-24 10:26:46";"Best trading app, it had every trading indigater and tool"
219680;;"2024-08-25 09:14:15";Ok
219493;;"2024-08-27 11:11:01";"Really nice app with tradinview anybody can level up their trading,more features added reguarly"
219433;;"2024-08-28 01:28:49";"Solid app"
223264;;"2024-08-01 11:35:36";Nice
219190;;"2024-08-30 15:02:28";Good
222294;;"2024-08-12 16:41:43";Good
218951;;"2024-09-02 10:40:29";good
218893;;"2024-09-02 23:34:56";"This app is not working on my device"
215644;;"2024-09-06 03:35:22";"One Of The Best App 🎯💥🚀"
215587;;"2024-09-06 16:23:57";"Good and informative app"
222569;;"2024-08-09 03:58:34";"3 indicator"
215357;;"2024-09-10 06:26:24";"This app is easy to use"
215301;;"2024-09-10 16:20:39";"It works perfect keep it up"
215131;;"2024-09-12 16:04:15";"Excellent App"
215076;;"2024-09-13 07:41:18";"best apps for forex..need more improve in futher..tq"
223261;;"2024-08-01 12:24:03";"Very nice and useful application but it may be free"
214855;;"2024-09-16 12:14:20";Better
214801;;"2024-09-17 01:23:51";"Super 👍😊"
214637;;"2024-09-19 01:25:28";"best for"
214584;;"2024-09-19 12:39:41";"Nice. I wish they had hot key trading options for Tradovate. I didn't like having to press twice to get a Watch List chart."
214531;;"2024-09-20 03:42:46";Osm
214372;;"2024-09-22 09:30:46";❤️😍❤️❤️❤️😊💋💋💋🙄😉😁😘😂😭👍💋
214320;;"2024-09-22 21:38:47";"Good and wonderful"
212767;;"2024-09-23 08:27:52";"The tradingView platform is one you can not get enough of. It's loaded with so many useful tools a trader needs. It's just also simple to use. I am enjoying it. Yet to explore more of it."
219398;;"2024-08-28 11:19:13";"We use only trail for one month and before 1 month I was cancel but after a month money is deducted"
212559;;"2024-09-25 17:58:28";"Dear team, my application is not working properly, It's very slow on lodaing chart, when I open the application also not able to see any interface, Request you to kindly resolve this issue on priority."
212507;;"2024-09-26 10:34:50";"Update and spoil something is their motto. Frame rate drops after recent update.app used to be smooth."
219399;;"2024-08-28 10:23:39";نايس
212304;;"2024-09-29 13:23:11";Good
212253;;"2024-09-30 04:57:16";"Some thing rong don't free this only one month free"
215611;;"2024-09-06 12:18:31";"Good 👍🏻"
212055;;"2024-10-02 12:55:43";"In a computer works fine but in mobile app 50/50 chance to just keep reloading and then says "" oops something went wrong"" and this happens EVERY DAY which leads to catastrophic bulls#£t because we not always on the office."
212005;;"2024-10-03 08:12:04";❤️
222302;;"2024-08-12 14:56:46";"Best trading app"
211812;;"2024-10-06 06:11:54";Best
211763;;"2024-10-06 17:18:36";"The best"
211714;;"2024-10-07 06:34:12";Excellent
222307;;"2024-08-12 13:49:25";"This app is so easy to use."
211527;;"2024-10-09 04:34:15";Amazing
211479;;"2024-10-09 12:54:52";👍
214879;;"2024-09-16 06:46:19";"nice app"
211297;;"2024-10-11 13:47:14";"Best app"
209750;;"2024-10-12 08:40:50";"I like it"
209703;;"2024-10-13 01:59:16";Great!!!
222501;;"2024-08-09 23:16:55";"Highly recommend"
222309;;"2024-08-12 13:38:04";"Buying the pro version is a no brainer, my only issue is that when I'm changing layout, the color of the chart turns to black, i always have to change back to white in the settings"
209481;;"2024-10-15 08:51:46";Rock
209435;;"2024-10-15 19:26:36";"It is a good app"
212269;;"2024-09-29 22:45:06";Brilliant
209265;;"2024-10-17 14:41:02";"Vert good information"
209220;;"2024-10-18 04:29:14";👍
209175;;"2024-10-18 12:44:06";Superb
212076;;"2024-10-02 08:32:29";"I love trading 🔥"
222998;;"2024-08-04 15:59:03";"Best app"
208967;;"2024-10-21 09:22:25";"Best application so far which am using in my trades"
208923;;"2024-10-21 18:23:55";Nice
211780;;"2024-10-06 14:05:04";"it is good"
220160;;"2024-08-20 01:39:45";"Nice app"
208722;;"2024-10-24 07:06:06";Good
208679;;"2024-10-24 17:15:40";"Khatarnak 🔥🔥🔥"
208739;;"2024-10-24 03:14:31";Awesome
214830;;"2024-09-16 16:00:21";"It's actually the best app I've used so far"
208488;;"2024-10-27 11:21:58";"Best app to determined and know where is market goes"
208447;;"2024-10-28 03:00:24";"Superb functioning..."
208406;;"2024-10-28 13:59:47";"TradingView is BY FAR the Best Platform to Analyze charts on, and it's Pretty as a Trading Desk as Well!!!"
209455;;"2024-10-15 14:15:39";"Great app thanks"
209195;;"2024-10-18 09:50:38";Best
215333;;"2024-09-10 11:18:57";"Sometimes the chart loads slowly compare with the clocktime?"
205157;;"2024-10-31 09:35:28";Wow
205118;;"2024-11-01 00:10:17";Amazing
205079;;"2024-11-01 09:53:55";"Must have app for traders"
208900;;"2024-10-22 03:37:14";"Excellent 👍"
215376;;"2024-09-10 00:30:11";"one of the best"
204908;;"2024-11-03 16:56:04";"App is Good"
204870;;"2024-11-04 04:58:13";"Nice aap for chart"
204832;;"2024-11-04 13:18:36";Good
205058;;"2024-11-01 13:59:41";"Best app"
219961;;"2024-08-22 05:40:40";"Good 💯"
220164;;"2024-08-19 22:45:23";"Best charts app"
204632;;"2024-11-06 15:53:22";"Chart no open in mobile app"
204595;;"2024-11-07 02:43:17";"Best experience"
204558;;"2024-11-07 11:19:22";Super
208659;;"2024-10-25 01:37:02";"Good app"
212745;;"2024-09-23 13:42:15";best
222795;;"2024-08-06 12:27:43";"Mare trading view aap nhi chal rha hai chart show nhi kr rha pls help kare. And nhi help centre sa koi reply Aya rha and email Kai bhi koi reply nhi aya ..."
204368;;"2024-11-09 21:08:08";"Best for starters in this forex field👍💯"
204332;;"2024-11-10 09:49:10";"Love this thing"
204296;;"2024-11-10 16:53:58";"It is my favorite and my teacher"
211500;;"2024-10-09 08:33:08";"This site is good for new person"
212538;;"2024-09-26 03:55:39";Good
222318;;"2024-08-12 11:42:47";"When i open this app then app is just loading on chart when i on the wifi then sometimes chart is open but when i open the sim network then app not chart open why this problem please fix it"
204115;;"2024-11-12 11:48:22";🤩
204079;;"2024-11-12 19:55:22";"The best analysis app I've used .. but then I think you guys should include the "" add to watchlist"" option in your newly modified tab... I've missed it alot... It comes in really Handy"
204043;;"2024-11-13 09:01:02";"And here we go, app completely ruined with this new garbage toolbar, of course we were told we could switch to the old one until now that it's removed."
205100;;"2024-11-01 04:57:02";"Good app but so much restriction"
219648;;"2024-08-25 19:30:13";"Voice serch need to come"
219974;;"2024-08-22 03:36:50";"Very versatile app"
203866;;"2024-11-15 11:27:49";"Well deserved"
203830;;"2024-11-15 17:56:39";"need options for select currency on stock"
203794;;"2024-11-16 06:42:58";"No doubt this is the best platform for trading. Great UI then others..."
202258;;"2024-11-16 18:34:40";"Nice app"
218930;;"2024-09-02 15:31:49";"Very nice app"
215385;;"2024-09-09 18:49:15";"Amazing asf"
215113;;"2024-09-12 19:20:47";Good
202091;;"2024-11-19 05:13:48";"Best apps"
202056;;"2024-11-19 12:49:20";"It's not very nice adding stocks to your watchlist."
202021;;"2024-11-19 17:29:28";👍👍
201986;;"2024-11-20 06:27:18";💯
204816;;"2024-11-04 16:09:26";"Very Good app. 😀😀😀😀😀"
211279;;"2024-10-11 19:50:08";"The trading simulator is Great practice"
219208;;"2024-08-30 12:13:24";"Feels good with better charts and good strategies"
201830;;"2024-11-22 02:48:24";Superb
201796;;"2024-11-22 10:23:57";Good
201762;;"2024-11-22 16:50:41";"Very useful program"
201728;;"2024-11-23 06:55:01";"Great trading tool"
204575;;"2024-11-07 07:29:16";Best
222503;;"2024-08-09 22:01:22";"The best I've seen Very easy friendly to use"
214893;;"2024-09-16 03:46:24";"Nice aap"
201583;;"2024-11-25 09:26:43";Good
201550;;"2024-11-25 18:23:22";"Excellent 👍"
201517;;"2024-11-26 03:31:03";"Best watching app"
201484;;"2024-11-26 12:04:15";"Recent update has spoiled the mood completely"
205140;;"2024-10-31 15:05:13";"I can't Trade without tradingview. I love tradingview sooooooo much ❤️❤️ don't waste your time to search apps this app has all the things A trader need best app ever"
205104;;"2024-11-01 03:43:25";"Always the best"
211559;;"2024-10-08 18:16:42";"Very simple and perfect app for trading"
223052;;"2024-08-03 21:16:29";"One of the best 📊 platform. Even the free version still pack some 👊"
201318;;"2024-11-29 03:18:27";"One of the best app"
201286;;"2024-11-29 13:03:33";"Love it."
194048;;"2025-01-05 15:48:07";छान
194049;;"2025-01-05 15:47:52";Usefull
194050;;"2025-01-05 15:44:39";Good
194051;;"2025-01-05 15:42:29";"The best to view the charts"
194052;;"2025-01-05 15:32:03";Future🗿🔥
194053;;"2025-01-05 15:15:38";"Poor app"
194054;;"2025-01-05 15:10:42";"Good for analysing"
194055;;"2025-01-05 15:09:32";Good
194056;;"2025-01-05 14:55:01";Perfect
194057;;"2025-01-05 14:33:38";"For journey"
194058;;"2025-01-05 14:09:14";"Great app"
194059;;"2025-01-05 14:00:12";"Everybody know what's going on if we haven't this app😂"
194060;;"2025-01-05 13:41:47";"This app is it used an accurate analysis"
194061;;"2025-01-05 13:34:06";"Great app but when I open my foldable device I cant see the broker button so I have to change the rotation to see it."
194062;;"2025-01-05 13:26:43";"Edit: The app got an update and it fixed the issue Was recommended this app because it had paper trading. The pape trading is a mess because it doesn't check if your ""account"" has enough paper money to buy something, so even if I had a negative balance I could still buy things."
194063;;"2025-01-05 13:24:44";"thanks for amazing journey with this app"
194064;;"2025-01-05 13:10:37";"This app is very useful for trading and paper trading ☺️"
194065;;"2025-01-05 12:57:29";"Very good well app"
194066;;"2025-01-05 12:56:39";"Best app for market"
194067;;"2025-01-05 12:47:46";"Very good😇😇😇😇😇"
194068;;"2025-01-05 12:29:50";"Very nice aap my fe"
194069;;"2025-01-05 12:19:35";Good
194070;;"2025-01-05 12:15:43";"Good and helpful"
194071;;"2025-01-05 12:00:57";Asking
194072;;"2025-01-05 11:27:13";Great
194073;;"2025-01-05 11:24:39";"Very helpfull"
194074;;"2025-01-05 09:56:25";Nice
194075;;"2025-01-05 09:50:22";"The app is indeed good when it comes in market tracking"
194076;;"2025-01-05 09:49:20";"بی نقص Perfect"
194077;;"2025-01-05 09:40:47";Awesome
194078;;"2025-01-05 09:37:37";Good
194079;;"2025-01-05 09:36:30";"The app is optimum....... But can be more better if you reduce how subscription pop up messages shows up in the interface while trying to analyse chart.. Thanks"
194080;;"2025-01-05 09:35:14";"Good but the response speed is slow"
194081;;"2025-01-05 09:30:08";Excellent
194082;;"2025-01-05 09:14:29";"The graphical user interface is very boring and old style Make it more attractive and the colorful."
194083;;"2025-01-05 08:58:27";Excellent
194084;;"2025-01-05 08:53:03";Op
194085;;"2025-01-05 08:42:46";Superb
194086;;"2025-01-05 08:39:31";"It just good especially when it comes to analysis, but u need to make that ur multiple windows that someone can trace more than one pair. Like for the double, you can make it free"
194087;;"2025-01-05 08:27:58";"Please add portfolio watchlist.this list add buy stock price and alert stop loss & target profit And total portfolios profit and loss digital or percentage"
194088;;"2025-01-05 08:13:01";Good
194089;;"2025-01-05 08:06:45";"The best👌"
194090;;"2025-01-05 08:06:02";Good
194091;;"2025-01-05 07:45:00";🔥🔥
194092;;"2025-01-05 07:32:57";"THE BEST OF THE BEST"
194093;;"2025-01-05 07:31:21";"Full bug"
194094;;"2025-01-05 07:25:57";"The best app"
194095;;"2025-01-05 07:17:25";"Very good"
194096;;"2025-01-05 07:15:47";"Excellent 👌"
194097;;"2025-01-05 07:15:35";Excellent
194098;;"2025-01-05 07:15:04";"The recent updates is one of worst updates"
194099;;"2025-01-05 07:12:52";"Nice app"
194100;;"2025-01-05 07:09:37";"Yang sudah boleh pulang"
194101;;"2025-01-05 07:06:10";"Nice and good"
194102;;"2025-01-05 06:56:07";"If you are a trader this is only best"
194103;;"2025-01-05 06:39:25";Nice
194104;;"2025-01-05 06:31:31";Good
194105;;"2025-01-05 06:12:05";Good
194106;;"2025-01-05 06:07:50";"Simply the best"
194107;;"2025-01-05 05:41:34";Good
194108;;"2025-01-05 05:25:31";"Very most powerful apk"
194109;;"2025-01-05 05:21:11";Happy
194110;;"2025-01-05 04:50:11";"A really nice app for a trader to have"
194111;;"2025-01-05 04:16:01";"This app I have no understand sorry 😐🥺"
194112;;"2025-01-05 04:13:49";"One can learn a lot from it."
194113;;"2025-01-05 04:07:16";"Very fantastic app"
194114;;"2025-01-05 04:05:51";Good
194115;;"2025-01-05 03:43:45";Amazing
194116;;"2025-01-05 03:35:26";"It's awesome app for trading and technical analysis"
194117;;"2025-01-05 03:34:17";"Nice app to see charts and do trading with"
194118;;"2025-01-05 03:04:34";Awesome
194119;;"2025-01-05 02:57:54";"Alerts stop working on the app. They'll work on desktop but on the app they work for an hour or so then the alerts stop. And yes, notifications are enabled and I'm logged in correctly. I paid for premium and IT DOESNT WORK."
194120;;"2025-01-05 02:27:29";Good
194121;;"2025-01-05 02:20:44";"Phenomenal experience. Only the best"
194122;;"2025-01-05 02:12:54";"awa apps"
194123;;"2025-01-05 01:23:50";Good
194124;;"2025-01-05 01:04:31";Clear
194125;;"2025-01-05 00:08:53";"Best of the best 🔥"
194126;;"2025-01-05 00:08:37";"Thumps up"
194127;;"2025-01-04 23:39:54";Good
194128;;"2025-01-04 23:19:04";Excellent
194129;;"2025-01-04 22:40:02";"Best app for tracking markets and with real- time data"
194130;;"2025-01-04 22:39:42";Fantastic
194131;;"2025-01-04 21:22:55";"Great 👌👌👌"
194132;;"2025-01-04 21:09:56";"Nice app"
194133;;"2025-01-04 21:02:15";"Very good"
194134;;"2025-01-04 21:01:18";"V good app"
194135;;"2025-01-04 20:59:35";💯💯💯💯
194136;;"2025-01-04 20:50:14";LLIKE
194137;;"2025-01-04 19:32:39";"Accurate market movement"
194138;;"2025-01-04 19:25:44";"easy UI"
194139;;"2025-01-04 19:06:56";"It's ok"
194140;;"2025-01-04 18:58:10";"I love this trading view app. I just started using it and I'm enjoying it"
194141;;"2025-01-04 18:52:01";"It's a one star for me coz it refused to open the pear chats🤦‍♂️🤦‍♂️"
194142;;"2025-01-04 18:38:52";Sufficient
194143;;"2025-01-04 18:28:05";Excellent
194144;;"2025-01-04 18:12:38";"2500-5000 egp per month to upgrade?! Same price in Zurich as Cairo I guess. V Thatcher/ Reaganite. Ads becoming more and more invasive to upgrade"
194145;;"2025-01-04 18:03:29";"Awesome app"
194146;;"2025-01-04 17:51:25";"Best app"
194147;;"2025-01-04 17:45:57";"Good applicable Best for chart"
194148;;"2025-01-04 17:24:08";"It's really good experience, thanks 👍"
194149;;"2025-01-04 17:23:40";Awesome
194150;;"2025-01-04 16:59:05";"TradingView A Trader's Best Friend I've relied on TradingView for my trading needs for over 3 years and it consistently delivers. The charting tools are incredibly powerful and customizable, allowing for in-depth analysis. The vast data library and active community are invaluable resources. While there's a learning curve, the platform is surprisingly user-friendly for traders of all levels. Highly recommend!"
194151;;"2025-01-04 16:53:23";"Theek hai bhai"
194152;;"2025-01-04 16:42:18";"Super app best wiev"
194153;;"2025-01-04 16:16:56";Excellent.
194154;;"2025-01-04 16:12:05";"Best app for analysis. Keep it up"
194155;;"2025-01-04 16:09:28";Good
194156;;"2025-01-04 16:05:00";Great🔥
194157;;"2025-01-04 15:54:55";Good
194158;;"2025-01-04 15:20:41";"Very very good 😊"
194159;;"2025-01-04 15:11:08";Good
194160;;"2025-01-04 14:38:24";"This app is good for trading"
223236;;"2024-08-01 16:07:28";"Owesome app"
223024;;"2024-08-04 09:06:53";"Really nice"
222815;;"2024-08-06 08:33:10";"App is not running every 3-4 days and error shows for the whole day ."
222747;;"2024-08-07 02:29:29";"Trading is best"
222541;;"2024-08-09 12:08:19";"Great and always getting better"
222474;;"2024-08-10 12:43:15";"Had some few issues the support team contacted me after I had fixed it currently enjoying using it."
222272;;"2024-08-12 20:46:40";"Good market viwer"
222225;;"2024-08-13 08:32:42";"Nice app"
222008;;"2024-08-15 21:18:13";"Super aap for watching chart Pattern"
222977;;"2024-08-04 23:59:09";"Ì think that app is the best because we can see before we enter a trade"
220248;;"2024-08-19 03:36:28";"Awesome charting app"
220185;;"2024-08-19 16:35:52";"Great app"
219992;;"2024-08-21 16:36:03";Good
219930;;"2024-08-22 11:49:47";Best
219740;;"2024-08-24 10:31:14";"Dear Trading View kindly Give Indian index, Features, Options and Stocks trading option in paper Trading. it will very useful for traders."
219679;;"2024-08-25 09:26:36";Nice
219492;;"2024-08-27 11:16:39";"Best ever"
219432;;"2024-08-28 01:35:03";"Good aap"
219248;;"2024-08-30 04:47:47";"Excellent App for Stock Market Investors"
219189;;"2024-08-30 15:08:16";"Very good tool for trading"
219699;;"2024-08-25 04:03:26";"Absolutely love it"
218950;;"2024-09-02 10:57:11";"Niceness Love the Display and Clear View of the Markets"
218892;;"2024-09-03 00:08:36";"nice app so far"
215643;;"2024-09-06 03:59:08";"It help me alot for improving my skills for trading"
215586;;"2024-09-06 16:39:39";"A great tool which can be as simple or complex as you need it to be"
222776;;"2024-08-06 16:15:22";"Pine editor is crazy"
215356;;"2024-09-10 06:34:50";Nice
215300;;"2024-09-10 16:29:20";"My 30 days premium free trail was automatically revoked in 3 days and there is no way to contact customer care. The only way to get support is to buy premium at full price."
215130;;"2024-09-12 16:31:48";"Ts just a great for analyzing and trading"
215075;;"2024-09-13 07:41:42";"This site data is great"
220211;;"2024-08-19 10:25:45";"thanks for your help with your application 👌"
214854;;"2024-09-16 12:19:31";"Best that there could ever be."
214800;;"2024-09-17 01:56:41";"Good app for trading chart and daily analysis."
214636;;"2024-09-19 01:37:44";"Good Service 👌👌👍"
214583;;"2024-09-19 13:00:54";"Good ap"
214530;;"2024-09-20 03:45:09";Great
214371;;"2024-09-22 09:33:32";"It's a very useful app for who subscribed treading view membership. but a newborn treading career person can't access all tolls So I hope next update treading view team can solution the problem"
214319;;"2024-09-22 22:02:28";"good app"
212766;;"2024-09-23 08:36:35";"Good experience"
219458;;"2024-08-27 16:38:29";"The application is nice all over world people are using but the problem is that some time does not open the app"
212558;;"2024-09-25 17:58:37";"Very good trading app"
212506;;"2024-09-26 10:41:36";Good
219459;;"2024-08-27 16:08:52";"Nice to use this"
212303;;"2024-09-29 13:25:10";"It's an amazing app for analysis."
212252;;"2024-09-30 05:28:29";"User friendly with relevant mis"
222775;;"2024-08-06 16:21:46";Good
212054;;"2024-10-02 12:56:57";God's
212004;;"2024-10-03 08:37:59";"Super fast"
214551;;"2024-09-19 17:46:26";Nice
211811;;"2024-10-06 06:12:48";"The Best"
211762;;"2024-10-06 17:20:49";Nice
211713;;"2024-10-07 06:35:39";"Very very nice and beautiful app"
222511;;"2024-08-09 18:35:21";"Can add more brokers in this according to the country as it helps us more in doing trade with tv 👍🤞💞 super app"
211526;;"2024-10-09 04:40:17";"Best 👍👍"
211478;;"2024-10-09 13:12:56";"It helps me a lot for my back testing"
215046;;"2024-09-13 13:37:57";"Clean and concise."
211296;;"2024-10-11 13:58:47";Good
209749;;"2024-10-12 09:05:49";"Nice app"
209702;;"2024-10-13 02:37:23";"Very good"
211732;;"2024-10-07 03:31:39";"Very good apps"
222513;;"2024-08-09 18:08:22";"Why did you change your scrolling.... before was good .....new updated version is not good. Change it back or have an option"
209480;;"2024-10-15 09:03:37";"New zoom in and zoom out feature is worse. Please update in previous version"
209434;;"2024-10-15 19:47:46";"This is dam good"
212274;;"2024-09-29 21:14:42";"The best charting app to ever exist. Works smoothly with zero lags... Honestly, I'll rate you guys 10/10."
209264;;"2024-10-17 14:48:03";Exceptional
209219;;"2024-10-18 04:37:33";"Crashes every minute and keep asking for paid version, I doubt who will buy??"
209174;;"2024-10-18 12:44:33";"absolute perfect"
212224;;"2024-09-30 10:32:10";"Still the best, nothing more"
223068;;"2024-08-03 15:01:52";"There is a problem my charts cannot load on my phone or tablet what's up"
208966;;"2024-10-21 09:24:38";"Very easy for use and more informative"
208922;;"2024-10-21 18:45:14";Good
211499;;"2024-10-09 08:40:42";Explendid
220223;;"2024-08-19 07:21:31";"Best app for traiding analysis"
208721;;"2024-10-24 07:16:45";"I was having a nice experience, but it seems like after a while, zooming in seems to be a problem. This typically happens after an update or if it's been a while since you've updated"
222522;;"2024-08-09 16:55:20";Better
204114;;"2024-11-12 12:10:35";Good
204078;;"2024-11-12 20:22:47";"The app is not even starting, keeps crashing"
204042;;"2024-11-13 09:03:33";"Using for chart analysis......easy to use."
205139;;"2024-10-31 15:07:43";"Excellent for traders"
211985;;"2024-10-03 11:55:22";"Good experience"
220167;;"2024-08-19 22:21:33";اوك
203865;;"2024-11-15 11:56:14";"Kindly have more free specifications for us that are just breaking into trading. The subscription is not affordable. The app is good and sleek. I love it"
203829;;"2024-11-15 18:05:23";Op
203793;;"2024-11-16 07:01:25";"Very very helpful app.Its help my trading journey"
202257;;"2024-11-16 18:57:30";Good
209728;;"2024-10-12 15:01:17";Good
209416;;"2024-10-16 03:42:33";"Great app"
219702;;"2024-08-25 02:50:16";Excelente
202090;;"2024-11-19 05:22:50";Good
202055;;"2024-11-19 12:50:05";Best
202020;;"2024-11-19 17:37:12";Awesome
201985;;"2024-11-20 07:17:16";"Hy, Please add the crypto payment method for subscription..I think it's so easy tradingview customers"
204854;;"2024-11-04 07:26:15";Good
219963;;"2024-08-22 05:31:27";"App is very good There should be one more plan See basic plan is around 1650 which is nearly impossible for retailers or who have made their capital 70% loss So for such users there should be one more plan around 700 rupees with like 5 to 7 indicators and some limited important features.. 🙏 for beginners tooo so that below middle class can also learn and take the benifit"
218934;;"2024-09-02 14:40:38";"Best trading platform app ever with it's friendly interface"
201829;;"2024-11-22 03:01:13";"new Update Chart is very 😞😞 Bad"
201795;;"2024-11-22 10:42:46";"It's some legit trading app"
201761;;"2024-11-22 16:51:18";"Best app for trading. I connected Oanda and it's crazy, but the prices during a trade move a second faster than Oanda. Weird, but makes sure that I secure at the price that I want more accurately. Good enough for me!"
201746;;"2024-11-22 21:29:36";"App perfetta con grafici, notizie e tutto quello che serve."
204580;;"2024-11-07 06:51:30";"Nice app"
209418;;"2024-10-16 03:23:33";"Pease move the chart toolbar on the top as in the previous version. The new version toolbar on the bottom of the chart is difficult to use. At least give users an option where to have the toolbar."
215060;;"2024-09-13 11:08:09";👌🏽👌🏽👌🏽👌🏽👌🏽
201582;;"2024-11-25 10:10:16";goodness
201549;;"2024-11-25 18:26:25";"Please 3 indicator for free"
201516;;"2024-11-26 03:32:52";Good
201483;;"2024-11-26 12:38:15";"Too expensive"
202243;;"2024-11-17 07:22:32";"Good 👍"
205143;;"2024-10-31 14:39:46";"I can just track everything using my phone. I get reminders anytime"
214287;;"2024-09-23 05:32:43";Good
219175;;"2024-08-30 17:45:20";"Nice experience"
201317;;"2024-11-29 03:31:32";"Nice and cool"
201285;;"2024-11-29 13:56:25";"Just phenomenal 👏🏽"
194816;;"2025-01-03 07:31:33";"Much needed app for traders"
194817;;"2025-01-03 07:25:48";"Nice app"
194818;;"2025-01-03 07:22:19";"Best ever."
194819;;"2025-01-03 07:13:45";"Hello Trading View, your app is very good to see trading charts. but unfortunately chart section is not opening and chart is not show in screen. please fixed it as soon as possible. thank you."
194820;;"2025-01-03 06:52:15";Good
194821;;"2025-01-03 06:51:50";"Supr app for options treding"
194822;;"2025-01-03 06:47:51";Good
194823;;"2025-01-03 06:43:32";"Best trading analysis platform."
194824;;"2025-01-03 06:40:41";"Best app for technical analysis. Opt for the Premium Subscription to avail all its benefits."
194825;;"2025-01-03 06:23:42";"Very slow"
194826;;"2025-01-03 06:18:35";"Best ❤️‍🔥"
194827;;"2025-01-03 06:14:48";Good
194828;;"2025-01-03 06:14:27";"Worst app I had come acrossed its stops working anytime, it suddenly gets closed"
194829;;"2025-01-03 06:01:53";"Welcome performance"
194830;;"2025-01-03 06:00:35";"Best trading app"
194831;;"2025-01-03 05:59:54";"I love this app! So customizable!"
194832;;"2025-01-03 05:41:26";"I found it the most best and perfect tool in my trading journey. There no app in it's comparison."
194833;;"2025-01-03 05:26:19";"It is a great app"
194834;;"2025-01-03 05:16:13";"great 👍👍"
194835;;"2025-01-03 04:45:52";Good
194836;;"2025-01-03 04:43:40";"Good service"
194837;;"2025-01-03 04:32:13";"Love this app. Update - please add ability to make notes free hand. Also to flip charts and their data to either left or right side. But wish they added historical data. Ex: each day the price opened, high, low and closing like yahoo finance does. And more data like short interest. Also the go to data needs to add earnings. Annoying to look up dates for earnings and then having to scroll thru the chart. Have a lot more ideas because I use this daily for hours on end."
194838;;"2025-01-03 04:22:11";Best
194839;;"2025-01-03 04:06:58";Good
194840;;"2025-01-03 04:05:06";"It's the best"
194841;;"2025-01-03 04:04:28";"Everything is fine but free services for small individual investors are continuously reducing by team."
194842;;"2025-01-03 04:04:26";Good
194843;;"2025-01-03 04:01:33";"Great 👍"
194844;;"2025-01-03 04:01:25";"This is the very good app for charts reading thanks"
194845;;"2025-01-03 03:59:36";"Nothing can beat this"
194846;;"2025-01-03 03:53:24";"Banknifty future chart kyo nahi chal Raha hai"
194847;;"2025-01-03 03:31:53";"There are some noticeable gitters in the Pad Ui"
194848;;"2025-01-03 03:30:00";Ok
194849;;"2025-01-03 03:21:52";"why my chart not show and not show logo in watchlist. edit( my error is fix thanks)"
194850;;"2025-01-03 03:12:51";"I really wish I could find someone with patience to teach me the in & outs of trade and stock market and how to really earn from it"
194851;;"2025-01-03 03:11:56";"Good experience and good for paper trading"
194852;;"2025-01-03 02:50:31";❤️
194853;;"2025-01-03 02:50:14";Better
194854;;"2025-01-03 02:23:39";"Nice app.."
194855;;"2025-01-03 02:14:43";Good
194856;;"2025-01-03 02:05:21";Good
194857;;"2025-01-03 01:31:49";Good
194858;;"2025-01-03 01:21:22";"Very good app to be precise every have it for trading"
194859;;"2025-01-03 01:08:39";"I wish if you guys let me use more than 2 indicators with buying subs"
194860;;"2025-01-03 00:41:33";"The app is crashing on the S21 Ultra with Google's latest Web View update. Thank you for fixing this Trading View Team!!!"
194861;;"2025-01-03 00:13:03";"Good app"
194862;;"2025-01-02 23:46:09";"Best tool ever"
194863;;"2025-01-02 22:31:31";"A very nice app"
194864;;"2025-01-02 22:18:17";"Very good app"
194865;;"2025-01-02 22:05:38";Niice
194866;;"2025-01-02 21:30:40";"I like a tradingviwe"
194867;;"2025-01-02 21:03:16";Good
194868;;"2025-01-02 20:31:26";Great
194869;;"2025-01-02 20:22:16";"I have enjoyed this app so far. I have noticed some errors, the time on today's opening charts does not tally with my local time. Market is ought to open by 11 or 12 midnight, gmt+1, Lagos. But it opened by 8pm the previous day. And my time zones were set intact untouched. Because of this, I refused to trade as I was confused. Pls can you fix that glitch? It has happened several times now. First was on 26th December,2024. Lasted 2days, then second is today."
194870;;"2025-01-02 20:19:50";"Very good"
194871;;"2025-01-02 20:11:51";"Great Platform. Features deserving of 5 Star. With this latest update. Too many Ads popping every 3-5mins is insane And annoying. Fix"
194872;;"2025-01-02 20:08:03";"Can I practice from it without subscription ? Like on laptop ??"
194873;;"2025-01-02 19:50:36";excellent
194874;;"2025-01-02 19:37:25";Good
194875;;"2025-01-02 19:32:36";"It's a recommendable"
194876;;"2025-01-02 19:29:37";Super
194877;;"2025-01-02 19:11:34";Super
194878;;"2025-01-02 19:08:23";"Best app ever"
194879;;"2025-01-02 19:02:37";"Very good"
194880;;"2025-01-02 18:54:08";"Can you remove the anoying ads and make money on the premium features alone please? I don't know what I would do without this app"
194881;;"2025-01-02 18:40:10";Wow
194882;;"2025-01-02 18:29:18";"Best trading tool"
194883;;"2025-01-02 18:26:26";"I love this all"
194884;;"2025-01-02 18:16:26";Super
194885;;"2025-01-02 18:04:10";"Great app"
194886;;"2025-01-02 18:00:06";"The Apk is excellent"
194887;;"2025-01-02 17:59:36";"Great app"
194888;;"2025-01-02 17:57:52";"Good 👍"
194889;;"2025-01-02 17:33:08";"The best"
194890;;"2025-01-02 17:23:59";Super
194891;;"2025-01-02 17:23:02";Superb
194892;;"2025-01-02 17:07:23";"When I use the app it will close automatically"
194893;;"2025-01-02 17:01:09";Great
194894;;"2025-01-02 16:55:18";"Today I got this msg but don't know how to avail this gift from tradingview ""Dear freidal0006! In this festive season, wishing for a freebie is as classic as fruitcake! May your trading skills bring profits sooner than you think, and hey, two years of premium might just be the motivation you need to step up your game! Here's to profitable trades ahead!"" Plz help"
194895;;"2025-01-02 16:47:41";"everyone should have it installed in their devices"
194896;;"2025-01-02 16:38:57";"All the items are good, only 1 to complaint. It is so difficult to connect Binance Account using mobile apps.. sometime it just hanging there. Can Tradingview team on a file to investigate this?"
194897;;"2025-01-02 16:31:01";"Very nice app ☺️"
194898;;"2025-01-02 16:15:54";"Very good app"
194899;;"2025-01-02 16:13:40";"Has been perfect before now I just updated today cause my former app hasn't been working, and now the update doesn't even open, it keeps stopping. What do I do?"
194900;;"2025-01-02 16:12:12";Super
194901;;"2025-01-02 16:12:06";👍
194902;;"2025-01-02 15:40:41";"Best aap"
194903;;"2025-01-02 15:32:55";Useful
194904;;"2025-01-02 15:32:35";"Its good, still practicing."
194905;;"2025-01-02 15:25:27";"key to success"
194906;;"2025-01-02 15:14:24";"Very nice"
194907;;"2025-01-02 15:10:18";Wow
194908;;"2025-01-02 14:58:33";"Best app for trading"
194909;;"2025-01-02 14:39:47";Great
194910;;"2025-01-02 14:29:16";Good
194911;;"2025-01-02 14:26:25";"Nice interface,easy to use"
194912;;"2025-01-02 14:22:50";"Best trading apps"
194913;;"2025-01-02 14:21:45";"Awesome 😎"
194914;;"2025-01-02 14:11:47";"super application"
194915;;"2025-01-02 13:48:40";Super
194916;;"2025-01-02 13:43:50";Excellent
194917;;"2025-01-02 13:43:14";"Unable to view chart properly"
194918;;"2025-01-02 13:40:58";"It is the best app for traders but their can be like you can trade on the app it self because you can see the charts very well so if you could trade it would be above Avery single app"
194919;;"2025-01-02 13:19:46";"Greatest app ever"
194920;;"2025-01-02 13:19:15";"It's very helpful"
194921;;"2025-01-02 13:09:27";good
194922;;"2025-01-02 13:08:44";excelent
194923;;"2025-01-02 12:53:56";"It's a very nice app"
194924;;"2025-01-02 12:53:39";"Without this ur nothing in trading"
194925;;"2025-01-02 12:49:42";Good
194926;;"2025-01-02 12:47:47";Best
194927;;"2025-01-02 12:26:40";"Good job"
194928;;"2025-01-02 12:14:37";Wonderful
223235;;"2024-08-01 16:15:03";"When I use Fibonacci on the chart most times it will not set on the chart and I need to close and open tradingview all the chart to reset!very frustrating"
223023;;"2024-08-04 09:38:05";"One in a million"
222814;;"2024-08-06 08:54:47";Excellent
222746;;"2024-08-07 02:33:25";"Very attractive"
222540;;"2024-08-09 12:25:15";"I just downloaded it last week and I really enjoy using this app it's smooth and easy to use, it's the best"
222473;;"2024-08-10 13:09:36";"Just the best ,💓💓💓"
222271;;"2024-08-12 20:54:37";"Unable to access my trading view, is showing error since the past 6 days"
222290;;"2024-08-12 17:25:25";"Trading view is one of the best platform where I am working it's deposit and withdrawal methods are so legit and easy to handle it's interface is good looking and I am very impressed by working here. I suggest all of you to invest your funds safely here."
222007;;"2024-08-15 21:28:23";"Imagination is more important than knowledge. Trading View helps you to enhance your imagination. Great work."
223046;;"2024-08-04 02:20:35";"Good for a quick check on stock prices."
220247;;"2024-08-19 03:41:59";"Perfect time and chart no delay or lag in app"
220184;;"2024-08-19 16:48:54";"New update horrible."
219991;;"2024-08-21 16:44:14";"To good experience i got from this app i really like this I also make money i will profitable..."
219929;;"2024-08-22 11:52:34";"We must needed a section where I can watch what's email i using on that time in profile pls added it @tradingviewteam"
219739;;"2024-08-24 10:49:04";"Impressive app"
219678;;"2024-08-25 09:34:43";"Mandatory for trading"
219491;;"2024-08-27 11:20:53";"Best free app for trading for beginners."
219431;;"2024-08-28 01:39:42";"Best view"
219247;;"2024-08-30 04:53:36";"W app"
219188;;"2024-08-30 15:18:43";"Very helpful for new trader"
219760;;"2024-08-24 05:59:18";Good
218949;;"2024-09-02 11:11:00";"Good app"
218891;;"2024-09-03 00:33:08";Vava
215642;;"2024-09-06 04:15:43";"Nice app"
215585;;"2024-09-06 17:23:49";Helpfull
222985;;"2024-08-04 21:25:12";"Great App good support for people"
215355;;"2024-09-10 06:48:53";Good
215299;;"2024-09-10 16:37:32";great
215129;;"2024-09-12 16:33:40";Best
215074;;"2024-09-13 08:23:32";"Best app"
223047;;"2024-08-04 01:49:24";"Very good"
214853;;"2024-09-16 12:40:50";"This app is trash but great on PC it's not mobile friendly for analysis."
214799;;"2024-09-17 02:22:10";"Best aap"
214635;;"2024-09-19 02:27:55";"Amazing trading app.."
214582;;"2024-09-19 13:25:07";"Good but not too much option for free user"
214529;;"2024-09-20 03:45:32";"User friendly and quality & timely inputs"
214370;;"2024-09-22 09:57:47";"After update my scales and position tool is in reverse. UPDATE: Resolved 😄"
214318;;"2024-09-22 23:03:27";Good
212765;;"2024-09-23 08:48:04";Nice
219949;;"2024-08-22 09:07:35";"Superb app"
212557;;"2024-09-25 18:08:27";"Excellent way"
212505;;"2024-09-26 11:46:40";"Great treding 🪟"
219758;;"2024-08-24 06:28:57";"TradingV has become a very greedy person, earlier there were three toll free apps, now you can't write anything else and can't even copy pages to anyone, Tradingv is being so unfair. You have done the work of your listeners, 22-25 stocks are nothing, people watch 1000-2000 and you have stopped that listener, it is your loss in, People used to copy and see tradingview new but you stopped that, due to which a lot of people visit your application"
212302;;"2024-09-29 13:41:28";"Very nice"
212251;;"2024-09-30 05:32:52";"Very good 👍"
218918;;"2024-09-02 18:35:30";Awesome
212053;;"2024-10-02 13:37:22";"Good app"
212003;;"2024-10-03 08:46:04";"Too many ads"
214604;;"2024-09-19 07:36:35";"Thank you so much 🙏"
211810;;"2024-10-06 06:13:36";"Too many indicators lock behind paywall"
211761;;"2024-10-06 17:27:50";😊
211712;;"2024-10-07 06:39:07";"جميل و مفيد"
223043;;"2024-08-04 03:07:45";"Glitches some times but overall works nicely"
211525;;"2024-10-09 04:49:52";"Just Get The Alert To start Ringing On Phone Too. please 🙏"
211477;;"2024-10-09 13:15:27";"This app is good for expert traders"
215101;;"2024-09-13 01:38:48";"The best trading platfrom this Trading View applicalion."
211295;;"2024-10-11 14:04:58";"suddenly load/save layout became unavailable. cannot load saved layout in app which is super uncomfortable and inconvenient"
209748;;"2024-10-12 09:34:33";"Crashing seconds after launch"
209701;;"2024-10-13 02:40:51";"Excellent app. Very informative"
211781;;"2024-10-06 13:57:19";"I don't use any other but Tradingview..."
222765;;"2024-08-06 17:58:38";"Phenomenal platform to trade on. User-friendly, simple, and adaptive features. I love it."
209479;;"2024-10-15 09:20:12";"Must have for every trader"
209433;;"2024-10-15 20:48:11";"Educational and very easy to understand"
212325;;"2024-09-29 05:27:30";"Awesome experience"
209263;;"2024-10-17 15:03:18";"Best app ever"
209218;;"2024-10-18 04:49:37";👍
209173;;"2024-10-18 12:46:29";"Best forever"
212275;;"2024-09-29 21:11:23";"Nice features"
209009;;"2024-10-21 00:05:33";"This Application is very good and helpful for forX trade learning and also previous trade trends watch."
208965;;"2024-10-21 09:25:23";"Best app"
208921;;"2024-10-21 19:00:01";"Thank you"
211547;;"2024-10-08 22:18:54";👍
221786;;"2024-08-18 15:39:03";Good
208720;;"2024-10-24 07:21:37";"This app is so good"
208678;;"2024-10-24 17:20:42";"Fantastic platform"
215105;;"2024-09-12 23:33:28";"Good app, easy to use. The one problem I had with the app, has since been fixed, so hands down this is the best crypto charting app out there, and they listen to feedback and update as needed. 10/10"
214884;;"2024-09-16 04:41:59";"This is the best trading platform"
208487;;"2024-10-27 11:42:09";"Easy and efficeint"
208446;;"2024-10-28 03:12:30";"Greatest investment tool ever"
208405;;"2024-10-28 14:00:09";Good
209501;;"2024-10-15 05:55:47";"Bear aap"
209240;;"2024-10-17 21:30:07";"Super 👍"
215389;;"2024-09-09 16:04:46";"aplikasi mantap buat pemula yang lagi belajar trading"
205156;;"2024-10-31 10:03:11";"Wonderful....., I love the app"
205117;;"2024-11-01 00:13:10";"I'm a crypto trading analyst...."
205078;;"2024-11-01 10:09:21";owsome
208944;;"2024-10-21 14:28:47";Love
214832;;"2024-09-16 15:48:33";"Best app ever for forex"
204907;;"2024-11-03 17:12:54";"Just like a wow ✌️"
204869;;"2024-11-04 05:09:38";Excellent
204831;;"2024-11-04 13:28:54";"Great experience, but work on reducing subscription cost."
205097;;"2024-11-01 05:59:00";"Good sarvice treding wives"
211982;;"2024-10-03 12:36:07";"Loveeeeeee it 💝💝💝💝"
220227;;"2024-08-19 06:44:54";"This app actually help me so much but i hope I can get free replay chart."
204631;;"2024-11-06 15:58:32";Great
204594;;"2024-11-07 02:46:53";Majestic
204557;;"2024-11-07 11:51:48";"I LIKE NEW UPDATE"
208701;;"2024-10-24 11:58:47";"The best"
214298;;"2024-09-23 04:17:07";"Excellent thanks for your 👍👍👍👍👍👌👌"
223004;;"2024-08-04 14:35:46";Awasome
204367;;"2024-11-09 22:22:44";Excellent
204331;;"2024-11-10 09:53:23";"very good app"
204295;;"2024-11-10 17:46:49";"Best app for trading Go for it...learn from it"
208660;;"2024-10-25 01:11:01";"BEST APP EVER TO INCREASE YOUR ANALYSIS AND DONE FOR TRADE"
212590;;"2024-09-25 10:57:00";"Excellent apps"
222728;;"2024-08-07 05:13:40";"charts won't update realtime. there's a lag recently facing."
204113;;"2024-11-12 12:13:19";"And again, update just ruins user experience. I click on the ticker and it doesn't go to the chart. I just can't understand how stupid devs are thinking that's better Why when I open the ticker it doesn't take me to the chart as it was before. There is no setting for that in options. If there is anywhere then where? Why it always force the new thing without tutorial and option for either?"
204077;;"2024-11-12 20:31:38";"Why can't the chart display after my recent update of the app?"
204041;;"2024-11-13 09:11:44";"I love this."
221985;;"2024-08-16 04:04:32";"over all very good but one worst thing sensex and bankex open late worst then worst thing is this please i kindly request"
212035;;"2024-10-02 17:33:38";bestt
220230;;"2024-08-19 06:05:59";👍🏻👍🏻
203864;;"2024-11-15 12:03:33";Excellent
203828;;"2024-11-15 18:05:42";"Good for yradwf"
203792;;"2024-11-16 07:02:54";good
202256;;"2024-11-16 19:08:02";"Best app for traders ever"
204649;;"2024-11-06 12:58:11";"Charts are delayed"
209462;;"2024-10-15 12:39:08";"Would give 5 stars if it wasn't for the desktop app"
215339;;"2024-09-10 09:19:52";Good
202089;;"2024-11-19 05:31:03";Excellent
202054;;"2024-11-19 12:52:44";"Vary useful"
202019;;"2024-11-19 17:42:13";"The best app ever"
201984;;"2024-11-20 07:36:53";"Nice app all world trade to chart abliable"
204892;;"2024-11-03 20:40:56";Excellent
211461;;"2024-10-09 15:51:26";"Ok way to watch the market was a subscriber but no easy way to manage watch lists and keep them in order and it's often very difficult to manipulate the charts."
218992;;"2024-09-02 03:49:42";Good
201828;;"2024-11-22 03:08:52";"Increasing my trade accuracy with using Trading View"
201794;;"2024-11-22 10:47:55";"Very nice"
201760;;"2024-11-22 17:09:33";"Hi Nice Pro"
201780;;"2024-11-22 12:44:55";"Love this app"
204617;;"2024-11-06 18:10:54";"Very nice pic sir is there any chance you are not"
209464;;"2024-10-15 12:09:02";"Best best"
215115;;"2024-09-12 19:04:26";"Great but can be more good"
201581;;"2024-11-25 10:11:43";"Very good Application"
201548;;"2024-11-25 18:30:15";Good
201515;;"2024-11-26 03:49:58";"It's is astounding this app is really something else look at that chart there can be no doubt that is true power ."
201482;;"2024-11-26 12:58:43";"Amazingly great app"
203779;;"2024-11-16 11:29:21";"very useful app"
219969;;"2024-08-22 04:20:00";"3 second slow"
211747;;"2024-10-06 22:07:24";"This is a great app, Great 5 years experience on this app But one request for trading view is that if it provides level 1 data of future at no cost it will be helpfull for most of beginners Thank you"
219234;;"2024-08-30 06:13:40";"Need to improve accuracy"
201316;;"2024-11-29 03:34:48";Awesome
201284;;"2024-11-29 14:07:00";Informative
195072;;"2025-01-01 07:32:15";Good
195073;;"2025-01-01 07:30:04";"Brilliant App for Traders ..The paid for version is worth it as you are able to backrest using the 5 minute timeframe."
195074;;"2025-01-01 06:48:40";"Very nice app for treaders"
195075;;"2025-01-01 06:19:46";Good
195076;;"2025-01-01 06:01:36";"Very good"
195077;;"2025-01-01 05:31:26";"See my ""new years wish"" you made me complete... Doubtful ""they"" will actually listen. In short, your reply to my wish is that hopefully Tradingview listens to me. Look forward to hearing from you."
195078;;"2025-01-01 05:03:09";"Best application"
195079;;"2025-01-01 04:23:58";"it's simply the best!"
195080;;"2025-01-01 03:56:00";Great
195081;;"2025-01-01 03:50:07";"Glitch are too much And automatic crash"
195082;;"2025-01-01 03:34:01";"Best app to view charts"
195083;;"2025-01-01 03:09:11";"Hmm. Not working on mobile very bad experience"
195084;;"2025-01-01 02:57:09";GOOD
195085;;"2025-01-01 02:48:30";"Time 5second let but all indicators provided only one app"
195086;;"2025-01-01 02:19:05";Super
195087;;"2025-01-01 02:00:46";"This application is Above the supper.....!!!!!"
195088;;"2025-01-01 01:53:25";"It's one of the best tools there is. Update: & Here I am 3yrs later still using it. Although I do wish the Essentials subscription was a bit less, seems steap for the just a tad more than freemium version. Id still give it 10 stars if I could just for the compatibility."
195089;;"2025-01-01 01:44:35";"Best tools for analyzing most markets."
195090;;"2025-01-01 01:20:57";"Excellent app"
195091;;"2025-01-01 00:20:17";"Excellent investment app!"
195092;;"2024-12-31 23:51:40";Great
195093;;"2024-12-31 23:30:35";"Nice and smooth"
195094;;"2024-12-31 23:30:27";"Very good, help me in making trading decision."
195095;;"2024-12-31 23:15:55";Nice
195096;;"2024-12-31 22:53:37";"A little clunky compared to desktop but makes sense. Much harder to move around and do certain things like some drawing tools. Your chart can very easily become overwhelming if there are any more than a few indicators on there. It would be nice if we can adjust the size of the entirety of the chart somehow. Still a great app but just somewhat difficult to navigate without changing something by accident."
195097;;"2024-12-31 22:51:36";"very nice"
195098;;"2024-12-31 22:48:56";outstanding
195099;;"2024-12-31 22:48:55";"So likely app , I love it so much"
195100;;"2024-12-31 22:30:40";"It is a very helpful app I recommend all my friends If you want to trade So definitely try this app."
195101;;"2024-12-31 22:23:22";Nice
195102;;"2024-12-31 20:38:45";"Wonderful App. The features are amazing"
195103;;"2024-12-31 20:24:56";"Game changer"
195104;;"2024-12-31 19:58:37";"Best help useful app"
195105;;"2024-12-31 19:41:32";"Best charting platform"
195106;;"2024-12-31 19:38:01";"Best app for trading"
195107;;"2024-12-31 19:12:55";Goog
195108;;"2024-12-31 18:51:36";Lovely
195109;;"2024-12-31 18:46:11";"Alarm sound on mobile phone missing only"
195110;;"2024-12-31 18:15:08";"Great app"
195111;;"2024-12-31 17:53:44";"Very good 👍app"
195112;;"2024-12-31 17:26:51";Good
195113;;"2024-12-31 17:00:54";"Everything good"
195114;;"2024-12-31 16:39:41";"Very good , Great"
195115;;"2024-12-31 16:35:55";"Amazing App Ever Discovered 🤐😶‍🌫️"
195116;;"2024-12-31 16:32:56";Nice
195117;;"2024-12-31 16:31:36";"Nice app"
195118;;"2024-12-31 16:16:42";"One of the most useful app in day trading."
195119;;"2024-12-31 16:07:52";Good
195120;;"2024-12-31 15:41:05";"Awesome 😎"
195121;;"2024-12-31 15:12:47";Perfect
195122;;"2024-12-31 15:02:24";Good
195123;;"2024-12-31 14:53:07";Exceptional
195124;;"2024-12-31 14:38:40";"Very good app"
195125;;"2024-12-31 14:15:06";"All you need for charting"
195126;;"2024-12-31 13:58:19";"Best ever"
195127;;"2024-12-31 13:51:01";"The Best"
195128;;"2024-12-31 13:21:31";"Now, we have the order flow too! The best"
195129;;"2024-12-31 13:20:29";"Best trading view app I ever comes across"
195130;;"2024-12-31 13:20:07";"nice aap"
195131;;"2024-12-31 13:19:54";"It's really best app"
195132;;"2024-12-31 13:02:40";"Very good product"
195133;;"2024-12-31 12:52:28";"Easy for analysis but candle moves little bit slow"
195134;;"2024-12-31 12:47:36";"Very good experience the app is since updated with combined menus for easier navigation.Good job old review"
195135;;"2024-12-31 12:45:57";"Best way to do trading 👌"
195136;;"2024-12-31 12:14:05";"Very good"
195137;;"2024-12-31 12:10:51";"Supper app"
195138;;"2024-12-31 12:09:58";Good
195139;;"2024-12-31 12:08:34";"Good 👍"
195140;;"2024-12-31 12:07:21";"excellent app. Speciallly it has A paper trading feature❣️"
195141;;"2024-12-31 11:55:59";"Best and Perfect Trading platform for the traders"
195142;;"2024-12-31 11:26:51";"Best App for traders"
195143;;"2024-12-31 11:26:32";Nice
195144;;"2024-12-31 11:24:52";"keep improving"
195145;;"2024-12-31 11:19:28";"Experience is good not best"
195146;;"2024-12-31 10:52:19";"Font size increase option. Minimum 4 indicator in which 2 close and 2 using at a time..and 10min time frame.plz check and update app. Thanks for ur super app."
195147;;"2024-12-31 10:50:52";"Good trading financial market analysis app with amazing features but you may add more options in free mode so you may continue to be best analysis app ever ...."
195148;;"2024-12-31 10:21:07";Sup
195149;;"2024-12-31 10:16:55";"Good user friendly built app"
195150;;"2024-12-31 09:56:09";Exceptional
195151;;"2024-12-31 09:33:13";Exceptional
195152;;"2024-12-31 09:30:38";"Great app for traders as well as for investors"
195153;;"2024-12-31 08:55:27";"no payment option provided during Cyber Monday Sale as existing plan was active + Worst Support..."
195154;;"2024-12-31 08:38:29";"Why reduced indicators,, on free platform.."
195155;;"2024-12-31 08:28:08";"I wish this snow feature on the charts can be available forever. I love it. Gives me this chill vibe."
195156;;"2024-12-31 08:10:15";Nic
195157;;"2024-12-31 08:07:31";"Traders heart"
195158;;"2024-12-31 08:07:13";Good
195159;;"2024-12-31 07:57:41";"The support team is absolutely pathetic. I have been raising my issues since a month now. Neither my issues are being addressed nor I am getting refund. One of the worst apps ever."
195160;;"2024-12-31 07:51:22";"Nice to watch"
195161;;"2024-12-31 07:50:48";"Very useful"
195162;;"2024-12-31 07:36:15";"Excellent app with algos"
195163;;"2024-12-31 07:30:09";"Simply super"
195164;;"2024-12-31 07:19:07";"Great app for trading experience"
195165;;"2024-12-31 07:00:08";"3rd class app not showing watchlist poor app scam"
195166;;"2024-12-31 06:56:23";Accurate
195167;;"2024-12-31 06:40:26";"Can someone tell me what broker I need to trade with bitcoin please"
195168;;"2024-12-31 06:13:10";"Very good and concise and clear and clear and clean and concise dictionary"
195169;;"2024-12-31 05:58:34";"not bad"
195170;;"2024-12-31 05:52:21";GOAT
195171;;"2024-12-31 05:46:18";"Wonderful . User friendly. Exact"
195172;;"2024-12-31 05:44:28";Good
195173;;"2024-12-31 05:41:48";Perfect
195174;;"2024-12-31 05:38:47";"Good aplication for new trader like me"
195175;;"2024-12-31 05:29:45";"most useful app for candles and indicator I love it 🤗🤗"
195176;;"2024-12-31 05:20:41";"Excellent...very useful app for traders"
195177;;"2024-12-31 05:04:16";"Best trading software"
195178;;"2024-12-31 04:38:40";Good
195179;;"2024-12-31 04:29:36";"Very informative and Descriptive."
195180;;"2024-12-31 04:27:10";"From last month it is not opening, just blurr and loading"
195181;;"2024-12-31 04:26:54";"Good 👍"
195182;;"2024-12-31 04:13:45";"Best app"
195183;;"2024-12-31 04:05:32";Nice
195184;;"2024-12-31 04:00:45";"Good for practical learning"
223234;;"2024-08-01 16:21:54";"It seems They fixed the crashing issue I wrote about here on my android phone. Looking forward to subscribing to a paid account soon. Perhaps the ram requirements are at the limits of my device. It seems like if I unload the other apps it can display complicated comparison charts like I like to do."
223022;;"2024-08-04 10:43:09";super
222813;;"2024-08-06 09:01:54";Nicely
222745;;"2024-08-07 02:47:03";"Reduced the indicator"
222539;;"2024-08-09 12:34:27";"Best app ever to study chart but advance features are paid."
222472;;"2024-08-10 13:26:51";Bestz
222270;;"2024-08-12 21:50:05";"Best in the market"
222493;;"2024-08-10 03:17:29";"Good app"
222006;;"2024-08-15 21:57:05";"The latest edition of the app has negatively impacted my experience with Trading View (on mobile app), in the following way: Before the update; I was able to press the chart ""icon"" while viewing the overall stock trend and it would send me to the candle and MacD chart (that was AWESOME). After the update: I now have to go to another screen, click ""chart"" and try to SCROLL and find the stock that I was looking at on the other screen (this is a Royal PITA!)."
223259;;"2024-08-01 12:40:55";"Really bad app. Cant see anything on the charts...you would think all the money I pay to use this their charts the app would be some what decent...."
220246;;"2024-08-19 03:44:46";Best
220183;;"2024-08-19 17:00:36";Exclusive
219990;;"2024-08-21 17:22:54";"Godd expression"
219928;;"2024-08-22 12:01:49";"Best indicators app for trading"
219738;;"2024-08-24 11:24:53";"Nice 👍🙂🙂"
219677;;"2024-08-25 09:52:25";Suprb
219490;;"2024-08-27 11:42:40";"I like it it's easy to use and it has many features and instruments to work with 💯"
219430;;"2024-08-28 02:21:55";"Great app for analysis"
219246;;"2024-08-30 05:06:29";"Chart display nice, everything 🔥"
219187;;"2024-08-30 15:18:44";"Love it"
219951;;"2024-08-22 08:31:22";"Very nice"
218948;;"2024-09-02 11:33:05";"The best tredingview"
218890;;"2024-09-03 01:16:52";"Bhai jawab nahi"
215641;;"2024-09-06 04:37:58";"Very nice experience"
215584;;"2024-09-06 17:42:17";"It's 👍"
223054;;"2024-08-03 20:23:38";Nice
215354;;"2024-09-10 06:50:26";"Great app. The reason I'm giving 4 instead of 5 stars is because I used to be able to use up to 3 indicators simultaneously on the free version, but now the app allows me to use only 2.. It's tiring having to be switching indicators all the time."
215298;;"2024-09-10 16:37:55";NICE
215128;;"2024-09-12 17:12:42";"This ia very Great aplication"
215073;;"2024-09-13 08:27:54";"Best app for trading"
221971;;"2024-08-16 06:26:48";"V. Good app"
214852;;"2024-09-16 12:57:08";Great
214798;;"2024-09-17 02:41:03";"on mobile lately lot of times annoying advertising to buy premium is coming, please understand that every trader will with 100% surety buy premium after becoming profitable but these adverts are distracting & annoying & becoming hurdle for them, please reduce them"
214634;;"2024-09-19 02:29:03";"Cant cancel subscription."
214581;;"2024-09-19 13:32:21";"Best aap in trading helpful"
214528;;"2024-09-20 03:52:35";Good
214369;;"2024-09-22 10:05:58";Good
214317;;"2024-09-22 23:39:38";"Fantastic application for market watching, news and other info"
212764;;"2024-09-23 08:53:17";"Good working and better option"
219706;;"2024-08-25 01:49:12";"I lost my widget on Samsung s23 ultra, what happened?"
212556;;"2024-09-25 18:47:52";"wrong timezone and how much I reset it still wrong timezone. please fix your timezone"
212504;;"2024-09-26 12:12:08";"I loved this cz i loved it"
219707;;"2024-08-25 01:14:49";"Very useful. It's free info. Updates and educational."
212301;;"2024-09-29 14:09:01";"Easy to use"
212250;;"2024-09-30 05:41:58";"The best app for analyzing your trades"
218976;;"2024-09-02 05:56:44";"Best app for technical analysis ✊🏻📈📈📉"
212052;;"2024-10-02 14:07:07";"Great app 🙏"
212002;;"2024-10-03 09:04:00";"Still learning my way around this app., but very impressed so far!"
219456;;"2024-08-27 16:44:27";Satisfied
211809;;"2024-10-06 06:38:38";good
211760;;"2024-10-06 18:00:43";"Trading is the best I just hope that I can link my exness broker account to the can you please make that possible."
211730;;"2024-10-07 03:36:55";"Best all track trading view easy to use"
222785;;"2024-08-06 14:10:33";Awesome
211524;;"2024-10-09 04:56:40";"Dear team pls keep Stock add to watchlist option Directly in chars section. It is more convenient"
211476;;"2024-10-09 13:24:12";"Very nice experiance"
222777;;"2024-08-06 16:00:05";"Excellent Analysis App"
211294;;"2024-10-11 14:05:59";"The best platform for Analysis"
209747;;"2024-10-12 09:48:57";Best
209700;;"2024-10-13 02:42:49";"only one indicator at a time in free version is bad"
222510;;"2024-08-09 18:36:15";"This is best app to cryptocurrency analysis"
222787;;"2024-08-06 13:52:45";"Very good"
209478;;"2024-10-15 09:24:35";"very good app the interface is fluid and all thanks. keep improving"
209432;;"2024-10-15 21:04:59";Superb
214601;;"2024-09-19 08:00:43";"Best app for technical analysis 💯 Still the best"
209262;;"2024-10-17 15:18:48";"User friendly app"
209217;;"2024-10-18 05:06:10";Thanxs
209172;;"2024-10-18 12:47:30";"Good app to explore trades"
212326;;"2024-09-29 04:48:32";"REQUEST KYC(REGULATION)"
209008;;"2024-10-21 00:46:13";"Nice app"
208964;;"2024-10-21 09:32:01";"It could get better. The option to choose an instrument while charting needs to be much clear and easily accessible than currently set."
208920;;"2024-10-21 19:03:14";Excellent
215382;;"2024-09-09 20:01:03";"Best Chart Analyser"
221983;;"2024-08-16 04:06:02";"I updated trading view premium but chart data update slowly than other broker"
208719;;"2024-10-24 07:48:34";Nice
208677;;"2024-10-24 17:47:16";"View stocks, crypto n stuff.. nice charts"
208897;;"2024-10-22 04:14:32";👍
215051;;"2024-09-13 12:50:54";Nice
208486;;"2024-10-27 11:44:28";"Easy to use app"
208445;;"2024-10-28 03:33:21";Osm
208404;;"2024-10-28 14:00:38";"Love 💕"
215384;;"2024-09-09 19:31:45";Nice
219162;;"2024-08-31 00:50:21";"I love the experience"
215563;;"2024-09-07 06:55:53";Great
205155;;"2024-10-31 10:09:47";Nice
205116;;"2024-11-01 00:45:49";"Best treding analysis appp"
205077;;"2024-11-01 10:13:54";nice
208987;;"2024-10-21 05:10:22";"Best app for training"
214886;;"2024-09-16 04:25:54";Superb
204906;;"2024-11-03 17:39:11";Good
204868;;"2024-11-04 05:40:03";👌
204830;;"2024-11-04 13:43:16";"Very good"
205136;;"2024-10-31 15:44:50";Good
212032;;"2024-10-02 17:57:18";"The best trading for perfect exploration"
221790;;"2024-08-18 15:02:24";"How to stock screeneer over mobile app?"
204630;;"2024-11-06 15:59:20";Superb
204593;;"2024-11-07 03:27:43";Good
204556;;"2024-11-07 12:13:22";"its good👍👍👍👍"
208744;;"2024-10-23 23:34:04";"Superb Trading Platform"
214350;;"2024-09-22 14:25:50";"Nice app"
223074;;"2024-08-03 12:40:59";❣️❣️🎉🎉🎉
204366;;"2024-11-09 23:09:42";Good
204330;;"2024-11-10 09:55:00";"super app"
204294;;"2024-11-10 17:50:13";"Very good app"
208702;;"2024-10-24 11:35:58";Good
212746;;"2024-09-23 13:33:52";"It's good one app for freshers"
222796;;"2024-08-06 12:04:52";"Sometimes it's hanging in mobile।"
204112;;"2024-11-12 12:34:53";"Great trading setup"
204076;;"2024-11-12 20:33:12";"The charts won't load through the app, but it only works through the Google browser, please help with this issue"
204040;;"2024-11-13 09:24:08";"Very thoughtful 👏"
211980;;"2024-10-03 13:09:07";"Works well with easy to use tools for technical analysis . But make 15 seconds timeframe also available on ordinary and I will carry here all my six stars sir👏"
222576;;"2024-08-09 02:50:43";"Usefull app"
221793;;"2024-08-18 14:37:38";Good
203863;;"2024-11-15 12:03:36";Terrific
203827;;"2024-11-15 18:10:48";nice
203791;;"2024-11-16 07:03:59";"Good application"
202255;;"2024-11-16 19:20:12";"I really loved this app at first, but now I just noticed that the 3dots that would allow me customize my chart are nolonger available, I even uninstalled and reinstalled but nothing has changed Please do something this is no longer nice at all..."
204578;;"2024-11-07 07:06:46";"The is fine, I just don't get alerts on the phone app"
209508;;"2024-10-15 05:05:11";Good
215395;;"2024-09-09 14:35:14";"Best analysis app"
202088;;"2024-11-19 05:39:12";Good
202053;;"2024-11-19 12:54:12";"Great experience"
202018;;"2024-11-19 17:44:14";Good
202004;;"2024-11-20 02:12:47";"Awesome App Highly Recommend"
219470;;"2024-08-27 14:55:43";Good
211509;;"2024-10-09 07:06:21";😊👍
219173;;"2024-08-30 18:16:51";"Good app"
201827;;"2024-11-22 03:18:25";"Great 👍🏼 app"
201793;;"2024-11-22 10:49:27";Nice
201759;;"2024-11-22 17:21:10";"The app is very easy to navigate and use. it rarely has server issues. a great app all together"
201814;;"2024-11-22 07:24:58";"Very nice app real time chart etc."
204654;;"2024-11-06 12:08:32";Good
209510;;"2024-10-15 05:01:47";"I have a problem with adding to watchlist... There's no option for it anymore since the newly added options down below... Am frustrated"
219454;;"2024-08-27 17:35:29";"Love of my life"
201580;;"2024-11-25 10:18:21";Good
201547;;"2024-11-25 19:02:58";Exceptional
201514;;"2024-11-26 03:50:42";"Excellent app"
201481;;"2024-11-26 13:06:25";"I never fell confident in my life while I'm using tradingview. I know when to buy and when to sell with his helpful indicator, and trading is much easier for me now, make a lot o profit. I highly recommend this app. Thank you, team of tradingview."
203815;;"2024-11-16 00:20:01";"Best trading app 👌"
215100;;"2024-09-13 02:25:51";"Ad factory better to use other platform"
211796;;"2024-10-06 09:41:55";Good
219418;;"2024-08-28 06:47:33";"We need more applications like tradingview ❣❣❣"
201315;;"2024-11-29 03:42:29";"Great app for trading"
201283;;"2024-11-29 14:14:39";"new update is not loading chart when i change timeframe . wit. edit:. and when i open a symbol from search bar, unable to add it watchlist why?"
195328;;"2024-12-29 14:20:33";"Good for analysis"
195329;;"2024-12-29 14:19:44";Best
195330;;"2024-12-29 13:59:17";"Nice app"
195331;;"2024-12-29 13:31:16";"Best app"
195332;;"2024-12-29 13:12:47";"Good information 👍 👌"
195333;;"2024-12-29 13:01:38";"Best Trading Platform"
195334;;"2024-12-29 12:43:54";"Its best"
195335;;"2024-12-29 12:29:46";"GD luck"
195336;;"2024-12-29 12:28:02";"Awesome site"
195337;;"2024-12-29 12:27:59";"Super deal"
195338;;"2024-12-29 12:20:27";Nice
195339;;"2024-12-29 12:13:10";Great
195340;;"2024-12-29 12:11:33";"Became too slow after the latest update"
195341;;"2024-12-29 12:08:20";"Been rocking with tradingview for many many years!!"
195342;;"2024-12-29 11:38:01";"Please add strategy tester in apk version."
195343;;"2024-12-29 11:37:55";"Best app for traders"
195344;;"2024-12-29 11:32:59";"Best for technicals maximum all market and their assets"
195345;;"2024-12-29 11:30:36";"feature request : one problem that i encounter with tradingview android app is that it keeps changing my chart layout on my mobile to match that of my PC. tradingview on PC is optimised for landscape view (4 chart view etc). where as I use different chart on my mobile app (optimised for small screen). so kindly give option to make a chart ""default"" for mobile). thank you"
195346;;"2024-12-29 11:16:21";"For technical best in india"
195347;;"2024-12-29 11:11:18";Nice👍
195348;;"2024-12-29 10:43:39";"Very helpful and informative all"
195349;;"2024-12-29 10:31:45";"My favorite Platform"
195350;;"2024-12-29 10:31:03";"Nice app"
195351;;"2024-12-29 10:23:30";"Nice app"
195352;;"2024-12-29 10:09:38";"Good 4 years experience"
195353;;"2024-12-29 10:08:01";Perfect
195354;;"2024-12-29 09:15:59";"Really had a nice experience"
195355;;"2024-12-29 09:03:20";Farst
195356;;"2024-12-29 08:56:34";"Detailed view and parameters"
195357;;"2024-12-29 08:43:49";"Yes nice"
195358;;"2024-12-29 08:39:55";"Trading view is very good"
195359;;"2024-12-29 08:34:03";"Trading view is one of the best platform where I am working they are deposit and withdrawal methods are so easy to handle and very instant I am enjoying this site and receiving profit on daily basis I suggest all of you to invest your fund safely here."
195360;;"2024-12-29 08:31:15";"for desktop app please allow us for more customization where we can hide left bar where the watchlist is and making shift + F permanent full screen no bottom and above menus are hidden not f11"
195361;;"2024-12-29 08:07:09";"Thank you"
195362;;"2024-12-29 08:06:49";"Edited 1.0: Still the best there is w or w/o subscription! Original: 20/6/24 Best technical analysis app as of, this moment. We as TV family or clan have a long way with our communicational exchanges. Feedback improvements have been implemented."
195363;;"2024-12-29 08:06:30";Good
195364;;"2024-12-29 08:01:01";"It Is nice app"
195365;;"2024-12-29 07:21:52";"All is good but the tablet app is very confusing."
195366;;"2024-12-29 07:12:35";"It is very nice and easy with good navigations"
195367;;"2024-12-29 07:02:23";"You guys are extremely so well and I appreciate that so well. But to my greatest surprise this morning, my tradingview app stopped working. When I try to log in, all I keep seeing is ""sorry something went wrong"" my app is updated so please what could be the problem?"
195368;;"2024-12-29 06:17:18";Best
195369;;"2024-12-29 06:09:34";"I like this app"
195370;;"2024-12-29 06:03:22";"Goat app for traders"
195371;;"2024-12-29 05:39:43";"At present time The best aap no doubt.I hope in future upgrade and maintain no (1) position . Thank you Trading View Team."
195372;;"2024-12-29 05:18:48";"Very bad sensex 20 minitue late on index"
195373;;"2024-12-29 05:07:08";"Best app ever"
195374;;"2024-12-29 04:58:21";Good
195375;;"2024-12-29 04:45:56";"this app is amazing but the broker are not connected"
195376;;"2024-12-29 04:31:08";"Very useful & very supportive app"
195377;;"2024-12-29 04:03:55";Good
195378;;"2024-12-29 03:57:22";Marvelous
195379;;"2024-12-29 03:55:55";झकास
195380;;"2024-12-29 03:01:48";Wonderfull
195381;;"2024-12-29 02:53:39";"Excellent 👍"
195382;;"2024-12-29 02:50:31";"It is very useful"
195383;;"2024-12-29 02:18:12";"Good & useful"
195384;;"2024-12-28 23:37:27";Great
195385;;"2024-12-28 22:24:30";"Best app for trading"
195386;;"2024-12-28 22:00:15";"best of all"
195387;;"2024-12-28 21:47:09";"Best App to analyse"
195388;;"2024-12-28 21:33:10";Top
195389;;"2024-12-28 21:19:36";"I would have given you 5 start but you refused my card"
195390;;"2024-12-28 21:08:02";"Great app"
195391;;"2024-12-28 20:17:16";"Great job"
195392;;"2024-12-28 19:37:21";عالیه
195393;;"2024-12-28 19:24:41";👌👌👌
195394;;"2024-12-28 18:50:03";Good
195395;;"2024-12-28 18:15:22";"offffff large"
195396;;"2024-12-28 17:50:59";"Amazing app 👍"
195397;;"2024-12-28 17:24:37";"Such a great app"
195398;;"2024-12-28 17:17:34";"Nice 👍 app"
195399;;"2024-12-28 17:16:30";"Good app"
195400;;"2024-12-28 17:11:48";"Desktop application is 100% perfect but this mobile app has nothing."
195401;;"2024-12-28 17:02:28";"Best of its kind"
195402;;"2024-12-28 16:39:40";Solid
195403;;"2024-12-28 16:39:22";Oooook
195404;;"2024-12-28 16:35:27";Super
195405;;"2024-12-28 16:30:30";"good app"
195406;;"2024-12-28 16:19:20";"No words to say"
195407;;"2024-12-28 15:43:19";Good
195408;;"2024-12-28 15:08:40";"Best apps"
195409;;"2024-12-28 15:04:27";"Perfect 👍"
195410;;"2024-12-28 14:50:51";Good
195411;;"2024-12-28 14:44:07";"Good one my friend suggest"
195412;;"2024-12-28 14:37:44";"Add the restart or refresh arrow button like on the PC"
195413;;"2024-12-28 14:20:41";Excellent
195414;;"2024-12-28 14:00:05";"Excellent app"
195415;;"2024-12-28 13:34:46";"BEst experience ever"
195416;;"2024-12-28 13:07:08";"Awesome 👌"
195417;;"2024-12-28 12:51:29";"Amazing and easily description"
195418;;"2024-12-28 12:30:35";"Why is my trading view not showing charts lately, its almost two weeks with the same issue, I tap on the chart option and I can't see the charts showing price movements"
195419;;"2024-12-28 12:26:10";Great
195420;;"2024-12-28 12:08:50";"really cool tool. easy to use with a beautiful design"
195421;;"2024-12-28 11:57:52";"Great app for Android!!"
195422;;"2024-12-28 11:00:52";"Best app for traders"
195423;;"2024-12-28 10:51:29";"candle stick pattern are accurate"
195424;;"2024-12-28 10:51:03";👍
195425;;"2024-12-28 10:43:52";"Great apps for trading analysis"
195426;;"2024-12-28 10:08:18";Good
195427;;"2024-12-28 10:05:23";"Good app"
195428;;"2024-12-28 09:44:03";"Very slow"
195429;;"2024-12-28 08:59:09";Best
195430;;"2024-12-28 08:56:22";"Good 👍👍👍"
195431;;"2024-12-28 08:53:57";"You can only set 1 alet with the free software and 2 indicators this company is a scam🤮🤮🤮🤮🤮"
195432;;"2024-12-28 08:40:26";good
195433;;"2024-12-28 08:17:43";"It works as advertised"
195434;;"2024-12-28 08:16:53";"Good market analysis app for traders"
195435;;"2024-12-28 08:08:17";"Very good app"
195436;;"2024-12-28 08:01:27";Good
195437;;"2024-12-28 07:58:15";"Thankyou Imagine Tarminer............ plz ad crudeoil mcx primium chart ........."
195438;;"2024-12-28 07:04:26";Good
195439;;"2024-12-28 06:39:56";Good
195440;;"2024-12-28 06:03:04";"App keeps closing frequently all the time, whenever I use the app ,it keeps exiting"
223233;;"2024-08-01 16:39:15";"I think this is best trading app for beginners"
223021;;"2024-08-04 10:51:14";Helpful
222812;;"2024-08-06 09:03:24";Exceptional
222744;;"2024-08-07 03:04:41";"Chart usefully lovely trading view"
222538;;"2024-08-09 12:41:09";"बोस्डिके सस्ता करो रिचार्ज"
222471;;"2024-08-10 13:38:25";"Very Nice for chart read"
222269;;"2024-08-12 22:47:18";Good
222560;;"2024-08-09 06:42:15";"Very cool performance"
222005;;"2024-08-15 22:09:29";"Best in doing analysis with much advance tools"
221808;;"2024-08-18 12:09:56";fantastic
220245;;"2024-08-19 03:48:02";"Love no this app"
220182;;"2024-08-19 17:11:19";Perfect
219989;;"2024-08-21 17:30:55";Good
219927;;"2024-08-22 12:36:07";"This is the best app to learn trending"
219737;;"2024-08-24 11:36:04";"Since my phone got formatted and which I redownloaded it again the app have not make me to able to register my account and it have been keeping away from the watchlist telling me error please do something about it"
219676;;"2024-08-25 10:01:16";"Very nice"
219489;;"2024-08-27 11:43:35";"The best"
219429;;"2024-08-28 02:34:06";"Superb features"
219245;;"2024-08-30 05:13:53";"Excellent platform with clear detailed options and analysis."
219186;;"2024-08-30 15:19:54";"Fantastic platform"
220013;;"2024-08-21 12:42:51";"The greatest trading overview app"
218947;;"2024-09-02 11:41:05";nice
218889;;"2024-09-03 02:25:57";"Even though I changed language to english but interface still on chinese excepts notifications。Poor app"
215640;;"2024-09-06 04:45:20";"Best app for all traders"
215583;;"2024-09-06 17:55:09";"very good and very reliable very clean interface"
223267;;"2024-08-01 11:15:17";"best of best"
215353;;"2024-09-10 06:50:38";"Excellent application for the traders who want to settle as Full time traders.Every thing is good to use."
215297;;"2024-09-10 16:45:29";"Beyond my expectations"
215127;;"2024-09-12 17:15:00";"Best charting platform hands down"
215072;;"2024-09-13 08:54:11";"They keep taking away more and more free features. It's almost useless at this point. Load times are shockingly slow. Not to mention ads to buy the overpriced plan popping up every 60 secs + they made the 'X' smaller so it's hard to cancel the ads. You'll have only currently paying customers and no new ones soon if keeping in this direction."
222035;;"2024-08-15 14:36:33";"Awesome. Great tools, insightful analytics across fields, in one place."
214851;;"2024-09-16 13:11:59";"When I try open chart it's automatic close in my phone"
214797;;"2024-09-17 03:24:10";Nice
214633;;"2024-09-19 02:38:31";"When we want add any option in watch list, it is very difficult to find as strike price is not visible in search menu. Even in commodity which month's future is there we can't find it. So please add which month future is there in search menu.... It is very useful for beginners to use."
214580;;"2024-09-19 13:34:01";Superb
214547;;"2024-09-19 18:52:18";"Very useful app for beginners and experts"
214368;;"2024-09-22 10:33:25";"best of the best"
214316;;"2024-09-22 23:53:25";"Good 👍"
212763;;"2024-09-23 09:25:09";"Best trade view app ever"
222293;;"2024-08-12 16:58:04";Good
212555;;"2024-09-25 19:48:19";"no other trading platform is comparable with this dude"
212503;;"2024-09-26 12:40:56";Good
222228;;"2024-08-13 07:47:05";"Nice 🙂👍"
212300;;"2024-09-29 14:18:48";Magnific
212249;;"2024-09-30 05:50:21";"very good app"
219157;;"2024-08-31 02:32:59";Super
212051;;"2024-10-02 14:16:15";"Thanks for the pine editor in mobile version"
212001;;"2024-10-03 09:06:07";"Best App"
214823;;"2024-09-16 17:58:21";Excellent
211808;;"2024-10-06 06:51:31";"Because I could able to view all financial markets accuratly👍"
211759;;"2024-10-06 18:39:06";Nice
211779;;"2024-10-06 14:07:38";👌
222994;;"2024-08-04 17:46:04";"Best app"
211523;;"2024-10-09 04:58:07";"Great platfrom but why there is a new update every 3 days"
211475;;"2024-10-09 13:25:38";"Best for research"
215327;;"2024-09-10 11:59:33";Aiit
211293;;"2024-10-11 14:09:37";"I'm can't use any indicator on my chart please fix it."
209746;;"2024-10-12 09:54:32";❤️❤️❤️❤️❤️
209699;;"2024-10-13 02:57:57";Nice
211974;;"2024-10-03 13:54:09";"Trade is very wonderfully"
222996;;"2024-08-04 16:49:24";"I love this app now other app I can compare with tradingview"
209477;;"2024-10-15 09:33:16";Awesome
209431;;"2024-10-15 21:15:02";"Awesome app"
212529;;"2024-09-26 05:16:18";"Its nice, app everything works perfect despite its not friendly for beginners."
209261;;"2024-10-17 15:33:24";"Great and exceptional app"
209216;;"2024-10-18 05:13:51";"Not accurate"
209171;;"2024-10-18 13:19:22";Great
212575;;"2024-09-25 14:19:48";"Tradingview offers a range of service and analysis tool that help you perform and attain your goal in the financial market"
209007;;"2024-10-21 00:50:00";"It's one of the best app for post market chart analysis and if u want to analyse in live market, you need to pay."
208963;;"2024-10-21 09:51:03";"Good app"
208919;;"2024-10-21 19:03:40";"I believe Trading view is the best website or app for trading,someone was super smart when they build it ,Thank you for helping traders."
211735;;"2024-10-07 02:41:27";Good
222047;;"2024-08-15 09:45:37";Seamless
208718;;"2024-10-24 08:16:27";"Extremely performing well Very good app"
208676;;"2024-10-24 17:47:29";"Excellent trading app ❤❤❤"
208941;;"2024-10-21 14:43:15";"Good but sometimes it's lag"
215106;;"2024-09-12 22:55:41";Good
208485;;"2024-10-27 11:56:03";"Best app a trader could wish for. it's user-friendly and has a variety of tools for best analysis setups."
208444;;"2024-10-28 03:44:10";"Good application"
208403;;"2024-10-28 14:15:27";"A handy app when doing market analysis"
209677;;"2024-10-13 10:41:15";"Excellent performance"
209410;;"2024-10-16 04:38:19";Perfect
215620;;"2024-09-06 09:36:53";Good
205154;;"2024-10-31 10:17:15";Best
205115;;"2024-11-01 00:53:53";"The app satisfies me"
205076;;"2024-11-01 10:24:58";"Exalant chart faster response love it"
218924;;"2024-09-02 17:11:02";"User friendly app"
215053;;"2024-09-13 12:42:31";💯
204905;;"2024-11-03 18:05:11";"Thanku for pepper trending.."
204867;;"2024-11-04 05:50:12";Best
204829;;"2024-11-04 13:50:47";"Good good thank you"
222314;;"2024-08-12 12:59:48";"Great Experience"
223061;;"2024-08-03 16:57:22";"En machan Maja da deu"
221987;;"2024-08-16 04:00:41";"Detailed information and chart and indicators is very good. app smoothness, chart smoothness is very good."
204629;;"2024-11-06 16:04:03";"GOAT - GREATEST OF ALL TIME BOAT - BEST OF ALL TIME"
204592;;"2024-11-07 03:46:41";"Best 😀"
204555;;"2024-11-07 12:22:10";nice
214610;;"2024-09-19 06:23:54";"Excellent app."
219457;;"2024-08-27 16:41:54";"needs money to function fully like dat like dat"
204401;;"2024-11-09 12:30:50";"You have to allow 3 indicators for free"
204365;;"2024-11-09 23:31:30";"Good application"
204329;;"2024-11-10 10:01:33";Nice
204293;;"2024-11-10 17:55:13";"Amazing app"
208745;;"2024-10-23 20:59:08";Ok
214299;;"2024-09-23 04:09:32";"Nice app , all rounder applicatoion with required indicators"
223005;;"2024-08-04 14:34:07";"Great app"
204111;;"2024-11-12 12:46:47";"Best technical analysis app"
204075;;"2024-11-12 21:00:06";"The best"
204039;;"2024-11-13 09:52:55";"Top notch, clarity"
212278;;"2024-09-29 20:43:57";Good
212233;;"2024-09-30 07:58:40";Ecseptional
221990;;"2024-08-16 03:27:18";"Ek number"
203862;;"2024-11-15 12:11:41";Beest
203826;;"2024-11-15 18:18:09";"It's amizimg i have use this app for since few month"
203790;;"2024-11-16 07:12:30";"Chart not open my lenova tap"
202254;;"2024-11-16 19:55:38";"Best chart app out there."
204615;;"2024-11-06 19:11:11";Done
219153;;"2024-08-31 03:55:24";"Best app in the world 🌎"
215569;;"2024-09-07 05:29:14";Nice
202087;;"2024-11-19 05:59:35";"Best of best"
202052;;"2024-11-19 12:54:29";"Fantastic app"
202017;;"2024-11-19 19:20:40";"Best app Num1 app For Chart"
202039;;"2024-11-19 14:55:59";"Nice app"
211495;;"2024-10-09 09:52:51";"Word class platform .. no one can beat"
211557;;"2024-10-08 18:22:40";"""This app is outstanding! It offers everything you need for trading, no matter which system you use. The developer continuously introduces new features to make trading easier and more efficient. Keep up the great work, TradingView team!"""
219232;;"2024-08-30 06:34:20";Good
201826;;"2024-11-22 04:00:42";Good
201792;;"2024-11-22 11:03:40";"V good"
201758;;"2024-11-22 17:34:49";"Best Charting app"
222256;;"2024-08-13 03:40:30";"Best apo ❤️"
214614;;"2024-09-19 05:44:22";Wonderful
214554;;"2024-09-19 17:10:40";Excellent
215341;;"2024-09-10 09:03:08";"This app is so good for traders ... Provide me with best analysis tools 💱"
201579;;"2024-11-25 10:39:53";"Luar biasa"
201546;;"2024-11-25 19:15:21";Better!
201513;;"2024-11-26 03:55:18";"Great app, the ui is cluttered in my opinion"
201480;;"2024-11-26 13:51:35";"Amazing app very nice and very simple interface nice👏"
203851;;"2024-11-15 14:45:01";Best
211979;;"2024-10-03 13:17:36";Perfect
219158;;"2024-08-31 02:16:23";Good
219478;;"2024-08-27 13:43:01";Excellent
201314;;"2024-11-29 04:09:17";"very good"
201282;;"2024-11-29 14:31:08";"Best app for tracking and analyzing stocks."
195584;;"2024-12-26 13:47:08";"Great app if you pay for membership only"
195585;;"2024-12-26 13:43:20";"Make more features free abeg"
195586;;"2024-12-26 13:00:03";Good
195587;;"2024-12-26 12:47:22";perfect
195588;;"2024-12-26 12:45:50";Outstanding
195589;;"2024-12-26 12:19:59";"I benefit a lot here"
195590;;"2024-12-26 12:16:18";"It's very good and helpful app for all tradings"
195591;;"2024-12-26 12:13:57";"Please Help! Some of my symbols are stopped moving they stuck in one place some are moving frequently. some stopped due to no reason from 2-3 days. Please Help Edit : Problem has been Solved!"
195592;;"2024-12-26 11:20:15";😘😍
195593;;"2024-12-26 11:13:16";Good
195594;;"2024-12-26 11:04:27";"Easy to use"
195595;;"2024-12-26 10:49:45";"It's great"
195596;;"2024-12-26 10:47:05";"A good idea to do e"
195597;;"2024-12-26 10:43:35";"Excellent 👌"
195598;;"2024-12-26 10:20:47";"Great app"
195599;;"2024-12-26 10:20:12";"Very helpful for trading nice featured app. It has many useful indicators."
195600;;"2024-12-26 10:09:48";"Very nice app"
195601;;"2024-12-26 10:04:42";Great
195602;;"2024-12-26 10:03:10";👍
195603;;"2024-12-26 09:49:56";"The best app for trading analysis"
195604;;"2024-12-26 09:48:34";superub
195605;;"2024-12-26 09:39:29";"Great app for shear market updates"
195606;;"2024-12-26 09:20:24";"Good app"
195607;;"2024-12-26 08:55:04";"I am only belive you"
195608;;"2024-12-26 08:42:48";"So lably app"
195609;;"2024-12-26 08:39:04";Good
195610;;"2024-12-26 08:28:46";"Amazing experience"
195611;;"2024-12-26 08:20:11";Nice
195612;;"2024-12-26 08:09:08";"Thanks for this App. I Loved it. It helps a lot for Traders"
195613;;"2024-12-26 08:07:00";"Nice app"
195614;;"2024-12-26 08:05:06";Good
195615;;"2024-12-26 07:48:49";Great
195616;;"2024-12-26 07:35:56";"Wonderful app"
195617;;"2024-12-26 07:29:41";Nice
195618;;"2024-12-26 07:09:10";"The best charts"
195619;;"2024-12-26 07:05:00";"So amazing"
195620;;"2024-12-26 06:58:10";"Need to learn more"
195621;;"2024-12-26 06:47:51";Bozo
195622;;"2024-12-26 06:42:02";"Best app for trading and statistics. Greatest app for learning. Fantastic interface and no delays. Amazing analysis along with option for creating one's own algorithm and indicator."
195623;;"2024-12-26 06:19:04";Usefull
195624;;"2024-12-26 06:14:41";"it's perfect for trade thanks a lot"
195625;;"2024-12-26 06:12:49";"Great app"
195626;;"2024-12-26 05:50:16";"App is to slow and it show wrong index movement"
195627;;"2024-12-26 05:49:00";Perfect
195628;;"2024-12-26 05:36:38";"Excellent 👍"
195629;;"2024-12-26 05:22:28";"Good to use for forex"
195630;;"2024-12-26 05:19:44";Good
195631;;"2024-12-26 04:42:16";"Trading view one of the best app for trading analysis, but I don't know what's wrong with the app lately,the market is open but trading view isn't working,the market isn't moving"
195632;;"2024-12-26 04:23:44";"More accurate"
195633;;"2024-12-26 04:21:37";"The best market trading chart in the world"
195634;;"2024-12-26 04:18:51";Superb
195635;;"2024-12-26 04:11:37";👌👌👌👌👍👍👍👍👍👍👍
195636;;"2024-12-26 04:10:29";"Bravoo..the best application for trading"
195637;;"2024-12-26 04:01:34";"It's really working smooth and easy to understand"
195638;;"2024-12-26 03:54:37";Good
195639;;"2024-12-26 03:50:51";"Best best"
195640;;"2024-12-26 03:38:10";Awesome
195641;;"2024-12-26 03:35:19";Nice
195642;;"2024-12-26 03:32:46";"Nice view"
195643;;"2024-12-26 03:30:41";"Very nice app to track"
195644;;"2024-12-26 03:25:44";"Very nice work"
195645;;"2024-12-26 03:18:27";"The app is superior and has wonderful tools that traders can use,"
195646;;"2024-12-26 03:05:26";👑
195647;;"2024-12-26 03:03:34";"Very nice service"
195648;;"2024-12-26 02:30:52";"Very nice app"
195649;;"2024-12-26 02:25:56";Good
195650;;"2024-12-26 02:02:32";"Very Nice"
195651;;"2024-12-26 01:20:51";"Excellent 👌"
195652;;"2024-12-26 00:58:34";Superb
195653;;"2024-12-26 00:17:13";Happy
195654;;"2024-12-25 23:06:47";"numero uno for free trade market viewing"
195655;;"2024-12-25 22:53:45";"Good app for new traders"
195656;;"2024-12-25 22:51:28";Excellant
195657;;"2024-12-25 22:30:02";Nice
195658;;"2024-12-25 22:16:10";"Tha bast app on teding"
195659;;"2024-12-25 22:10:45";"Best for trading analysis (technically) But I just need the devs to add sounds to the alert notifications.. will do us great good. If this is done, you guys will get a 5 star rating from me and others. Thank you 😊"
195660;;"2024-12-25 21:32:22";"TradingView is an outstanding stage that has turned into a foundation for merchants and financial backers around the world. Whether you're a novice investigating monetary business sectors or an old pro overseeing complex portfolios, TradingView gives the devices, bits of knowledge, and local area fundamental for progress."
195661;;"2024-12-25 21:09:24";Excellent
195662;;"2024-12-25 21:02:49";"Goog job."
195663;;"2024-12-25 19:58:56";"very good"
195664;;"2024-12-25 19:40:28";"Best app crypto in world"
195665;;"2024-12-25 18:56:25";"It used to be my best app but I'll probably delete it after the new style update. Stop changing what already works! You're confusing users."
195666;;"2024-12-25 18:45:35";"This is a 5star app, i have nothing to cry about. Made everything easier except for the indicators"
195667;;"2024-12-25 17:50:45";Nice
195668;;"2024-12-25 17:30:48";Great
195669;;"2024-12-25 16:47:29";"I haven't found any reason to use any other analysis app. Thanks T.V!!"
195670;;"2024-12-25 16:21:57";"Best app ever"
195671;;"2024-12-25 16:18:05";"Please Add manually rotation option it will help us"
195672;;"2024-12-25 16:15:28";"very useful 👍"
195673;;"2024-12-25 16:01:30";"Chart Tab is too many time loading but not showing the chart very bad."
195674;;"2024-12-25 15:56:16";"Very good"
195675;;"2024-12-25 15:36:10";"Wishing you Happy Merry Christmas."
195676;;"2024-12-25 15:30:34";"The best"
195677;;"2024-12-25 15:26:33";"Great 👍👍."
195678;;"2024-12-25 14:46:00";"Trade view , it helps a lot"
195679;;"2024-12-25 14:22:46";"The best app I have ever use honestly 😍😍😍"
195680;;"2024-12-25 14:19:26";"Loving 🥰 charts#app#indicators#all"
195681;;"2024-12-25 13:51:42";"Excellent 👍👌👌"
195682;;"2024-12-25 13:14:10";💯👌🏻
195683;;"2024-12-25 13:11:09";"This is bast App supeb 👑👈"
195684;;"2024-12-25 12:22:52";"Very good"
195685;;"2024-12-25 12:15:54";"Great job"
195686;;"2024-12-25 12:03:47";GOOD
195687;;"2024-12-25 11:43:14";"there's a learning curve but once you get used to it there is no better charting platform that I'm aware of. Bar replay by itself is several times better than other testing software I've paid much more for."
195688;;"2024-12-25 11:35:10";"Ease of view"
195689;;"2024-12-25 10:48:36";"Nice app"
195690;;"2024-12-25 10:29:34";"Nice process is very smooth 🙂"
195691;;"2024-12-25 10:23:08";"Excellent apps"
195692;;"2024-12-25 10:22:13";"Very good 👍"
195693;;"2024-12-25 10:18:56";"Helo It is a wonderful app"
195694;;"2024-12-25 09:29:23";excellant
195695;;"2024-12-25 09:28:06";"very good, nice and genuine aap"
195696;;"2024-12-25 09:19:08";"Very good"
223232;;"2024-08-01 16:46:50";"Awesome tool"
223020;;"2024-08-04 11:00:36";"Excellent app for both technical & fundamental analysis"
222811;;"2024-08-06 09:30:36";Awesome
222743;;"2024-08-07 03:10:40";"App not displaying anymore on my mobile phone, resolve the issues"
222537;;"2024-08-09 13:02:47";Excellent
222470;;"2024-08-10 13:43:27";"Very nice experience"
222268;;"2024-08-12 23:17:36";"App is not working"
222767;;"2024-08-06 17:32:48";"مستمر في الانحدار نحو الأسوء"
222004;;"2024-08-15 22:29:16";Good
221807;;"2024-08-18 12:13:00";"Nice Charting tools"
220244;;"2024-08-19 03:54:11";Bestsellers
220181;;"2024-08-19 17:42:13";"Osm app"
219988;;"2024-08-21 17:34:12";Superb
219926;;"2024-08-22 12:37:13";good
219736;;"2024-08-24 11:40:48";"It's easy but definitely a must have to analyze markets"
219675;;"2024-08-25 10:04:49";"G ood"
219488;;"2024-08-27 12:17:46";okeeee
219428;;"2024-08-28 02:38:28";Good
219244;;"2024-08-30 05:17:23";Good
219185;;"2024-08-30 15:21:02";👍
220207;;"2024-08-19 11:25:34";"Very great app 👍"
218946;;"2024-09-02 11:47:00";"I really like the aesthetic of this app. It's easy on the eyes. It has a significant flaw though. It lacks the ability to input the price you paid for a stock to track gains and losses. Also some funds aren't available to track. TradingView might not be a good choice for to track my investments."
218888;;"2024-09-03 02:32:17";"One of the best app"
215639;;"2024-09-06 05:03:50";"Lovely app but one issue not opening chart in device many days I try but cart not open please solve this issue"
215582;;"2024-09-06 17:58:26";"Ever since I got the new update, the app has been slow and doesn't work when connected to wifi."
215408;;"2024-09-09 12:13:38";"Pay wall BS. No thank you"
215352;;"2024-09-10 06:53:51";"I can't see wechlist"
215296;;"2024-09-10 17:00:26";Good
215126;;"2024-09-12 17:19:57";"Super h boss"
215071;;"2024-09-13 09:07:20";Good
222235;;"2024-08-13 06:14:59";good
214850;;"2024-09-16 13:14:58";Superb
214796;;"2024-09-17 03:54:29";👍
214632;;"2024-09-19 02:46:20";"bhooot allaaaa"
214579;;"2024-09-19 13:47:06";"The best"
214600;;"2024-09-19 08:08:53";"Best trading app ,affordable subscriptions, good experience and features, that's all I can say.love it"
214367;;"2024-09-22 10:47:18";"Best trading aap ..totaly indicator is best"
214315;;"2024-09-23 00:15:56";Great
212762;;"2024-09-23 09:46:02";Wonderful
219958;;"2024-08-22 05:54:28";Good
212554;;"2024-09-25 19:56:20";Good
212502;;"2024-09-26 12:59:23";"Please, avoid this app at all costs. They automatically bill you after the free trial without your consent and are completely ignorant when you try to reach out to them. I wish I would have never came a criss this platform."
219959;;"2024-08-22 05:52:06";"It's smooth"
212299;;"2024-09-29 14:55:07";Good
212248;;"2024-09-30 05:51:51";"No one compare this app"
219216;;"2024-08-30 09:11:04";"Was a 5 star app. Now a 2 star app. They've taken away features."
212050;;"2024-10-02 14:19:07";"Good 👍"
212000;;"2024-10-03 09:08:55";"Nice app...but free version have very less features"
214877;;"2024-09-16 07:09:38";"Add more brokers for Crypto and Forex trading"
211807;;"2024-10-06 07:32:43";Useful
211758;;"2024-10-06 18:43:21";"Is a very nice App"
222784;;"2024-08-06 14:14:30";"Good work"
223063;;"2024-08-03 15:43:16";"Is a very nice trading app"
211522;;"2024-10-09 05:17:40";"The best tool for analysis."
211474;;"2024-10-09 13:58:42";"Amazing app for analyzing your charts."
215383;;"2024-09-09 19:52:09";"Exceptional app"
211292;;"2024-10-11 14:12:19";"Robinhood Pros: User-Friendly Interface: Robinhood is extremely intuitive, especially for beginners. The app simplifies complex trading concepts, making it easy for new traders to navigate. Commission-Free Trades: Robinhood pioneered zero-commission trading, making it attractive for traders looking to save on fees. Crypto & Stocks: Supports a range of assets, including stocks, ETFs, options, and cryptocurrencies. Fractional Shares: You can invest in fractional shares, making high-priced stocks"
209745;;"2024-10-12 10:02:01";"Application not working properly, other applications working just fine which are running on data and trading view keep on loading and not opening even after 5-10 minutes buffer."
209698;;"2024-10-13 03:12:44";Nice
212024;;"2024-10-02 21:42:55";Topppppp
223066;;"2024-08-03 15:26:34";"It's Good app"
209476;;"2024-10-15 09:33:48";Good
209430;;"2024-10-15 22:03:20";"Why I can't save my work picture after i updated to this latest version like i use to?"
212581;;"2024-09-25 12:25:00";Good
209260;;"2024-10-17 15:35:19";nice
209215;;"2024-10-18 05:18:36";Perfect
209170;;"2024-10-18 13:27:09";"Best ever app for trader"
212530;;"2024-09-26 05:10:32";"Very good"
209006;;"2024-10-21 01:00:59";Great
208962;;"2024-10-21 09:52:32";Good
208918;;"2024-10-21 19:31:14";Nice
211784;;"2024-10-06 12:49:37";"We are very happy to get this app because this app is very useful app for all of us"
222247;;"2024-08-13 04:38:20";"It's to helpful"
208717;;"2024-10-24 08:35:19";"Nice trading app🥰🥰"
208675;;"2024-10-24 17:49:59";"Awesome. I just wish we could really dial down on the ads"
208984;;"2024-10-21 05:41:56";"Best trading app"
222034;;"2024-08-15 14:59:31";Good
208484;;"2024-10-27 12:01:33";"The best app in its segment"
208443;;"2024-10-28 04:06:53";"Good App,with Correct Movement"
208402;;"2024-10-28 14:53:03";"The best"
209724;;"2024-10-12 15:29:31";Good
209456;;"2024-10-15 13:14:16";Nice
220014;;"2024-08-21 12:39:16";Good
205153;;"2024-10-31 10:24:35";🎊
205114;;"2024-11-01 00:54:24";"Nice trading"
205075;;"2024-11-01 10:25:51";"It's best app and functional properly work it's very helpful for trading"
209191;;"2024-10-18 10:35:41";"Excellent app, nothing negative to talk about!!"
215108;;"2024-09-12 21:45:51";"good ❤"
204904;;"2024-11-03 18:13:39";"Must have app for serious investors"
204866;;"2024-11-04 05:50:32";"Good app"
204828;;"2024-11-04 14:06:07";ok
212228;;"2024-09-30 08:49:22";Good
212230;;"2024-09-30 08:42:19";"Nice app But the backtesting is he'll"
222051;;"2024-08-15 09:30:45";"Very very best app"
204628;;"2024-11-06 16:05:32";"Good experience"
204591;;"2024-11-07 04:09:02";👍👍👍👍👍👍
204554;;"2024-11-07 12:30:37";"Very very best and easy way for investing in stocks"
208902;;"2024-10-22 03:24:14";"Good app"
214562;;"2024-09-19 16:24:22";Nice
204400;;"2024-11-09 12:33:57";"Very good application reliable."
204364;;"2024-11-10 00:18:33";Amazing
204328;;"2024-11-10 10:30:16";excellent
204292;;"2024-11-10 18:02:30";"Great app"
214557;;"2024-09-19 17:00:56";"Platform is amazing in free version but need multi time frame chart for free"
214351;;"2024-09-22 14:23:20";"too many ads...but free🆓"
223075;;"2024-08-03 12:37:01";Nice
204110;;"2024-11-12 13:13:37";Good
204074;;"2024-11-12 21:04:21";Nice
204038;;"2024-11-13 10:34:31";"Good but you need to live more"
208388;;"2024-10-28 17:07:05";"Best app"
212284;;"2024-09-29 17:43:02";"Helpful in every manner"
222054;;"2024-08-15 09:00:03";"This app have all the tools that I need for my trading strategies 🤩"
203861;;"2024-11-15 12:12:44";"some time data is not accurate but this is god app of technical charts i love this"
203825;;"2024-11-15 18:50:11";"Best ever"
203789;;"2024-11-16 07:22:08";"aone top quality for trading"
202253;;"2024-11-16 20:29:01";"Chart is not loading"
204652;;"2024-11-06 12:18:19";Good
209684;;"2024-10-13 08:08:45";"Best trading app. Best for beginners chart analysis"
215626;;"2024-09-06 07:30:40";"This app is very good according to me. 👍"
202086;;"2024-11-19 06:03:41";"This application 🤔 is incredible, if only there will be a setting on the application that helps to rotate the interface from portrait to landscape at any single period, that will be awesome. Please help work on this very aspect for Android phone users🙏🙏🙏"
202051;;"2024-11-19 12:57:51";Awesome
202016;;"2024-11-19 19:28:58";"Good and easy to use but ads are frequent on free version."
202074;;"2024-11-19 08:05:48";Decent
205063;;"2024-11-01 12:55:45";"Amazing 😍🤩"
222237;;"2024-08-13 05:56:30";"Every good, app, the one of the best app"
219416;;"2024-08-28 07:17:46";"It is the best trading app"
201825;;"2024-11-22 04:06:47";"Eeasy to use,, easy to earn...Thank you Tradingview"
201791;;"2024-11-22 11:05:41";"Help so in keeping track of charts👍"
201757;;"2024-11-22 17:53:11";Versátil
212541;;"2024-09-26 03:39:22";"Add Vantage broker"
208901;;"2024-10-22 03:29:28";Best
209686;;"2024-10-13 07:00:09";"Excellent Development.. Love it. 51+ ✨"
215397;;"2024-09-09 14:32:53";"I like it"
201578;;"2024-11-25 11:29:21";"Simply the best."
201545;;"2024-11-25 19:28:33";"Good for charting"
201512;;"2024-11-26 04:09:00";"I love this app, it's a life saver for sure"
201479;;"2024-11-26 14:02:12";"A great app especially if you are serious about your trading"
203887;;"2024-11-15 04:42:30";tradig
208392;;"2024-10-28 16:20:17";"Best app ever"
211989;;"2024-10-03 11:24:03";"Best and quick work app"
219665;;"2024-08-25 12:49:38";"Very helpful in stock market"
201313;;"2024-11-29 04:18:46";"Y'all already know it's the best"
201281;;"2024-11-29 14:31:16";"Best indication"
195840;;"2024-12-23 22:59:27";Good
195841;;"2024-12-23 22:29:38";"Gone from amazing to trash real quick you people opted for the all for profit reign. unuseable now i deleted all my symbols on my watchlist to add more because it says ive exceeded 30 i need to pay but i took them all off and it still says ive exceeded 30. Re: thanks for the reply i didnt know seperators counted as symbols now it works +2 stars from 1 could do better by making more free friendly"
195842;;"2024-12-23 22:02:39";"Awesome 💯💜"
195843;;"2024-12-23 21:59:34";"I apologise I pressed on lock price on the settings and it ended up always zooming in/out on the same candlesticks. All is working well and thank you very much."
195844;;"2024-12-23 21:46:07";"Was pushing a 5 star app. But since the last update there's no way to remove indicators. So I'm stuck with the 2 indicators I had loaded when the update occurred. Tried looking for the dev button or customer support button, but all I found was a feedback button. Apparently you can't have customer support unless you sign up for the paid version 🤷 Update: TradingView responded and showed me the way. Rating updated 👍"
195845;;"2024-12-23 20:16:03";Ok
195846;;"2024-12-23 20:13:24";Excellent
195847;;"2024-12-23 20:10:50";top
195848;;"2024-12-23 19:13:15";"In simple word Trading View is a blessing for traders. Love it 😍."
195849;;"2024-12-23 19:05:15";"Great Charts, Great ideas, Luv this app"
195850;;"2024-12-23 19:02:05";"Good Application 👍"
195851;;"2024-12-23 17:54:09";"The best and simplest, whish you all the best Amen. Thank you"
195852;;"2024-12-23 17:24:08";Good
195853;;"2024-12-23 17:19:36";"This app used to be great. It was just a straight up phone version if the pc app and you could do everything here that you could there. Now, you can't do anything but look at charts. You can't use anything. Want to draw a fib, trendline, Eliot wave, literally anything, sorry no can do. What's the point of this app now. I can look at a chart online literally anywhere. The point of this app was to be able to chart my trades, not look at a chart, HUGE difference. You killed your own app."
195854;;"2024-12-23 17:10:58";"New logo 🤡 Old logo 🗿"
195855;;"2024-12-23 17:09:20";"Fraudent with innocent people. Ask for deposit the payment, and when they deposit, banned them on telegram account, Scammers"
195856;;"2024-12-23 16:45:08";Good
195857;;"2024-12-23 16:41:36";"this is the best 👌"
195858;;"2024-12-23 16:36:27";"Bug on calculating trade sl, tp and units vs USD"
195859;;"2024-12-23 16:32:52";"Amazing for financial chart and analysis"
195860;;"2024-12-23 16:14:25";"It's suppose to be 5 * , sry typo"
195861;;"2024-12-23 16:13:12";Awesome!!!
195862;;"2024-12-23 15:56:19";Good
195863;;"2024-12-23 15:50:26";Nice
195864;;"2024-12-23 15:46:38";"Best app for traders"
195865;;"2024-12-23 15:40:45";"It's just good 👍...I have no doubt with it"
195866;;"2024-12-23 15:37:31";"Nice 🙏🖐💪😈👌👌"
195867;;"2024-12-23 15:33:02";"Excelente aplicación. Muy completa para análisis técnico clásico. Ojalá en el futuro introduzcan más herramientas estadísticas (quant/algoritmicas)."
195868;;"2024-12-23 15:28:38";Best
195869;;"2024-12-23 15:05:58";Nice
195870;;"2024-12-23 14:46:18";"This great analysis"
195871;;"2024-12-23 14:43:26";excellent.
195872;;"2024-12-23 14:09:38";"Amazing app"
195873;;"2024-12-23 14:09:01";"New logo icon is absolutely horrid and looks terrible with the style of everything else. Very 2012 🤮"
195874;;"2024-12-23 14:08:17";"A good appa for analysing"
195875;;"2024-12-23 14:04:55";"Always my favourite app for chart analysis."
195876;;"2024-12-23 13:39:20";Good
195877;;"2024-12-23 13:28:12";Good
195878;;"2024-12-23 13:18:57";Good
195879;;"2024-12-23 13:16:16";"Please . Quote the INDIAN ETFs in WATCH LIST & CHARTS of Your APP & Website"
195880;;"2024-12-23 13:05:58";"Helpful platform"
195881;;"2024-12-23 12:49:06";"Very good"
195882;;"2024-12-23 12:38:54";good
195883;;"2024-12-23 12:24:26";👍👍👍
195884;;"2024-12-23 12:11:45";"toop Nice"
195885;;"2024-12-23 12:06:50";"Excellent Trading App"
195886;;"2024-12-23 11:55:18";Goood
195887;;"2024-12-23 11:53:49";"Lowering rating, app forces me to upgrade subscription claiming I have exceeded the limit while I have 27/30 symbols added."
195888;;"2024-12-23 11:46:44";"Best app for my trading journey"
195889;;"2024-12-23 11:16:41";"Ads found"
195890;;"2024-12-23 11:11:17";"Good exceptional, may increase number of indicators and shocks to 5 and 50 respectively."
195891;;"2024-12-23 10:58:12";🔥
195892;;"2024-12-23 10:53:43";"""Dear TradingView Team, The new update has made it very difficult to prepare charts. The zoom-in and zoom-out functionality is not smooth and creates a lot of inconvenience while analyzing. Kindly consider revising this update to improve the user experience. Thank you!"""
195893;;"2024-12-23 10:07:15";Osm
195894;;"2024-12-23 09:58:14";Good
195895;;"2024-12-23 09:14:35";"Good for peper trade & analysis"
195896;;"2024-12-23 09:12:44";Good
195897;;"2024-12-23 09:01:57";"The best one I've ever used."
195898;;"2024-12-23 08:47:34";"User friendly"
195899;;"2024-12-23 07:08:32";"NICE GOOD"
195900;;"2024-12-23 07:03:58";"Crashing very frequently on Android 14"
195901;;"2024-12-23 06:59:04";"Good app"
195902;;"2024-12-23 06:43:12";Super
195903;;"2024-12-23 06:34:40";"Good app on trading view"
195904;;"2024-12-23 06:29:36";"Nice one"
195905;;"2024-12-23 06:06:35";👍
195906;;"2024-12-23 05:59:30";Good
195907;;"2024-12-23 05:30:54";"Excellent app for charting ,very convenient to use"
195908;;"2024-12-23 05:24:41";"Very nice app"
195909;;"2024-12-23 05:24:31";"This app has become worse,Why is it not loading my charts"
195910;;"2024-12-23 05:23:29";"Most use full"
195911;;"2024-12-23 05:11:41";Good
195912;;"2024-12-23 05:00:57";Awesome
195913;;"2024-12-23 04:56:10";"Nothing compares to that!"
195914;;"2024-12-23 04:51:42";"Very very good 💯😊"
195915;;"2024-12-23 04:49:34";Good
195916;;"2024-12-23 04:44:19";Best
195917;;"2024-12-23 04:37:45";V.g
195918;;"2024-12-23 04:15:33";Good
195919;;"2024-12-23 04:13:33";Nice
195920;;"2024-12-23 04:10:04";"This app isn't working properly in my device please do something"
195921;;"2024-12-23 03:38:12";"Nice App 👍"
195922;;"2024-12-23 03:36:51";"useless app after new update slow loading not working properly in my iphone 16 pro."
195923;;"2024-12-23 03:30:32";"Supar app"
195924;;"2024-12-23 03:18:16";Excellent
195925;;"2024-12-23 03:07:25";Good
195926;;"2024-12-23 03:01:20";"Very nice 👍"
195927;;"2024-12-23 03:00:09";"TradingView is an amazing website for online charting and technical analysis of securities. This app brings the tradingview experience to the smartphone . pine script editor has also been added. 4 stars because the app is battery power hungry even in dark mode and does not cache data which would make it much more responsive. Will be good to have other features like back tester"
195928;;"2024-12-23 02:56:40";"Best app for chart analysis. And lately I've been using the ideas feature, people have valuable things to post there. It just keeps getting better."
195929;;"2024-12-23 02:50:37";Solid
195930;;"2024-12-23 02:46:16";Supre
195931;;"2024-12-23 02:37:20";Awesome
195932;;"2024-12-23 02:03:04";"It's unbelievable master piece app."
195933;;"2024-12-23 01:49:47";"I love TradingView it's beginner friendly 💯❤️🙌"
195934;;"2024-12-23 01:42:03";💫💫💫
195935;;"2024-12-23 01:09:51";"This application is the best"
195936;;"2024-12-22 23:48:14";Good
195937;;"2024-12-22 22:16:23";Exceptional
195938;;"2024-12-22 21:09:25";"I love the neatness"
195939;;"2024-12-22 20:51:45";"The platform is good... even in the free mode it has enough tools to help analyse the market...and given the fact that it allows free trail it makes it even interesting...I would recommend this trading platform"
195940;;"2024-12-22 20:16:06";Best
195941;;"2024-12-22 20:08:30";Excellent
195942;;"2024-12-22 20:06:37";"It's just what it is, believe it or not we traders don't care less"
195943;;"2024-12-22 19:21:27";"Bit Expensive otherwise Love it"
195944;;"2024-12-22 19:12:01";good
195945;;"2024-12-22 19:08:35";عالی
195946;;"2024-12-22 19:00:56";Great
195947;;"2024-12-22 18:29:08";"Very nice app"
195948;;"2024-12-22 18:18:54";"simply superb. Easy to use"
195949;;"2024-12-22 18:06:55";👍🏼
195950;;"2024-12-22 17:49:28";"Timely markets updates"
195951;;"2024-12-22 17:41:25";"Great tools tradeview is offering."
195952;;"2024-12-22 17:21:30";Nice
223254;;"2024-08-01 13:25:32";"So far this app isn't useful for me. I have custom screeners on the desktop app, but I can't access them on the mobile app. What am I missing?"
223019;;"2024-08-04 11:21:50";"It is so useful to analyse the market and place order in a broker its the best for forex 100 percent full of surprise but there is one thing you guys need to recruit some more useful things free like the moving averages so there is a different as same as that the anchored v wap it's also useful but you know"
222810;;"2024-08-06 09:39:50";"U̶n̶c̶l̶o̶s̶a̶b̶l̶e̶ p̶o̶p̶u̶p̶ a̶d̶s̶, nevermind they fixed it"
222742;;"2024-08-07 03:23:27";"Everyone is praising this app."
222536;;"2024-08-09 13:05:07";"Best way to keep track of investments"
222469;;"2024-08-10 13:49:01";Nice
222267;;"2024-08-13 00:13:30";"Very well made"
222976;;"2024-08-05 00:00:09";"Trading view became black when I wanted to analyze with it, I have been experience this for the past few days now,"
222003;;"2024-08-15 22:52:34";"The best"
221806;;"2024-08-18 12:49:12";Nice
220243;;"2024-08-19 04:08:52";"Very good"
220180;;"2024-08-19 17:50:48";Good
219987;;"2024-08-21 17:56:13";"Good app"
219925;;"2024-08-22 12:38:11";"Very good app"
219735;;"2024-08-24 13:03:05";"Very beneficial app for stock traders. Very intuitive and simple to use application. I have had such great experiences with these apps."
219674;;"2024-08-25 10:07:27";good
219487;;"2024-08-27 12:19:38";"Let us access strategies and backtesting."
219427;;"2024-08-28 02:46:36";Good
219243;;"2024-08-30 05:19:30";"Best app"
219184;;"2024-08-30 15:30:13";Good
220270;;"2024-08-18 19:14:48";"A very useful app for the benefit of the community"
218945;;"2024-09-02 11:59:45";"Easy to use"
218887;;"2024-09-03 02:53:13";"Too many ads and offering"
215638;;"2024-09-06 05:04:10";"TV is the best"
215581;;"2024-09-06 18:17:14";Nice
215407;;"2024-09-09 12:23:37";Best
215351;;"2024-09-10 07:21:25";"Excellent app"
215318;;"2024-09-10 13:49:31";"App works perfectly most of the times. Bad thing is that on pc you just can't log in, only option is create account and after input of username, they tell that that's taken"
215125;;"2024-09-12 17:20:15";"Good 👍"
215070;;"2024-09-13 09:21:41";"I couldn't afford my subscription anymore so I had to cancel it, to my surprise on my account I can't use free standard version of"
222300;;"2024-08-12 15:17:22";"Very nice 👍"
214849;;"2024-09-16 13:17:55";"Nice app❣️💙"
214795;;"2024-09-17 04:07:45";"Very good"
214631;;"2024-09-19 02:50:17";"Excellent App for charts."
214578;;"2024-09-19 13:50:42";Great
219956;;"2024-08-22 06:54:47";"Great apps"
214366;;"2024-09-22 10:55:55";"Best app"
214314;;"2024-09-23 01:02:29";"Future stock best application"
212761;;"2024-09-23 09:52:50";"Best platform ever"
222770;;"2024-08-06 17:06:18";Excellent
212553;;"2024-09-25 20:31:17";"Great app for analysis"
212501;;"2024-09-26 13:10:10";"Good experience"
222563;;"2024-08-09 05:28:00";"Option ma paper trading kerna do please"
212298;;"2024-09-29 14:56:51";"Make exness broker available for trading 😭😭😭"
212247;;"2024-09-30 05:58:27";👍
219400;;"2024-08-28 10:19:20";💖
212049;;"2024-10-02 14:32:07";Fantastic
211999;;"2024-10-03 09:27:47";"It's very useful for new traders on a very good to use it"
215044;;"2024-09-13 14:06:13";Best
211806;;"2024-10-06 07:42:18";Good
211757;;"2024-10-06 18:44:45";💖
211972;;"2024-10-03 14:55:42";Good
223276;;"2024-08-01 08:58:48";Awesome
211521;;"2024-10-09 05:20:18";"I was using this app for 2 years. It is the best for analyzing the chart"
211473;;"2024-10-09 14:01:35";"Best app"
215557;;"2024-09-07 10:01:30";"You know what'll be awesome? Adding lofi music to the app to play in background while on chart. Its going to be optional though"
211291;;"2024-10-11 15:02:39";"Very good and great app"
209744;;"2024-10-12 10:24:19";Good
209697;;"2024-10-13 03:15:14";"Its very healthy and useful learning app"
212074;;"2024-10-02 09:01:51";"Why Tradingview is not opening on 2 oct"
209521;;"2024-10-15 02:49:01";"Very nice 👍"
209475;;"2024-10-15 10:06:26";"The best"
209429;;"2024-10-15 22:47:29";great
212737;;"2024-09-23 15:44:09";Goood
209259;;"2024-10-17 15:42:58";Great
209214;;"2024-10-18 05:50:11";"Very useful to us"
209169;;"2024-10-18 13:28:51";"This is best for trading"
212582;;"2024-09-25 12:21:31";"Awesome 💯"
209005;;"2024-10-21 01:12:12";Best
208961;;"2024-10-21 09:53:41";"Tradingview app doesn't support Android 15. It doesn't open in Android 15. Please fix this as soon as possible. Edit - submitted query multiple times but don't know if its submitted or not, weird support"
208917;;"2024-10-21 19:48:55";"Love the charting and how your drawings transfer to the app from the laptop site"
222041;;"2024-08-15 11:41:39";"Amazing trading journey with the app"
222312;;"2024-08-12 13:16:33";"Accuracy is more useful in this application"
208716;;"2024-10-24 08:35:40";"Very convenient"
208674;;"2024-10-24 18:04:15";"Best chart view experience"
219222;;"2024-08-30 07:57:11";"Great app"
215332;;"2024-09-10 11:24:23";"Very nice"
208483;;"2024-10-27 12:08:37";"Okkk ji ki baat nhi hai na ki baat kr rhi Hf block you want me and"
208442;;"2024-10-28 04:13:43";👍🏻
208401;;"2024-10-28 14:55:36";"Hi can't paper trade NSE equity. pls support. it would be very helpful."
209771;;"2024-10-12 02:34:59";"Best app"
209502;;"2024-10-15 05:45:53";"Best trading app I've used so far when it comes to charting."
218927;;"2024-09-02 16:34:51";"Nice to"
205152;;"2024-10-31 11:00:01";"What the hell happened to the reset chart button?! The little 2 arrow button that used to reset the chart to original position"
205113;;"2024-11-01 01:17:34";"The chart does not appear. The screent (chart area) goes white blank."
205074;;"2024-11-01 10:32:04";"Good for stock check"
209196;;"2024-10-18 09:50:18";Best
223260;;"2024-08-01 12:28:03";"Great app but expensive"
204903;;"2024-11-03 18:16:24";👍
204865;;"2024-11-04 05:54:27";Good
204827;;"2024-11-04 14:16:02";Good
212533;;"2024-09-26 04:49:01";Awsm
212281;;"2024-09-29 20:18:48";ok
222251;;"2024-08-13 04:20:34";"Flawless workflow..."
204627;;"2024-11-06 16:07:55";"Thank you so much app"
204590;;"2024-11-07 04:15:42";"Very good and helpful"
204553;;"2024-11-07 13:11:19";"🔥🔥this app is everything"
208946;;"2024-10-21 14:19:29";"Most useful for technical"
214615;;"2024-09-19 05:34:34";"Good app"
204399;;"2024-11-09 13:03:35";"Super aura skibudi sigama sewwwy"
204363;;"2024-11-10 00:26:00";"Tu good"
204327;;"2024-11-10 10:32:30";sooper
204291;;"2024-11-10 18:06:04";"Absolutely phenomenal"
208903;;"2024-10-22 03:23:56";"It's great"
219397;;"2024-08-28 11:44:00";"Every trader needs the app."
204145;;"2024-11-12 05:49:06";"Best app ever for trader"
204109;;"2024-11-12 13:17:09";"Vary useful 🙂"
204073;;"2024-11-12 21:05:22";"thanks for your services 🙏☺️"
204037;;"2024-11-13 11:11:27";"Its a good app and i like it at all"
208429;;"2024-10-28 07:15:37";Good
212335;;"2024-09-29 02:32:17";"Good 👍"
222254;;"2024-08-13 03:56:50";"Nice app"
203860;;"2024-11-15 12:15:14";Good
203824;;"2024-11-15 19:15:02";"It's great, I just don't like the many ads I receive."
203788;;"2024-11-16 07:51:44";"Awesome style of working"
202252;;"2024-11-16 20:54:06";"App doesn't open"
214833;;"2024-09-16 15:38:47";"🌟 Ready to vibe with our latest track? 🎶 Join us for an unforgettable musical journey with ""LR,"" a captivating song that evokes deep emotions and electrifying beats! From catchy melodies to stunning visuals, this video provides the perfect blend for music lovers everywhere. 😍 Whether you're jamming alone or with friends, LR is set to be your new anthem! Hit that play button and immerse yourself in the magic of song. Don’t forget to like, share, and subscribe for more musical surprises! ✨ Let'"
209731;;"2024-10-12 13:32:48";"amazing app"
219392;;"2024-08-28 12:21:57";👌
202085;;"2024-11-19 06:11:36";"Very helpful"
202050;;"2024-11-19 13:01:50";"This application is very good and very helpful for traders"
202015;;"2024-11-19 20:00:38";"So good!"
220168;;"2024-08-19 21:09:14";"Wonderful app"
205102;;"2024-11-01 04:05:25";"Very nice"
211745;;"2024-10-06 22:56:39";Good
219476;;"2024-08-27 13:44:41";Good
201824;;"2024-11-22 04:41:46";"Good learning app"
201790;;"2024-11-22 11:28:54";Excellent
201756;;"2024-11-22 18:13:11";"Something when wrong with my application I didn't see candle sometime"
208663;;"2024-10-24 23:13:09";"One of the chosen"
204817;;"2024-11-04 15:57:52";"Highly recommend it"
209733;;"2024-10-12 13:11:54";Amazing
215571;;"2024-09-07 04:30:36";"Nice app"
201577;;"2024-11-25 11:58:30";Woowo
201544;;"2024-11-25 19:47:05";"Very good app"
201511;;"2024-11-26 04:23:20";"Nice aap"
201478;;"2024-11-26 14:08:57";Jabbar
214617;;"2024-09-19 05:20:41";Nice
208433;;"2024-10-28 06:22:15";"It's gooooodah"
212039;;"2024-10-02 16:45:28";"Free events"
219726;;"2024-08-24 15:08:14";"Very good app work perfect"
201312;;"2024-11-29 04:24:52";Excellent
201280;;"2024-11-29 14:31:23";Nice
196096;;"2024-12-21 02:38:04";"Very good"
196097;;"2024-12-21 02:37:28";"best one Trade clear side"
196098;;"2024-12-21 02:35:24";"Most effective indicators available"
196099;;"2024-12-21 02:32:12";"Very Excellent"
196100;;"2024-12-21 02:12:42";"Good 👍"
196101;;"2024-12-21 01:37:53";"Always better chart experience no one can compare to TW"
196102;;"2024-12-21 01:23:20";"Nice aap"
196103;;"2024-12-20 23:39:19";"Everything is good, also please provide options like change colour and hide options cursor also in mobile and marking place blue colour changing options"
196104;;"2024-12-20 23:33:02";"Best if the best"
196105;;"2024-12-20 22:52:11";Crazy
196106;;"2024-12-20 22:49:32";"Best platform on the market"
196107;;"2024-12-20 21:44:13";Good
196108;;"2024-12-20 21:29:21";"Very good"
196109;;"2024-12-20 21:27:11";"Trading view provide the best information regarding crypto and trading."
196110;;"2024-12-20 20:47:01";"Good app"
196111;;"2024-12-20 19:57:51";"The slowest app out there. The overview page has slowed down the app drastically. There is no option to turn off the overview and news page. I always use the app with extreme and annoying glitches and am looking for a faster alternative."
196112;;"2024-12-20 19:39:23";"Very interesting"
196113;;"2024-12-20 19:37:28";"Excellent Gift for Traders"
196114;;"2024-12-20 19:32:25";"3 indicator bacj pls"
196115;;"2024-12-20 18:52:56";"The best app of all time"
196116;;"2024-12-20 18:23:21";"Good one"
196117;;"2024-12-20 18:15:51";"I like it"
196118;;"2024-12-20 18:12:51";Best
196119;;"2024-12-20 17:56:40";Best
196120;;"2024-12-20 17:44:35";"I like you"
196121;;"2024-12-20 17:41:31";"Nice data synchronisation"
196122;;"2024-12-20 17:30:25";"Best app"
196123;;"2024-12-20 17:18:59";Cood
196124;;"2024-12-20 16:57:23";"Their is no word to describe this app it is wonderful"
196125;;"2024-12-20 16:45:32";Great
196126;;"2024-12-20 16:18:43";"It's nice"
196127;;"2024-12-20 16:03:28";"The best way to trade."
196128;;"2024-12-20 15:55:19";"Excellent an essential tool for trading and knowledge!!"
196129;;"2024-12-20 15:39:42";Awesome!
196130;;"2024-12-20 15:28:53";"Great platform"
196131;;"2024-12-20 15:14:30";"Very nice"
196132;;"2024-12-20 15:11:08";"Really good app nice 🙂🙂 Much love guys keep it up"
196133;;"2024-12-20 15:04:07";"Perfect App"
196134;;"2024-12-20 14:56:10";"The app is good"
196135;;"2024-12-20 14:45:33";"Good app"
196136;;"2024-12-20 14:43:30";👍super
196137;;"2024-12-20 14:31:00";"I love it"
196138;;"2024-12-20 14:20:48";"Excellent app"
196139;;"2024-12-20 14:09:28";💯
196140;;"2024-12-20 13:59:34";"Since last update they cannot seem to get paper trading access worked out. Constantly turning it on and off with no warning. Update, it should be obvious on your end for the last 3 days between 8:00 a.m. and 10:00 a.m.est. the update has also messed up the trade margins NQ. Margin requirements are exaggerated"
196141;;"2024-12-20 13:53:45";"Best apps for analysis"
196142;;"2024-12-20 13:45:24";❤️❤️
196143;;"2024-12-20 13:24:25";"Good application for international investments"
196144;;"2024-12-20 13:11:43";"Exllent app"
196145;;"2024-12-20 13:00:10";"Best app"
196146;;"2024-12-20 12:49:16";📉🔎🎲
196147;;"2024-12-20 12:46:56";"Awesome ans easy to use platform."
196148;;"2024-12-20 12:46:56";Good
196149;;"2024-12-20 12:39:04";"Very good"
196150;;"2024-12-20 11:56:43";"Nice appo"
196151;;"2024-12-20 11:04:20";"Great View"
196152;;"2024-12-20 10:56:16";"Nice app"
196153;;"2024-12-20 10:39:42";"Best app ever I use"
196154;;"2024-12-20 10:37:56";"Useful every time I want to analyse and shows exactly what I need"
196155;;"2024-12-20 10:34:52";"all great! except tradingview keeps disconnecting my broker account"
196156;;"2024-12-20 10:27:18";"nice app trading"
196157;;"2024-12-20 10:11:35";"Loosing a lot of money due to glitches it's almost like operators are paying trading view to manipulate us"
196158;;"2024-12-20 10:08:57";Go
196159;;"2024-12-20 09:58:49";"Best app ever"
196160;;"2024-12-20 09:18:01";Great
196161;;"2024-12-20 09:11:59";"amazing fir all trader"
196162;;"2024-12-20 09:04:56";"Top notch💯"
196163;;"2024-12-20 08:35:38";"The application is great, and this query only goes to those of us who can't yet afford the paid plans. I'm aware that adverts is how you make money for the company on those who can't afford your resources, but in the recent months you ads have been to much to the point that it's getting annoying. I was hoping maybe as a company, you can dial back on the ads."
196164;;"2024-12-20 08:15:51";👌💯
196165;;"2024-12-20 08:06:34";"Charts memory in background is seriously disappointed ☹️..... If have put like 2 new indicators on a chart or replace the current chart with other new indicators, after reopening the app, it shows the old one only not the updated one.. repeat the same again and again..."
196166;;"2024-12-20 07:55:38";good
196167;;"2024-12-20 07:37:55";"Nice app❤️❤️❤️"
196168;;"2024-12-20 07:30:57";"Really efficient"
196169;;"2024-12-20 07:00:55";"Good app"
196170;;"2024-12-20 06:44:50";"Super super!!"
196171;;"2024-12-20 06:33:21";Nice
196172;;"2024-12-20 06:21:11";"1-2 second time lag. When adding to watchlist it goes to the bottom. When we are adding that means we are about to watch that and take a trade .. why are you making us to scroll down every time and than there is a option to push it to the top? By default or logically, it should get added on the top.If we add 18+ indicator in mobile version, we can't see last 6 and can't remove those. We have to open web version to do so? It goes off in 2-3 secs when checking other app screen? Again it takes tm"
196173;;"2024-12-20 06:12:44";"Best app for analysis"
196174;;"2024-12-20 06:08:39";Good
196175;;"2024-12-20 06:08:21";"Excellent job and performance,"
196176;;"2024-12-20 05:56:12";"Exceptional and helpful 🥰🥰🥰"
196177;;"2024-12-20 05:54:42";"Previously it was the worst but now it's the best. Yeah ads are really a pain giver but it's okay considering the quality."
196178;;"2024-12-20 05:44:43";Great
196179;;"2024-12-20 05:40:07";"Great app!! However, I don't like how you arrange your watched items. I wish you could drag each item to your desired spot. Instead of only being able to 'Move to Top' or 'Move to Bottom'. 5 stars if this was fixed."
196180;;"2024-12-20 05:36:26";Amazing
196181;;"2024-12-20 05:32:09";Op
196182;;"2024-12-20 05:20:34";"پروردگار عالم"
196183;;"2024-12-20 05:17:33";"One of the best apps for reading and planning and everything"
196184;;"2024-12-20 05:14:34";Osm
196185;;"2024-12-20 04:57:08";"The best 👌"
196186;;"2024-12-20 04:52:37";"A very good app"
196187;;"2024-12-20 04:46:25";"Good for beginners"
196188;;"2024-12-20 04:40:22";Best
196189;;"2024-12-20 04:37:05";Super
196190;;"2024-12-20 04:37:01";"Best aap"
196191;;"2024-12-20 04:21:48";Experience
196192;;"2024-12-20 04:20:54";Great
196193;;"2024-12-20 03:52:28";"Bahut achcha"
196194;;"2024-12-20 03:43:53";"Good one"
196195;;"2024-12-20 03:26:24";"Good aap"
196196;;"2024-12-20 03:19:41";"Nice app"
196197;;"2024-12-20 03:13:50";"World TopMost Charting Software ever Very Smooth.but need is only Reduce Plan rate for beginners."
196198;;"2024-12-20 03:11:52";"Great app for financial analysis"
196199;;"2024-12-20 03:06:04";Exceptional
196200;;"2024-12-20 03:05:33";"best apppp"
196201;;"2024-12-20 02:35:17";"Best treading view"
196202;;"2024-12-20 02:34:23";"The ads frequency has increased. Please work on that issue. Otherwise there are no complains."
196203;;"2024-12-20 02:19:01";Good
196204;;"2024-12-20 02:02:30";"Good 💯"
196205;;"2024-12-20 01:42:01";"Why does my entire chart keep sliding to the left on my phone? It opens up a black empty space to the right side that's 1/3 to 1/2 of my screen and I cannot get rid of it. Extremely irritating."
196206;;"2024-12-20 01:22:58";"Good 👍"
196207;;"2024-12-20 00:12:20";"Learn more to success in trading"
196208;;"2024-12-19 23:38:32";"Complex ui after update. I'm writing this review after several days of using the app after latest update. Yes, its not easy to get used to the ui. Drawing tools, time interval selection, etc. are made complex for unknown reason. Previous version was simple yet very effective and time saving especially during live market."
223088;;"2024-08-03 11:07:16";"Good 👍"
223018;;"2024-08-04 11:37:03";"Very good"
222809;;"2024-08-06 09:40:03";"The Best Trading App Ever,"
222741;;"2024-08-07 03:23:47";Amazing
222535;;"2024-08-09 13:06:11";"Best app for technical analysis! Master app"
222468;;"2024-08-10 14:29:54";"As of 6 months ago, this app began to fail at updating the chart without any indication. It randomly leaves the user sitting there unknowingly looking at hours-old data, perhaps botching trades as a result. The pricing is also far too high, considering the app's broad adoption. If I find an app that adequately competes in my use case, I'll switch to it."
222266;;"2024-08-13 00:34:01";"Easy to use, have lots of options for trading. 109% love ❤️"
223045;;"2024-08-04 02:23:18";Supar
222002;;"2024-08-16 00:04:43";"giving great information"
221805;;"2024-08-18 12:50:44";"joos ❤️‍🩹"
220242;;"2024-08-19 04:12:08";"Best app 👍"
220179;;"2024-08-19 18:03:03";"It ain't even operating in my phone Just keep showing error occurred"
219986;;"2024-08-21 17:59:55";"The best"
219924;;"2024-08-22 12:50:36";"Very helpful"
219734;;"2024-08-24 13:28:50";"Very good for traders"
219673;;"2024-08-25 10:09:08";🔥
219486;;"2024-08-27 12:24:45";Good
219426;;"2024-08-28 02:53:49";"my mobile app was working properly but as soon as a updated it, my app is not working i cant open my chart"
219242;;"2024-08-30 05:22:51";"Indicators and alerts are very less for basic plan.. In short very few features. Now every time you open an app advertisement display on the chart you need to continously cancel the same. This is really irritating. In app already plan and other options available then why would it be need to show on the chart. Whoever is interested will buy the plan why everyone should see that add. Don't feed people what they don't what in the name of innovation of app."
219183;;"2024-08-30 16:03:35";"Great application for chart reading."
221967;;"2024-08-16 06:52:14";"Top Trader's choice for profitable analysis"
218944;;"2024-09-02 12:01:14";"the best app"
218886;;"2024-09-03 03:31:06";"Is the best"
215637;;"2024-09-06 05:12:52";"best trading platform awesome... but kindly update the (scale hiding) in chart.. there is no option in setting.. please update it.."
215580;;"2024-09-06 18:24:11";"I love it"
215406;;"2024-09-09 12:36:09";"Very nice app"
215350;;"2024-09-10 07:29:53";"Spectacular !"
215374;;"2024-09-10 01:30:32";"Best tools for trading with easy and reliable"
215124;;"2024-09-12 17:33:15";Amazing
215069;;"2024-09-13 09:24:21";"bedt one"
222504;;"2024-08-09 21:55:10";"The app itself is amazing and a game changer. HOWEVER, FIRE YOUR MARKETING TEAM!! The spamming of ads makes this such an annoying experience."
214848;;"2024-09-16 13:25:09";"I had a disappointing experience with (((Fusion Broker))), where my efforts to seek support for significant trading issues were met with inadequate responses. I provided a video demonstrating that I couldn’t close my trades until they reached a margin call, which resulted in a total loss of funds, but my concerns were dismissed as hypothetical orders. This was frustrating, as I had invested real money and experienced genuine losses due to platform malfunctions, which they confirmed it by email."
214794;;"2024-09-17 04:42:00";"best trading app"
214630;;"2024-09-19 02:58:01";Ysueh
214577;;"2024-09-19 13:51:01";Nice
214819;;"2024-09-16 19:29:01";"This app is great"
214365;;"2024-09-22 11:12:33";Excellent
214313;;"2024-09-23 01:10:02";"Awesome app"
212760;;"2024-09-23 10:12:44";Super
220214;;"2024-08-19 09:50:38";"The best trading tools"
212552;;"2024-09-25 21:16:28";"the are fraud. Even after you cancel the subscription, there is no way to remove your saved card and they charge you after your free trial without your permission. It is fraud they have committed. How to take them to consumer court, can anybody help?"
212500;;"2024-09-26 13:11:41";Thebest
220215;;"2024-08-19 09:37:19";"Even the paid versions chart's do not get updated as per the market. Better to rely on broker provided charts"
212297;;"2024-09-29 15:07:48";Good
212246;;"2024-09-30 06:41:12";"Very good"
219460;;"2024-08-27 15:54:27";"Good platform for analysis and teading"
212048;;"2024-10-02 14:47:59";"Sometimes chart not load properly even good internet connection .. fix it"
211998;;"2024-10-03 09:29:42";"Always telling me to go to the online version every now and then"
215099;;"2024-09-13 02:38:14";"Always have loved the app! Looking forward to optimization on the Pixel 9 Pro Fold!"
211805;;"2024-10-06 08:02:17";"The new update is awesome 👌 I like the pine editor option."
211756;;"2024-10-06 19:22:03";"Nice 👍"
212022;;"2024-10-02 22:18:35";Nice
211568;;"2024-10-08 15:37:05";"Good app"
211520;;"2024-10-09 05:31:06";good
211472;;"2024-10-09 14:14:44";💯💯
215614;;"2024-09-06 11:18:34";"Please minimum 3 indicator in free."
211290;;"2024-10-11 15:05:37";"It takes so much time to apply alert on my OnePlus pad worth 38000/- Dimensity 9000 ."
209743;;"2024-10-12 10:38:41";"Best app for treding"
209696;;"2024-10-13 03:46:06";"Super Charts."
212320;;"2024-09-29 07:26:03";A+++
209520;;"2024-10-15 02:51:29";Good
209474;;"2024-10-15 10:10:42";"Best 💯"
209428;;"2024-10-15 22:58:40";"Just fantastic. It makes your trading more serious."
214290;;"2024-09-23 05:21:59";"Best aap"
209258;;"2024-10-17 16:22:57";"The best i liked it"
209213;;"2024-10-18 06:03:16";"Very good"
209168;;"2024-10-18 13:39:21";Chip
212738;;"2024-09-23 15:40:14";📈📉
209004;;"2024-10-21 01:24:35";Super
214793;;"2024-09-17 04:47:19";"Very best"
214629;;"2024-09-19 02:59:47";Good
214576;;"2024-09-19 14:01:40";"best app trading"
214873;;"2024-09-16 07:50:32";"Nice app for traders"
214364;;"2024-09-22 11:35:11";"Best for traders."
214312;;"2024-09-23 02:02:44";Amazing
212759;;"2024-09-23 10:25:35";"Once it signed me up without my knowledge. Luckily, I spotted the payment and contact Google to undo the payment in time."
222562;;"2024-08-09 05:29:17";"I updated the app yesterday and now it wont open. I dont know whats going"
212551;;"2024-09-25 22:23:50";"This app is much better"
212499;;"2024-09-26 13:23:44";"Excellent app"
222495;;"2024-08-10 02:32:47";❤️
212296;;"2024-09-29 15:08:17";"Good app"
212245;;"2024-09-30 06:42:12";Helpful
219697;;"2024-08-25 04:44:24";"Super and very useful to use as a begging or advance level"
212047;;"2024-10-02 15:03:00";Gooo
211997;;"2024-10-03 09:31:18";"The new pop-up to buy premium is getting really annoying. Before you could see it less often, now every single minute it's going to remind you to buy premium"
223055;;"2024-08-03 20:19:28";"I've used this platform for almost a decade. Everything you need for trading & investing."
211804;;"2024-10-06 08:03:53";"Best 👌"
211755;;"2024-10-06 19:49:40";"Awesome experience"
212072;;"2024-10-02 10:17:10";"Second best trading app ,next to METATRADER 🫂"
211567;;"2024-10-08 16:03:44";"Very nice 👍"
211519;;"2024-10-09 05:37:28";Good
211471;;"2024-10-09 14:39:23";"Great app for TA. The most useful I've ever come across 👍"
222297;;"2024-08-12 15:45:42";"Veri nice performance"
211289;;"2024-10-11 15:06:43";"Best app to analyze on"
209742;;"2024-10-12 11:15:56";"Ads pop up every second, and after I close it I can't switch chart and time interval with sliding easily."
209695;;"2024-10-13 04:18:06";"All is great...."
212273;;"2024-09-29 21:54:59";"Trading view is way too amazing, it's so easy to understand"
209519;;"2024-10-15 03:33:46";😃
209473;;"2024-10-15 10:14:48";"Awesome 👍👍"
209427;;"2024-10-15 23:43:27";"I found consistency ever since I used this platform👌"
214343;;"2024-09-22 15:40:21";Good
209257;;"2024-10-17 16:26:27";Nice
209212;;"2024-10-18 06:24:04";"Very helpful"
209167;;"2024-10-18 14:10:10";"Works perfectly. If you're struggling watch YouTube videos"
214291;;"2024-09-23 05:18:10";"Not good app"
209003;;"2024-10-21 01:52:26";"Problem setting"
208960;;"2024-10-21 10:04:04";"Very Good App for Trading Tips"
208916;;"2024-10-21 21:22:29";"Best ever"
211977;;"2024-10-03 13:34:48";"New scrolling toolbar update is TRASH. Please revert."
222516;;"2024-08-09 17:46:33";Good
208715;;"2024-10-24 08:44:21";Amazing
208673;;"2024-10-24 18:11:44";fantastic
209497;;"2024-10-15 06:29:16";"Very good platform any time trading view"
215388;;"2024-09-09 17:17:35";Exlent
208482;;"2024-10-27 12:11:52";"Good apps hai your friends Real i like you sensex index nahi chaul Raha hai help me please use thaik kar dijiye na"
208441;;"2024-10-28 04:28:02";"Love the app."
208400;;"2024-10-28 15:02:41";"This app is so nice and very good, ☺️"
222512;;"2024-08-09 18:20:03";"Even on the ultimate plan the app is full of annoying pop ups and even sends push notifications containing promotion offers that require third party tools like Autonotification to filter out while keeping the alerts. What a great idea to send me a notification when I am sleeping to remind me about a sale despite being promised that my plan would contain NO ADS. The proper way to send these promotional offers is through email, not the UI of an app. Use the mobile site instead, it uses the old UI."
215328;;"2024-09-10 11:52:45";"All good"
218985;;"2024-09-02 04:31:15";Nice
205151;;"2024-10-31 11:52:33";"Best app for view chat"
205112;;"2024-11-01 01:19:40";"Great and on time info"
205073;;"2024-11-01 10:42:02";"very good experience with this platform"
209241;;"2024-10-17 20:23:47";"Great App with real time info"
215334;;"2024-09-10 11:11:33";"Biru kumar sanu mo lang ako na"
204902;;"2024-11-03 18:27:57";Good👍
204864;;"2024-11-04 06:14:51";"It is the best"
204826;;"2024-11-04 14:24:37";"Great app"
208385;;"2024-10-28 17:44:56";"It is an useful application for trading."
212332;;"2024-09-29 03:31:33";good
222316;;"2024-08-12 12:28:59";"Amazing app"
204626;;"2024-11-06 16:08:01";"3months and lots lf emotions!!"
204589;;"2024-11-07 04:17:00";"Very good"
204552;;"2024-11-07 13:32:32";"very good"
208989;;"2024-10-21 04:45:15";"One of the best app for charting."
215149;;"2024-09-12 12:02:06";Nice
204398;;"2024-11-09 13:09:24";"Nice app👌"
204362;;"2024-11-10 01:26:15";"I love TV...I have custome indicators which signal when to buy\firmbuy or sell\firmsell any ticker\crypto! Not for beginners but easy to figure out if you have time & common sense 🤘"
204326;;"2024-11-10 10:33:42";"Great,, super tools"
204290;;"2024-11-10 18:11:21";"عالیه عالی"
208947;;"2024-10-21 14:06:56";"How about you put the clock on TRADINGVIEW we see on TRADINGVIEW laptop."
214563;;"2024-09-19 16:07:50";"Phenomenal experience"
204144;;"2024-11-12 06:10:24";"انا احب هاذا التطبيق وسهل الاستخدام شكرآ لك ياصانع التطبيق"
204108;;"2024-11-12 13:21:48";"Very useful app"
204072;;"2024-11-12 21:05:31";"Excellent app"
204036;;"2024-11-13 11:11:33";Wow
208470;;"2024-10-27 15:33:03";"Love this apps"
212487;;"2024-09-26 15:15:41";Excellent
222319;;"2024-08-12 11:37:36";"Absolute best"
203859;;"2024-11-15 12:22:26";"Some time laggong candle and also effect on indicator that has chart on basis of candle"
203823;;"2024-11-15 22:56:43";"This app is been really helpful no doubt easy to figure everything out"
203787;;"2024-11-16 08:11:13";"It's helpful for trading"
202251;;"2024-11-16 22:56:21";Awsome
208988;;"2024-10-21 05:02:09";Nice
223065;;"2024-08-03 15:29:45";"Best app"
218933;;"2024-09-02 14:44:51";"I feels good whenever I'm on this app"
202084;;"2024-11-19 06:12:03";"Good app"
202049;;"2024-11-19 13:11:34";"Unable to display chart on my phone, pls I need your assistance"
202014;;"2024-11-19 20:01:53";Ammazing
212036;;"2024-10-02 17:29:57";"World best App for Traders. Very good excellent"
205141;;"2024-10-31 15:05:11";"The customisation in this is too much helpful...limit is only one tht we can't trade or scan 100_500 symbols like in amibroker or python with live data ...apart from this it's awesome"
211794;;"2024-10-06 09:48:50";"Good one apps"
219663;;"2024-08-25 14:11:33";"A good app no any report 👍👍"
201823;;"2024-11-22 04:52:53";Great
201789;;"2024-11-22 11:38:59";good
201755;;"2024-11-22 18:25:35";"تطبيق رائع جدا"
215054;;"2024-09-13 12:40:08";"Perfect 🥰"
204855;;"2024-11-04 07:22:39";"I love it"
211280;;"2024-10-11 18:25:09";"After update can't fid the way how to save chart on Android."
215628;;"2024-09-06 06:50:25";"Best app..."
201576;;"2024-11-25 12:19:34";"Its nice experience to use this app.But some time chart does not open and if we have taken a position we can lost."
201543;;"2024-11-25 19:58:54";"This app is great for analysis"
201510;;"2024-11-26 04:27:37";❤
201477;;"2024-11-26 15:01:43";"Best app for chart analysis, But only drawback is they're limiting the resources for free users."
208948;;"2024-10-21 13:34:56";"Great app thanks for maker"
208474;;"2024-10-27 14:35:17";Good
222040;;"2024-08-15 11:44:49";"Good experience"
219916;;"2024-08-22 13:49:37";"This app is need of every trader"
201311;;"2024-11-29 04:24:53";Fantastic
197888;;"2024-12-18 10:39:31";"The best trading platform in the world 🌎."
197889;;"2024-12-18 10:27:56";"Excellent app for trading"
197890;;"2024-12-18 10:16:25";Good
197891;;"2024-12-18 10:07:48";Nice
197892;;"2024-12-18 10:02:48";"I am using plateform for searching stock and my journey would commence shortly. Overall a good app"
197893;;"2024-12-18 09:55:28";👍
197894;;"2024-12-18 09:47:49";Nice
197895;;"2024-12-18 09:30:29";Good
197896;;"2024-12-18 09:23:25";"Good app"
197897;;"2024-12-18 09:16:37";"Nice app"
197898;;"2024-12-18 09:15:25";"Very slow"
197899;;"2024-12-18 09:01:40";"I was happy using this app Very good application But suddenly it crashed , it stopped working, it's not loading"
197900;;"2024-12-18 08:59:55";"Excellent App"
197901;;"2024-12-18 08:56:45";Good
197902;;"2024-12-18 08:38:46";"Good good good good good"
197903;;"2024-12-18 08:28:03";"Develop a more comprehensive back testing feature"
197904;;"2024-12-18 08:17:35";"Best for new comers."
197905;;"2024-12-18 08:17:30";"Very useful app for traders"
197906;;"2024-12-18 07:54:56";"Aap is not working now ......."
197907;;"2024-12-18 07:50:11";"Best app for technical analysis. All tools and techniques are available for free."
197908;;"2024-12-18 07:46:48";"Good for analysis"
197909;;"2024-12-18 07:43:08";"The best trading app on all platforms (Mobile, PC/Laptop & tablets) :)"
197910;;"2024-12-18 07:15:39";Super
197911;;"2024-12-18 07:15:22";"Best trading app in the planet.Trading view gives you the full view of what is happening in the markets"
197912;;"2024-12-18 07:11:42";"the best"
197913;;"2024-12-18 06:53:08";"good for me chart live"
197914;;"2024-12-18 06:47:19";"Excellent 👍"
197915;;"2024-12-18 06:30:57";Excellent
197916;;"2024-12-18 06:30:12";"Very good and good program"
197917;;"2024-12-18 06:18:29";"This is a very good app.😊"
197918;;"2024-12-18 06:16:56";"For me its the best app all time ."
197919;;"2024-12-18 06:12:34";"Actually you are the best, but your platform is trying to restrict newbees from having a free access to your platform with your ad pop up. Restricting the convenience of easy Analysis. I encountered alot of ad pop up. Please I will be glad if you stop it"
197920;;"2024-12-18 06:09:47";"Best trading platform"
197921;;"2024-12-18 05:51:56";Excellent
197922;;"2024-12-18 05:44:44";"Good 👍"
197923;;"2024-12-18 05:30:07";"Now at days it's unable to load App day by day getting worse"
197924;;"2024-12-18 05:25:22";"Easy to operate independently 🎉"
197925;;"2024-12-18 05:19:02";"The best Charting Platform"
197926;;"2024-12-18 05:17:46";👍
197927;;"2024-12-18 04:56:56";"Great app for analysis"
197928;;"2024-12-18 04:55:12";"This is just a incredible platform to read and anylysis charts and pattern and most important thing is indicators I love to use trading view, there is just 1 request for trading view kindly allow more than 2 indicators to use. If this happen than this platform is worlds most valuable platform."
197929;;"2024-12-18 04:53:40";"Tools 🔥🔥"
197930;;"2024-12-18 04:37:06";"It's my life"
197931;;"2024-12-18 04:36:20";"Best app for charting. Look no further than this."
197932;;"2024-12-18 04:26:37";Good
197933;;"2024-12-18 04:15:42";"Super app for the trending"
197934;;"2024-12-18 03:43:53";"Awesome 👍👍👍👍"
197935;;"2024-12-18 03:39:28";"Good 👍"
197936;;"2024-12-18 03:25:17";"It was the best app for traders . But now there are many issues occurs. Like chart are not opening, can't open help centre etc. I uninstalled and then installed many times, but can't get any solution."
197937;;"2024-12-18 03:23:50";"Chart 📉📈 analysis ... Nice 👍"
197938;;"2024-12-18 03:19:10";"Analysis krne ke liye accha app hai or saath hi agar aap paper trade krte ho toh aapka trade mai kitna margin use hua hai wo bhi batata hai yeh features nhi tha pehle ab aa gaya hai mai apne experience se bol raha hu yeh app aap download kr skte hai agr aapko analysis and paper krna hai toh"
197939;;"2024-12-18 02:20:41";"this app is very informative but expainsive"
197940;;"2024-12-18 02:14:00";"Excellent app"
197941;;"2024-12-17 23:34:30";"Your app opens when it feels like and it's so annoying try your possible best to fit it. You have 72hours your time starts now."
197942;;"2024-12-17 21:29:24";"Its a joy to use. So clear and so much available for free. I do all my plotting and analysis on it. Excellent app that lrads the field!"
197943;;"2024-12-17 21:25:54";"Great interface for pixel 8"
197944;;"2024-12-17 20:53:27";"Best app"
197945;;"2024-12-17 20:38:17";"Nice app 👌"
197946;;"2024-12-17 20:31:36";"This app is the Best"
197947;;"2024-12-17 19:59:57";"Very good"
197948;;"2024-12-17 19:44:13";Amazing
197949;;"2024-12-17 19:29:03";nice
197950;;"2024-12-17 18:44:12";"Very poor service, they only keep thinking about how to take money from you in any way and even after they take it, there is no significant change"
197951;;"2024-12-17 17:39:52";"Super UI"
197952;;"2024-12-17 17:32:17";"Best experience makes the analysis simple,but candlesticks are not the same as mt4 or mt5"
197953;;"2024-12-17 17:14:31";"Good app"
197954;;"2024-12-17 16:43:53";Excellent
197955;;"2024-12-17 16:05:53";"Reasons of rating bad this app: -You can't cancel free trial easily , for me still impossible even tho I tried everything - you can't also cancel subscription - they use auto renewal subscription to take your money ( I got like 12 tries from them) my only safety is that I kept my card with 0 dollar, but even declined transaction is -0.5 dollar each time . - be careful never pay for their crazy plan your card isn't safe at all"
197956;;"2024-12-17 15:59:00";Good
197957;;"2024-12-17 15:57:55";Op
197958;;"2024-12-17 15:57:34";"2 years experience. Still now tradingview is king 🤑"
197959;;"2024-12-17 15:54:36";"Great Idea"
197960;;"2024-12-17 15:53:29";"My review 4 star's 👍"
197961;;"2024-12-17 15:47:19";"Nice Very good application."
197962;;"2024-12-17 15:42:19";Good
197963;;"2024-12-17 15:28:43";"Best learning app for trading"
197964;;"2024-12-17 15:26:25";"this app is good"
197965;;"2024-12-17 15:22:24";"Not There yet but I will be one day"
197966;;"2024-12-17 15:19:40";"Very nice"
197967;;"2024-12-17 15:12:25";🙏
197968;;"2024-12-17 15:05:43";"Works for me, needs nothing more."
197969;;"2024-12-17 14:57:13";"Good for all stocks tracking"
197970;;"2024-12-17 14:50:48";"Very helpful aap thank u so much"
197971;;"2024-12-17 14:45:22";"Best of the best"
197972;;"2024-12-17 14:18:17";"Very effecient"
197973;;"2024-12-17 13:25:54";"Best exercise site"
197974;;"2024-12-17 13:20:49";"Sach as great application thanks to all guys whos helping with this app"
197975;;"2024-12-17 13:08:21";"The perfect app"
197976;;"2024-12-17 12:51:12";"Exceptional 🌟"
197977;;"2024-12-17 12:48:56";"It's second to none🙅🏿‍♂️"
197978;;"2024-12-17 12:45:32";"Very goood"
197979;;"2024-12-17 12:41:53";"Easy to navigate!"
197980;;"2024-12-17 12:02:43";"Nice appp"
197981;;"2024-12-17 12:01:30";"Very useful for trading tools"
197982;;"2024-12-17 11:55:40";Perfect.
197983;;"2024-12-17 11:52:09";"Best app"
197984;;"2024-12-17 11:49:39";"Great App 😀😀😀 💯"
197985;;"2024-12-17 11:45:46";"Good 👍"
197986;;"2024-12-17 11:43:11";"Very good app one problem is the subscription price is too high."
197987;;"2024-12-17 10:31:18";"Very good"
197988;;"2024-12-17 10:23:30";"This app is very helpful"
197989;;"2024-12-17 09:59:30";👍👍
197990;;"2024-12-17 09:49:55";"Good Work"
197991;;"2024-12-17 09:43:09";Great
197992;;"2024-12-17 09:23:03";"Best of best"
197993;;"2024-12-17 09:03:44";👍
197994;;"2024-12-17 09:01:54";"best charting app"
197995;;"2024-12-17 08:47:53";"Analyse more professionaly with it to take better trades🔥"
197996;;"2024-12-17 08:32:08";"Add multiple screen feature for free version"
197997;;"2024-12-17 08:25:18";👌
197998;;"2024-12-17 08:23:44";"One of the best apps I have used for all my stock an crypto needs"
197999;;"2024-12-17 08:20:10";Grste
198000;;"2024-12-17 08:18:38";Good
198001;;"2024-12-17 08:18:01";Awesome
223087;;"2024-08-03 11:09:03";best
223017;;"2024-08-04 11:46:57";"Best app for analysis"
222808;;"2024-08-06 09:50:21";Super
222740;;"2024-08-07 03:27:37";"Very good sir"
222534;;"2024-08-09 13:10:46";😘😘
222467;;"2024-08-10 14:56:17";Beest
222265;;"2024-08-13 01:12:33";"Innovative and upgrades with new tools"
223258;;"2024-08-01 12:44:34";Good
222001;;"2024-08-16 00:18:31";"It's very easy to use and clean interface"
221804;;"2024-08-18 12:54:00";"Cool app"
220241;;"2024-08-19 04:13:57";"too good"
220178;;"2024-08-19 18:05:43";"Super app for indicators"
219985;;"2024-08-21 18:17:25";"Very useful app with a great set of drawing and other tools to help in making timely and informed investment decisions. Easy to follow once you get the hang of it."
219923;;"2024-08-22 13:02:01";"One star bro, the new update just made chart navigation living nightmare."
219733;;"2024-08-24 13:29:04";"Glitchy and painfully sluggish"
219672;;"2024-08-25 10:12:51";Great
219485;;"2024-08-27 12:25:03";"Your app isn't working it's been 3 days now can you please fix your problem When I open the app the charts font show in my laptop and when I try to go to your website to use it it loads forever and on my phone same thing the chart doesn't work."
219425;;"2024-08-28 03:11:51";"Great application"
219241;;"2024-08-30 05:35:44";"Must have for me, my day starts with this"
219182;;"2024-08-30 16:26:47";Good
222031;;"2024-08-15 15:50:23";Good
218943;;"2024-09-02 12:08:28";Awesome
218885;;"2024-09-03 03:32:46";"Excellent app for share market and trading to get latest updates"
215636;;"2024-09-06 05:32:40";"My favourite app"
215579;;"2024-09-06 20:40:46";"Most required app."
215405;;"2024-09-09 13:06:47";"The platform is nice except the fact that it keeps logging me out of my account and I have to log back in multiple times for the day. I'm only logged in to my phone only. It's annoying and will cause me to miss a position. Also the chart seems to be lagging.Please fix!"
215349;;"2024-09-10 07:37:19";🫰🏽👌🏽
218969;;"2024-09-02 07:06:20";"Very irritating app because it's tools like rectangle and other are lagging so much"
215123;;"2024-09-12 17:46:56";"Wadchu know about doing money on de app just connect Trading view things will be good"
215068;;"2024-09-13 09:49:36";"It's very good app"
222571;;"2024-08-09 03:33:02";good
214847;;"2024-09-16 13:38:09";"Great app"
214792;;"2024-09-17 04:55:31";"Algo nice work"
214628;;"2024-09-19 03:11:15";Great
214575;;"2024-09-19 14:11:58";"Amazing app to analyze the market !"
215040;;"2024-09-13 15:41:47";"Thanks a lot to you trading view"
214363;;"2024-09-22 11:37:21";Good
214311;;"2024-09-23 02:52:48";"Nice app but free app in limited option"
212758;;"2024-09-23 10:58:27";"Why do you have to log in to do anything? Registration is not for safety. What absolute rubbish. It's purely for data harvesting."
221974;;"2024-08-16 05:33:05";"Best app to get graph wise global data for everything"
212550;;"2024-09-25 22:59:18";"Very very amazing app, it gives the best experience."
212498;;"2024-09-26 13:30:28";"It always give me accute trading view"
221975;;"2024-08-16 05:24:42";"hello i would like to install the app on my pc. But its not working and this website is not opening on my browser, can you help me"
212295;;"2024-09-29 15:30:31";"Smoothe and profitable"
212244;;"2024-09-30 06:43:41";Subscribe
219708;;"2024-08-25 00:39:50";Excellent
212046;;"2024-10-02 15:07:38";"I use this app only to analyze 100% can't wait to get the premium version"
211996;;"2024-10-03 09:44:47";"New update is excellent"
215325;;"2024-09-10 12:16:44";👍👍👍👍👍
211803;;"2024-10-06 08:10:58";"Great app for forex"
211754;;"2024-10-06 19:58:51";"The new layout is much better after update, scroll left to find save chart image! Thanks"
212524;;"2024-09-26 05:45:11";Excellent
211566;;"2024-10-08 16:17:59";Good
211518;;"2024-10-09 05:38:35";"It's extremely great using the app and helpful especially with the new updates"
211470;;"2024-10-09 14:40:24";"Very good"
218921;;"2024-09-02 17:35:44";"W app 🔥🔥"
211288;;"2024-10-11 15:18:37";"Love it. Thank you"
209741;;"2024-10-12 11:17:55";"Single ok"
209694;;"2024-10-13 04:40:42";Nice
212324;;"2024-09-29 05:49:26";"Great applications"
209518;;"2024-10-15 03:37:09";"Awesome 😎"
209472;;"2024-10-15 10:24:42";Great
209426;;"2024-10-16 00:34:03";"Best app for portfolio tracking"
222769;;"2024-08-06 17:18:53";"Good app"
209256;;"2024-10-17 16:34:41";"Very Easy to use and extremely intuitive experience overall"
209211;;"2024-10-18 07:12:58";"Amazing Service."
209166;;"2024-10-18 15:02:19";"Verry nice and realtime data avilable"
214344;;"2024-09-22 15:31:17";Excellent
209002;;"2024-10-21 01:55:37";"Nice performance"
208959;;"2024-10-21 10:19:58";Niceeee
208915;;"2024-10-21 21:41:14";"Please Ree Fresh Trading view App"
212027;;"2024-10-02 20:40:03";"Really honored that I found Tradingview. I have never felt a firmer grip on reality. Though I find indicators to be useless. The tools are top notch and allow for a vastly customizable way to perform technical analysis. But if you wanna look fancy there is plenty of decoration as well."
222722;;"2024-08-07 06:54:18";"A good app and everything is good expect one thing which the ads, the ads is too much please reduce it at least."
208714;;"2024-10-24 10:05:58";"Very usefull app for trader Add nse and bse paper trading"
208672;;"2024-10-24 18:28:44";Excellent
209193;;"2024-10-18 10:25:33";"Brilliant app... A++++"
215562;;"2024-09-07 07:09:18";"DO NOT TRUST TRADINGVIEW TELEGRAM BOT! It's a complete scam. They lured me in with promises of easy profits, and before I knew it, my hard-earned money was gone. The bot's were fake, and their customer support was non-existent. They're just a bunch of thieves trying to get rich off unsuspecting traders. Stay far away from this scam!"
208481;;"2024-10-27 12:13:14";"My Trading view get freeze.Can you please help me"
208440;;"2024-10-28 04:36:59";"Very expensive"
208399;;"2024-10-28 15:03:55";"Excellent apps For me"
218920;;"2024-09-02 17:37:03";"Great app"
209678;;"2024-10-13 09:49:53";"Best experience"
219166;;"2024-08-30 20:28:23";"App wasn't really functional until I paid for it. Nice going"
205150;;"2024-10-31 11:54:24";"It's very nice and good"
205111;;"2024-11-01 01:45:29";Best
205072;;"2024-11-01 10:51:21";"The app with highest number of trackers in not good for a financial app. This is even worse for web."
218981;;"2024-09-02 05:18:04";"number 1 💚"
215390;;"2024-09-09 15:58:40";"I use TradingView on my phone but the latest update has made the ad cover the entire screen, please fix 😞"
204901;;"2024-11-03 18:34:55";Nice
204863;;"2024-11-04 06:18:30";"Overall experience is good. 3 star because due to late chat update and ad"
204825;;"2024-11-04 14:25:46";Royal
208426;;"2024-10-28 07:46:59";"Very good"
212484;;"2024-09-26 15:51:16";Good
222520;;"2024-08-09 17:05:34";"Every perfect.... i just wish direv broke was avalable to trade with but it perfect everything"
204625;;"2024-11-06 16:28:36";"Awesome app... Can't live without it"
204588;;"2024-11-07 04:34:45";"Excellent no words . Very usefull"
204551;;"2024-11-07 13:33:16";"Good app"
215617;;"2024-09-06 10:15:23";"Very good app"
214834;;"2024-09-16 15:32:27";"It very much good"
204397;;"2024-11-09 13:20:00";Best
204361;;"2024-11-10 01:29:42";"Amazing 😍"
204325;;"2024-11-10 11:10:26";"Very useful"
204289;;"2024-11-10 19:00:01";"Lit 🔥 application"
208990;;"2024-10-21 04:40:20";Nice
214616;;"2024-09-19 05:21:43";Good
204143;;"2024-11-12 06:26:55";Nice
204107;;"2024-11-12 13:23:56";💗
204071;;"2024-11-12 23:02:27";Nice
204035;;"2024-11-13 11:28:01";Optional
219906;;"2024-08-22 16:26:24";Mast
212539;;"2024-09-26 03:43:22";Okay
222523;;"2024-08-09 16:18:09";"Best app without any issues"
203858;;"2024-11-15 12:25:22";Good
203822;;"2024-11-15 23:00:46";"My chart isn't loading"
203786;;"2024-11-16 08:12:46";"nice update but sometimes it takes time to open or in loading"
202250;;"2024-11-17 01:11:45";"I love it , this app helps me so much"
204815;;"2024-11-04 16:10:30";"Very good"
222027;;"2024-08-15 16:40:44";👍👍
218991;;"2024-09-02 03:55:57";"Very useful app"
202083;;"2024-11-19 06:21:18";"Very good app. Really helpful with nicer graphics"
202048;;"2024-11-19 13:12:50";"Super marvelous beautiful app"
202013;;"2024-11-19 20:58:08";Excellent
220217;;"2024-08-19 09:09:05";"Nice program"
220225;;"2024-08-19 06:55:51";"The latest update is not opening the chart it takes for ever to open the chart"
219401;;"2024-08-28 09:54:44";Goog
219724;;"2024-08-24 15:19:40";"Great ,fast, reliable and Very professional"
201822;;"2024-11-22 05:06:32";Good
201788;;"2024-11-22 11:43:26";Good
201754;;"2024-11-22 18:41:52";"Good for viewing prices and coins"
202005;;"2024-11-20 01:41:51";Excellent
204893;;"2024-11-03 20:13:20";"Thank you for create best app very handy clear design easy to use app companies are mostly Running professional News ,performance, ect all good"
220204;;"2024-08-19 12:41:52";"Tradingview is awesome. I am able to read and understand the charts. My set up is clean. I love it. Even if you delete and reinstall the app, you'll find the set up as it is."
219149;;"2024-08-31 04:52:37";"I left a positive review when I 1st started trading and now I'm back with you guys 4 years later and Man WHAT A BLESSING u guys are to me and my trading. Your charts are beautiful and the platform is so user friendly. I couldn't be more pleased with your product. Thank you for all the updates and improvements you've made over the years. I don't think I'm ever leaving."
201575;;"2024-11-25 12:43:56";Good
201542;;"2024-11-25 20:28:22";"Good app."
201509;;"2024-11-26 04:46:58";"Best aap"
201476;;"2024-11-26 15:13:35";"Is really good"
222229;;"2024-08-13 07:15:15";"Great app"
219408;;"2024-08-28 08:18:14";"Very good 👍👍"
212237;;"2024-09-30 07:13:05";"Cool 😎👍 very nice one"
219978;;"2024-08-22 02:05:14";"Good 👍"
201310;;"2024-11-29 05:03:40";Good
198144;;"2024-12-16 03:22:54";"Very Useful App, Thanks 🌹 Recently updates are very useful 👌"
198145;;"2024-12-16 03:14:08";"Love ❤"
198146;;"2024-12-16 02:38:50";Excellente
198147;;"2024-12-16 02:28:57";Nise
198148;;"2024-12-16 01:58:29";Best
198149;;"2024-12-16 01:55:19";Nice
198150;;"2024-12-16 01:37:09";"Verye good app"
198151;;"2024-12-16 01:11:05";"Love TradingView; app is convenient to check on things."
198152;;"2024-12-16 00:59:47";"Good app"
198153;;"2024-12-16 00:25:07";"Don't know much about this app yet"
198154;;"2024-12-15 23:34:52";"Great on web version"
198155;;"2024-12-15 22:49:43";"good platform"
198156;;"2024-12-15 22:08:04";"very goot app"
198157;;"2024-12-15 21:56:46";"👌 Super service"
198158;;"2024-12-15 21:52:18";"Well is good"
198159;;"2024-12-15 21:14:01";"Perfect, just the ads I don't like much but okay with it, and I hope they don't sell my data cause I didn't read the TOS"
198160;;"2024-12-15 20:57:29";"Cool app"
198161;;"2024-12-15 20:44:14";"it is not opening charts on many mobile phones"
198162;;"2024-12-15 20:27:31";"Very good app. But still getting used to it."
198163;;"2024-12-15 20:14:55";"I really love the way you guys made all the app"
198164;;"2024-12-15 19:44:45";amazing
198165;;"2024-12-15 19:20:37";"Accurate chart pattern"
198166;;"2024-12-15 19:01:37";"Amazing app,I love using it.♥️😘"
198167;;"2024-12-15 18:38:26";"""TradingView is a powerful app for charting and market analysis with a vast array of indicators. However, it would be great to see improvements in mobile performance and the addition of offline chart accessibility. Overall, an essential tool for traders!"""
198168;;"2024-12-15 18:34:40";"No comments. It is the best app."
198169;;"2024-12-15 18:28:39";Lovely
198170;;"2024-12-15 18:15:14";"Wow fx minte"
198171;;"2024-12-15 18:04:15";"I'm a business man and in app millions draw"
198172;;"2024-12-15 17:45:29";"Its amazing"
198173;;"2024-12-15 17:30:57";Good
198174;;"2024-12-15 17:22:31";"Bring back 1000 symbol watch list for free accounts."
198175;;"2024-12-15 17:19:36";🤑😍
198176;;"2024-12-15 17:18:53";"I've learned tons from this app. I've been trading since the pandemic started. I've been with them this whole time. I buy the yearly on black friday or cybermonday. They are always upgrading aswell. Just great overall!"
198177;;"2024-12-15 17:12:34";👌🏻✌🏻
198178;;"2024-12-15 17:10:21";"I love this app,!!!! It's my go to and I make millions trading!!"
198179;;"2024-12-15 17:10:03";"Best app for traders"
198180;;"2024-12-15 16:53:50";Good
198181;;"2024-12-15 16:47:47";👍👌👌
198182;;"2024-12-15 16:47:15";"Accurate trading signals kudos to u guys since I've been using your app it's been win win for me my account has been growing keep up ur good work."
198183;;"2024-12-15 16:45:32";Good
198184;;"2024-12-15 16:39:54";Good
198185;;"2024-12-15 16:31:17";"That's good"
198186;;"2024-12-15 16:27:07";Awesome
198187;;"2024-12-15 16:13:38";Nice
198188;;"2024-12-15 16:12:51";"When TadingView will be on Android 15 based . The app is unable to open on Android 15 based devices"
198189;;"2024-12-15 16:10:51";Good
198190;;"2024-12-15 15:45:40";"Good for use"
198191;;"2024-12-15 15:26:07";"Best chart reading app 👌"
198192;;"2024-12-15 15:19:12";Great
198193;;"2024-12-15 15:17:54";"Great 😃💯"
198194;;"2024-12-15 15:04:24";Excellent
198195;;"2024-12-15 14:49:25";Good
198196;;"2024-12-15 14:39:06";Osm
198197;;"2024-12-15 14:36:19";Sweet
198198;;"2024-12-15 14:03:57";🔥
198199;;"2024-12-15 13:50:55";Good
198200;;"2024-12-15 13:27:50";"Use full"
198201;;"2024-12-15 13:06:59";"Excellent 👌👌👌 ui"
198202;;"2024-12-15 12:05:56";"I love this"
198203;;"2024-12-15 11:30:39";"Overall good app but face problem in switching watchlist. If you can improve that then it'll be best"
198204;;"2024-12-15 11:29:07";"Best app"
198205;;"2024-12-15 11:20:03";"This recent update has made the charts messed up, I can't even use the charts any longer, devs should kindly fix it as we are about to enter a new week."
198206;;"2024-12-15 11:03:48";"best option for professional traders to beginners"
198207;;"2024-12-15 10:16:33";"Good for trading view"
198208;;"2024-12-15 10:06:10";"Just amazing ao far with essential"
198209;;"2024-12-15 09:52:10";"Best trading app so far."
198210;;"2024-12-15 09:49:14";👍
198211;;"2024-12-15 09:37:43";"It should be improve"
198212;;"2024-12-15 09:19:00";"I was able to learn trading from this app and now I am earning very much . All to this app"
198213;;"2024-12-15 09:10:18";"By far the best platform for trade analysis."
198214;;"2024-12-15 08:52:37";"The best of the best"
198215;;"2024-12-15 08:50:29";Excellent
198216;;"2024-12-15 08:40:18";"I love it"
198217;;"2024-12-15 08:23:16";"Very helpful 🙂"
198218;;"2024-12-15 08:11:59";"Awesome but how to add indicators like rsi...after lot of try not adding"
198219;;"2024-12-15 08:10:21";"Very useful for beginners or advance traders. Because of its live and paper trading also...."
198220;;"2024-12-15 07:55:31";"Nice app"
198221;;"2024-12-15 07:47:24";"Good app"
198222;;"2024-12-15 07:40:27";"The best trading platform I've ever known"
198223;;"2024-12-15 07:39:25";"Very good for analysis"
198224;;"2024-12-15 07:27:42";🤯🤯🤯🌹🌹🌹
198225;;"2024-12-15 06:52:34";"Best wishes"
198226;;"2024-12-15 06:36:12";"Best app for financial services"
198227;;"2024-12-15 06:06:14";"Good 👍 thank you trading view"
198228;;"2024-12-15 05:59:28";Good
198229;;"2024-12-15 05:53:47";"Very good for chart analysis"
198230;;"2024-12-15 05:32:03";"good app"
198231;;"2024-12-15 05:03:59";"Very Good with tons of indicators to choose from, including private coders. Only problem cannot use with Sensex due to 15 minutes lag."
198232;;"2024-12-15 04:58:52";"I always check my charts here it's the best even for free users I have it on py PC Iam using it on my phone"
198233;;"2024-12-15 04:55:37";"Great money making app"
198234;;"2024-12-15 04:52:34";"Great but subscription very expensive"
198235;;"2024-12-15 04:48:40";"Thank you TradingView team, Appreciate your efforts and maintaining this essential application for all trades and investors."
198236;;"2024-12-15 04:44:26";Excellent
198237;;"2024-12-15 04:32:51";"Absolutely the best possible charting platform for almost any asset possible."
198238;;"2024-12-15 04:28:08";"Good 👍"
198239;;"2024-12-15 04:17:03";"The app is very nice but its premium price is very high. I hope you will reduce its premium price rate a little."
198240;;"2024-12-15 03:40:57";"The beat broker, best app and best spread leverage, thank you for mr.bobo supporting, good trade experience"
198241;;"2024-12-15 03:31:48";"Since pandemic i love to use this apps. Easy and user friendly. In overall, very recommended to those who are looking for future trading analysis, here it is."
198242;;"2024-12-15 03:02:24";"Nice parform"
198243;;"2024-12-15 02:48:36";"Very nice, but it would be better if we could edit pine script on phones and tablets."
198244;;"2024-12-15 02:17:13";Great
198245;;"2024-12-15 01:53:00";Expensive
198246;;"2024-12-15 01:45:06";"Best app"
198247;;"2024-12-15 01:40:42";"Good ape"
198248;;"2024-12-15 01:07:21";"Ad blocker app detected. Then crashes. Not sure what it is about. Terrible app after updates."
198249;;"2024-12-15 00:22:51";"Nothing better"
198250;;"2024-12-14 23:05:56";"Legit App to aid in Trading"
198251;;"2024-12-14 22:25:22";"Perfect app"
198252;;"2024-12-14 21:44:54";"Been here since 2020 and I'm not going anywhere, would recommend it any day."
198253;;"2024-12-14 21:38:00";"Best of the Best!!!!!!!!!!!!!!!!!"
198254;;"2024-12-14 21:29:20";"Wonderful experience with the app as it posses no problem in use n very helpful"
198255;;"2024-12-14 21:09:46";"My personal opinion is making the bar replay function free of charge so persons may be able to backtest more without having to pay for it. Aside from this the app is great excellent response"
198256;;"2024-12-14 21:02:13";"U Are BeSt ....."
198257;;"2024-12-14 20:51:40";"amazingly simple"
223086;;"2024-08-03 11:30:57";Best
223016;;"2024-08-04 11:56:03";"The chart is not opening even the site is not opening"
222807;;"2024-08-06 10:07:00";"Very god"
222739;;"2024-08-07 03:29:29";"Nice 👍"
222533;;"2024-08-09 13:31:30";Good
222466;;"2024-08-10 15:07:55";"Love this app, 1 day I will be a millionaire Rodney"
222264;;"2024-08-13 01:17:46";"Great App"
222064;;"2024-08-15 07:26:51";"The best app of the world"
222000;;"2024-08-16 01:46:31";"Very good app"
221803;;"2024-08-18 13:01:51";Best
220240;;"2024-08-19 04:21:47";"Excellent 👍"
220177;;"2024-08-19 18:47:08";"Love this app... Love having access to all my charts everywhere I go. Fully functional."
219984;;"2024-08-21 19:18:19";💐💐💐
219922;;"2024-08-22 13:04:00";Njce
219732;;"2024-08-24 13:31:40";"Every think good in your app every news update but one feature is missing stock screener provide in this mobile app in pc version is available please available there It is good for us in one app we get charts news but screener missing ☹️☹️☹️☹️☹️"
219671;;"2024-08-25 11:08:53";"Very good"
219484;;"2024-08-27 12:30:02";Best
219424;;"2024-08-28 03:34:45";"Good app"
219240;;"2024-08-30 05:40:21";"The best app for learning features Thank you so much"
219181;;"2024-08-30 16:48:42";"Please add exness in your broker list"
222231;;"2024-08-13 06:38:23";Good
218942;;"2024-09-02 12:36:17";"very useful 👍"
218884;;"2024-09-03 03:39:59";"love it"
215635;;"2024-09-06 05:40:49";"Very useful for me. Without this app I am not survive in glitch of share market..... I try to recover my losses with this great app Long live coder and programmer"
215578;;"2024-09-06 22:15:37";"Worst app now a days,it doesn't open any chart"
215404;;"2024-09-09 13:19:47";"Edit: Thanks for the update, I can confirm changing settings brought it back to how I like it. I will uphold my concern about charts not updating between symbols if you leave new default option turned on. Used to be very good. After recent update pressing the saved symbol does not open a proper chart but a simplified one with links to trading websites. Bring the old functionality back please, this is unusable especially since the charts now don't quickly update between different symbols."
215348;;"2024-09-10 07:45:14";"the best"
215605;;"2024-09-06 12:48:08";"Not bad"
215122;;"2024-09-12 17:54:14";"Excellent support for me,the application help every traders...."
215067;;"2024-09-13 09:59:52";Good
222778;;"2024-08-06 15:32:11";"Awasome app,magiçal indicators thans team tradingView"
214846;;"2024-09-16 13:40:50";Good
214791;;"2024-09-17 05:07:13";"Good app"
214627;;"2024-09-19 03:41:37";Fine
214574;;"2024-09-19 14:17:46";"Amazing were it not for this app don't know what we could have done on the trading market GOD bless you"
215095;;"2024-09-13 03:54:11";"Awesome app for technical analysis"
214362;;"2024-09-22 11:44:56";Terbaik
214310;;"2024-09-23 03:04:19";"Super good"
212757;;"2024-09-23 11:02:39";"Number one app for trading purpose."
222038;;"2024-08-15 13:46:47";"Best in training to sherr market"
212549;;"2024-09-25 23:15:01";"Thanks for fix the problem in this review. You solved just in 12hours but i forgot to thanks"
212497;;"2024-09-26 13:39:15";"Excellent app."
222039;;"2024-08-15 12:30:38";"Good for analy"
212294;;"2024-09-29 15:50:56";Informative
212243;;"2024-09-30 06:50:14";"Terrible app. Always lags. Always automatic settings change which are kept forever without my permision. My own settings are constantly changing. Always have to refresh an app in order to load a chart. Happened with 2 different phones in 3* different continents with multiple mobile and wi-fi's. It's just suck. Waiting for alternatives from other apps"
222028;;"2024-08-15 16:32:23";"Best but packages is very expressive for Asian countries"
212045;;"2024-10-02 15:21:28";Super
211995;;"2024-10-03 09:53:28";"The best app for trading"
215381;;"2024-09-09 20:10:13";"Very good app"
211802;;"2024-10-06 08:31:01";"Excellent app 👌 & very useful on trade analysis 🫡"
211753;;"2024-10-06 20:01:45";"Why couldnt they offer real time data as standard but anyways this app is a life changer if used right"
212271;;"2024-09-29 22:13:12";🌟🌟🌟🌟🌟
211565;;"2024-10-08 16:19:04";"Just like a Wow"
211517;;"2024-10-09 05:40:21";Exlent
211469;;"2024-10-09 14:41:02";😘
218979;;"2024-09-02 05:33:59";"how to use this app"
211287;;"2024-10-11 15:23:41";"Good app and simple to use"
209740;;"2024-10-12 11:37:01";Cool
209693;;"2024-10-13 04:46:55";"So cheap trading view now Kya improve Kiya hai sab bakwas kar diya hai Sabse men hota hai screen analysis karne ke liye screen kam kar diya hai tool kya Kam ki jab screen nahin mil rahi hai to aur kya update hai yah Jo update hai mobile phone ke liye kuchh kam karne mein han ho sakta hai laptop aur tablet ke liye aur mobile ke liyebakwas hai sub screen hi khatm kar di hai"
214284;;"2024-09-23 06:18:58";❤️❤️❤️
209517;;"2024-10-15 03:38:14";"Solid platform. Would like the mobile app to allow you to collapse panes."
209471;;"2024-10-15 10:25:32";"modern ui and alot of cool stuff with the app you can do! live it"
209425;;"2024-10-16 01:12:54";"Nice app but some problems here"
214555;;"2024-09-19 17:04:36";"Awesome app"
209255;;"2024-10-17 17:03:33";👍
209210;;"2024-10-18 07:15:36";nice
209165;;"2024-10-18 15:08:01";"Super hero for stock market"
220213;;"2024-08-19 09:57:40";"All treading apps is a qismat porhi ...lag gi TU krorh Patti na lagi ta tusi road pattiii. Kasam c . . My 7 years experience ha but mila kuch bi ni.."
209001;;"2024-10-21 01:57:22";"Please increase watchlist It's very helpful to make money Please provide cpr indicator"
208958;;"2024-10-21 10:32:52";"Very good trading"
208914;;"2024-10-21 23:36:11";Good
212077;;"2024-10-02 08:32:12";"Nice app"
222790;;"2024-08-06 13:19:47";"Best app for trading analysis"
208713;;"2024-10-24 10:08:10";"Disgusting ads every 2 minutes in the app, trying to force me to buy the subscription."
208671;;"2024-10-24 18:32:53";good
209238;;"2024-10-17 21:57:59";Awesome!
215619;;"2024-09-06 09:47:13";"Doing well.. But making the platform totally free for traders would be very apprecited!!!"
208480;;"2024-10-27 12:45:27";"What a wonderfull app u develop this app is so amazing and helper to the young traders"
208439;;"2024-10-28 05:04:19";"Superb chart"
208398;;"2024-10-28 15:07:04";Awesome
211501;;"2024-10-09 07:50:32";"This is second time I am raising complaint still not solved you said ki clear app data and restart I have done everything even uninstall and reinstall the app buts no use because of the update"
209725;;"2024-10-12 15:25:32";Ok
219225;;"2024-08-30 07:07:08";"Very useful application"
205149;;"2024-10-31 12:21:01";"106 = Chase MONEY and the REST will FOLLOW"
205110;;"2024-11-01 01:47:49";good
205071;;"2024-11-01 10:51:41";"pliz sir Add the FBS trading broke. in trading view"
209411;;"2024-10-16 04:23:29";Gud
215564;;"2024-09-07 06:43:02";"Hello TradingView Team, I would like to request a feature enhancement regarding the stock screener's position on the chart layout. Currently, the screener is fixed at the bottom of the screen, but it would be highly beneficial if we had the option to move it to the left side of the screen, replacing the watchlist. This flexibility would allow users like myself to simultaneously monitor live day change data in the screener while having the chart more centered or on the right side. It will great"
204900;;"2024-11-03 18:40:42";Good
204862;;"2024-11-04 06:24:59";"Excellent platform"
204824;;"2024-11-04 14:26:31";Good
208467;;"2024-10-27 16:26:47";"Nice experience"
212536;;"2024-09-26 04:16:25";"Excellent but now software is too much unstable"
222726;;"2024-08-07 05:34:24";"Ads are disgusting"
204624;;"2024-11-06 16:33:52";"Best of the best"
204587;;"2024-11-07 04:36:07";Good
204550;;"2024-11-07 13:43:00";👍👍👍👍
209153;;"2024-10-18 17:23:50";"Favourite App"
214888;;"2024-09-16 04:12:37";Good
204396;;"2024-11-09 13:36:46";"Great app, best of the best"
204360;;"2024-11-10 02:33:07";"Reduce the Cost of subscription...."
204324;;"2024-11-10 11:14:02";"Not showing any chart"
204288;;"2024-11-10 19:16:49";"This is the application that has given millions of dollars to people and by providing absolutely free services. Thank you TradingView Team"
215560;;"2024-09-07 07:54:44";"Recommended strongly"
215094;;"2024-09-13 03:59:46";"Great app"
204142;;"2024-11-12 06:40:47";👍
204106;;"2024-11-12 13:47:33";"Good training"
204070;;"2024-11-13 00:06:52";"Best app"
204034;;"2024-11-13 11:59:24";"Great app"
211731;;"2024-10-07 03:34:59";"Trading view is the best"
212591;;"2024-09-25 10:44:26";Good👍👍
222729;;"2024-08-07 05:04:15";"I liked this"
203857;;"2024-11-15 13:08:34";"This is a really helpful application for charts ... I'm unable to find chats option in tradingview app like we have on its website ( chats and talks ) Anyone please help me to know where is that chats and talks option on the app. Thank you"
203821;;"2024-11-15 23:31:18";Ok
203785;;"2024-11-16 08:54:07";"It's good app"
202249;;"2024-11-17 01:29:32";"It's really very good and useful Apps or Website. Thanks you for Supporting us."
204853;;"2024-11-04 07:28:11";"Trading view is just like angel"
211460;;"2024-10-09 16:00:21";"Brilliant ❤️"
219172;;"2024-08-30 18:26:55";"Excellent 👍"
202082;;"2024-11-19 06:38:41";"Awesome app, can view real time compare to other apps"
202047;;"2024-11-19 13:34:01";"I've been charting TradingView is by far a God given trading software to go to"
202012;;"2024-11-19 20:59:45";Amazing
202241;;"2024-11-17 07:40:52";"Easy to use !!!"
211787;;"2024-10-06 12:07:12";Good
211987;;"2024-10-03 11:37:57";"This app is most NOLEGEBAL"
219914;;"2024-08-22 14:12:25";"Nice app"
201821;;"2024-11-22 05:13:17";"Annoying large ad that pops up every second. This is more like AdView not tradingview."
201787;;"2024-11-22 11:52:51";"App is not opening in my phone I am using Android 15 nothing phone 2a"
201753;;"2024-11-22 18:47:43";"please make tradingview exciting create some new tools,make it enjoyable"
202040;;"2024-11-19 14:46:31";"Simple and Reliable"
219410;;"2024-08-28 07:47:27";"excellent and very good apps, 🤝"
211462;;"2024-10-09 15:43:25";"I feel very comfortable using Trading View. That's more important for a focused trader. It's Top Class. User friendly."
218935;;"2024-09-02 14:39:57";👍🏻
201574;;"2024-11-25 12:47:38";"Excellent need to add 1. HA candle cut and play 2. Nse historical options data"
201541;;"2024-11-25 20:33:40";"Very Helpfull thank you"
201508;;"2024-11-26 04:51:50";Best
201475;;"2024-11-26 16:03:06";"Support best time"
204064;;"2024-11-13 03:42:58";"Thousan time of stars i like it and good இடைவேளையில் சில add வருது பிரீமியம் மாதம் மற்றும் பூனை இது இல்லாமல் இருந்தால் நன்று"
209676;;"2024-10-13 10:42:00";"But not so good"
212288;;"2024-09-29 17:02:44";🔥🔥🔥🔥
220171;;"2024-08-19 20:31:10";"Good app"
201309;;"2024-11-29 05:38:31";"Not available for Android TV 11, why?"
198400;;"2024-12-13 15:35:40";"Super market"
198401;;"2024-12-13 15:28:35";Good
198402;;"2024-12-13 15:08:48";"Had to switch to much older version to fix sluggishness and fix all other issues such as charts not displaying on main screen if formulas had division symbols. Now happy all working again how it used to. Moto, if not broken, don't fix it."
198403;;"2024-12-13 15:02:01";"Good morning"
198404;;"2024-12-13 14:23:20";"Still learning"
198405;;"2024-12-13 14:20:54";"Great and easy to use app. 👍 I love it"
198406;;"2024-12-13 14:14:39";"Update: We understand that you need Ads to provide more features. All developers do!. But most people don't want the Ads, Keep that ton of features to those who pay and keep it Small, Clean & Ads free for those who don't want to pay. It's a really good platform. Also, it's very unfortunate that nobody can enjoy anything because of the Ads."
198407;;"2024-12-13 13:54:10";"Quite the funniest house rules I've ever read in the Ts &C's. Love it guys!"
198408;;"2024-12-13 13:43:46";"Great app."
198409;;"2024-12-13 13:04:26";"Excellent 👍"
198410;;"2024-12-13 13:00:22";"Very helpful"
198411;;"2024-12-13 12:51:26";"Very easy and good to navigate"
198412;;"2024-12-13 12:48:36";"Excellent is an understatement for you 🔥"
198413;;"2024-12-13 12:46:20";"Pepperstone amazing to trade ,fast withdrawal and friendly customer service all good , and thank for the opportunity Mr syamil"
198414;;"2024-12-13 12:33:55";Good
198415;;"2024-12-13 12:30:11";"Smooth 🍦"
198416;;"2024-12-13 11:41:29";"Udah bagus sekarang, lupa diedit."
198417;;"2024-12-13 11:22:59";best
198418;;"2024-12-13 11:20:24";"Good and friendly platform for traders"
198419;;"2024-12-13 11:00:20";"This is a great and beginner friendly trading platform which helps in practice trading and has all necessary tools"
198420;;"2024-12-13 10:53:41";"Very good app for trading financial Markets"
198421;;"2024-12-13 10:48:23";"Good App"
198422;;"2024-12-13 10:18:06";تنویراحمد
198423;;"2024-12-13 10:16:50";"All the time when i open the app watchlist looks good price changing but when click ok the chart chart not opening."
198424;;"2024-12-13 10:08:51";super
198425;;"2024-12-13 09:46:42";"It is a n effective tool for analysis especially the mobile"
198426;;"2024-12-13 09:08:52";"Best app for making distribution"
198427;;"2024-12-13 09:05:52";"Nice app"
198428;;"2024-12-13 08:33:59";"Good for treder"
198429;;"2024-12-13 08:21:16";"I have to choose my preferred market and the exchange every time I want to see my preferred chart. Why there isn't any option for that so I don't do it every time?! Please give us an update for that. It's annoying...😩"
198430;;"2024-12-13 08:07:23";"This application best for demo treat"
198431;;"2024-12-13 08:04:17";"You guys pushes the upgrades to much. It's beyond anoying"
198432;;"2024-12-13 07:24:31";"The best, suits me well."
198433;;"2024-12-13 07:03:20";Bad
198434;;"2024-12-13 06:24:46";"Just normal"
198435;;"2024-12-13 06:12:24";Awesome
198436;;"2024-12-13 06:09:32";"Very very nice."
198437;;"2024-12-13 05:55:43";"All good but fix some bugs"
198438;;"2024-12-13 05:50:26";Good
198439;;"2024-12-13 05:42:34";"Market Analysis Good App🖤"
198440;;"2024-12-13 05:34:40";Perfect
198441;;"2024-12-13 05:30:08";"Great app"
198442;;"2024-12-13 05:20:11";"Nice tool"
198443;;"2024-12-13 05:12:09";"Powerful, insightful and comprehensive. Thank you."
198444;;"2024-12-13 04:56:05";"Nothing you asked for review so"
198445;;"2024-12-13 04:52:18";"Very good trading platform for chart indicator"
198446;;"2024-12-13 04:31:12";Good
198447;;"2024-12-13 04:29:25";"Best app"
198448;;"2024-12-13 04:17:57";best
198449;;"2024-12-13 04:08:25";"Very good"
198450;;"2024-12-13 04:06:10";"Good man"
198451;;"2024-12-13 04:05:18";"Am no longer happy with tradingview, it's become too expensive for a trader like me to afford every single month for the essential version. Before I pay #14,990 Naira now the price double suddenly to #31,590 Naira. Please am appealing tradingview recheck the pricing, and slash it down a little please. The economic hardship in Nigeria is hard to afford this every single month."
198452;;"2024-12-13 04:02:40";"Great and very well for traders"
198453;;"2024-12-13 04:01:16";"Very well"
198454;;"2024-12-13 03:50:11";excellent
198455;;"2024-12-13 03:41:48";"Without it everything imposible. ✋✋✋✋🙏 thanks so much"
198456;;"2024-12-13 03:22:50";"That is a great full app"
198457;;"2024-12-13 03:10:24";🤩🤩
198458;;"2024-12-13 03:02:43";"Wonderful experience Keeps up to date news"
198459;;"2024-12-13 02:53:16";"Best chart forever"
198460;;"2024-12-13 02:18:34";"Very good for share market technical analysis and fundamentals analysis"
198461;;"2024-12-13 02:09:44";"Better informative app"
198462;;"2024-12-13 02:05:24";"Def an app required for new traders and def. go for the basic package for the replay function."
198463;;"2024-12-13 01:37:52";"Every trader's personal app"
198464;;"2024-12-13 01:16:49";"Best in the world"
198465;;"2024-12-13 00:44:58";Works
198466;;"2024-12-13 00:24:58";nice
198467;;"2024-12-13 00:23:41";"Great app but please provide Stock Screener in mobile version too."
198468;;"2024-12-12 23:47:47";"Please Add Zerodha broker"
198469;;"2024-12-12 22:44:57";"Immaculate conception"
198470;;"2024-12-12 22:14:11";"Best app trading platform ever except there is a gap on the oanda server"
198471;;"2024-12-12 22:12:42";"Best app ever"
198472;;"2024-12-12 21:36:19";Good
198473;;"2024-12-12 21:26:39";"It's wounder full apps"
198474;;"2024-12-12 21:07:36";"Good fast and easy works anywhere and can connect to two diveses"
198475;;"2024-12-12 20:05:59";"Ads every time you open the app make it beyond annoying"
198476;;"2024-12-12 20:03:23";"The update of 2024/12 month is of no use, the chart looks like it has been filled in, it is boring to analyze.🤮🤮🤮🤮"
198477;;"2024-12-12 20:00:28";"Best apps for check the murket uldates"
198478;;"2024-12-12 19:54:13";Riveting
198479;;"2024-12-12 19:10:25";"The new update is a total disaster! Paid for 12 months subscription and after 2 months this updated version came in, neither we can effectively use it nor get a refund! Useless anymore!"
198480;;"2024-12-12 18:41:28";"Kindly add the screener option in the app!!!! It is much needed!!"
198481;;"2024-12-12 18:27:46";Good
198482;;"2024-12-12 18:19:50";Amazing
198483;;"2024-12-12 18:13:37";"Lovely and good to analyse"
198484;;"2024-12-12 18:07:19";"It is awesome. Thank you. It helped me grow alot even with free version. Keep up!"
198485;;"2024-12-12 17:57:42";"Hey i use Android 8 , but trading view failed to show chart yet it opens all other features. Some1 to help"
198486;;"2024-12-12 17:55:14";Better
198487;;"2024-12-12 17:40:28";"Love this app. I have learned alot from useing it. Love the ""paper money"" trades fir people just starting to dabble in the markets or coins."
198488;;"2024-12-12 17:38:54";Nice
198489;;"2024-12-12 17:35:15";"Free kardo"
198490;;"2024-12-12 17:07:46";"Best app in trading lol"
198491;;"2024-12-12 17:06:35";"Good app"
198492;;"2024-12-12 16:51:24";❤️‍🩹
198493;;"2024-12-12 16:45:47";"Easy to use and it's interface is quite impressive than others"
198494;;"2024-12-12 16:21:21";"Use th app daily with scripts and alerts work well for most part. Not sure why sometimes a few are missed."
198495;;"2024-12-12 16:19:59";"Amazing learning experience"
198496;;"2024-12-12 16:07:26";"🥳 I'm very happy"
198497;;"2024-12-12 16:02:57";"I have been using trading view for years now and have nothing but amazing things to say. Super reliable professional and always evolving."
198498;;"2024-12-12 16:01:12";Impresive!
198499;;"2024-12-12 15:59:01";Good
198500;;"2024-12-12 15:58:51";Good
198501;;"2024-12-12 15:54:42";😘😘😘😘😘😘
198502;;"2024-12-12 15:43:33";"Best app for trading field"
198503;;"2024-12-12 15:31:07";"Good experience"
198504;;"2024-12-12 15:28:44";"Very nice app, it provides more useful market information, easy to understand common man"
198505;;"2024-12-12 15:27:53";Good
198506;;"2024-12-12 15:15:25";"Neves crashed"
198507;;"2024-12-12 14:52:51";Nice
198508;;"2024-12-12 14:44:15";"Very good 😊"
198509;;"2024-12-12 14:42:40";"Its truly good"
198510;;"2024-12-12 14:36:36";"Good app but where are indicators? I checked with other internet it's working,but on Zong internet it's not working?"
198511;;"2024-12-12 14:27:10";Good
198512;;"2024-12-12 14:22:51";"Majedar aap he achi practise hoti he"
198513;;"2024-12-12 14:22:06";"Good work"
223085;;"2024-08-03 11:33:18";"Add screener as available on web version."
223015;;"2024-08-04 12:08:00";Nice
222806;;"2024-08-06 10:16:41";"Nice and esy app"
222738;;"2024-08-07 03:39:19";Great
222532;;"2024-08-09 13:56:50";"Easy to use and understand. Best and most practical chart out there."
222465;;"2024-08-10 15:14:13";nice
222263;;"2024-08-13 01:24:55";Excellent
222063;;"2024-08-15 07:45:43";"The best"
221999;;"2024-08-16 01:57:02";"Super Super"
221802;;"2024-08-18 13:06:31";Super
220239;;"2024-08-19 04:24:08";"Thanks for all"
220176;;"2024-08-19 18:58:54";"Very good 👍"
219983;;"2024-08-21 20:13:29";"Lots of learning n supportive,...."
219921;;"2024-08-22 13:13:00";"I love it"
219731;;"2024-08-24 13:34:13";"It's a good app"
219670;;"2024-08-25 11:40:59";"Good app to be honest"
219483;;"2024-08-27 12:41:50";Best
219423;;"2024-08-28 04:13:43";Good
219239;;"2024-08-30 05:46:56";Vvvnice
219180;;"2024-08-30 16:50:34";"Very Good App"
222296;;"2024-08-12 15:49:20";"Excellent platform"
218941;;"2024-09-02 12:51:56";"So very easy"
218883;;"2024-09-03 03:42:02";"Good app for chart learning"
215634;;"2024-09-06 05:56:08";"Bhahut hi aacha aap hai likin .. indicator bahut kam free hai free version me ..har koi primeum afford nahi kar sakte esliye plz 2. Or free kardo"
215577;;"2024-09-06 22:21:50";"It's a good and fantastic app. Keep it up!"
215403;;"2024-09-09 13:30:58";"Good apps for review the all market"
215347;;"2024-09-10 07:49:51";"Good trading aap"
215662;;"2024-09-05 19:02:56";"Trading view is spectacular."
215121;;"2024-09-12 18:04:22";Helpful
215066;;"2024-09-13 10:12:09";"Nice app 👌"
222987;;"2024-08-04 21:17:09";Smooth
214845;;"2024-09-16 13:44:16";Superb
214790;;"2024-09-17 05:37:03";"Awesome charting plateform for trading lovers"
214626;;"2024-09-19 03:49:53";Good
214573;;"2024-09-19 14:28:39";"THIS APP HELP ALL TO BIGGANERS TRADER"
215150;;"2024-09-12 11:49:06";"This app is very helpful"
214361;;"2024-09-22 12:16:11";"Excellent app."
214309;;"2024-09-23 03:07:24";"It refreshes very late...stops very often ...But better in market"
212756;;"2024-09-23 11:14:35";"GOOD APP"
222238;;"2024-08-13 05:53:10";😊👍
212548;;"2024-09-26 00:55:14";"Nice platform"
212496;;"2024-09-26 13:40:07";"One of the best apps for both novice and experienced traders. Very user-friendly and has very useful forex tools."
222239;;"2024-08-13 05:50:41";"Good app"
212293;;"2024-09-29 15:53:38";Nice
212242;;"2024-09-30 07:04:09";"It offers the best trading tools so it's perfect in all types of analysis and strategies 🥰🤞"
219960;;"2024-08-22 05:42:28";"Helpful TV"
212044;;"2024-10-02 15:22:49";Good
211994;;"2024-10-03 10:00:09";"That's great 👍👍"
215555;;"2024-09-07 10:36:51";"World's best trading app I have learnt so much from it"
211801;;"2024-10-06 08:46:52";"Superb App"
211752;;"2024-10-06 20:25:01";"Good if they give some more tools free it will be good"
212322;;"2024-09-29 06:00:38";Excellent
211564;;"2024-10-08 16:29:56";"Nice a paper trade"
211516;;"2024-10-09 05:43:37";"Best app for analysing market trends"
211468;;"2024-10-09 14:57:22";"Nice app"
219160;;"2024-08-31 00:56:11";"Bast app"
211286;;"2024-10-11 16:37:41";"This app is very helpful."
209739;;"2024-10-12 12:00:48";"Quite amazing"
209692;;"2024-10-13 04:57:28";"Awesome app, 👌"
212528;;"2024-09-26 05:22:05";"I really need the option to make the weekly candle starting from Monday and ends on Sunday, even for markets that start the week from Saturday to Friday. Please, give me the option to choose how I start the week candle"
209516;;"2024-10-15 03:43:21";Excellent
209470;;"2024-10-15 10:30:10";"A blessing for traders and learners. Thankyou"
209424;;"2024-10-16 01:25:34";"The update is good adding the pine coder was a game change the only problem I have is that we don't even know where to learn pine script there are no videos on how we can create indicator with pinescript even on YouTube I wish they could atleast upload videos giving us tutorial about pinescript"
214608;;"2024-09-19 06:44:09";"It's an incredible platform."
209254;;"2024-10-17 17:24:13";Nice
209209;;"2024-10-18 07:31:18";Good
209164;;"2024-10-18 15:09:03";"Please free all"
214556;;"2024-09-19 17:02:03";"Free indicators are only 2"
209000;;"2024-10-21 02:02:45";"This is a great app.Thank you very much."
208957;;"2024-10-21 10:45:38";"Heaven for people who can't pay"
208913;;"2024-10-22 00:35:48";"Thanks for finally making this app usable on mobile again by adding a few more shortcuts available without using the slow menus with several clicks and swipes. Now I can finally stop using the old unsupported version when multi chart layouts are useable again. Wish I could customize the buttons and add a few more."
212225;;"2024-09-30 10:01:09";"Excellent app. Back bone of trading analysis."
222999;;"2024-08-04 15:55:16";"Amazing app to analyse the market"
208712;;"2024-10-24 10:12:02";"Starting to learn fx mkt with this"
208670;;"2024-10-24 19:00:49";"Best of the best"
219405;;"2024-08-28 09:11:17";Awesome
220208;;"2024-08-19 11:18:34";"If you follow the path and it showed me the right way and pay attention you can make real profit up here"
208479;;"2024-10-27 13:21:28";"Something went wrong error after few seconds. Chart blinking and if plotting drawing at same time it stuck on chart without ending have to force close and restart to plot drawing. If looking backdated charts after blink it get to current date and time. Unable to do analysis."
208438;;"2024-10-28 05:22:54";"I like too much ..."
208397;;"2024-10-28 15:18:01";Best
211549;;"2024-10-08 21:25:52";Good
209772;;"2024-10-12 02:32:20";"Good bit slow while loading even I use 5g"
219409;;"2024-08-28 07:47:47";Nice
205148;;"2024-10-31 12:51:52";🥳🥳🥳
205109;;"2024-11-01 01:52:13";"Can you lower for the premium subs. Will be more better more cheaper than now as i sure will there many will subscribe it. Btw 5S for good app"
205070;;"2024-11-01 11:07:09";"Excellent 👌"
209457;;"2024-10-15 13:04:08";"We should have an even larger screen view"
215621;;"2024-09-06 09:12:51";Good
204899;;"2024-11-03 18:42:58";"Good Service"
204861;;"2024-11-04 06:33:07";𝗀𝗈𝗈𝖽
204823;;"2024-11-04 14:34:17";"Amazing Platform! 🤩 TradingView has revolutionized my trading experience! 📈 - Real-time data & charts - Community insights & ideas - Customizable indicators & alerts - User-friendly interface Top-notch platform for traders & investors! 💸 Highly recommended! 👍"
220224;;"2024-08-19 07:06:03";"Best app"
212588;;"2024-09-25 11:06:29";"Great app"
222794;;"2024-08-06 12:31:25";Well
204623;;"2024-11-06 16:34:40";"Much bettet than all other I used mt4, DT7, motive wave and all other, but this one is the best, easy to use"
204586;;"2024-11-07 05:34:00";"Good information"
204549;;"2024-11-07 13:52:23";"There is lot indicator, but can use only two, Increase capacity of indicator up to 5, Make prices more affordable... For retail client."
209198;;"2024-10-18 08:59:58";"best service"
215055;;"2024-09-13 11:58:54";"My trading view isn't working why??"
204395;;"2024-11-09 13:54:04";Good
204359;;"2024-11-10 03:22:04";"Best app"
204323;;"2024-11-10 11:15:09";"Over the year ads increased alot"
204313;;"2024-11-10 13:47:19";"After my free trial I was automatically debited for a paid plan of which I never signed in for .... And it's days now I haven't gotten the refund after requesting refund .. Please fix this"
209154;;"2024-10-18 17:22:38";Best
214835;;"2024-09-16 15:11:05";"Best app for trading"
204141;;"2024-11-12 06:54:56";"Best and better"
204105;;"2024-11-12 13:58:40";"been years using this app with no issue, but lately it will force closed on every open app, any idea why this happen?"
204069;;"2024-11-13 01:34:33";"I rate 3 star about the bug won't delete sometimes alert lines"
204033;;"2024-11-13 12:05:13";"Very helpful"
208661;;"2024-10-24 23:33:19";"This app is amazing My dad showed me it and he told me do something business in your life so I tried it and I learned it"
212747;;"2024-09-23 13:19:10";Phenomenal
222797;;"2024-08-06 11:57:55";"So far, so good."
203856;;"2024-11-15 13:13:44";Ok
203820;;"2024-11-15 23:33:30";"Always works. Always updated."
203784;;"2024-11-16 10:15:47";"Its a best apps"
202248;;"2024-11-17 01:52:35";"Awesome app"
204891;;"2024-11-03 21:48:22";📊
211508;;"2024-10-09 07:07:48";"New update is really confused.. I can't operate like previous app"
219231;;"2024-08-30 06:40:27";Excellent
202081;;"2024-11-19 06:48:10";fantastic
202046;;"2024-11-19 13:52:27";"Nice good"
202011;;"2024-11-19 21:01:12";Nice
202277;;"2024-11-16 12:30:00";Nice
212079;;"2024-10-02 07:43:49";"This app has always been the frontrunner and one would always cherish to join paid version . I hope my trading volume increases to level where I can join same at black friday discount offer."
212037;;"2024-10-02 17:11:50";👍
219976;;"2024-08-22 03:08:13";"Bht badea"
201820;;"2024-11-22 05:29:29";"Nice 👍"
201786;;"2024-11-22 11:58:10";"Good apo"
201752;;"2024-11-22 18:55:38";Interstellar
202075;;"2024-11-19 07:41:02";Awesome
222243;;"2024-08-13 05:15:35";"Excellent. Integrate to argentine brokers please! @byma"
211510;;"2024-10-09 06:45:20";"It has Everything"
223265;;"2024-08-01 11:25:37";Best
201573;;"2024-11-25 12:48:33";Good
201540;;"2024-11-25 21:11:47";"Nice app"
201507;;"2024-11-26 04:54:19";Exceptional
201474;;"2024-11-26 16:14:09";"Great 👍 app"
204100;;"2024-11-12 16:00:42";"Main chart is not opening on my phone. what's the problem. Device: Infinix hot 8"
208665;;"2024-10-24 22:38:45";"Best in technical analysis and tools"
222991;;"2024-08-04 19:09:33";"Awesome 👌"
220234;;"2024-08-19 05:44:07";Good
201308;;"2024-11-29 06:22:02";Excellent
198656;;"2024-12-11 13:52:06";"Best app"
198657;;"2024-12-11 13:40:15";Good
198658;;"2024-12-11 13:34:35";"I've been using TradingView on my mobile, and it's been an excellent experience. The app is incredibly smooth and user-friendly, making it perfect for on-the-go trading and analysis. It's packed with powerful tools for technical analysis, with clean and customizable charts that are easy to use. Whether you're a beginner or a professional trader, this app has everything you need to make informed decisions. Highly recommended!"
198659;;"2024-12-11 13:18:57";Superr
198660;;"2024-12-11 13:15:01";"You know when am Gona lay my strategies, trading view is best always"
198661;;"2024-12-11 13:10:58";"Extremely user friendly application. It provides real-time price movements for stocks listed on any stock exchange, commodities and cryptos. For part and full time traders I would strongly recommend TradingView."
198662;;"2024-12-11 13:10:21";"Excellent and very very nice app in stock market. Wonderful performance app. Every script, every indicator available in this app. Such a fantastic app for trading software. Some request is subscription annual price between 20000 to 25000. Such a good thing."
198663;;"2024-12-11 13:03:30";Bestest
198664;;"2024-12-11 12:43:38";"Just love the way it works"
198665;;"2024-12-11 12:42:17";😏
198666;;"2024-12-11 12:40:36";good
198667;;"2024-12-11 12:37:41";good
198668;;"2024-12-11 12:18:20";"Good app"
198669;;"2024-12-11 11:57:57";"The best app"
198670;;"2024-12-11 11:44:57";"Great work"
198671;;"2024-12-11 11:43:58";"Best trading app"
198672;;"2024-12-11 11:21:59";nice
198673;;"2024-12-11 11:15:18";"Good appps for me"
198674;;"2024-12-11 11:15:17";"Charts are not opening from the past few days."
198675;;"2024-12-11 11:10:16";"No chat on Android app?"
198676;;"2024-12-11 11:03:56";"Great app to check your stocks app is bug free. Smoth experience"
198677;;"2024-12-11 10:59:39";Good
198678;;"2024-12-11 10:32:11";"The best👑"
198679;;"2024-12-11 09:54:45";"Not open chart 😠😠😠😠"
198680;;"2024-12-11 09:31:53";"Like ,😘🤩👍👍👍✅✅✅✅"
198681;;"2024-12-11 09:20:51";"Privides good view. But you cant sign in Hoeror keep telling me Oops someting went wrong ! changed my pass couple off times the same. meory problem slow update"
198682;;"2024-12-11 09:20:34";"10/10. Definitely would recommend."
198683;;"2024-12-11 09:13:18";"The project is very well executed and the results are impressive. Trading veiw app is osm i like it ❤️❤️"
198684;;"2024-12-11 08:50:44";"l cannot zoom the chart into bigger size on moving left to right what is this so boring"
198685;;"2024-12-11 08:48:35";"""TradingView is an exceptional platform for traders! The real-time data, comprehensive technical analysis tools, and community-driven insights have taken my trading to the next level. The customizable charts, alerts, and paper trading features are particularly impressive. The user-friendly interface makes it easy to navigate, even for beginners. I've tried several trading platforms, but TradingView stands out for its accuracy, reliability, and innovative features. Highly recommended for trade"
198686;;"2024-12-11 08:47:31";"Zer gut!"
198687;;"2024-12-11 08:46:17";"TradingView is an excellent platform that provides all the necessary tools for trading and analysis. Its user-friendly interface, advanced charting options, and real-time data make the trading experience extremely easy and great. I highly recommend it! #BornToBeTrade #TradingView #Investing"
198688;;"2024-12-11 08:45:44";"Nice app"
198689;;"2024-12-11 08:45:44";"Its just the best"
198690;;"2024-12-11 08:23:31";"Op app"
198691;;"2024-12-11 08:13:54";"Best platform"
198692;;"2024-12-11 07:46:32";"I always recommend this app for a clean analysis."
198693;;"2024-12-11 07:43:11";"Better than yesterday"
198694;;"2024-12-11 07:37:55";"Best app for every trader imo"
198695;;"2024-12-11 07:26:35";"Super charts"
198696;;"2024-12-11 07:25:34";"Very nice app"
198697;;"2024-12-11 07:13:42";"Good 👍"
198698;;"2024-12-11 07:02:43";"It's website and software is not working on laptop . Kindly fix it ."
198699;;"2024-12-11 06:59:54";"It provides the clarity"
198700;;"2024-12-11 06:22:38";"Slow server 7 second in real time chart."
198701;;"2024-12-11 06:11:32";Thankful
198702;;"2024-12-11 06:11:20";"Make a Faster experience"
198703;;"2024-12-11 06:00:13";"Good apps"
198704;;"2024-12-11 05:54:35";nice
198705;;"2024-12-11 05:51:43";Nice
198706;;"2024-12-11 05:36:58";"Money maker 30000000"
198707;;"2024-12-11 05:33:31";Best
198708;;"2024-12-11 04:59:22";"Best charting app"
198709;;"2024-12-11 04:54:06";"My 1699inr automatically deducted Please refund my money Free trial buy kar raha tha mai to mera paise apne aap kyu deduct ho gaya"
198710;;"2024-12-11 04:32:54";Superb
198711;;"2024-12-11 04:26:28";"upload error 👎🏻"
198712;;"2024-12-11 04:24:09";Excellent
198713;;"2024-12-11 03:58:24";"No 1 app"
198714;;"2024-12-11 03:57:44";Good
198715;;"2024-12-11 03:54:45";👍👍👍👍👍
198716;;"2024-12-11 03:54:33";Good
198717;;"2024-12-11 03:40:07";"Nice experience"
198718;;"2024-12-11 03:18:13";"User friendly"
198719;;"2024-12-11 03:11:28";"very good"
198720;;"2024-12-11 02:59:06";"This is best app to analysis charts And learn about trading"
198721;;"2024-12-11 02:57:41";"Coola and has customize indicators even for free users."
198722;;"2024-12-11 02:51:58";"Best one for chart reading ,,,when you are at learning stage"
198723;;"2024-12-11 02:32:39";"Very Nice trading app"
198724;;"2024-12-11 02:14:14";"This app is awesome"
198725;;"2024-12-11 01:35:48";Excellent
198726;;"2024-12-11 01:29:18";"Intra day tips can be improve"
198727;;"2024-12-11 01:22:51";Good
198728;;"2024-12-11 01:07:41";"Very nice App for chart reading."
198729;;"2024-12-11 00:20:51";"Though I'm a newbie, I find it very useful. Literally the best"
198730;;"2024-12-11 00:16:03";"Chart view experience is awesome if this app would have a option for broker, that would be great 👍"
198731;;"2024-12-10 22:34:37";Fantastic
198732;;"2024-12-10 22:03:57";"Can you change alerts like telegram where alerts are few seconds longer would be game changer and if you differentiate sounds from normal notifications thankyou"
198733;;"2024-12-10 20:32:43";"Trading view is the best"
198734;;"2024-12-10 20:14:38";💯Satisfied
198735;;"2024-12-10 20:00:50";Good
198736;;"2024-12-10 19:04:22";"Good experience"
198737;;"2024-12-10 18:53:07";"Thx to this app I'm a billionaire now"
198738;;"2024-12-10 18:50:12";Good
198739;;"2024-12-10 18:47:29";"My trading view app doesn't open . also i was trying to open in PC & laptop but trading pages doesn't open but internet connection is ok. i can open other apps & site in same internet connection but trading view didn't open. please solve this problem."
198740;;"2024-12-10 18:09:54";"The best absolutely the best especially the demo acc for trainees"
198741;;"2024-12-10 18:03:42";"Excellent service"
198742;;"2024-12-10 17:23:18";"Good Good"
198743;;"2024-12-10 17:19:22";Ok
198744;;"2024-12-10 16:58:42";"Just awesome."
198745;;"2024-12-10 16:52:12";"Wonder 🤔 ful"
198746;;"2024-12-10 16:37:04";"Best app"
198747;;"2024-12-10 16:34:45";"Very great exceptional experience"
198748;;"2024-12-10 16:00:53";"Superb Experience...!!"
198749;;"2024-12-10 15:48:44";"Excellent 👌"
198750;;"2024-12-10 15:43:27";👍😊
198751;;"2024-12-10 15:37:02";"Nice to frequently giving updates"
198752;;"2024-12-10 15:26:36";Superb
198753;;"2024-12-10 15:16:21";"Wow 🥰🥰🥰"
198754;;"2024-12-10 15:14:33";"Awesome 👌"
198755;;"2024-12-10 14:58:40";Great
198756;;"2024-12-10 14:36:51";"Good explanation"
198757;;"2024-12-10 14:35:00";Nice
198758;;"2024-12-10 14:02:36";"Useless update , you made difficult to plot option ratio chart"
198759;;"2024-12-10 13:42:33";"Great software for technical analysis. Try to release some more features for free version. Thank you."
198760;;"2024-12-10 13:40:19";"Nice I really love the interface and how easy it is to make an order"
198761;;"2024-12-10 13:36:56";Great
198762;;"2024-12-10 13:05:40";Bestv
198763;;"2024-12-10 13:04:00";"Just good for viewing"
198764;;"2024-12-10 12:59:49";Osm
198765;;"2024-12-10 12:58:45";"Don't ask me why try it"
198766;;"2024-12-10 12:51:51";"एमजिंग app"
198767;;"2024-12-10 12:41:07";Good
198768;;"2024-12-10 12:27:30";"Very easy to analyze"
198769;;"2024-12-10 12:20:27";"Old version was simple and Best 🙁"
223084;;"2024-08-03 11:38:17";"Very good super experience ki love it love 💕💕💕💕💕💕💕💕💕💕💕💕💕💕💕💕💕💕💕💕💕💕"
223014;;"2024-08-04 12:23:33";"Best app where All the stocks and crypto currency are shown...The Details of all the Stocks is well defined and I like this app which help me to know more about Stocks and Crypto...I rate 5 out of 5 because it is the best app I found to Track Stocks of the Companies easily...."
222805;;"2024-08-06 10:38:13";"Very good"
222737;;"2024-08-07 03:58:20";"Very good trading"
222531;;"2024-08-09 14:37:37";Good
222464;;"2024-08-10 15:20:33";"Best aap for traders"
222262;;"2024-08-13 01:59:22";"Chart Refreshing has to improve when switching between apps."
222062;;"2024-08-15 08:00:52";"Really, very better app for all analysis and etc. but,pls available more facilities without any subscription or premium... ... but, do sooner as possible"
221998;;"2024-08-16 02:05:54";Helpful
221801;;"2024-08-18 13:07:49";"V good application"
220238;;"2024-08-19 04:44:57";"Stocks bast analysis Bast application"
220175;;"2024-08-19 19:24:39";"Works great on many operating systems for me."
219982;;"2024-08-21 21:35:51";Best
219920;;"2024-08-22 13:22:11";"Easy understand"
219730;;"2024-08-24 14:09:14";"Very good"
219669;;"2024-08-25 11:47:51";Gud
219482;;"2024-08-27 12:51:11";"Error. Cant GET api watchlist v1"
219422;;"2024-08-28 06:02:16";Good
219238;;"2024-08-30 05:48:07";"It helps alot..."
219179;;"2024-08-30 17:08:42";Good
222500;;"2024-08-09 23:52:47";"Good app"
218940;;"2024-09-02 13:22:58";good
218882;;"2024-09-03 03:45:18";"Feedback: ""TradingView is a very good website, which is extremely useful for investors and intraday traders. However, a major issue is that this platform is not accessible for visually impaired people. Where graphs and charts are used, there should be audio descriptions or text alternatives so that visually impaired people can understand and analyze them as well. If TradingView could provide audio descriptions or text alternatives, this platform could be very helpful for visually impaired users"
215633;;"2024-09-06 06:09:19";"Usefull app"
215576;;"2024-09-07 01:57:31";"super Apps is a very stock market Analysis parfect Apps"
215402;;"2024-09-09 13:32:39";"Good app"
215346;;"2024-09-10 07:56:45";"Easy to use"
218912;;"2024-09-02 19:41:22";"Very usable"
215120;;"2024-09-12 18:17:58";"Good experience"
215065;;"2024-09-13 10:25:08";۴۰۰
223056;;"2024-08-03 20:10:41";"The best app"
214844;;"2024-09-16 13:48:14";Trusted
214789;;"2024-09-17 05:38:39";Good
214625;;"2024-09-19 04:12:58";Good
214572;;"2024-09-19 14:31:10";Good
215321;;"2024-09-10 12:51:11";"Noob, but it's a good app for trading views"
214360;;"2024-09-22 12:17:23";"Superb platform"
214308;;"2024-09-23 03:20:57";"Been using free version for a few years. I feel like if you want to become a better trader, you have to do your DD,and have good tools to work with"
212755;;"2024-09-23 11:45:31";"Best app to study charts"
222303;;"2024-08-12 14:48:44";"Desktop app is not working in windows 11 at all, pls guide."
212547;;"2024-09-26 01:23:58";"My experience is wonderful it's very useful app Trading view is the need of every trader"
212495;;"2024-09-26 14:01:27";"Great app!!"
222304;;"2024-08-12 14:48:04";"Super annoying ads all the time"
212292;;"2024-09-29 15:55:40";"Very good and Informative with great trwding tools"
212241;;"2024-09-30 07:07:26";"Good overall"
222496;;"2024-08-10 02:17:13";"No tutorials to use the charts, but they are professional!"
212043;;"2024-10-02 15:30:57";Perfecto
211993;;"2024-10-03 10:23:37";"Nice app"
215612;;"2024-09-06 12:18:11";"best app"
211800;;"2024-10-06 08:49:03";"Nice app"
211751;;"2024-10-06 20:37:49";Nice
222573;;"2024-08-09 03:01:40";👍
211563;;"2024-10-08 16:31:22";"Alsolutely love this convenience. and the dark black high contrast workspace. please make the same high contrast theme on desktop app too."
211515;;"2024-10-09 05:47:37";Good
211467;;"2024-10-09 14:58:15";"Good apk"
219219;;"2024-08-30 08:44:09";"Well Done On The App, Strong Positive Signals Available"
211285;;"2024-10-11 17:39:17";"Bra what a free experience"
209738;;"2024-10-12 12:16:22";"Very precise"
209691;;"2024-10-13 05:18:21";"Feel Relax"
212580;;"2024-09-25 12:46:54";Great
209515;;"2024-10-15 03:43:42";Good
209469;;"2024-10-15 10:40:31";"Still the best out there 😉"
209423;;"2024-10-16 01:38:05";"Best app"
218972;;"2024-09-02 06:09:44";"Very easy and robust app"
209253;;"2024-10-17 17:35:34";Great
209208;;"2024-10-18 07:41:01";"Is very easy as use"
209163;;"2024-10-18 15:38:00";Best
214609;;"2024-09-19 06:31:34";"Best trade analysis app"
208999;;"2024-10-21 02:19:07";Great
208956;;"2024-10-21 11:04:48";"alerts seems have issues"
208912;;"2024-10-22 00:40:18";"Great app...!"
212276;;"2024-09-29 21:06:55";Amazing
223069;;"2024-08-03 14:28:19";"It's great!"
208711;;"2024-10-24 10:16:24";"This one is the beast"
208669;;"2024-10-24 19:38:12";"A very helpful too"
209408;;"2024-10-16 05:10:18";Cool
218926;;"2024-09-02 16:34:58";"Very good and reliable."
208478;;"2024-10-27 13:22:09";"great app for chart analysis"
208437;;"2024-10-28 05:49:30";"Good trading app"
208396;;"2024-10-28 15:21:43";"Very nice app"
222986;;"2024-08-04 21:19:44";"Very user friendly. Love it"
222308;;"2024-08-12 13:40:55";Dope
219469;;"2024-08-27 15:11:38";"Great App"
205147;;"2024-10-31 13:46:04";"ABSOLUTELY LOVE THIS APP! Try their Paper Trading! Thanks for the team that's behind this app!"
205108;;"2024-11-01 02:25:51";"If you also use it on PC, it tries to show the same amount of indicators which don't fit on a mobile device, it's hard to turn them off because they scroll out of view, and if you do, they come back next time you use it on PC."
205069;;"2024-11-01 11:18:00";"This is the best and easy apps"
209503;;"2024-10-15 05:42:29";Good
219952;;"2024-08-22 08:16:14";"That's very nice"
204898;;"2024-11-03 19:10:46";"TradingView is a powerful and versatile charting platform that caters to traders and investors of all levels. With its intuitive user interface, you can effortlessly analyze markets, access real-time data, and execute trades. The platform boasts a wide array of customizable charts, technical indicators, and drawing tools, enabling you to perform in-depth technical analysis and develop trading strategies."
204860;;"2024-11-04 07:08:45";Good
204822;;"2024-11-04 14:39:26";"A classic, the best fr"
215326;;"2024-09-10 12:14:37";"It's beautiful and effective"
212744;;"2024-09-23 13:53:28";great
223003;;"2024-08-04 14:45:16";Nice
204622;;"2024-11-06 16:39:54";"Very good in trading"
204585;;"2024-11-07 05:38:44";"easy to navigate charting.."
204548;;"2024-11-07 13:55:34";Good
209243;;"2024-10-17 19:54:20";"Great and amazing"
215110;;"2024-09-12 21:12:28";"Love this app"
204394;;"2024-11-09 14:11:37";"Meilleurs application gratuite pour le trading, je recommande a 200%"
204358;;"2024-11-10 03:31:08";"Awesome app💯♥️😁"
204322;;"2024-11-10 11:32:27";Nice
204349;;"2024-11-10 05:55:34";"Great application"
209199;;"2024-10-18 08:53:35";"Good but the subscription is high"
214889;;"2024-09-16 04:03:30";"Super trading experience"
204140;;"2024-11-12 06:59:40";"It's a great platform for trading"
204104;;"2024-11-12 14:25:42";"Good app"
204068;;"2024-11-13 02:04:52";"Hello. Thanks for the advanced features. Unfortunately, I can not locate the 𝑆𝑒𝑡𝑡𝑖𝑛𝑔𝑠 tab on the updated app as it used to. Previously, the settings tab was three dots to the right of my screen but was removed in the updated app. Please help."
204032;;"2024-11-13 12:33:22";"Why i can't i see full list of stocks in Top gainer and top losers section only i see is few stocks compared to when i see from laptop or pc. Very disappointed"
208703;;"2024-10-24 11:32:43";"Cost is very high"
214300;;"2024-09-23 04:05:12";"Very good apps."
223006;;"2024-08-04 14:27:23";"It works great for me I don't know about you"
203855;;"2024-11-15 13:23:30";"There is no way to switch the layout."
203819;;"2024-11-15 23:34:14";"Very good 👍"
203783;;"2024-11-16 10:20:29";"Great Great"
202247;;"2024-11-17 03:57:01";"The best charting app by far. Although Im really irked that my watch list has been limited on the free version. Meh."
219657;;"2024-08-25 15:57:29";"Best app"
211556;;"2024-10-08 18:23:56";"Very good"
219415;;"2024-08-28 07:27:21";Nice
202080;;"2024-11-19 07:07:45";"Its very nice app to learn trading and is user friendly the statistcs are real time"
202045;;"2024-11-19 13:55:58";"Amazing 😍"
202010;;"2024-11-19 22:23:31";"Works great as a reference. Haven't used it for much else. Good so for seeing up watchlists and such."
203813;;"2024-11-16 01:54:34";"Bad service"
208390;;"2024-10-28 16:50:53";"Tge best app for all trader"
222305;;"2024-08-12 14:37:49";"The best"
220169;;"2024-08-19 21:00:51";"Just good. Don't know what better feels like."
201819;;"2024-11-22 06:22:19";"Chart Settings are changing automatically, plz fix this."
201785;;"2024-11-22 11:58:42";Excellent
201751;;"2024-11-22 19:25:32";"Double Thanks"
219975;;"2024-08-22 03:32:41";"Can be smoother"
205064;;"2024-11-01 12:36:45";"Nice app"
211558;;"2024-10-08 18:20:52";"This is very useful app regarding trading. Good work keep it up"
219174;;"2024-08-30 17:55:09";Great👍
201572;;"2024-11-25 13:08:07";"Senang Dan mudah"
201539;;"2024-11-25 21:12:03";Excellent
201506;;"2024-11-26 05:01:44";"As the name goes ""Trading View"". It is indeed an excellent view point to trade."
201473;;"2024-11-26 16:14:21";🧨
204136;;"2024-11-12 07:30:35";"The Aap is a good product, but it is too expensive. There are many alternatives available. If you want to do business in India, you must offer a low price."
208707;;"2024-10-24 11:08:57";Good
212491;;"2024-09-26 14:51:03";"Good tool."
221797;;"2024-08-18 13:52:35";"Nice app for trading"
201307;;"2024-11-29 06:26:24";Nice
198912;;"2024-12-09 05:36:08";"Nice app"
198913;;"2024-12-09 05:23:53";Perfect
198914;;"2024-12-09 05:13:41";"World Number one Trading Chart App....,"
198915;;"2024-12-09 05:00:14";Awesome
198916;;"2024-12-09 04:51:08";"Very good app for beginners to understand the market"
198917;;"2024-12-09 04:49:34";Good
198918;;"2024-12-09 04:33:15";"Good for financial safety"
198919;;"2024-12-09 04:17:35";"Good 👍🏻😊"
198920;;"2024-12-09 04:15:58";"Tradingview is a good trading platform and user friendly. Easy to navigate and no hassle on trading and even their help support team will accommodate you immediately with all your inquiries."
198921;;"2024-12-09 04:15:08";"Good awesome"
198922;;"2024-12-09 04:11:26";Good
198923;;"2024-12-09 04:09:19";Good
198924;;"2024-12-09 04:00:43";"Best experience"
198925;;"2024-12-09 03:49:45";Good
198926;;"2024-12-09 03:37:05";"Great app"
198927;;"2024-12-09 03:29:53";"Primium version better but normal me thoda time me issue aa sakta he.....!"
198928;;"2024-12-09 03:29:29";good
198929;;"2024-12-09 03:22:45";"Yet to exp.till now seems good"
198930;;"2024-12-09 03:21:23";"Good app"
198931;;"2024-12-09 03:14:01";Excellent
198932;;"2024-12-09 03:08:01";Financial
198933;;"2024-12-09 02:24:12";"It can't get any better than this"
198934;;"2024-12-09 02:13:51";"usefull, very easy"
198935;;"2024-12-09 01:42:32";"Love this app"
198936;;"2024-12-09 01:35:38";"Excellent service"
198937;;"2024-12-09 01:34:01";"Best learning experience"
198938;;"2024-12-09 01:30:54";Best
198939;;"2024-12-09 00:30:50";"Excellent app, I wish I didn't have to pay for it."
198940;;"2024-12-09 00:28:00";"The only thing I do outside of TradingView is trailing stops."
198941;;"2024-12-08 23:32:20";"Let's Look first than Leap"
198942;;"2024-12-08 23:21:33";Nice
198943;;"2024-12-08 23:17:18";Good
198944;;"2024-12-08 23:04:00";"wonderful analytic tools and updated candlestick print"
198945;;"2024-12-08 22:37:24";"I'm addicted to this ..."
198946;;"2024-12-08 22:34:13";Perfect
198947;;"2024-12-08 22:15:18";"Very good app"
198948;;"2024-12-08 22:09:47";"Can we change the logo to the previous this new logo just ain't doing it, it was better without the colours"
198949;;"2024-12-08 22:07:59";"The tradingview app frozen every time after using VPN. I have to clean dns cache every time to force app start working again. Please fix this dns cache problem. Thank you."
198950;;"2024-12-08 21:48:34";"It just makes things easier."
198951;;"2024-12-08 21:27:51";Nice
198952;;"2024-12-08 21:15:17";"good app"
198953;;"2024-12-08 21:09:31";Brilliant
198954;;"2024-12-08 20:54:15";"The best platform ever, fr yuh can Customize you account to best way possible to understand individually in accordance to interest with hundreds of indicators"
198955;;"2024-12-08 20:22:15";"I've been using it for many years. Definitely the best in its niche. Everything works as it should work. Pricing is decent and support as well. Keep doing what you do,team TradingView. Take care!"
198956;;"2024-12-08 20:00:59";Gooooood
198957;;"2024-12-08 19:30:41";Superb
198958;;"2024-12-08 18:22:31";Good
198959;;"2024-12-08 18:16:46";"A perfect tool"
198960;;"2024-12-08 18:16:09";"Best Platform Ever🤝... Period!!!"
198961;;"2024-12-08 18:15:31";"The app is excellent and have great features.."
198962;;"2024-12-08 18:13:38";Excellent
198963;;"2024-12-08 18:05:01";Good
198964;;"2024-12-08 17:53:48";Excellent
198965;;"2024-12-08 17:38:01";"Fantastic 🤩"
198966;;"2024-12-08 17:30:00";Nice
198967;;"2024-12-08 17:04:26";"Very good"
198968;;"2024-12-08 16:25:45";Best
198969;;"2024-12-08 16:20:37";"Best experience with trading view"
198970;;"2024-12-08 16:20:02";"Trading view allows only 2 indicator in free version. and 2 minutes chart not allowed so it is not helpful. I disappointed with trading view management."
198971;;"2024-12-08 16:03:34";"Best app"
198972;;"2024-12-08 16:02:00";Good
198973;;"2024-12-08 16:00:30";"Gooood thanks"
198974;;"2024-12-08 15:42:17";"Good 👍 dmat account"
198975;;"2024-12-08 15:29:56";"It's a great app for technical analysis."
198976;;"2024-12-08 15:25:50";"Yours app is the best in class for retails, you guys have the power to conquer the world, since your high pricing rates makes people's to switch for affordable ones."
198977;;"2024-12-08 15:16:39";"Very good and easy to use 👍 👌"
198978;;"2024-12-08 15:11:06";Essential
198979;;"2024-12-08 14:59:11";"Good job"
198980;;"2024-12-08 14:29:19";"TV is a traders partner."
198981;;"2024-12-08 14:24:25";"One stop solution for all the charts"
198982;;"2024-12-08 13:30:28";"Subscription charges are too high. Normally chart comparison must be default and should be provided without Subscription"
198983;;"2024-12-08 13:26:07";Good
198984;;"2024-12-08 13:22:31";"Luar biasa"
198985;;"2024-12-08 13:02:21";"Great app with lots of indicators and info for trading stocks & crypto."
198986;;"2024-12-08 12:02:37";"Very good"
198987;;"2024-12-08 11:41:47";"Good to be used and easy to tread 😁"
198988;;"2024-12-08 11:36:32";"Well most of the features are in pro version but it's already very good so i am giving it 5 stars"
198989;;"2024-12-08 11:02:22";"Good and useful app"
198990;;"2024-12-08 10:46:53";"Great app for trading."
198991;;"2024-12-08 10:45:43";很多功能都很实用，如果多些免费的组合策略就更好了
198992;;"2024-12-08 10:42:15";"Awesome one"
198993;;"2024-12-08 10:40:33";"Very good"
198994;;"2024-12-08 10:35:10";"It's amazing"
198995;;"2024-12-08 10:11:59";Cool
198996;;"2024-12-08 08:58:40";Zakas
198997;;"2024-12-08 08:50:43";"Good apps. Robust function to assist traders"
198998;;"2024-12-08 08:48:19";"Might probably be the best trading insight app I know. Since I've had this app it's been really helpful in my trading journey."
198999;;"2024-12-08 08:27:53";"It didn't show defaul chart view"
199000;;"2024-12-08 08:12:30";"nice platform to analyze the real market"
199001;;"2024-12-08 08:03:24";"Good app"
199002;;"2024-12-08 07:51:01";"Helps to Gain 🤩"
199003;;"2024-12-08 06:41:52";"Amazing trading view"
199004;;"2024-12-08 06:27:56";Wow
199005;;"2024-12-08 06:17:51";Nice
199006;;"2024-12-08 06:12:00";"Good experience"
199007;;"2024-12-08 06:10:07";Mind-blowing
199008;;"2024-12-08 06:01:41";Awesome
199009;;"2024-12-08 06:01:12";🤍🤍
199010;;"2024-12-08 05:36:18";"Wonderful experience and chat analysis for the best app"
199011;;"2024-12-08 05:34:45";"Great experience. TradingView is the best."
199012;;"2024-12-08 05:32:03";"This app whose name is trading view I recommend it for beginners Trader. See chat, do marketing Full star from me ✨"
199013;;"2024-12-08 04:54:21";"I have paid for subscription 😔 it doesn't show me , please kindly check I'm not getting support help from your team"
199014;;"2024-12-08 04:44:14";Excellent
199015;;"2024-12-08 04:40:44";"Awesome 💯"
199016;;"2024-12-08 04:38:30";"No discription needed"
199017;;"2024-12-08 04:36:39";Wow
199018;;"2024-12-08 04:21:58";"I have new treader I am fully satisfied"
199019;;"2024-12-08 04:16:59";Best
199020;;"2024-12-08 04:16:55";"Good work"
199021;;"2024-12-08 04:08:34";"Back to working at full capacity. Solid update. Would like to see the screener function added into the app in the near future"
199022;;"2024-12-08 03:47:26";"Amazing view thank you for give us our future ...great work"
199023;;"2024-12-08 03:29:19";Nice
199024;;"2024-12-08 02:42:47";"Fantastic charts with good indicators...It would be better if the in Real Time data...Because I strongly feel the data is late by couple of minutes."
199025;;"2024-12-08 01:05:19";"Wow, love the basic"
223083;;"2024-08-03 11:41:16";"The best trading analysis app in the world. I love it..."
223013;;"2024-08-04 12:31:27";"The app that I've waiting for"
222804;;"2024-08-06 10:52:40";"Very nice app."
222736;;"2024-08-07 04:01:12";"nice application"
222530;;"2024-08-09 14:48:09";Super
222492;;"2024-08-10 04:02:29";"Simple and Clean optics"
222261;;"2024-08-13 02:57:01";"Pushing the offer won't make me pay for the app any more, just reducing my rating one star at a time... The best drawing app to lose money."
222061;;"2024-08-15 08:04:35";👍👍👍
221997;;"2024-08-16 02:10:07";"Great app for technical analysis"
221800;;"2024-08-18 13:08:14";"some time stop working"
220237;;"2024-08-19 05:21:31";"Very easy and very helpful to use"
220174;;"2024-08-19 19:32:34";"It's a very usefull aap"
219981;;"2024-08-21 22:03:07";"Best analysis platform"
219919;;"2024-08-22 13:30:07";"Beautiful app"
219729;;"2024-08-24 14:16:49";"Best platform for practicing trading"
219668;;"2024-08-25 11:50:08";good
219481;;"2024-08-27 12:58:57";"Excellent app for stock market"
219421;;"2024-08-28 06:22:43";"It's a game changer everything is just perfect"
219237;;"2024-08-30 05:50:53";Excellently
219178;;"2024-08-30 17:10:05";"A really good app for me, to monitor the market."
222567;;"2024-08-09 04:22:45";"Very good"
218939;;"2024-09-02 13:40:59";"Amazing has tons of tools and indicators"
218881;;"2024-09-03 03:59:59";best
215632;;"2024-09-06 06:25:51";"Best app for trading"
215575;;"2024-09-07 02:13:18";"Hello, it is not working well in Iran, politics is so dirty that people should be bothered"
215401;;"2024-09-09 13:34:09";Nice
215345;;"2024-09-10 08:17:22";"Only the web TV can top the Android tablet version. Keep improving guys!"
218970;;"2024-09-02 06:46:52";"Its a breath taking appp ..all its featurs are amazing 👌"
215119;;"2024-09-12 18:25:12";"Great app 👌"
215064;;"2024-09-13 10:29:22";Wonderful
223269;;"2024-08-01 10:56:29";"By far the best platform"
214843;;"2024-09-16 13:51:53";"so far so good"
214788;;"2024-09-17 05:41:37";"Right now the most irritating app after Spotify"
214624;;"2024-09-19 04:23:33";"Nothing else to replace this app in the world"
214571;;"2024-09-19 14:32:29";"this is best app in the world"
215377;;"2024-09-09 23:55:45";Best
214359;;"2024-09-22 12:23:12";"Best application so far for technical analysis"
214307;;"2024-09-23 03:22:15";Good
212754;;"2024-09-23 11:46:05";"The best app you can ever use"
222507;;"2024-08-09 19:08:42";"Wonderful app"
212546;;"2024-09-26 01:37:44";Great
212494;;"2024-09-26 14:03:23";"Pouco tempo de validação"
222508;;"2024-08-09 18:43:42";"Thanks 4 the usefull features u provided"
212291;;"2024-09-29 16:17:21";"Nice one"
212240;;"2024-09-30 07:10:04";"Very good trading app I seen before"
220216;;"2024-08-19 09:29:02";Great
212042;;"2024-10-02 15:55:23";"""I've been using TradingView for 2 years and it's revolutionized my trading experience. This platform offers an unparalleled combination of technical analysis tools, real-time data, and community insights"
211992;;"2024-10-03 10:34:28";"Its good so far, but I would like some free indicators though..."
222568;;"2024-08-09 04:00:42";"only and only app for chart reading.....superb"
211799;;"2024-10-06 09:00:13";"For our best of knowledge I appreciate the owner of this app"
211750;;"2024-10-06 21:19:50";Nice
212526;;"2024-09-26 05:38:14";"I am having some issues the charts are not loading how can I solve this problem"
211562;;"2024-10-08 16:36:31";"The last update is super , the system auto saves the Horizontal lines only , it does not saves the Trendlines , we have to save manually ."
211514;;"2024-10-09 06:01:30";"TradingView Desktop for UNIX/LINUX ROCKS!"
211466;;"2024-10-09 15:04:48";"It's a great app but constantly loses connection to Oanda."
219403;;"2024-08-28 09:36:03";"When i open any chart it is crashed after few seconds in my Motorola phone running on android 14, occurs after recent update. Please fix this issue."
211284;;"2024-10-11 17:40:31";Excellent
209737;;"2024-10-12 12:40:38";"A good app"
209690;;"2024-10-13 05:30:45";"It is the best trading tool in the globe, no other application can't compete with this"
212736;;"2024-09-23 15:58:23";Good
209514;;"2024-10-15 04:10:22";Excellent
209468;;"2024-10-15 10:46:31";"nice good excelent blah blah blah"
209422;;"2024-10-16 02:02:27";"The trading best app trading view good job 👍💯"
214827;;"2024-09-16 16:58:57";"One of the best trading platforms"
209252;;"2024-10-17 17:37:03";Good
209207;;"2024-10-18 07:45:30";"Vere level"
209162;;"2024-10-18 15:46:54";"Only charting app you can access everything easily ..."
218914;;"2024-09-02 19:14:03";👍
208998;;"2024-10-21 02:26:32";Ok
208955;;"2024-10-21 11:12:07";Wonderful
208911;;"2024-10-22 01:14:02";Perfect
212327;;"2024-09-29 04:43:05";"Best app for beginners"
208753;;"2024-10-23 18:01:38";"I Love this app or web. But I need exness broker charts to trade easy with trading view Hopefully coming very soon best of luck 🤞🏻"
208710;;"2024-10-24 10:30:25";"Nothing short of exceptional"
208668;;"2024-10-24 20:02:29";"Make it easy for us"
209454;;"2024-10-15 14:49:38";"It's awesome so why not"
218984;;"2024-09-02 04:33:47";Good
208477;;"2024-10-27 13:26:45";"Best for analyses"
208436;;"2024-10-28 05:50:39";"Bahut acha ap hai bas premium jada hai"
208395;;"2024-10-28 15:38:28";"Love it"
211737;;"2024-10-07 01:51:12";"Precise and accurate"
211543;;"2024-10-09 01:04:08";"Very good"
219656;;"2024-08-25 16:11:52";"Please free some features"
205146;;"2024-10-31 13:53:16";perfect
205107;;"2024-11-01 02:38:13";"Make the 'x' of the ad pop up bigger so it's easier to click off the ""switch to premium"", cause I never will. Edit: I added the 5th star, because I genuinely cannot believe you guys actually rolled out that change for me lol thanks"
205068;;"2024-11-01 11:21:02";Good
222570;;"2024-08-09 03:56:40";"Very useful app😉"
218928;;"2024-09-02 15:59:11";"Great App for trading and analysing financial instruments."
204897;;"2024-11-03 19:20:12";"Goog application for all traders. To beginners to professional traders.. 👌"
204859;;"2024-11-04 07:10:52";Good
204821;;"2024-11-04 15:00:58";"I like and support my work and strategies"
208658;;"2024-10-25 01:48:38";"best app! ultimate features."
214297;;"2024-09-23 05:04:10";"Awesome App.."
223073;;"2024-08-03 12:58:41";"I love it trading environment"
204621;;"2024-11-06 16:46:26";"Very good"
204584;;"2024-11-07 05:43:20";"Best app"
204547;;"2024-11-07 14:00:43";"The best in trading"
222032;;"2024-08-15 15:42:03";"Nice.. 🙂"
220016;;"2024-08-21 12:10:11";"Bug candle"
204393;;"2024-11-09 14:26:28";"great forex tool 🔥"
204357;;"2024-11-10 03:32:38";"Muito bom, mi ajuda bastante nas minhas análises"
204321;;"2024-11-10 11:43:11";Nice
204385;;"2024-11-09 16:29:19";"Best paper trading app and God chatr"
209244;;"2024-10-17 19:35:22";"Compared to desktop it's very unintuitive. Important buttons are located in very obscure areas. Edit: The chart layout change button is hard to find, and should be in the main part of the UI"
215056;;"2024-09-13 11:56:07";"Good app"
204139;;"2024-11-12 07:03:50";"Amazing experience"
204103;;"2024-11-12 15:20:35";😡😡😡😆😆
204067;;"2024-11-13 02:31:32";"Really Helpfull for traders this application"
204060;;"2024-11-13 04:19:53";"Easy to work"
208746;;"2024-10-23 20:15:33";Bestiest
214352;;"2024-09-22 13:53:55";"Super 👌"
223076;;"2024-08-03 12:34:05";"Great app"
203854;;"2024-11-15 13:40:45";"Very good"
203818;;"2024-11-15 23:56:19";"Good 👍"
203782;;"2024-11-16 10:32:16";Good
202246;;"2024-11-17 04:25:48";"Great, would love to able to get more analysis for individual stocks"
211503;;"2024-10-09 07:43:49";"Best app"
214552;;"2024-09-19 17:34:49";Wow
219475;;"2024-08-27 14:07:59";"Great App"
202079;;"2024-11-19 07:09:04";Awesome
202044;;"2024-11-19 14:18:18";Good
202009;;"2024-11-19 22:36:37";"The app and the updates are great. HOWEVER... even as a PREMIUM subscriber with paying the highest membership, I get ZERO ability to speak to a human being for customer service! Doesn't exist and that absolutely sucks, because there are some items that I do need to run by someone and no chat or AI can help!!! Otherwise it is the best charting system. Please include a l8ve customer service for PAYING customers!!! Thanks"
203849;;"2024-11-15 14:57:11";"Great app"
208431;;"2024-10-28 07:09:31";Best
212235;;"2024-09-30 07:17:45";"Best aap for research and chart study"
220232;;"2024-08-19 06:00:06";"The best"
201818;;"2024-11-22 06:23:47";Good
201784;;"2024-11-22 12:24:43";"best of the best"
201750;;"2024-11-22 19:37:22";"Very 👍"
211986;;"2024-10-03 11:37:58";"Great app! Honestly if I'd done a review earlier I'd have given a solid 5 star, But the Trend line tool isn't working as it should whenever I use the angled line option it suddenly draws the line towards the opposite side, I have been using the tool for a while now and it has become a big part of my strategy, i also noticed it only started today... I hope this can be fixed soon Re-edit: It's been fixed a wonderful app"
205103;;"2024-11-01 03:46:14";"Very good"
214340;;"2024-09-22 16:14:20";"Any chart of trading is good for viewing any picture, It is a good app"
219233;;"2024-08-30 06:27:01";"Very helpful treding view"
201571;;"2024-11-25 13:11:46";"What is a black friday offer"
201538;;"2024-11-25 22:00:19";"Best forex platform 👍"
201505;;"2024-11-26 05:05:26";"Amazing app"
201472;;"2024-11-26 16:49:23";"Absolutely the best trading app"
215337;;"2024-09-10 09:58:59";"greald trading app ever also a great analysing app ever OMG I just don't wanna mention indicators on the system gudest ever🙏🙏🙏🙏"
208750;;"2024-10-23 18:58:48";"Very helpful"
212543;;"2024-09-26 02:47:14";"New guide for me"
221994;;"2024-08-16 02:43:13";"Best for charting and trading forex. I use Oanda and it interacts seamlessly."
201306;;"2024-11-29 06:29:18";"Very owsome App"
199168;;"2024-12-06 09:44:26";"Great app for monitoring and researching stocks."
199169;;"2024-12-06 09:35:15";"World best app"
199170;;"2024-12-06 09:31:46";🙏👍❤️
199171;;"2024-12-06 09:28:38";"Changed my life. ✨"
199172;;"2024-12-06 09:25:10";"I join this platform today and as I start my first online earning this platform they report me that I m 2000th user who join their earning plan and they give me 20k as a reward today is my lovely day and start of journey of success in online earning my best wishes for this lovely platform regards Kashif siddiqui"
199173;;"2024-12-06 08:56:56";Awsome
199174;;"2024-12-06 08:44:58";"Best app Ever"
199175;;"2024-12-06 08:44:39";Best
199176;;"2024-12-06 08:33:54";Good...,,,
199177;;"2024-12-06 08:24:49";"Extremely useful for setting up analytics"
199178;;"2024-12-06 08:13:55";Extraordinary
199179;;"2024-12-06 08:04:10";"Excellent 👌"
199180;;"2024-12-06 07:56:39";"Running very slow otherwise every thing is ok"
199181;;"2024-12-06 06:50:40";Nice
199182;;"2024-12-06 06:41:13";"Best of the best"
199183;;"2024-12-06 06:15:08";"It's great"
199184;;"2024-12-06 06:13:47";"Very nice app"
199185;;"2024-12-06 06:12:26";"The best!!!"
199186;;"2024-12-06 06:09:24";Excellent
199187;;"2024-12-06 06:03:16";"Great trading tools"
199188;;"2024-12-06 05:44:06";best
199189;;"2024-12-06 05:42:03";"Best site ever"
199190;;"2024-12-06 05:31:02";"Nice app"
199191;;"2024-12-06 05:27:37";"No doubt totally best ever and ever.... 👌"
199192;;"2024-12-06 05:00:32";"Very nice app for trading charts"
199193;;"2024-12-06 04:52:53";"so happy to be one if you"
199194;;"2024-12-06 04:41:55";"Definitely best app for trading with best drawing tools and keyboard shortcuts"
199195;;"2024-12-06 04:22:04";"Bring back the old zoom to chart option. Instead of explading the chart and see the candlesticks in zoom out manner to see the pattern, now it zoom in to expand only towards candlesticks which is totally useless."
199196;;"2024-12-06 04:14:24";"Good tool for analysis"
199197;;"2024-12-06 03:54:23";"Excellent Excellent Excellent service"
199198;;"2024-12-06 03:53:47";"Nice 👍"
199199;;"2024-12-06 03:25:51";"Good app"
199200;;"2024-12-06 03:19:23";"Extremely user friendly"
199201;;"2024-12-06 03:01:54";Best
199202;;"2024-12-06 02:35:17";Nice
199203;;"2024-12-06 02:32:55";"This app is very good for trading and view chart"
199204;;"2024-12-06 02:29:17";"Just starting will check later"
199205;;"2024-12-06 02:22:17";"Very great and educational"
199206;;"2024-12-06 01:52:24";"Exceptional very good app for Chart"
199207;;"2024-12-06 01:47:48";Good
199208;;"2024-12-06 01:44:47";"Bast trading view app"
199209;;"2024-12-06 01:34:57";Nice
199210;;"2024-12-06 01:25:51";Excellent
199211;;"2024-12-06 01:09:51";"Screen rotation option not given"
199212;;"2024-12-06 00:49:29";"Best for trading chart"
199213;;"2024-12-06 00:48:07";"Very helpfull app 4 trading"
199214;;"2024-12-06 00:17:52";Kawaaa
199215;;"2024-12-05 23:56:13";👌
199216;;"2024-12-05 23:38:36";"Nice app"
199217;;"2024-12-05 22:08:53";"You are definitely 5 stars, Trading View. I'm not even a paying subscriber, but I have seen you guys go from a potent analysis tool to a full-fledged, robust trading platform. It is my opinion that every brokerage service firm out there should seek to trade through Trading View. It is already a force to be reckoned and will grow to become a trend setter in their market, that is if they aren't there already."
199218;;"2024-12-05 21:57:43";"Great Application"
199219;;"2024-12-05 21:42:04";"Nice and smooth."
199220;;"2024-12-05 20:36:53";"Please publish a version for Android Tvs"
199221;;"2024-12-05 20:30:46";Great
199222;;"2024-12-05 20:30:00";"Very helpful"
199223;;"2024-12-05 20:15:56";Awesome
199224;;"2024-12-05 20:09:30";"Works great"
199225;;"2024-12-05 19:53:49";Outstanding
199226;;"2024-12-05 19:24:29";"Best of the best 📉🦾"
199227;;"2024-12-05 19:20:59";"Awesome 👍🏻"
199228;;"2024-12-05 19:15:45";"Amazing App!!!!!!"
199229;;"2024-12-05 18:48:19";"Nice app it's really helpful"
199230;;"2024-12-05 18:43:53";"I am not able to paste scripts into pine editor. Please fix the issue."
199231;;"2024-12-05 18:25:06";"Good aapp... But best indicator full paid... That's why"
199232;;"2024-12-05 18:12:09";amazing
199233;;"2024-12-05 18:12:09";Awesome
199234;;"2024-12-05 18:00:18";Amazing
199235;;"2024-12-05 17:48:45";"hey there. i am unable to see the charts on my screen. i have described this to you already. and i have tried my bet to resolce this issue. but nothing is useful."
199236;;"2024-12-05 17:44:53";Gajab
199237;;"2024-12-05 17:31:30";"Nice for trading"
199238;;"2024-12-05 17:26:42";"great app,"
199239;;"2024-12-05 17:24:42";Nice
199240;;"2024-12-05 17:24:23";Thanx
199241;;"2024-12-05 17:16:23";"Amazing app, just the pricing is a little too high"
199242;;"2024-12-05 17:03:05";"Great app but the problem is how to fix when it doesn't want to show chart, such a big disappointing experience"
199243;;"2024-12-05 17:00:45";"good 😊"
199244;;"2024-12-05 17:00:22";"Good for trading analysis"
199245;;"2024-12-05 16:58:48";"This is the best App for all crypto and all Traders"
199246;;"2024-12-05 16:49:23";"Just the best app for trading!"
199247;;"2024-12-05 16:42:03";"Very Good 😊"
199248;;"2024-12-05 16:41:55";Excellent.
199249;;"2024-12-05 16:24:36";"Good experience"
199250;;"2024-12-05 16:19:51";Super
199251;;"2024-12-05 16:01:45";"Very nice app"
199252;;"2024-12-05 15:55:42";"It's great at providing near reall time info and collates a wealth of financial information, which can help on deciding if a stock is worth buying. I wish it had higher limits on the free account for such things as stocks in your watch list."
199253;;"2024-12-05 15:53:22";"Very good"
199254;;"2024-12-05 15:46:04";"Excellent data presentation"
199255;;"2024-12-05 15:46:04";"Well set out and easy to use"
199256;;"2024-12-05 15:40:28";"Wonderful app"
199257;;"2024-12-05 15:26:12";"Good app, would recommend"
199258;;"2024-12-05 15:13:28";Gud
199259;;"2024-12-05 15:03:08";"Good app for paper trading . carry on"
199260;;"2024-12-05 14:54:27";Absolutely
199261;;"2024-12-05 14:50:55";"This app is very good for earning money"
199262;;"2024-12-05 14:33:11";"Fib ratio 0.5 is showing at 0.22"
199263;;"2024-12-05 14:32:13";good
199264;;"2024-12-05 14:19:45";Incredibly
199265;;"2024-12-05 14:06:26";"For good trend line"
199266;;"2024-12-05 13:59:16";👍
199267;;"2024-12-05 13:53:41";"I enjoy using this app"
199268;;"2024-12-05 13:46:20";"Very good"
199269;;"2024-12-05 13:44:23";"Great app"
199270;;"2024-12-05 13:41:52";nice
199271;;"2024-12-05 13:35:48";"The strategy making app ever"
199272;;"2024-12-05 13:28:06";"Best app for trading but it's get me out of the app everytime I use the app for 5 minutes"
199273;;"2024-12-05 13:21:10";"Best for trading"
199274;;"2024-12-05 13:14:30";"This is your life changing move .. 🔥🔥🔥"
199275;;"2024-12-05 13:10:36";"Best Trading of scalping trading my profitable trader Farhan trade"
199276;;"2024-12-05 12:56:08";"Makes trading easy for new traders"
199277;;"2024-12-05 12:41:53";"The best trading that i ever seen"
200779;;"2024-12-05 12:32:04";"The Best."
200780;;"2024-12-05 12:29:32";"The best platform ever"
200781;;"2024-12-05 12:25:48";best
200782;;"2024-12-05 12:08:26";"Super 👍"
200783;;"2024-12-05 11:49:45";gooooooood
200784;;"2024-12-05 11:31:30";Good
200785;;"2024-12-05 11:25:20";"easy to use"
200786;;"2024-12-05 11:19:02";"Nice app"
200787;;"2024-12-05 11:06:19";"Good experience"
200788;;"2024-12-05 11:03:58";"Extremely accurate and user friendly"
200789;;"2024-12-05 10:56:14";Good
200790;;"2024-12-05 10:55:16";"Best of the Best"
200791;;"2024-12-05 10:50:31";"The newer version is slower than the previous versions."
200792;;"2024-12-05 10:45:41";"Very easy and Reliable"
200793;;"2024-12-05 10:43:39";"easy functionality even for beginners like me"
200794;;"2024-12-05 10:41:19";"Very good"
200795;;"2024-12-05 10:15:16";"Definitely the only tool that indicates what you need"
200796;;"2024-12-05 10:12:57";"no 1 for charts"
200797;;"2024-12-05 10:06:02";"asking money"
200798;;"2024-12-05 09:57:34";"Good interface with lots of options , Thanks Trading view"
200799;;"2024-12-05 09:56:39";Wonderful
200800;;"2024-12-05 09:56:24";"very easy to see marketing"
200801;;"2024-12-05 09:46:16";Nice
200802;;"2024-12-05 09:13:21";🎀
200803;;"2024-12-05 09:08:07";"Really good app, just stupid the limits the free plan has, but overall Solid app for analyzing the Market👍"
200804;;"2024-12-05 08:52:33";"The Universal Finest Trading Data Platform."
200805;;"2024-12-05 08:27:27";Best
200806;;"2024-12-05 08:08:13";"Good platform"
200807;;"2024-12-05 07:55:03";Good
200808;;"2024-12-05 07:48:33";"Very good app"
200809;;"2024-12-05 07:25:03";"Five stars i gave you"
200810;;"2024-12-05 07:11:04";"Very good"
200811;;"2024-12-05 07:02:16";"Best app for every traders"
200812;;"2024-12-05 06:24:52";"Amazing feature and great analysis I highly recommend it."
200813;;"2024-12-05 05:48:55";"Best àpp"
200814;;"2024-12-05 05:42:56";"Trading at its best"
200815;;"2024-12-05 05:32:50";"Godd working"
200816;;"2024-12-05 05:27:59";"Terbaik,senang paham app ini"
200817;;"2024-12-05 05:20:59";"Easy and great app"
223082;;"2024-08-03 11:46:22";"Everything what you need about finance"
223012;;"2024-08-04 12:40:57";Best
222803;;"2024-08-06 10:55:09";Good
222735;;"2024-08-07 04:13:27";Op
222529;;"2024-08-09 15:18:24";"Best trading platform !!!!"
222559;;"2024-08-09 06:42:23";"Works well"
222260;;"2024-08-13 03:12:58";"very helpful aap"
222060;;"2024-08-15 08:26:28";Kapakipakinabang
221996;;"2024-08-16 02:33:24";"The Best"
221799;;"2024-08-18 13:11:14";"Never disappoint you"
220236;;"2024-08-19 05:24:34";👍👍
220173;;"2024-08-19 20:05:50";"Best app for trading"
219980;;"2024-08-21 22:47:16";"Awesome app"
219918;;"2024-08-22 13:40:33";good
219728;;"2024-08-24 14:38:26";"Nice helpful"
219667;;"2024-08-25 12:15:59";Super
219480;;"2024-08-27 13:28:13";Bhooom
219420;;"2024-08-28 06:30:34";"Marvelous, i'm lovin it"
219236;;"2024-08-30 06:02:13";"Stock candel not updated in May stocks still shows yesterday's candles"
219177;;"2024-08-30 17:18:10";"Superb App"
222774;;"2024-08-06 16:32:24";"Good 👍"
218938;;"2024-09-02 13:45:23";Good
218880;;"2024-09-03 04:07:24";✌❤
215631;;"2024-09-06 06:30:13";"Power Full nowlage and and investment"
215574;;"2024-09-07 02:53:17";perfect
215400;;"2024-09-09 13:38:55";"1 years pahle ka chart kaise dekhe mobile mein"
215344;;"2024-09-10 08:46:45";"It's an amazing app in the world of trading,rate it's=99.99%best analytical app"
219151;;"2024-08-31 04:34:44";"Very nice 👍"
215118;;"2024-09-12 18:30:30";Wow
215063;;"2024-09-13 10:35:41";Level
214896;;"2024-09-16 02:54:10";Good
214842;;"2024-09-16 14:24:05";"Good and reliable, I trust the app"
214787;;"2024-09-17 05:47:12";"Nice trading app"
214623;;"2024-09-19 04:25:08";"Best analyses app"
214570;;"2024-09-19 14:39:46";good
215604;;"2024-09-06 12:50:06";Nice
214358;;"2024-09-22 12:23:41";Good
214306;;"2024-09-23 03:25:05";"K8ndly improve for mobile user also."
212753;;"2024-09-23 11:46:29";"Best platform there is"
222574;;"2024-08-09 03:00:39";"I'm grateful for the opportunity you give us, God bless you"
212545;;"2024-09-26 01:41:46";"Please add exness broker like other at your platform"
212493;;"2024-09-26 14:12:35";Great
222575;;"2024-08-09 02:50:58";"Wonderful app but recently when I switched phones I downloaded it and it refuses to load I logged in the first time then it works and when I close the app and reopen it just loads forever"
212290;;"2024-09-29 16:18:43";Good
212239;;"2024-09-30 07:10:46";"Too much lag, also not working, not opening from 2days I was learning technical analysis but it pissed me"
221779;;"2024-08-18 17:11:17";Superb
212041;;"2024-10-02 15:57:41";Excellent
211991;;"2024-10-03 11:22:33";❤️
218919;;"2024-09-02 17:44:08";"Very useful for trading, i am essentials plan user now, will definitely take more pro plans in future. Very advanced, charting is very easy, and also very pocket friendly."
211798;;"2024-10-06 09:08:17";Nice
211749;;"2024-10-06 21:33:04";"Excellent functionality"
212578;;"2024-09-25 13:30:03";"good app"
211561;;"2024-10-08 17:00:13";"The best app for analysis and trade"
211513;;"2024-10-09 06:05:46";"Desktop app was trash and now they have turned mobile app into garbage. Too many crashes and glitches to make sure you lose money."
211465;;"2024-10-09 15:06:12";"baler app"
219463;;"2024-08-27 15:43:00";"I gave you 4 start not because you are bad but sometimes the chats takes long to load which makes me miss some trade's. Hope you can improve in that. The rest is ok."
211283;;"2024-10-11 17:58:17";"Nice app"
209736;;"2024-10-12 12:45:46";"Good job"
209689;;"2024-10-13 06:33:15";"Hello @ I have changed my phone and all previous indicator got erases. Please confirm how to get old settings."
214289;;"2024-09-23 05:26:24";"Best of the best"
209513;;"2024-10-15 04:11:17";Nic
209467;;"2024-10-15 10:53:55";"The trading view is one of the most good platforms for technical analysis presented in good futures and the trading view is most usable platforms and used many peoples for business"
209421;;"2024-10-16 02:07:51";"That's great"
214881;;"2024-09-16 05:18:01";"More bugs"
209251;;"2024-10-17 17:39:33";"My favorite"
209206;;"2024-10-18 07:47:57";"Good app"
209161;;"2024-10-18 15:48:54";"Very nice"
214828;;"2024-09-16 16:38:50";"Can't sync old drawings?"
208997;;"2024-10-21 02:48:08";Nice
208954;;"2024-10-21 11:20:13";"Very easy to navigate"
208910;;"2024-10-22 01:16:57";"Nice apps."
212523;;"2024-09-26 06:01:23";"Please incorporate Google voice command for entering stock names in the watchlists. Excellent stock trading app, the best so far. Real time rates are shown only on this app. Every single app gets frozen after some time but not trading view. This is the reason I subscribed for paid version of this app."
208752;;"2024-10-23 18:14:39";"Update hone ke baad open hone me bahut wait karna padta he new update ke baad all over acha he app loading bahut leta he"
208709;;"2024-10-24 10:53:37";Amazing
208667;;"2024-10-24 20:59:15";"best app ever"
209500;;"2024-10-15 06:12:56";"I can not open chart in my android phone it always lag"
219165;;"2024-08-30 20:35:15";Excellent
208476;;"2024-10-27 13:33:52";Better
208435;;"2024-10-28 05:57:42";"It's help is very important and good"
208394;;"2024-10-28 15:47:39";"Super 💯"
211786;;"2024-10-06 12:27:21";"Best Chart analysis platform I have used..."
211502;;"2024-10-09 07:48:52";"good chart Experience"
219717;;"2024-08-24 17:56:32";"Nice app"
205145;;"2024-10-31 14:21:31";"Still learning..."
205106;;"2024-11-01 03:03:49";"Good Chart"
205067;;"2024-11-01 11:33:18";Awesome
209679;;"2024-10-13 09:08:23";"The new update made trading view unusable at this point. You can't even remove ads, or add pairs to your watch list anymore."
218986;;"2024-09-02 04:30:42";Great
204896;;"2024-11-03 19:27:22";Wow
204858;;"2024-11-04 07:11:26";Nice
204820;;"2024-11-04 15:09:20";Super
208700;;"2024-10-24 12:05:47";"Thanks for glowing world"
214349;;"2024-09-22 14:52:31";"That is a best app in the world and help full app a my life in the"
204657;;"2024-11-06 10:20:32";Excellent
204620;;"2024-11-06 16:50:44";"nice app"
204583;;"2024-11-07 06:02:33";👍
204546;;"2024-11-07 14:03:44";"Good app"
209413;;"2024-10-16 03:57:59";"The chart load buttons, etc have disappeared in this new update, I am clueless on how to load my predefined chart setups"
215336;;"2024-09-10 10:40:09";"Best app"
204392;;"2024-11-09 14:28:57";"very nice application please add Urdu language."
204356;;"2024-11-10 03:33:21";"I've been using this app for a while with my iPad it's working perfectly,but now i don't know why the chart is not showing anymore ""blank"",i even updated the app but thesame issue. I don't know what to do and I even started giving up with the app😓😓."
204320;;"2024-11-10 11:51:09";Best
219169;;"2024-08-30 19:10:39";"C'est une application dont reconnaissent les pratiques ausssi bien les pros que les novices.. Ce qui la rend magiue, c'est qu'elle est gratuite: nul besoin de la version payante pour s'exercer d'abord à ses diverses fonctionnalités poussées et avancées. Grand merci au Team de dev. de TradingView"
215616;;"2024-09-06 10:41:29";Excellent
215111;;"2024-09-12 20:09:21";"It's as good as the web version, I love it"
204138;;"2024-11-12 07:18:46";"Best app"
204102;;"2024-11-12 15:31:57";"The best out there."
204066;;"2024-11-13 03:10:18";"Done a great job 👍"
204096;;"2024-11-12 16:42:40";"Nice trading enjoying"
222979;;"2024-08-04 23:39:57";"most very2 good"
219213;;"2024-08-30 10:04:56";"Great 👍"
203889;;"2024-11-15 04:33:16";Good
203853;;"2024-11-15 13:54:11";"Excellent App with amazing UI"
203817;;"2024-11-16 00:00:10";"Very easy to use"
203781;;"2024-11-16 10:33:07";"The best trading analysis app of all time. I love tradingview"
202245;;"2024-11-17 06:02:11";nice
205062;;"2024-11-01 13:00:43";"It not working on my device it is showing me that an error occurred"
211744;;"2024-10-06 23:55:05";"the best and still the best"
219662;;"2024-08-25 14:21:32";"Trading view my favourite chart 💞💞 analysing platform"
202078;;"2024-11-19 07:12:47";"In love with the app but allow more alerts to add for free"
202043;;"2024-11-19 14:40:03";"Great app"
202008;;"2024-11-19 23:22:17";"Great app"
203885;;"2024-11-15 05:13:33";Good
208472;;"2024-10-27 14:50:08";"Best ever for trading"
212286;;"2024-09-29 17:33:22";Good
221795;;"2024-08-18 14:22:49";"No money came plz make me money"
201817;;"2024-11-22 06:26:24";"Freat apps"
201783;;"2024-11-22 12:31:38";Best
201749;;"2024-11-22 20:44:38";"The best in all"
221788;;"2024-08-18 15:06:39";"Nice & easy to use"
205142;;"2024-10-31 14:49:15";Ok
211746;;"2024-10-06 22:23:40";"New comment Bring back maximise button function its not working Old comment Not everything available compared to the website , for instance i can't upload my photo to the chart on mob app , when i publish an idea , let's say after 10 days when i check my idea there is no foreard button . While those things are available on tradingview on web"
219417;;"2024-08-28 06:47:57";"Best app for trading crypto"
201570;;"2024-11-25 13:13:42";"Great app, loving the many features it has, I can do many things with TradingView. Keep it up guys."
201537;;"2024-11-25 22:19:04";"Best but increase number of indicators that use together"
201504;;"2024-11-26 05:28:42";"Very nice"
201502;;"2024-11-26 05:42:32";"Nice app"
209460;;"2024-10-15 12:48:03";Good
212583;;"2024-09-25 11:50:05";Good
222990;;"2024-08-04 20:08:39";Nice
222058;;"2024-08-15 08:44:26";"Easy to use"
201305;;"2024-11-29 06:40:07";"good app"
200960;;"2024-12-03 13:49:15";"Nice app"
200961;;"2024-12-03 13:48:03";good
200962;;"2024-12-03 13:45:27";"Can't log in with google. Pls fix it"
200963;;"2024-12-03 13:37:21";"Wonderful technical trading platform application."
200964;;"2024-12-03 13:34:55";"Crypto, stocks or derivatives. TV has it all! It's amazing how good this app is in navigating different markets in different nations. Bravado!"
200965;;"2024-12-03 13:26:25";"Fantastic 😍"
200966;;"2024-12-03 13:17:28";"The best tool for traders"
200967;;"2024-12-03 13:01:16";"70% ad"
200968;;"2024-12-03 12:51:37";تحليل
200969;;"2024-12-03 12:50:45";Good
200970;;"2024-12-03 12:45:32";"The best for the markets"
200971;;"2024-12-03 12:26:17";"WoW. Nothing comes close."
200972;;"2024-12-03 11:56:46";"The best app ever. Trading view for me is the best of the best. Keep up the amazing work"
200973;;"2024-12-03 11:44:00";"Best app"
200974;;"2024-12-03 11:06:36";"Very nice 👍"
200975;;"2024-12-03 10:58:51";"no words to say hiw this app helps me out..........am thankfull and the best one on the market"
200976;;"2024-12-03 10:56:03";"Really Helpfull"
200977;;"2024-12-03 10:55:07";"Good experience"
200978;;"2024-12-03 10:45:53";"Best trading platform with all tools, can't go wrong with this app"
200979;;"2024-12-03 10:39:29";Good
200980;;"2024-12-03 10:31:13";"Is ok...."
200981;;"2024-12-03 10:15:13";"Chart not show problem 😭"
200982;;"2024-12-03 09:52:06";wow
200983;;"2024-12-03 09:44:23";Good
200984;;"2024-12-03 09:40:01";"So swift and seamless interface"
200985;;"2024-12-03 09:22:07";"My experience on this app recently has been horrible, with the adds for tradingview premium package being paraded every minutes on my screen. The apps are displayed such that it is impossible to cancel them and thereby frustrating the trader's concentration. Such a gesture, I presume, is enforcive subscription."
200986;;"2024-12-03 09:21:16";"Nice app"
200987;;"2024-12-03 09:19:04";"Very helpfull for newbies"
200988;;"2024-12-03 09:10:21";"Its actually not bad"
200989;;"2024-12-03 09:01:16";"Awesome 👍"
200990;;"2024-12-03 08:57:33";"Very good"
200991;;"2024-12-03 08:25:40";Fire
200992;;"2024-12-03 08:22:02";"I just love this app"
200993;;"2024-12-03 07:56:18";"It's good"
200994;;"2024-12-03 07:52:40";"Best 🔥🤍"
200995;;"2024-12-03 07:44:24";"Nice app, good for analysis"
200996;;"2024-12-03 07:38:19";Fjdoh
200997;;"2024-12-03 07:35:05";Good
200998;;"2024-12-03 07:27:38";"Amazing app"
200999;;"2024-12-03 07:22:46";"Awesome tools and super great for lots of options"
201000;;"2024-12-03 06:48:39";"Use full app"
201001;;"2024-12-03 06:47:21";"Best app"
201002;;"2024-12-03 06:46:30";"Helpfull for new trader"
201003;;"2024-12-03 06:20:09";nice
201004;;"2024-12-03 06:10:13";"Make any kind of financial market analysis easy and seamless for me. Great interphase but you have to cancel pop-up adds every now & then."
201005;;"2024-12-03 05:33:27";"Excellent App"
201006;;"2024-12-03 05:29:45";"Go-to app for monitoring stocks and other portfolio items. Best indicators and tech tools. Best community."
201007;;"2024-12-03 05:05:21";"Amazing 😍🤩"
201008;;"2024-12-03 04:53:13";"Very nice and beautiful pictures and nice pics"
201009;;"2024-12-03 04:14:24";Nice
201010;;"2024-12-03 04:11:22";"Awesome app"
201011;;"2024-12-03 04:05:02";"Super app"
201012;;"2024-12-03 03:48:56";"Yaa but I'm in loss 😅"
201013;;"2024-12-03 03:44:28";"But little bit slowness"
201014;;"2024-12-03 03:18:46";"Great app I love it 😍"
201015;;"2024-12-03 03:12:57";"Very good"
201016;;"2024-12-03 03:09:29";Osome
201017;;"2024-12-03 03:06:49";"Nice Nice"
201018;;"2024-12-03 02:25:46";"Very clear layout, I love this app"
201019;;"2024-12-03 02:22:29";Fantastic
201020;;"2024-12-03 01:30:40";"Trusted, keep it up"
201021;;"2024-12-03 00:51:38";Good
201022;;"2024-12-03 00:22:05";"new version pathetic......I have install and reinstall few times but team please work on that as many feels traped with this version. thanks Update Nov 24 : seems to work very well now."
201023;;"2024-12-02 23:36:55";"Annoying as hell pop up every 30 seconds or so trying to get me to take a free trial and sub, very irritating Edit: after this review the popup seems to have stopped, and is working well again, maybe it was a bug? Glad the devs listened tho thank you"
201024;;"2024-12-02 23:28:21";"Great app, needs color text , the best are blue and brown text colors."
201025;;"2024-12-02 22:10:03";Good
201026;;"2024-12-02 21:57:52";Perfect
201027;;"2024-12-02 21:42:28";Good
201028;;"2024-12-02 20:29:52";"best in the world"
201029;;"2024-12-02 19:43:28";"Excellent application but costly subscription"
201030;;"2024-12-02 19:04:08";"Everything I could think of at my finger tips. Especially alerts."
201031;;"2024-12-02 18:50:42";OUTSTANDING
201032;;"2024-12-02 17:48:27";"It has a lot of indicators tools plus a user friendly interface"
201033;;"2024-12-02 17:44:35";"TradingView is Excellent. User friendly from beginners to Pro Traders. Tools, Indicators easy to apply on mobile devices or laptop. Overall no one beat TradingView app."
201034;;"2024-12-02 17:31:01";"Nice for trading"
201035;;"2024-12-02 17:15:00";"Great app"
201036;;"2024-12-02 17:01:52";"👌best app"
201037;;"2024-12-02 16:58:10";"Add Exness broker which is known for its features and best trading experience."
201038;;"2024-12-02 16:30:13";"A perfect platform for making trading set-up and understanding the charts"
201039;;"2024-12-02 16:08:33";"very good app ,especially the charts and the simulator to practice your skills."
201040;;"2024-12-02 16:04:00";👍
201041;;"2024-12-02 15:50:13";Best
201042;;"2024-12-02 15:45:55";"Buggiest app I've ever had. Doesn't load charts, freezes up constantly, I have to reset it constantly."
201043;;"2024-12-02 15:41:15";Best
201044;;"2024-12-02 15:21:48";"Good app moomoo is included good app good tools"
201045;;"2024-12-02 15:20:11";Good
201046;;"2024-12-02 15:14:44";"Very nice"
201047;;"2024-12-02 15:13:58";"I've been using tradingview for years, I think we all know how great it is. I'd just like to thank them for the massive discount for Thanksgiving Monday sale (I'm not even American), and a bigger thank you for accepting crypto payments! That's a huge benefit for me and one that I wish others would follow. Thank you!"
201048;;"2024-12-02 15:05:34";"Best trading app ever use"
201049;;"2024-12-02 15:05:29";"Great plateform"
201050;;"2024-12-02 14:51:55";"Wonderful! App for paper trading."
201051;;"2024-12-02 14:50:34";Best
201052;;"2024-12-02 14:27:33";"The chart page is not opening"
201053;;"2024-12-02 14:22:45";"Great overall app! No issues at all:)"
201054;;"2024-12-02 14:17:51";"Not opened multiple charts screen on web plz solve the query"
201055;;"2024-12-02 14:17:37";Nice
201056;;"2024-12-02 14:16:34";"When you want to abandon other trading platforms to use only Trading View, the portfolio simulation does not allow you to enter old buy/sell orders. Only real-time buy/sell orders are possible. So the new user is attracted to Trading View, but is not motivated to abandon old platforms that have past simulation data already stored."
201057;;"2024-12-02 14:01:46";"Worst app for mobile"
201058;;"2024-12-02 14:01:41";"Awesome App but too many ads disturbs free users very much"
201059;;"2024-12-02 13:54:00";Good
201060;;"2024-12-02 13:52:59";Great
201061;;"2024-12-02 13:46:38";"I bought new phone moto g85 and when I'm opening this app, it's taking longer time almost 20-25seconds in loading data"
201062;;"2024-12-02 13:27:50";"Great platform... Can you add free bar replays period for unsubscribed members... I beg🙏🙏"
201063;;"2024-12-02 13:25:36";"Good nice"
201064;;"2024-12-02 13:18:49";"It's great for checking charts and basic TA but the UI makes it more difficult to use than on PC. Still a great app, it gets the job done for most things"
201065;;"2024-12-02 13:09:10";👌
201066;;"2024-12-02 13:03:22";Gud
201067;;"2024-12-02 12:54:32";good
201068;;"2024-12-02 12:46:30";"perfect app for trading practice"
201069;;"2024-12-02 12:28:12";"Great and Advanced app. Thumbs up👍🏼"
201070;;"2024-12-02 12:06:15";Lag
201071;;"2024-12-02 11:55:41";"Total, very good"
201072;;"2024-12-02 11:42:39";"Better trading indicators"
201073;;"2024-12-02 11:26:58";"Best platform"
223081;;"2024-08-03 11:58:05";Exceptional
223011;;"2024-08-04 12:50:12";"Through this app. I can easely make my technical in forex trading."
222802;;"2024-08-06 11:14:30";"Massive keep it up"
222734;;"2024-08-07 04:16:03";"Very very nice"
222528;;"2024-08-09 15:40:58";"Live help center required"
222766;;"2024-08-06 17:33:30";Good
222259;;"2024-08-13 03:14:13";"I gave only two star because...... Everything working fine but sometime only chart not open in my Android phone, if I try to open tradingview via Chrome browser website also not open that time, phone and trading view Android apps both are up to date. But Tradingview open in windows perfectly. Please do needful....."
222059;;"2024-08-15 08:32:12";Best.
221995;;"2024-08-16 02:39:39";"Nice to watch"
221798;;"2024-08-18 13:49:33";"Very nice and easy to understand"
220235;;"2024-08-19 05:31:11";good
220172;;"2024-08-19 20:22:30";Mast
219979;;"2024-08-22 01:13:37";"World's bestest trading platform Lovely 😍"
219917;;"2024-08-22 13:41:16";"I enjoy this app as much as it helps me create income"
219727;;"2024-08-24 14:40:35";"My chart does not want to load whenever I open the app please fix that"
219666;;"2024-08-25 12:32:00";"Nice user interface"
219479;;"2024-08-27 13:29:26";"I very much enjoy the app just wish I could open up close indicators that are minised from the app idk if I've missed it or not functionality on a phone so other wise pretty happy with it"
219419;;"2024-08-28 06:46:40";"Your ads are annoying popping up too often, disturbing trade focus. What's the problem??????? Every other thing is great"
219235;;"2024-08-30 06:09:05";"Nice hai lekin thoda ped hai aisi koi baat nahin lekin achcha app hai"
219176;;"2024-08-30 17:31:18";"As per india, the basic price of premium itself is very high, rethink, if it's worth I wouldn't have wasted my words"
222983;;"2024-08-04 22:03:57";Good
218937;;"2024-09-02 14:05:35";"Great App for trainings"
218910;;"2024-09-02 19:53:22";"Great great great great 👍🏼"
215630;;"2024-09-06 06:31:53";"The display chart becomes more horizontal when I try to use a timeframe like 5min or 1hr.. can this issue be resolved"
215573;;"2024-09-07 03:34:00";Good
215399;;"2024-09-09 14:07:31";Good
215343;;"2024-09-10 08:55:19";"It's great 😃😃😃"
219210;;"2024-08-30 11:15:38";"Changing from 3 to 4 stars. The app is what it is. IT S PROBS STILL THE BEST OUT THERE, ALBEIT ATKINDA GREEDY PRICE LVLS. Went from free app with the option to pay to have pay with the demo option to be free. The tabs do not load, you cannot add new symbols, cant have indicators anymore (one 1) The interface is buggy all the time for some reason now. 1 month (most basic) subscription is 20$ with tax. So yeah, preety much garbage on top of a good pruduct. Just saying, everyone knows its true."
215117;;"2024-09-12 18:48:22";Nice
215062;;"2024-09-13 10:44:52";"Must app for professional traders"
214895;;"2024-09-16 02:55:35";cool
214841;;"2024-09-16 14:38:17";"Great experience from last few years"
214786;;"2024-09-17 06:11:59";"Why haven't you guys integrated with exness broker yet, I have been looking for the broker for month's and I haven't seen it since then. Please do integrate with them it will be much appreciated thank you."
214622;;"2024-09-19 04:28:33";Excellent
214569;;"2024-09-19 14:46:07";"""TradingView: A Game-Changer for Traders! Rating: 5/5 TradingView is an exceptional platform for traders and investors. Its intuitive interface, real-time data, and vast charting tools make it a standout. Key features: - Customizable charts and indicators - Real-time market data and news - Community-driven insights and ideas - Cloud-based, accessible anywhere Whether you're a novice or pro, TradingView's comprehensive suite empowers informed decisions. Highly recommend!"""
215608;;"2024-09-06 12:27:55";"Great platform; I can't really complain, other than it's very expensive for students. Regular updates are made to make the platform more current and modern, but there is definitely room for improvement with modern technologies. Please create an option for LOT SIZES and not just UNITS when placing trades."
214357;;"2024-09-22 12:40:26";"It is a very good app for trading in Indian market. But , this app can give more best experience to users"
214305;;"2024-09-23 03:36:07";"I love this app it's the best one"
212752;;"2024-09-23 12:06:49";"Very good app complete solution for trading and investing."
222781;;"2024-08-06 14:57:47";"Not as functional as the web version."
212544;;"2024-09-26 02:35:48";Good
212492;;"2024-09-26 14:43:18";"Best app for Viewing and lots of indicators and smooth UI"
222782;;"2024-08-06 14:45:25";"Can't live without it"
212289;;"2024-09-29 16:24:11";"Best of the best trading app ever to exist"
212238;;"2024-09-30 07:10:59";"Cannot unsubscribe"
221976;;"2024-08-16 04:54:37";"I love this channel and it has been an help to many..."
212040;;"2024-10-02 16:12:48";"Love it"
211990;;"2024-10-03 11:23:36";"Very intuitive, and seamless"
218977;;"2024-09-02 05:43:47";"Good app for practicing trade"
211797;;"2024-10-06 09:35:44";"All I can see is,this is the best I have seen.tnx to the developers out there.there technical analysis got me 20 dollars.thank u"
211748;;"2024-10-06 22:06:00";"Good application"
214336;;"2024-09-22 16:36:15";"You've got ro buy FTSE ..!! Stay with Investing .."
211560;;"2024-10-08 17:22:57";Good
211512;;"2024-10-09 06:20:15";Best
211464;;"2024-10-09 15:09:00";"Very much helpful"
219650;;"2024-08-25 18:22:20";"Thank you for this wonderful app"
211282;;"2024-10-11 17:59:21";Good
209735;;"2024-10-12 13:00:19";"Love it! Best!"
209688;;"2024-10-13 06:43:06";"Very good app"
214342;;"2024-09-22 15:59:53";"Once Tradingview, Always Tradingview"
209512;;"2024-10-15 04:21:16";"Great and Good"
209466;;"2024-10-15 11:33:19";"The app is very good for any kind of trade"
209420;;"2024-10-16 02:16:32";Nice
215048;;"2024-09-13 13:24:07";Good
209250;;"2024-10-17 18:01:17";Awe
209205;;"2024-10-18 07:53:06";"Amazing But i thinks there should.be more features in free version."
209160;;"2024-10-18 16:12:06";"Best trading app ever! I really love it. From the smooth and attractive software, to the highly comprehensive execution process, everything is excellent 👍👍 Great shout-out to the developers, you did a wonderful job👏 The only issue is that, it has a limited number of brokers on the application and many other brokers, including the one I'm trading with, is not available on the tradingview app. Please make a vast option of brokers available, just like it is on other trading platforms."
214882;;"2024-09-16 05:11:51";"Very good overall. Sometimes if internet not impressive chart won't load. That's it"
208996;;"2024-10-21 03:15:43";Excellent
208953;;"2024-10-21 11:31:16";"Best trading platform 👌🏾"
208909;;"2024-10-22 01:42:45";"I bought an A55 now trading view run smoothly"
212531;;"2024-09-26 04:59:12";"Best vs best app"
208751;;"2024-10-23 18:28:14";Wounderful
208708;;"2024-10-24 10:57:44";Cool
208666;;"2024-10-24 21:05:56";"Easy to analyze using this platform"
215558;;"2024-09-07 09:41:21";"Very nice Application 👍"
219224;;"2024-08-30 07:19:47";Good
208475;;"2024-10-27 14:07:49";Best
208434;;"2024-10-28 06:03:31";"Good for charts"
208393;;"2024-10-28 15:49:25";"It's very useful ☺️"
221780;;"2024-08-18 16:48:47";"The zero brokerage feature on Dhan saves a lot of money. ||"
211550;;"2024-10-08 20:23:32";Excellent
219907;;"2024-08-22 16:01:50";"Love using this app! Excellent!"
205144;;"2024-10-31 14:33:35";"The best platform for technical analysis, Thank you"
205105;;"2024-11-01 03:25:49";"Good but expensive"
205066;;"2024-11-01 11:51:14";🍷
209726;;"2024-10-12 15:15:50";"Super setting"
219167;;"2024-08-30 19:48:53";"Best platform for trading analysis"
204895;;"2024-11-03 19:51:44";"Best trading app"
204857;;"2024-11-04 07:19:41";"Very useful"
204819;;"2024-11-04 15:41:45";"Superb app for traders"
208743;;"2024-10-23 23:48:44";"Excellent interface and a lot of trading tools and indicators wich make Trading View number one"
220011;;"2024-08-21 13:05:25";"It took so long time to open charts lately. If it is solved, i will give 5 stars as before"
204656;;"2024-11-06 10:53:34";Nice
204619;;"2024-11-06 17:29:28";"Wonderful platform for analysing stock market"
204582;;"2024-11-07 06:06:35";"It shows me price action and is helping me learn"
204545;;"2024-11-07 14:08:00";Excited
209459;;"2024-10-15 12:50:30";"Easy to use"
215392;;"2024-09-09 15:30:38";"Need you to partner with tradovate, so traders can take advantage of the trade copier feature found on tradovate platform. It would be nice to have the trade copier feature on Tradingview."
204391;;"2024-11-09 14:53:10";"Excellent 👍👍"
204355;;"2024-11-10 03:42:42";"Nothing to campare with trading view"
204319;;"2024-11-10 11:59:55";Nice
221979;;"2024-08-16 04:35:06";"Easy to deposit."
209414;;"2024-10-16 03:51:37";"Nice experience"
219954;;"2024-08-22 07:43:26";"Very good aaap user friendly use"
204137;;"2024-11-12 07:24:44";"Supper App"
204101;;"2024-11-12 15:37:28";"Best app for charts"
204065;;"2024-11-13 03:29:27";"Good platform"
204132;;"2024-11-12 08:07:19";"Just WOW,,,, For Market Analysis"
208904;;"2024-10-22 03:21:25";"Very innovative"
214564;;"2024-09-19 15:36:58";Excellent
203888;;"2024-11-15 04:42:08";Good
203852;;"2024-11-15 14:38:24";Nice👍
203816;;"2024-11-16 00:13:50";"That's awesome app for traders"
203780;;"2024-11-16 10:33:51";"Very thorough and efficient"
202244;;"2024-11-17 06:52:26";"Trading view is so exceptional It's better than all other analysis platforms I've come across honestly!!"
205101;;"2024-11-01 04:25:18";"👍🏽 good job"
211793;;"2024-10-06 10:16:09";"Very good app"
219723;;"2024-08-24 15:43:01";"Excellent m"
202077;;"2024-11-19 07:23:45";"Ezy to use"
202042;;"2024-11-19 14:40:55";"Best trading platform ever"
202007;;"2024-11-19 23:41:17";"Only smart players can related"
214836;;"2024-09-16 14:56:37";"My chart not working not show crypto chart not showing"
219655;;"2024-08-25 16:16:17";"Good to use after 3 years of usage"
223273;;"2024-08-01 09:26:16";"Best trading chart"
221992;;"2024-08-16 03:25:15";"I like you"
201816;;"2024-11-22 06:26:42";"mast Haire app Eise tom12o lagta Ha i"
201782;;"2024-11-22 12:38:21";"All time asking for upgrades and money anoing af app"
201748;;"2024-11-22 20:46:17";"It's the best....."
202242;;"2024-11-17 07:32:20";Good
220162;;"2024-08-19 22:55:22";"the best"
211795;;"2024-10-06 09:46:42";👍👍👍
219477;;"2024-08-27 13:43:56";"I'm currently updating this app for more than 3 times now. Though, I've been using it to analyze charts on the tradingview free version for a long time but surprisingly, it stopped working. I couldn't open the charts and all images are just blank except the pair prices. Please do something to resolve this issues as soon as possible. Thank you."
201569;;"2024-11-25 13:37:18";"Truly among the best if the not the best trading app tbh"
201536;;"2024-11-25 22:31:27";"best partner for trading journey 💓💓👍👍"
201503;;"2024-11-26 05:29:56";"Platform is fine but I fail to understand such a big platform and doesn't have basic screener like percentage from 52 week high low"
201535;;"2024-11-25 22:31:28";"very good"
209197;;"2024-10-18 09:16:31";"Good apk"
208908;;"2024-10-22 02:20:58";"Nice one"
212751;;"2024-09-23 12:25:07";"App refused to show me the charts,it just loafs it for days"
222258;;"2024-08-13 03:14:46";"Great app. Great sacrifice to help traders. I give it 1000🌟"
201304;;"2024-11-29 06:42:19";Good
201216;;"2024-11-30 13:24:28";"Beautiful app nice working app"
201217;;"2024-11-30 13:10:49";"Very nice"
201218;;"2024-11-30 12:52:20";"Real man's play ground"
201219;;"2024-11-30 12:34:39";"Very good app"
201220;;"2024-11-30 12:04:55";"Best app erver♥️♥️"
201221;;"2024-11-30 11:58:04";"Charts are not loading at all since last few days."
201222;;"2024-11-30 11:48:48";GOOD
201223;;"2024-11-30 11:26:14";"Study 7 months to gain 70 years...... if you don't study, don't trade lerner first"
201224;;"2024-11-30 11:20:42";Gud
201225;;"2024-11-30 11:13:28";"My chart is not for open"
201226;;"2024-11-30 11:11:13";"i love it"
201227;;"2024-11-30 10:57:10";Exceptional.
201228;;"2024-11-30 10:41:29";Good
201229;;"2024-11-30 10:23:33";"I am Frist time use"
201230;;"2024-11-30 10:22:11";"mst H bhi 💖"
201231;;"2024-11-30 10:09:43";"Showing wrong candles multiple times missed trade and wrong entry because of this app"
201232;;"2024-11-30 10:04:56";✨♾️✨
201233;;"2024-11-30 10:03:33";"Easy to navigate and good"
201234;;"2024-11-30 09:51:35";"It helps me a lot checking my invested crypto. THANKS 😊"
201235;;"2024-11-30 09:25:36";"very bad It used to be a good program, but now it has terrible speed, all the candles are delayed and practically in the worst way, and it does not have any features in the free version. I hope a replacement will be found. When I open the application, the whole page is black friday messages and most of the attempts are made to torture the users of the free version. :! bad bad bad"
201236;;"2024-11-30 09:21:58";"Best trading aap to analyse the stocks"
201237;;"2024-11-30 09:06:33";"Nice aap"
201238;;"2024-11-30 08:37:54";"Good for everyone 👍"
201239;;"2024-11-30 08:36:56";"Very good app"
201240;;"2024-11-30 08:31:13";"No other one is closer. I simply view better."
201241;;"2024-11-30 08:28:36";good
201242;;"2024-11-30 08:19:03";Ok
201243;;"2024-11-30 08:16:27";Nice
201244;;"2024-11-30 07:52:10";"Hi Team, I have bought an subscription from black friday sale. I got the order receipt from google play but my plan was not updated in the app. Raised support ticket as well but didn't get the response yet. Kindly help me on this"
201245;;"2024-11-30 07:36:05";"The best"
201246;;"2024-11-30 07:24:50";"Nice and fast"
201247;;"2024-11-30 06:42:30";"Tradingview is home."
201248;;"2024-11-30 06:18:27";"Incredibly nice"
201249;;"2024-11-30 05:29:09";"best analysis app"
201250;;"2024-11-30 05:08:07";"Good app"
201251;;"2024-11-30 04:44:20";"good app"
201252;;"2024-11-30 03:44:09";good
201253;;"2024-11-30 03:03:19";"Real time chart"
201254;;"2024-11-30 02:46:00";"Good but plan are too high i m already in loss I want tranding view for learning but plan are too high"
201255;;"2024-11-30 02:42:12";Good
201256;;"2024-11-30 02:40:40";"Good app 👌 for studies."
201257;;"2024-11-30 02:34:23";"Very professional"
201258;;"2024-11-30 02:33:27";Best
201259;;"2024-11-30 01:43:31";"Top notch!"
201260;;"2024-11-30 00:40:31";Excellent
201261;;"2024-11-29 23:19:03";"The best."
201262;;"2024-11-29 22:03:09";"Cheaters and dirty tricksters. Offer plans, tilting the sums to their advantage."
201263;;"2024-11-29 22:01:08";"This year whenever I open the app it's not loading. I've given it a year to see if it worked again. But it didn't."
201264;;"2024-11-29 21:10:28";Ok
201265;;"2024-11-29 20:33:17";"Good for free"
201266;;"2024-11-29 20:18:12";"Super App"
201267;;"2024-11-29 19:41:51";"I have tried other charting for trading. However TradingView remains the best."
201268;;"2024-11-29 18:48:05";cool
201269;;"2024-11-29 18:16:42";Good
201270;;"2024-11-29 17:53:13";"Changed my life"
201271;;"2024-11-29 17:33:40";"good app for learners"
201272;;"2024-11-29 17:14:28";"Very good TrainingView Apps"
201273;;"2024-11-29 17:10:54";Worst
201274;;"2024-11-29 16:48:17";"easy to set up and use. do not expect more if you are basic only. but this is so helpful"
201275;;"2024-11-29 16:29:51";Nice
201276;;"2024-11-29 16:14:46";"Super service"
201277;;"2024-11-29 15:26:10";👍👍👍
201278;;"2024-11-29 15:12:04";"Good smooth chart moment👍🏼"
