review_id;title;date_reviewed;review_text
153858;;"2020-05-25 23:48:54";"I love this app!!"
163416;;"2020-04-11 04:45:39";"Deleted this app. Compketely over run by scammers. Zero legitamate commerce going on here any more. Used to be fibe 2 years ago. Now totally useless. Try OfferUp or Mercari. Lights soon out here"
153663;;"2020-05-27 21:03:58";"Thanks site has been really helpful"
153613;;"2020-05-28 08:02:59";"How easy it is to point , shoot , describe your want , need all without stressing."
169261;;"2020-03-08 00:43:33";"Good stuff"
153423;;"2020-05-29 21:51:18";"The search function is awful and only gives notifications of new bookmarked listings once a day if that. Stick to offerup"
153374;;"2020-05-30 11:19:41";"I did not get an app icon when I downloaded it. It's a real pain in the butt to have to go the long way around."
165957;;"2020-03-29 15:24:05";"I would give a 0 if I could worst app I filter my location so it can be within a few miles but in reality they are hours away And this is a app filled with scamer they always ask for gift cards and not cash their should be a way to get their account removed I'm so tired of this. Apart from this I told a seller I couldn't go and just to keep the deal I told him I was 17 that my parents didn't allow just to keep deal. Ive sent a report to a guy who actually scammed me and they are blocking me."
168720;;"2020-03-14 11:11:38";Wonderful
153141;;"2020-06-01 14:35:15";"I have had nothing but good experiences so far."
153093;;"2020-06-01 21:36:47";"Excellent experience"
161321;;"2020-04-30 15:54:04";"Works well"
152914;;"2020-06-03 14:52:18";"It's either filled with lowballers or Indian scammers."
152867;;"2020-06-03 23:20:05";"Great app."
153617;;"2020-05-28 06:58:01";"Awsome love it but I did have a few ppl give me me n e ring around and /or not show up"
162870;;"2020-04-17 04:23:26";"Like the fact that you can post something to sell, or buy. Cool!"
152647;;"2020-06-06 04:47:29";"I think you should put an age on so kids could sell anything."
152601;;"2020-06-06 17:48:35";"Excellent service. Easy and unserstable format. Great all around!!"
165937;;"2020-03-29 19:47:06";"Awesome app"
163421;;"2020-04-11 03:21:14";"Fun and easy to use. Wish more people would use it as it's tons of fun. I will use it a lot to buy and sell."
152388;;"2020-06-08 20:11:29";"I love this app for both buying and selling"
152343;;"2020-06-09 05:46:37";"U mo"
162597;;"2020-04-19 15:08:27";"Would be 5 stars if I didn't keep getting a error code and have to uninstall and reinstall the app come on guys fix this problem please"
162872;;"2020-04-17 03:29:05";"Lots of options for whatever Im looking for."
152137;;"2020-06-11 02:28:13";"I cant respond to my buyers in no kinda way.cant even see how to respond to them."
152093;;"2020-06-11 14:33:27";Great
152918;;"2020-06-03 14:24:36";"Great app for making extra cash and catching great bargain deals"
161325;;"2020-04-30 15:08:35";"Numerous scammer are using this app."
151894;;"2020-06-12 23:39:56";"Sad when even let go is putting blm on their ads"
151851;;"2020-06-13 12:13:46";"App had been good for a while but recently I have been having the same issue as other reviewers: I click on an ad and it is greyed out behind the chat box at the bottom so that I cannot read the ad or look at the pictures. Impossible to actually buy something when I can't see the ad."
151808;;"2020-06-13 18:50:42";"Its a good reliable app, however it does not allow you edit your listings location or zip code."
163412;;"2020-04-11 05:05:11";"Sometimes people get angry if you choose a better deal.. But I usually win a prize I'm smart... Wisdom comes with experience"
165969;;"2020-03-29 14:00:44";"Better than offer up"
151617;;"2020-06-15 16:08:10";Great😌
151575;;"2020-06-15 23:14:24";"Lotsa great deals and a fun community of folks wheelin and dealin CHEERS!!!"
150033;;"2020-06-16 07:36:21";"It awsome"
152920;;"2020-06-03 13:06:10";Useful
161084;;"2020-05-02 14:08:07";"Brother always sends me a link and the app opens up. But never goes the link he sent me!"
149850;;"2020-06-17 22:32:52";"Great site lots of sales"
149809;;"2020-06-18 11:59:14";Nice
149768;;"2020-06-18 21:13:21";"Its a good app"
153149;;"2020-06-01 13:04:30";"Keep notifying me after I look at something and I turned notification off! Sorry apk"
161328;;"2020-04-30 14:47:57";Recommended
149593;;"2020-06-20 16:11:22";"Good app"
149553;;"2020-06-21 00:24:52";"Love it , easy format"
149513;;"2020-06-21 08:42:47";"Great app"
152654;;"2020-06-06 04:00:23";Good
157500;;"2020-05-07 18:57:10";"Good app tbh"
169285;;"2020-03-07 20:13:02";"I tryed to sell acpap the person sent a check that when i went to deposit the check it came the check was no good its no fault of letgo it was a scam i will find out on monday from my bank"
149307;;"2020-06-23 15:04:03";"Searches are not accurate. Brings up irrelevant stuff"
149268;;"2020-06-23 20:44:17";"Makesbitneasy to buy/sell online."
151621;;"2020-06-15 15:50:22";Fair
165448;;"2020-04-04 20:34:01";"Won't open. Only gives errors"
162878;;"2020-04-17 02:49:45";Yeah
149071;;"2020-06-25 18:22:51";"Removed my account for BLM nonsense. I assume won't give any direct communication. App sucks cx service sucks"
149033;;"2020-06-26 01:37:42";Cool
148996;;"2020-06-26 13:28:06";"I've made alot of money selling things on Letgo. I have also bought things on Letgo. I love this app.. You can find just about anything on Letgo. Letgo has been good to me!!"
152100;;"2020-06-11 12:33:10";"Doesn't show notification at all."
169256;;"2020-03-08 01:49:02";"Good application"
168542;;"2020-03-16 12:49:45";Great
148813;;"2020-06-28 03:37:07";"Very easy to use"
148777;;"2020-06-28 14:26:41";"Super easy to use. Only wish there was a required measurement feature for those selling furniture."
148741;;"2020-06-28 19:52:52";"All people who have been buying has been great"
151623;;"2020-06-15 15:40:09";"Great purchase 👍"
162865;;"2020-04-17 06:09:49";"I sold almost everything I listed love the app"
162085;;"2020-04-23 19:21:16";"Love it"
148568;;"2020-06-30 09:42:39";"I LUV THIS APP. IT'S EASY TO USE"
147033;;"2020-06-30 16:30:44";"Convenient Opportunities"
146998;;"2020-06-30 23:37:52";Perfect
146963;;"2020-07-01 07:42:18";"Love it"
149036;;"2020-06-26 01:25:34";"Since I've been selling things on let-go I've been making all kinds of money.... so I like it"
152353;;"2020-06-09 03:58:02";"Very good experience"
156496;;"2020-05-16 01:02:43";"I enjoy the easy way in which Let Go assisted me in making great value purchases. Also I have sold one item to date with great ease!!!😄"
168231;;"2020-03-20 13:10:59";"awesome site jus hard to sell my items"
146767;;"2020-07-03 10:28:10";"I'm really not giving this app any stars! I've gotten scammed on here trying to purchase a car. Don't trust this app or whats on here!"
146733;;"2020-07-03 17:55:46";Great
146699;;"2020-07-04 00:21:28";"Good happy n satisfied"
149037;;"2020-06-26 01:22:54";"I really do like this app. Pretty much everything is good except when I go to click on a post I can't view it. It only lets me message them. I have to click out of the app and then get back on the app and then I can view the post. Took me a while to figure it out but it's pretty annoying when you gotta do it Everytime you look at a post. I have a one plus 7 pro."
161367;;"2020-04-30 03:07:07";"Easy to buy or sell even your mojo's"
162328;;"2020-04-21 15:10:46";Ok
163088;;"2020-04-15 00:34:23";"Good app"
146515;;"2020-07-05 23:50:21";"The last time I used it I didn't have no problems but it's been awhile since I used it let go"
146482;;"2020-07-06 14:51:30";"Fast and easy"
146449;;"2020-07-06 21:56:09";Good
146966;;"2020-07-01 07:05:21";"I have gotten so many great deals from let go"
157269;;"2020-05-09 19:43:56";"It's been great thank you"
153439;;"2020-05-29 19:03:27";"Clean way to sell locally"
160853;;"2020-05-04 15:45:21";"C😴🥑🥑🥑🥑🍅🍓x as xxwwwswwwewsww2 ww sws see We will but"
168736;;"2020-03-14 01:33:44";"Make sure you check everything and let the other person know sales are final. Had some issues with that but good app"
146245;;"2020-07-08 19:47:15";"Always has been a great app. And site to sell and purchase items"
146213;;"2020-07-09 01:27:54";"Garbage app. So slow and so many adds. Offerup is way better. Use offerup."
146181;;"2020-07-09 14:00:24";"Worst app to sell/buy on PERIOD. People post false descriptions, they low ball you, they never respond to messages, they scam you. Never again. Oh and did I mention theres no way to get your money back? Who's running this app? Should be prosecuted honestly."
148572;;"2020-06-30 06:46:56";"Not bad at all to use."
150043;;"2020-06-16 04:15:45";"I love it, so far, I have nothing but good experience."
156701;;"2020-05-14 11:43:52";Good
160854;;"2020-05-04 15:42:11";"Love how fast and easy everything is. Well put app"
131072;;"2024-09-03 16:29:32";"Rezalet bir uygulama. Onay maili göndermiyor. Bir şey satacağım, alıcıyla anlaştık, daha fazla teklif gelmesin diye satıldı olarak işaretleye tıkladım ve sonra alıcı ile chat'i kapattı. alıcı'ya tekrar ulaşamıyorum, mesaj da gönderilemiyor uygulamadan. ne güzel satmıştım işte, niye geri açılmıyor chat??? alıcı bana nasıl ulsşacak, daha para alışverişi yapmamıştık. ödeme, nakliyat vb. yapılamıyor. Xiaomi 11 telefon kullanıyorum, ya telefonla uyumsuz ya da uygulama kötü."
131073;;"2024-09-02 12:13:16";"Artık dolandırıcılar türemeye başlamış. Herhangi bir kimlik doğrulaması olmadan milleti kandiracak ürünleri yayınlıyorlar."
131074;;"2024-08-30 10:29:42";"Mesaj kısmında bağlantı gelip gidiyor, socket konusunda probleminiz var benden söylemesi."
131075;;"2024-08-29 09:18:21";"Çok kotu uygulama, interneti bile baglayamiyor"
131076;;"2024-08-28 11:38:22";"App thinks I'm in turkey, tried everything to change location including uninstalling but nothing worked 0 out of 10"
131077;;"2024-08-26 16:33:58";"Cep numarası değiştirmeye izin vermiyor. Kodu giriyorum hiçbir şey olmuyor."
131078;;"2024-08-24 12:33:39";"Terrible. No english version for non Turkish speakers. Needs major improvement. It used to be better"
131079;;"2024-08-23 01:33:21";"Worse with every update"
131080;;"2024-08-22 23:45:37";"The app would only appear in Turkish. I tried reinstalling the app and that still didn't work. My phones language setting is English and has never been Turkish. Not sure why the app would only stay in Turkish."
131081;;"2024-08-20 19:19:36";"Uygulama açılmıyor dahi. Giriş yapamıyorum, yükleme ekranını geçemiyorum. Eskiden de donuyordu ama hiç değilse giriş yapabiliyorduk.."
131082;;"2024-08-20 01:59:43";"Location and language are messed up. Reinstalled and same thing. This is only app with problem. It's not on my end. Fix your install language back to English please"
131083;;"2024-08-18 10:12:45";"My app updated and now it thinks it's Turkish with no way to change it back"
131084;;"2024-08-04 09:16:29";"Bazı gönderiler bütün sayfayı dolduruyor. Çoğu da aldatıcı"
131085;;"2024-08-03 20:14:01";Naa
131086;;"2024-08-02 18:13:43";"When I go into the app it reads some kind of words I do not understand. How do I change it to English?"
131087;;"2024-08-02 16:10:31";"Was it a different language wouldn't let me change the option to English"
131088;;"2024-07-28 06:34:50";"Vasat uygulama sohbet ve arama sistemi düzgün calismiyor"
131089;;"2024-07-27 17:00:02";"Set to Turkish. Data leak"
131090;;"2024-07-25 16:26:14";"Hi, Lego should have NEAVER ! Merged in with OfferUp just NEAVER understude this decision!!!"
131091;;"2024-07-20 12:26:20";"Bozuk uygulama beni kaç kere banladı. Şaka gibi ya. Aynı numarayi, sırf sifremi unutup baska hesapta kullandim diye"
131092;;"2024-07-15 10:03:24";"It didn't have English and I can't understand the language that it was in."
131093;;"2024-07-11 12:59:31";"this app is in another language. I went into settings to see if something was wrong. my language is set for English but the language on the app is not English."
131094;;"2024-07-10 00:26:01";"Download it and open it up and it's in Turkish...can't figure out how to change to English."
131095;;"2024-07-09 23:39:11";Deleted
131096;;"2024-07-01 17:54:22";"The app is now in a different language. Uninstalling"
131097;;"2024-06-30 20:52:59";"Hayatımda gördüğüm en kötü uygulama"
131098;;"2024-06-30 12:26:31";Trashhh
131099;;"2024-06-28 00:30:37";"Downloaded twice. Both times I'm another language other then English."
131100;;"2024-06-24 19:47:09";"DID NOT Help me in Financial Emergencies!"
131101;;"2024-06-24 08:01:26";"Bir kelime yazıp aratıyorsun, sonuçlar geliyor, ""gösterilen bir ilana"" tıklıyorsun, ilan açılmıyor ve ekrana ""aradığın ilan yayında değil"" diye bir mesaj geliyor. Yayında olmayan ilanı arama sonuçları içinde göstermenin amacı nedir?"
131102;;"2024-06-23 02:31:55";"Just installed... Says I'm in the country Turkey. Unable to change country. Cleared cache, able to log into Google account. Click on location at top of home page...United States in search, after clearing turkey, returns no results. Not using a VPN."
131103;;"2024-06-19 13:39:19";"Ya*rak reklamı nedir amk kapatamiyoruz da"
131104;;"2024-06-17 18:16:22";"POS APP. It downloaded in Turkish and wouldn't let me get anywhere else."
131105;;"2024-06-16 18:44:13";"Why i can not change location.... I came another country for 3weeks... i can buy some stuff"
131106;;"2024-06-14 15:57:20";"Won't pick up my location. Says I'm in Turkey and in a foreign language I cant adjust back to english."
131107;;"2024-06-13 12:47:56";"I've been trying to use this app again after quite a while of inactivity. When I opened it, the app was in ANOTHER LANGUAGE & it keeps saying I live in TURKEY!! Turkey? Really? I un-installed then reinstalled THREE TIMES to see if It could fix itself. Ummm....... Nope. If it gets FIXED, I'll reconsider."
131108;;"2024-06-11 21:40:02";"The app is only in Turkish, my phone is set to English and I'm in the US. No way to change it through the app."
131109;;"2024-06-08 10:16:23";"Update is awful"
131110;;"2024-06-03 19:30:55";"Literally can't change the language from whatever it is. I download it and it thinks I'm in Turkey. Tried to change location and it doesn't work. Trash app actual scam."
131111;;"2024-06-03 06:29:30";"Trying the app again after a while, but unable to. Updated the app and now everything is in Turkish. And I can't read anything."
131112;;"2024-06-02 21:55:47";"It keep going to another language and I can't change it back to English. So I uninstalled it and reinstall but it still the same."
131113;;"2024-05-30 03:43:58";"Hesap açılırken neden uygulama hata veriyor"
131114;;"2024-05-29 18:14:21";"Suddenly in Turkish with no way to change to English. But everything in its app store description is in English. Useless, suspicious"
131115;;"2024-05-25 18:46:35";"App has changes its language to some foreign language and I cant undo it. No customer support. Don't download"
131116;;"2024-05-20 20:19:07";"Good app"
131117;;"2024-05-19 12:35:32";"Doesn't function properly"
131118;;"2024-05-17 11:28:07";"App no longer in english it used to be"
131119;;"2024-05-16 23:13:53";"Not use full Don't download this app useless 😒"
131120;;"2024-05-16 21:58:45";"It's in Turkish? I don't know, also I don't know what to do?"
131121;;"2024-05-16 20:40:19";"Şu uygulamayı 5 senedir bi düzeltmediniz tüplü televizyon arıyorum tüplü şahin çıkıyor yazılım ekibini afganistandan falan mı topladınız."
131122;;"2024-05-15 11:40:26";"Neden bu Kadar kotu bir uygulama?"
131123;;"2024-05-15 10:29:47";"sohbetler menüsü açılmıyor. kırmızı yüklenme simgesi dönüp duruyor. uygulamayi kapatip açmak çözüm degil"
131124;;"2024-05-14 21:46:10";"Finally you fixed it 🤌 please keep improving the app this way"
131125;;"2024-05-14 12:08:31";"Every time I installed it it would come up in some foreign language will not let me go two English"
131126;;"2024-05-14 07:39:39";Letgo
131127;;"2024-05-14 00:27:56";"I don't know if it exists anymore but it used to be pretty good until the people only tried to sell cars. That's all you'd see for pages and pages is cars for sale from dealerships. Then I got kicked off because somebody sold me a refrigerator that didn't work and I wanted my money back. I wasn't nice when I got no response."
131128;;"2024-05-13 19:57:36";"Very bad we can not use mobile app"
131129;;"2024-05-10 12:55:28";"Mail adresinde alt tire kabul etmemeye başladı."
131130;;"2024-05-09 19:42:57";"I gave a 1 star review before but the most recent update has made it a lot better , but I am still not sure if the problems with no notification of incoming messages is still there! I will update my review if it has been fixed. Also, it is still showing the same listings on the home page no matter how further down I scroll, the listings just keep repeating, this significantly reduces the chances of selling anything to anyone using the app."
131131;;"2024-05-08 13:43:47";"I miss this app."
131132;;"2024-05-07 05:35:01";"Constant crashes. Can't even add or edit listings before crashing at the last step"
131133;;"2024-05-06 14:12:58";"There does not appear to be an english version. Nothing in the description indicates it is non-english."
131134;;"2024-05-05 17:04:42";"Uygulamada bir sorun var. İlan verirken son aşamada uygulama çöküyor. Cihazım Samsung S23. Son güncellemeden sonra bu sorun çıktı."
131135;;"2024-05-05 10:36:36";"Yeni versiyonu cok kullanissiz"
131136;;"2024-05-05 09:21:12";"Tam ilanı verecekken uygulama hata verip kapanıyor."
131137;;"2024-05-03 05:14:44";"Sohbet sayfasında sürekli bir problem var. Bağlantı hatası veriyor."
131138;;"2024-05-01 18:19:33";"Lütfen eski görünüme döndürün güncelleme berbat olmuş Ayrıca artık hiçbir şey satılmıyor"
131139;;"2024-04-29 10:14:00";"ilan düzenleme sorunu , kaydetmeden kapaniyor . Bug"
131140;;"2024-04-28 08:42:59";"Crashing continuously."
131141;;"2024-04-28 06:20:49";Good
131142;;"2024-04-23 18:49:10";"Cokuyor en son ilani yollayacagi zaman..."
131143;;"2024-04-23 13:45:01";"İlan veremiyorum, son aşamada uygulama çöküyor. Aylardır bu şekilde."
131144;;"2024-04-23 12:58:11";"App keeps crashing i cannot sell items"
131145;;"2024-04-23 12:36:03";"Uygulama çalışmıyor ki.. 4 saattir telefon dogrulamaya çalışıyorum. Dogrulayamadim. Satış için ürün koydum, son aşamada uygulama kapanıyor."
131146;;"2024-04-21 18:26:43";"It is not possible to sell a product through this app unless you make payments in order to be in the first rows."
131147;;"2024-04-21 05:51:29";"İlan yükleyemiyorum, son aşamada kapanıyor."
131148;;"2024-04-19 21:34:53";"Stuck in Turkish and can't change language after uninstalling.. clearing cache data .. nothing is working to switch it to my language and location"
131149;;"2024-04-17 07:54:52";"Help! It's in another language and I don't know where to change it!"
131150;;"2024-04-16 17:28:40";"Installs in a language I don't understand"
131151;;"2024-04-14 14:26:53";"can't upload anything.. keeps stopping"
131152;;"2024-04-13 20:29:58";"Installed then uninstalled"
131153;;"2024-04-12 17:49:41";"Çok ok kötü bir platform"
131154;;"2024-04-12 16:22:16";"Uygulama ilan verirken çöküp duruyor"
131155;;"2024-04-12 14:25:59";"uygulama ilan verirken son aşama da çöküyor kaldırıp yeniden yüklememe rağmen"
131156;;"2024-04-06 18:59:32";"last time I qmwas on here o couldn't do anything. different.they said offer up bought let go and couldn't get it in canada"
131157;;"2024-04-06 10:05:33";"I cannot re use the expired ad. Why on earth???"
131158;;"2024-04-06 08:48:27";"Anlik bir sorun mu bilmiyorum ama su anda ilan vermek mumkun degil. Kullanici bilgisi guncelleme kismi calismiyor, telefonumu dogrulayamadim. Ilan verirken en sondaki onay sayfasinda hata veriyor , ilan verme islemi yarim kaliyor ve app kapaniyor."
131159;;"2024-04-04 13:51:55";"Had to update to open app... now it's stuck in another language and says I'm in another country... sounds like a hack. Company must of been sold after they failed. And now it some hackers in India or Pakistan.. such trash."
131160;;"2024-04-04 01:41:30";"Was good, but now is just opening in Turkish while it's signed me out of my account... I've cleared the cache and data, reinstalled and still in Turkish... Done with the app with so many other options out there."
131161;;"2024-04-01 11:11:56";"Not even in English anymore"
131162;;"2024-03-31 12:32:28";Çalışmıyor
131163;;"2024-03-27 21:30:33";"it was a useful, bery sad not working anymore"
131164;;"2024-03-27 20:36:01";"Reklam her 1 saniye"
131165;;"2024-03-27 11:47:10";"Uygulama sürekli hata verip kapanıyor. İlan güncellemesi yapamıyorum."
131166;;"2024-03-26 18:44:53";USELESS
131167;;"2024-03-25 19:14:22";"Doesnt work!"
131168;;"2024-03-25 18:31:54";"The app is in a foreign language it even find my location on the map but was still in a foreign language I went to all of the possible settings I could find and none of it would get out of the foreign language"
131169;;"2024-03-22 08:32:34";"Ilan verilmiyo son 1 aydir, ilan verme ekraninda son kisma gelirken kapaniyor"
169482;;"2020-03-05 14:47:47";Good
169242;;"2020-03-08 04:27:16";"Too many distracting ads and the capability to filter by condition of the sale item isn't available, such as new, like new, excellent condition or good condition. Also, get alerts & notifications for items I didn't even search for. Craigslist is still best."
169004;;"2020-03-10 20:04:14";Good
168768;;"2020-03-13 18:32:18";"Great app"
168534;;"2020-03-16 15:02:38";"Its kool"
168455;;"2020-03-17 13:46:18";"Always says an error occured while loading. Please try again."
168224;;"2020-03-20 14:50:32";"I never got anything sold on this app !!! And they want to charge you or nothing ?"
166460;;"2020-03-24 03:23:13";"It works out"
166234;;"2020-03-26 16:25:33";"Useless here in Boise due to the low participants."
166159;;"2020-03-27 12:31:42";"Great App...Now you can close Craigslist and OfferUp"
165936;;"2020-03-29 20:14:41";"Then today i have tried to long 4 times and it keeps asking me to join. I AM ALREADY A MEMBER ~ ..... FAILING IN MY VIEW"
165716;;"2020-04-01 15:40:56";"For the most part, this app does indeed offer sales of personal property at the buyers risk."
165644;;"2020-04-02 12:31:37";"Waiting for it. Great home systems."
165427;;"2020-04-04 23:40:58";"Good way better then ebay"
165212;;"2020-04-07 17:28:38";"Doesn't want to download it stays stuck on 80 percent"
165143;;"2020-04-08 14:37:05";"Always freezes and closes while browsing and the distance for saling is totally wrong fix your mapping"
163396;;"2020-04-11 12:16:35";Awesome
163328;;"2020-04-12 05:56:31";"Great App 👍."
163120;;"2020-04-14 19:02:50";Great
169255;;"2020-03-08 02:22:47";"I like that is a straight forward app and I've sold some things thru letgo."
162848;;"2020-04-17 12:59:53";"It's agreat way to sell your stuff"
162645;;"2020-04-19 05:33:52";"Loading error"
162580;;"2020-04-19 17:11:26";"Great way to find and sell items locally."
162380;;"2020-04-21 02:02:52";👍
162316;;"2020-04-21 17:55:12";"So convenient!"
162119;;"2020-04-23 13:59:42";Great
162056;;"2020-04-24 00:04:25";"Puts up a screen which doesn't allow you to read listing. Very annoying."
161863;;"2020-04-25 16:12:06";"Good app"
161802;;"2020-04-26 02:34:39";"It's fast an easy to use and you get to sell stuff an get money 😁that a win in my book"
161612;;"2020-04-28 00:11:28";"Nice easy interface. Quick, simple and a breeze to buy and sell. Recommend if you're not a fan of ebay or Amazon or you prefer human interaction."
161552;;"2020-04-28 16:15:27";"Love it!"
161365;;"2020-04-30 03:21:22";"Nice app"
161306;;"2020-04-30 18:02:10";"Great place to sell buy or trade"
169262;;"2020-03-08 00:20:23";"Bunch of low ballers on letgo. Cheap people and harrassment to the max. The developers are stupid AF. I wouldn't use letgo if you paid me. Garbage. Better off using Facebook market place or kijiji"
161064;;"2020-05-02 17:47:35";"Great apo"
163129;;"2020-04-14 16:32:32";"Been very good for me!"
160826;;"2020-05-04 20:03:30";"My place to go if I need things or need things sold 7 stars.."
160769;;"2020-05-05 05:32:50";"Let me in to the Let Go .. and I'll tell ya."
160592;;"2020-05-06 22:33:21";"I sold alot of stuff on here great app"
157536;;"2020-05-07 12:25:10";"Great site! Love, love it!!"
157480;;"2020-05-07 22:21:57";"Great app"
162063;;"2020-04-23 23:25:43";Excellent
157252;;"2020-05-09 22:30:28";"Description goes here"
157196;;"2020-05-10 12:42:25";"Love the app"
169267;;"2020-03-07 23:38:40";"Find anything"
156971;;"2020-05-12 08:12:55";"I've had this app for 2 years and was never able to sell anything on it the views are kept low by the company so that you'll have to pay to advertise. Its frustrating to not have sales? Please the same products gets sold in a week on offerup. BTW I don't represent offerup!!"
162587;;"2020-04-19 16:16:36";"Letgo, you have outdone yourselves lads. This app is outstanding. Please don't focus too much on the negative comments. Seriously i have the highest thanks owed to you. I genuinely love this app and have recommended it to everyone. Continue doing what yall do its working great.❤ edit: there were these ""free"" items on sale that kept popping up everywhere with the EXACT same. story. i was sketchy to avoid them but letgo automatically started pausing their accounts. seriously thank you guys."
156749;;"2020-05-14 01:43:44";"I love letgo I haven't had any problems❤️❤️❤️❤️❤️"
156694;;"2020-05-14 13:19:30";"Great app"
163343;;"2020-04-12 00:54:49";"Found what I am looking for thanks"
156476;;"2020-05-16 06:27:10";"Love the app but having an issue. When I select a post to see the details and images it pulls up a contact seller box and won't close or go away so I can't see the images or read the details. Whish it wouldn't do this. I've deleted and reinstalled it multiple times"
156421;;"2020-05-16 16:53:09";"Location never stays always matches me to things that are ridiculously far. Block feature not working users messaging me back after block"
168794;;"2020-03-13 12:56:54";"This is better than going to alot of stores"
156206;;"2020-05-18 08:42:25";"Everytime I want to buy something, LetGo is the place to go"
156424;;"2020-05-16 16:19:22";"I like it.marsha"
154464;;"2020-05-20 13:08:12";"Works good but tends to eat up bandwidth with too much repeat pictures, and dealership should NOT be allowed on it with there rubbery prices and taking up Soo much space. Otherwise it's a good app."
154412;;"2020-05-20 22:19:46";"The app is no longer working. Onced open it automatically go to the message part that's freezes up the screen. It is Android related as both me and my son have the same issue. My niece has an Apple and it works fine. I have uninstalled and tried all versions, none work. I have noticed letgo but they don't care ."
156479;;"2020-05-16 06:00:40";"Letgo has helped me get items I needed for my home.."
154208;;"2020-05-22 17:18:50";"Love this app"
154157;;"2020-05-23 05:00:48";Good
169271;;"2020-03-07 22:43:21";"Ads ads ads scams galore!!!!"
168483;;"2020-03-17 01:07:19";"Excellent!! great for buying things we need at great prices"
153908;;"2020-05-25 14:39:53";"I can sell all of my extra stuff"
153857;;"2020-05-25 23:52:52";Cool
165164;;"2020-04-08 04:10:14";Great
153662;;"2020-05-27 21:29:11";"Great blessed"
153612;;"2020-05-28 08:04:48";"Not interested"
161566;;"2020-04-28 11:21:30";"Great deals"
153422;;"2020-05-29 21:58:19";"Its good"
153373;;"2020-05-30 11:26:22";"No issues with using the app it's just that some of the people using it suck. People want to sell you weed for your items, like come on.... much prefer Poshmark."
156429;;"2020-05-16 15:35:06";"This app used to be great a few years ago. But soon after that you guys decided to take items off after a certain timeframe in an attempt to make more money. OfferUp is definitely not like this."
168800;;"2020-03-13 11:50:05";Great!
153140;;"2020-06-01 14:37:37";"It's ok."
153092;;"2020-06-01 21:37:32";Great
168785;;"2020-03-13 15:18:58";"This app is a ripoff. I listed some items and Letgo removed them after it strong-armed me into paying a boost and promotion fee. It refused to give me a refund, either. Don't trust these people!"
152913;;"2020-06-03 14:53:13";Yay
152866;;"2020-06-03 23:29:52";Great!!!
153667;;"2020-05-27 20:11:21";Awesome
163076;;"2020-04-15 04:31:32";"Variety of items but limited in some postings"
152646;;"2020-06-06 04:49:04";"Easy to sell"
152600;;"2020-06-06 17:52:02";"Listing broken only chat shows up unable to view a listing"
154113;;"2020-05-23 16:46:42";"Grest way to buy stuff you need st low prices"
165169;;"2020-04-08 03:19:07";"There are items on here from 3to 6 months ago seems not to many people use this app"
152387;;"2020-06-08 20:12:05";"Can't download to my phone, but let me post"
152342;;"2020-06-09 05:46:47";"No experance yet. New to it"
153865;;"2020-05-25 22:38:13";"Didn't purchase anything yet. I dont like how you scroll through so much stuff t while looking for what you search"
163078;;"2020-04-15 04:11:39";"App not loading Reloaded a few times"
152136;;"2020-06-11 02:50:20";"I like the interface and have had good interactions with sellers."
152092;;"2020-06-11 14:56:01";"Can you guys separate the cars that are sold by dealerships and the cars sold by a private party? It looks like the cars sold by dealerships and private party are both mixed together. Thanks"
160839;;"2020-05-04 17:54:59";"Worth the app space"
166474;;"2020-03-24 00:35:55";"U LOST MY ACCT U LOST ALL MY PICS. NOW U ALLOWED SOMEONE TO OFFER ME MONEY TO CLEAN TOPLESS? I CANT REPLY YO IT. U RUINED ALL MY WORK ALL MY SALES. IM NOT CLEANING TOPLESS PLS BAN CHRIS CARTER FOR THIS RUDE MAIL THAT YOU NEVER SHOULD HAVE SENT OR ALLOWED. YOU ARE BAD BAD NEWS. ANOTHER WOMAN SOLD ME TWO BROKEN DISHWASHERS N SHES STILL SELLING? YOU ARE VERY BAD."
151893;;"2020-06-12 23:51:27";"Never sold anything."
151850;;"2020-06-13 12:27:06";"Great place to shop!!!!"
151809;;"2020-06-13 18:50:15";"Have had excellent luck, both in finding what I'm looking for and at exceptional prices."
156435;;"2020-05-16 15:14:53";"I got ripped off not your fault"
166193;;"2020-03-26 23:31:31";"It's just great an awesome place to Share something that's spent it's Value with one person and sold Onto the next to be a brand-new Fresh experience at a discount Sometimes beyond ones believe. Let go is truly what's up today..."
151616;;"2020-06-15 16:31:02";"best App"
151574;;"2020-06-15 23:16:39";"Its all good"
150032;;"2020-06-16 10:21:04";"Made selling easy"
160604;;"2020-05-06 19:19:11";"Poor can't contact customer service. Very selective on what they will let you post and don't expect a refund."
162651;;"2020-04-19 03:49:57";"Just because recently the app updated and it wont load new items or unable to scroll through this week. I'll write a better review once it gets fixed."
149849;;"2020-06-17 22:54:18";"I have bought used items from Let it go. Now I need a well taken care of used car. How do I accomplish this?"
149808;;"2020-06-18 12:26:59";Nice
149767;;"2020-06-18 21:15:48";"Great results"
165670;;"2020-04-02 01:48:11";"People can sell bong and meth pipes but I can't sell empty Glock mags? Trash 🗑️"
165948;;"2020-03-29 17:48:16";"I always find what I need on here this is awesome to find exactly what you need at affordable prices! They have great deals."
149592;;"2020-06-20 16:22:39";"Nice site"
149552;;"2020-06-21 00:31:00";"I have used it and had met a few nice people. Sold and bought some nice stuff. Looking to continue using Letgo in future buys and sells."
149512;;"2020-06-21 09:45:16";"Always never disappointed with my purchases."
161881;;"2020-04-25 13:32:13";"Let go is full of scammers & spammers. I can't believe. This nonsense is still continuing in 2020. A waste of space on my android."
160556;;"2020-05-07 03:07:48";Awesome
169526;;"2020-03-05 00:17:10";"Love all the items and hve never had a issue with meeting and recieving purchases"
149306;;"2020-06-23 15:21:45";"Great app all around so far"
149267;;"2020-06-23 20:49:29";"Easy to use app and has some reasonable great sellers and buyers!!"
165387;;"2020-04-05 12:31:54";Fair
154375;;"2020-05-21 05:46:57";Good
163084;;"2020-04-15 01:55:49";👍👍
149070;;"2020-06-25 18:36:07";"can c can℅' See"
149032;;"2020-06-26 01:42:20";"Great so far...although I seem to be a day late and a dollar short for the items I want"
148995;;"2020-06-26 13:32:46";"The best for great deals!"
152144;;"2020-06-11 01:08:52";"Real reasonable stuff on letgo i have bought something from letgo i was pleased."
156440;;"2020-05-16 14:38:57";"Letgo is awesome... Sometimes it will kick you out of your account but it is still definitely worth the download 💙..."
165177;;"2020-04-08 01:57:57";"Haven't got robed or jacked so good"
148812;;"2020-06-28 04:25:49";"So far so good"
148776;;"2020-06-28 14:32:38";"Great deals"
148740;;"2020-06-28 19:53:44";"Local and I like it"
163424;;"2020-04-11 02:22:33";"Can't sell food. I sell fresh yard eggs.. isn't this supposed to be locally? I'm not selling food, all I'm doing is selling eggs, once the customer buys it it is their decision what to do with their purchase. I'm sure they are smart enough not to eat raw eggs.. Gave it a second try and it STILL SUCKS AZZ"
154122;;"2020-05-23 15:32:48";Cool
168782;;"2020-03-13 15:40:30";"Great app! Easy to use and actually works, unlike 'OfferUp'. Number #1 buy/sell app in my opinion!"
148567;;"2020-06-30 09:43:00";"Never had any problems. Love this app"
147032;;"2020-06-30 16:31:13";"I finally went into my phone and turns off all notifications so I upped my Star. they just need to organize their categories better when I look for motorcycles a bunch of other things come up other than that the app seems great"
146997;;"2020-06-30 23:42:26";Good.
146962;;"2020-07-01 08:10:30";Good
149074;;"2020-06-25 17:47:03";Great!!
152398;;"2020-06-08 19:10:00";"Great stuff."
160774;;"2020-05-05 04:03:43";"Nice place to sell your stuff"
165179;;"2020-04-08 01:33:29";"Looooove it!!!❤"
146766;;"2020-07-03 10:37:31";"Love it"
146732;;"2020-07-03 18:27:05";"I bought several weights off of here....VERY LEGIT!!!"
146698;;"2020-07-04 00:55:46";"Great app, been using for over 3 yrs"
149075;;"2020-06-25 17:36:30";Best!!!!
152354;;"2020-06-09 03:20:25";"Great app"
156443;;"2020-05-16 14:34:06";Awsome
163155;;"2020-04-14 08:49:48";"Love it"
146514;;"2020-07-06 00:02:11";Great
146481;;"2020-07-06 15:06:19";"I can find just about anything that I want or need. That's always a plus😁"
146448;;"2020-07-06 22:13:18";Good
147001;;"2020-06-30 22:52:34";"I had good luck selling a bonsai plants.thank you so much letgo.yes I did thank you"
152392;;"2020-06-08 19:58:40";"Easy to use, need more users!!"
156756;;"2020-05-14 01:14:32";"id waspetty nice"
161034;;"2020-05-02 22:49:47";"Update: I have observed that if I use my 4G LTE there is no connectivity issues. Still the app is a little slow. But, if I am on WiFi, then the app can't connect and gives me errors. Increased to 4 stars. Still needs fixing. I am using this app for two days now and can say it is not good. It is very very slow. 60% of the time it cannot connect to the chat or notification sections, says unable to connect, try again. The only thing that loads fast is the feed. Please, fix this connectivity issue!"
168972;;"2020-03-11 03:10:40";Good!!!!
146244;;"2020-07-08 19:47:39";"Pretty awesome app!"
146212;;"2020-07-09 01:30:30";"I give you good review thanks"
146180;;"2020-07-09 14:12:53";"Amazing like cregslist for kids and cheap"
161579;;"2020-04-28 06:14:06";"Is great"
151585;;"2020-06-15 22:00:28";"I ABSOLUTELY LOVE THIS APP!! VERY NICE CHEAP THINGS.. I'VE BOUGHT 3 THINGS SO FAR AND THEY'RE PERFECT JUST THE WAY THEY'RE DESCRIBED IN THE APPLICATION!! IM GRATEFUL FOR THIS APP!!!!"
153631;;"2020-05-28 03:37:06";👍
131328;;"2023-03-18 18:52:01";"İlan sonrası erişim çok zayıf . İlan uzun süre duruyor gören 20 30 kişi. Eskiden böyle değildi güncelleme sonrası uygulama eski seyrini kaybetti."
131329;;"2023-03-18 17:37:32";"Yurtdışında her türlü markette satilan Faturasız Sim Kartı ( yeni kullanılmamış) satmak istedim letgo aracılığıyla, sebebsiz yere hesabımı blok ettiler!!! Neden? Ne için? Yasal olmayan nedir burada? Cevap bekliyorum cevap!!!"
131330;;"2023-03-17 07:51:49";"Bad update . Last ver was a best"
131331;;"2023-03-15 17:50:46";"Don't send notifications, I cannot reach people contacting me in the time they send their messages so I lose them"
131332;;"2023-03-15 04:53:10";"Most of the time it freezes and doesn't create ads. It stucks at approval"
131333;;"2023-03-11 08:08:10";"The ui and design was the worse and now after new update its best of the worse 🤣🤣 congratulations ..."
131334;;"2023-03-04 15:25:06";"I have jewelry and it really is hard to sell online when it's just one of a kind jewelry"
131335;;"2023-03-02 00:03:40";"İt is to bad difficulty search .. i can not even chat with sellers"
131336;;"2023-03-01 17:39:50";"Ok but not my type of search etc."
131337;;"2023-02-26 19:57:12";"Previous version was so much better"
131338;;"2023-02-25 20:50:14";Awful
131339;;"2023-02-25 01:33:56";"Gelen güncelleme ile uygulama iyice iğrençleşti."
131340;;"2023-02-24 10:17:44";"Uygulamanin icine ettiniz resmen, one cikar bile berbat, araba satis uygulamasi yapin gitsin, yeter be bu nedir ya, her acilista araba araba araba, yok satmaya calistigimiz sey araba olmayinca one bile cikilmiyor, surekli konum goster bildirisi, arkadas insan ac gozlu olmasin ya."
131341;;"2023-02-24 06:38:15";"Bir uygulama güncelleme ile ancak bu kadar kötü hale getirilebilirdi. 2 3 sene önceki halinde bir sürü eşya alıp satardım şimdi 10 gündür attığım bisikleti sadece 17 kişi görmüş 😂 ilanı vermek için uğraştığım çabaya yazık."
131342;;"2023-02-23 14:25:50";"Good application if it works because I can't take the messages or send them"
131343;;"2023-02-21 17:34:14";"Its a disaster app. Everytime I try to load something it colapses in avery step. I just give up to try ussing it"
131344;;"2023-02-20 19:38:49";"Mahvettiniz uygulamayi"
131345;;"2023-02-16 06:41:55";"This app is terrible now. It used to be great"
131346;;"2023-02-13 20:25:07";"I immediately got suspended upon creating my account with no reason at all. And when I wanted to find a reason why I just got directed to the terms of service. What is this?"
131347;;"2023-02-10 10:39:26";"Mailime dusen mesajlar letgo nun ne uyguamasinda ne de webte actigimda gozukmuyor.acil bu durumu duzeltebilir misiniz? Uygulama kullanim acisindan hem yavas hem de islevsel degil.acilen onarilmasi lazim.ne web surumu isliyor ne de uygulama."
131348;;"2023-02-09 08:50:44";"Used be good app to sell stuffs but they decided to made it even worse"
131349;;"2023-02-05 18:43:53";"Bad design"
131350;;"2023-02-05 17:08:24";"Berbat! Yavaş çalışıyor, sonuç bulamıyor. Güzel sistemi mahvettiler.."
131351;;"2023-02-04 07:17:41";"Terrible. With your ""new version"" you've straight up ended this app."
131352;;"2023-02-04 03:09:04";"There's a little bit of everything here... U can buys things or sell things... Easy to do..."
131353;;"2023-02-02 08:59:44";"Yapacağınız uygulamaya ulan bütün ilan mesajlarım silindi ne bana mesaj yazanların bildirimi geliyor ne de mesajı ürünümü satamıyorum sizin yüzünüzden tavsiye etmiyorum kullanmayın"
131354;;"2023-01-28 13:35:55";"It's not in english"
131355;;"2023-01-24 20:45:51";"After changing how location works it is worse now. I used to be able to point wherever on the planet and chose a radius and get results according to that, now I can only chose cities in the country I am in and can't select multiple places. Konum seçme şekli değiştikten sonra daha kötü bi uygulama oldu."
131356;;"2023-01-22 13:42:06";"Last update is just awful, why the hell did you remove the '' search by the distance '' feature? What were you thinking?"
131357;;"2023-01-20 10:22:26";"Letgo neden bukadar tutuluyor bilmiyorum. Uygulama çok saçma çalışıyor! Sanki yıl 2000, teknik ve fonksyon çok eski. 1. Ülke geninde arama fonksyon yok. 2. İlan fotoğrafları çok ufak. 3. Arama seçenekleri kayıt edilemiyor Saymakla bitmez!"
131358;;"2023-01-19 21:17:23";"Asla engel olunamayan bildirimlerden gına geldi. Bildirimleri androidden kapatriginizdada mesajlar gelmiyor. Bence letgo tarih olur Dolap ucar"
131359;;"2023-01-19 17:36:15";"Nothing works right. Uploading the photos is excruciating. So many frauds just keep messaging you.. pricing starts with ""1"" a d you cannot enter the price. All of it sucks. Congs devs"
131360;;"2023-01-12 10:00:01";"I buy some good items (cellphone device) from letgo."
131361;;"2023-01-10 18:46:52";"Tum reklam ayarlarini kapamama ragmen, ikide bir araba al diye bildirim yapiyor. Uygulamanin bildirimlerini telefondan kapasam bu sefer satis yaparken alici/satici mesajlarinin geldigini goremeyecegim. Berbat."
131362;;"2023-01-10 09:27:26";"The worst update in the update history. Far less user friendly and much less efficient than previous version, and very small pictures in interface . App Lacks of finding exact location, prices of advertising lncreased dramatically... PLEASE GO BACK TO PREVIOUS VERSION"
131363;;"2023-01-10 05:55:27";"Fiyat pahalı diye ürünü askıya alıyor raf fiyatını siz mi belirliyorsunuz😡"
131364;;"2023-01-08 22:01:37";"Letgo iyice çuvalladı. Konum olarak Türkiye'yi seçtirmiyor. İl il aranır mı her ilan? Çaptan düşüyorsun Letgo Yanlış hareketler bunlar Otoplus kurtarmaz seni."
131365;;"2023-01-08 09:23:04";"Was a great service until OfferUp bought Letgo. Now OfferUp sucks be because of old posts never removed!"
131366;;"2023-01-07 20:13:46";"Ilan düzenledikten sonra alicidan gelen her bir mesajda, ilan yayindan kaldırıldı ifadesi ile sohbet bloklamasi yaşıyorum. Bu sebeple alicilarimdan gelen hiçbir mesajı cevaplamiyorum. Acilen ilgili bug' ın düzeltilmesi lazım. Emeğinize sağlık... Desteklerinizi rica ederim"
131367;;"2023-01-07 12:13:46";"Letgo has merge with offerup, which is not the best. Offerup has post from 3 years back & most likely is no longer available yet its still shows up currently. Letgo is updated & far better."
131368;;"2023-01-07 05:05:12";Bueno
131369;;"2023-01-06 14:44:57";"They restricted my account without any reason! And there is no way to contact customer service"
131370;;"2023-01-03 01:39:44";"Does that no matter what it's very cool and awesome recommended for all your friends and family"
131371;;"2023-01-01 19:18:16";"Geliştirecek bir çok nokta var. Bildirim gelmiyor. Diğer kullanıcıların aldığı yorumlar goruntulenmiyor."
131372;;"2022-12-30 20:23:19";"Bu kadar arayüzü kötü bir uygulama görmedim."
131373;;"2022-12-30 15:14:54";Meh.
131374;;"2022-12-30 15:07:32";"Previous version was vary good and easy to use the new version is hard to use"
131375;;"2022-12-30 04:19:05";"All of these apps are full of flakes scam artists and overpriced garbage"
131376;;"2022-12-29 16:03:32";"No way to disable advertisement notifications. I won't bother with your spammings anymore. Uninstalled."
131377;;"2022-12-28 06:16:05";"New update ruined this app"
131378;;"2022-12-27 16:51:44";"Installed app and it opened in anotjer language NOT english, useless"
131379;;"2022-12-27 14:00:12";"Are u crazy guys???? What did u do to the app???? Where is the history of the sellings? Where is the comments by buyers? U r the first app ever that goes back instead of improving"
131380;;"2022-12-25 21:54:39";"Neden oto plus için ayrı bir uygulama yapmadınız?? Ve bu uygulamayı bozdunuz."
131381;;"2022-12-25 19:12:52";"Guess it's done, kinda wish they'd give the other way with it lol"
131382;;"2022-12-24 18:34:40";"Why did it install to my new phone with a different language than on my other phone?"
131383;;"2022-12-22 20:44:25";"Önceki herkesin alıştığı sürününüz çok iyiydi bişe almasam bile girip bakınıyodum vs. sonra güncelleme yaptınız daha iyi olması gerekirken nasıl olduysa BERBAT bir sürüm olmuş. Zamanla eksikler düzeltilir dedim ama okadar kötüki bunu yapamayacaksınız. Açıkcası uygulamanızı silmeme ramak kaldı"
131384;;"2022-12-22 17:04:12";"Gözlerini para bürümüş. Çok ilgisizsiniz. Düzeltin yoksa uygulamanızın puanı iyice dip yapacak. 2 yıldızı bugüne kadar sattığım ürünlerin hatrına veriyorum."
131385;;"2022-12-21 10:05:09";"Why do you change for worse option? The design before the update was better in all aspects- really. I receive mail that I have a message, in the app there is no message? I cannot respond-thus cannot buy or sell???? Why really why you changed the whole design for the worst one?"
131386;;"2022-12-20 03:42:43";"Downloaded the app and wasn't in English, couldn't change it."
131387;;"2022-12-18 23:54:00";"çok çirkin ve kullanışsız olmuş"
131388;;"2022-12-17 11:17:23";"Şu ana kadar gördüğüm en kötü ikinci el al sat platformu... İnternet siteniz ayrı bir kötü aşırı yavaş çalışıyor bilerek böyle kötü yapıyorsunuz siteyi uygulamayı indirelim diye . Oto+ hakkında bilgim yok oda diğer ikinci el al sat gibi dandiktir . İlanımı yenileyemiyorum letgo yazıyor yenj ilan açmak zorunda kalıyorum , Bukadarda dandik olmaz."
131389;;"2022-12-17 10:54:25";"Rezil bir güncelleme, her şey değişmiş, kullanmaya bırakıyorum"
131390;;"2022-12-14 20:46:34";"Lütfen uygulama güncellemeleri geri alınsın geçen sene gayet kaliteli olan bu uygulama şuan berbat çalışıyor."
131391;;"2022-12-13 18:20:38";"I wonder what was the motivation in changing the UI design of the application. It used to be easier to use, easier to access, easier to view and buy. In new version I cant even view a photo that I uploaded without zooming. Because the frame is a 1:1 square. Everytime I try to upload a new thing to sell I have to go through several things. In previous version it was way too easy choose image, enter details and price on the same page. Now it is simply ""cancerous""."
131392;;"2022-12-13 08:18:21";"Bu güzelim uygulama nasıl mahvedilir anlamıyorum. Arama sonuçları rezalet. İlab vermek ayrı bir rezalet. Ne konumunu bulabiliyorsun ne konum seçebiliyorsun. İlanı paylaşırken draft seçeneği eklemelisiniz. Hadi ilanı paylaştık diyelim. Düzenlemek imkansız. Yaptığınız hiç bir değişiklik ilana yansımıyor. 1 saat de bekleseniz o tamamlama döngüsü bitmiyor. Hepsini geçtim mesaj bildirimleri gelmiyor. Tüm ayarları yapmama rağmen hiç bir bildirim gelmiyor. Pes size ne diyim."
131393;;"2022-12-13 00:08:48";"Someone is trying to change my password to steal my account for three days and when I need support there is only ""terms and conditions"" article on the support menu. Congratulations! If my account will be subject to any fraud, that article will help me..."
131394;;"2022-12-12 15:43:19";"Mesaj geldiğine dair bildirim gelmiyor"
131395;;"2022-12-12 04:38:35";"Eski versiyonu çok daha iyiydi kendine göre aradıklarını düzeltiyor ve konumu ayarlayamıyorum"
131396;;"2022-12-10 10:28:51";"Sabah akşam araba reklamı, letgo çalışanları uygulamayı silmeniz için ellerinden geleni yapıyorlar. Bence 5 dk sıklıkla reklam yayınlarsanız insanlar daha çabuk bıkar ve uygulamayı siler."
131397;;"2022-12-09 10:14:37";"PlayStation 5 almak icin kullanmaya çalıştım bir sürü dolandirici ilan var. Şikayet etmeme rağmen bir dönüş yok."
131398;;"2022-12-09 09:09:55";"App opens in a foreign language with no way to change to english. 0 out of 5 ☆!"
131399;;"2022-12-08 06:37:11";"Okay place to buy absolutely nightmare to post"
131400;;"2022-12-07 19:21:52";"Can not edit!"
131401;;"2022-12-05 17:20:59";"4 vermemin sebebi benim telefonumun modeli seçenekler arasında yok ( samsung a13) ondan dolayı telefonda hangi modele koyacagimi bilmiyorum."
131402;;"2022-12-05 08:55:55";"""50 liraya olmaz mı?"" cı türkülerle (ve kürtlerle) dolu app"
131403;;"2022-12-04 20:56:37";"Can't login with facebook - error code 1675030"
131404;;"2022-12-04 05:02:09";"current location doesn't work and I can't set a true location"
131405;;"2022-12-03 21:10:24";"Uygulamaya yaptığınız büyük arayüz değişimi uygulamayı mahvedip kullanılmaz hale getirmiş. Ne düzgün arama ne de filtreleme yapabiliyoruz. Elimde olsa eski halime geçerim."
131406;;"2022-12-03 20:07:43";"So far it's been great I've made some sales buy sell and trade I would recommend it to everyone trying to make an extra buck."
131407;;"2022-12-03 10:08:20";"The experience while using is this app is terrible. I never recommend letgo. It always crash and do not open quickly"
131408;;"2022-12-02 12:13:28";"Konumu artık düzeltin. Böyle konum saçmalığı görmedim. Severek kullandigim bir uygulama"
131409;;"2022-12-02 08:24:20";"I have not sold a single thing on this app"
131410;;"2022-11-30 13:25:50";"Güzelim uygulamayı berbat ettiler. Tamamen sraba alım satım yapan bir tere dönüştü. Koca koca reklamlardan kullanılamıyor. Arama özellikleri kısıtlandı."
131411;;"2022-11-29 10:42:24";"Uygulama çok bozuldu, Eski hali daha çok iyi ve kullanışlı, Daha önce 5 puan vermiştim şimdi 1 puan olarak düzeltiyorum."
131412;;"2022-11-29 09:24:52";"ÇALIŞAN UYGULAMAYI BITIRDILER, SACMA SAPAN BIRSEY YAPTILAR. 4 YILDIR KULLANDIGIM UYGULAMAYI SİLDİM, AFERIN LETGO."
131413;;"2022-11-24 15:38:01";"Uzun uzun okumak isteyenler: - Kurmayın - Kurduysanız silin Şu şekilde yazılım hazırlasam başka firmalar beni kapının önünde koyar. Yeni büyük düzenleme sonrası uygulama çok kötü olmuş. Yayın son tarihinden sonra pasif duruma geçiyor ve ruhunuz bile duymuyor. İlanı tekrar etkin duruma almak için ""ilanı devre dışı bırak"" demeniz gerekiyor. ""İlanı acaba tamamen siler mi?"" diye düşünerek korka korka bastım. Uygulamın davranışını anlamak çok zor!"
131414;;"2022-11-22 08:54:22";"Bir satıcının ürününü renk farklı çıktığı için geri ettim diye polis eşi olduğunu iddia eden bir satıcıdan What's Up ve let go üzerinden adresimi bildiğine dair tehditler içeren mesajlar alıp karakola numarayı şikayete gittim. Ondan sonra taciz miktarı arttı üstelik durumu bildirdiğim uygulamadan tek bir yanıt almadım. Kesinlikle çok güvenliksiz ortam bir daha asla kullanmam."
131415;;"2022-11-22 05:15:12";"Yeni versiyon kullanilamaz igrenc"
131416;;"2022-11-21 10:07:30";"İki gün oldu hala beklemede diyo ilanlar için"
131417;;"2022-11-19 19:50:58";"Worse version"
131418;;"2022-11-18 23:06:56";"Don't know the language they projected to me."
131419;;"2022-11-18 16:27:16";"woah, how did they manage to make the user experience worse than ever? i thought it was at the lowest point."
131420;;"2022-11-17 19:02:51";"Bu kadar da reklam olmaz. Reklamlara bir sınırlama getirin lütfen"
131421;;"2022-11-16 11:16:44";"What is this app. No english . Nonsense. Before was good , now is just bad app. Don't let u to upload what u want to sell."
131422;;"2022-11-16 01:50:26";"Berbat etmişler uygulamayı. Mesaj bildirimi dahi doğru düzgün gelmiyor."
131423;;"2022-11-15 13:07:46";"I used to love letgo. With the new updates everything became useless. The ""ads nearby"" doesnt work, I can not get message notifications when people message me and there is always a notification everyday about cars. This app was about everything that is for sale, now it is only about cars. Gonna delete it soon."
131424;;"2022-11-15 09:17:01";"çalışan uygulamanın içine etmişler"
131425;;"2022-11-15 08:56:40";"It used to be pretty convenient app but now usability is lowest possible, errors are everywhere, other languages disappeared.."
169481;;"2020-03-05 15:13:39";"Great experience!!! Highly recommend!!!"
169241;;"2020-03-08 05:08:01";"I got a Xbox 360 for $70 its a good deal because where i live they are normally $199.99 or more so lol"
169003;;"2020-03-10 20:26:34";Good
168767;;"2020-03-13 18:46:05";"Wide selection of items to browse!"
168533;;"2020-03-16 15:06:41";"It's a great app"
168454;;"2020-03-17 14:04:13";"Good way to do business !.."
168223;;"2020-03-20 15:22:10";"Always has something I want to buy"
166459;;"2020-03-24 03:40:21";Excellent
166233;;"2020-03-26 16:27:47";Awesome
166158;;"2020-03-27 13:02:11";"Its a must have"
165935;;"2020-03-29 20:15:53";"I sold stuff on here it does what it says"
165715;;"2020-04-01 16:07:39";"Very good line to sell or procure items."
165643;;"2020-04-02 15:02:14";"Full of scammers"
165426;;"2020-04-04 23:50:53";Great!
165211;;"2020-04-07 17:49:49";"Good stuff."
165142;;"2020-04-08 14:37:46";"I just signed up and downloaded your app and the app won't let me get pass sign up. I want to list some items but I can't get past the sign up page😕"
163395;;"2020-04-11 12:33:57";"Great app"
163329;;"2020-04-12 05:55:24";"Always find what I'm looking for and usually manage to have a good experience, a lot of the time There isn't enough useable imformation listed with the ad but that is up to the seller, like a tire, you'd expect to see a tire and the most important thing you need is the most obvious like the tire size! But most think it out ok.thanks and God Bless we continue to pray for every one!!!"
163119;;"2020-04-14 19:21:05";"Excellent platform to buy and sale"
169496;;"2020-03-05 07:35:57";Magnificent
162847;;"2020-04-17 13:38:17";"Nice site"
162644;;"2020-04-19 05:51:08";"It cool"
162579;;"2020-04-19 17:14:52";"I look at it time n time"
162379;;"2020-04-21 02:05:26";"This app is bloated with fake prices on cars and it's because of used dealers claiming the price of the car 100 dollars. Then when you click on it it's really a FAKE down payment. FAKE!!! Searching for things SUCKS!! You look for specific car model you get trucks motorcycles wheelchairs e.t.c. Need to fix it and remove FAKE PRICES from USED CAR DEALERS. Don't tell me to contact you. Just fix it."
162315;;"2020-04-21 18:03:12";"App unable to update new listings since last update."
162118;;"2020-04-23 14:15:59";"To many companies advertising their business."
162055;;"2020-04-24 00:23:13";"Great app"
161862;;"2020-04-25 16:14:03";Awesome
161801;;"2020-04-26 02:56:04";"Ita good for the most part"
161611;;"2020-04-28 00:16:45";"Kendi bacağına sıktı. İlanları yenilemek için para ödeme güncellemesi kendi bindiğiniz dalı kesmenize sebep oldu. Eskisi kadar çok kullanmıyorum uygulamayı sırf bu yüzden. Zaten tonla reklam gösteriyor uygulama ne gerek vardı buna anlayamıyorum"
161551;;"2020-04-28 16:20:39";"Love it"
161364;;"2020-04-30 03:21:56";"They get your account info by making a profile then the hack your Facebook and post things that are negative and mean so it looks like you posted it yourself and get you blocked from posting on Facebook again"
161305;;"2020-04-30 18:02:30";"Good app"
169503;;"2020-03-05 05:04:34";"The messaging will never let me respond to potential buyers"
161063;;"2020-05-02 17:49:47";Excellent
163338;;"2020-04-12 02:42:03";"App errors often"
160825;;"2020-05-04 20:06:02";"Great experience"
160768;;"2020-05-05 05:46:52";"Love is. ""But"" i just got a new phone and can't get my account back which I was selling stuff and open new one wish I had my old account back if you guys couldn't help me when I emailed you."
160591;;"2020-05-06 22:38:21";"Easy access to merchandise"
157535;;"2020-05-07 12:27:17";"Better then craigslist"
157479;;"2020-05-07 22:55:19";"Why did you take the swipe between adds feature? It's Soo annoying to hit back to see the next add"
162126;;"2020-04-23 12:39:15";"Awesome local selling app"
157251;;"2020-05-09 22:39:19";"Great as long as ya have great signal or frequently log onto wifi, sometimes ill receive messages up to 1 month old... Ive never done without a phone or internet that long but overall not bad..."
157195;;"2020-05-10 13:03:00";"This has been a great site for buying and selling"
169508;;"2020-03-05 04:27:36";"You post and people come buy. What else can you say"
156970;;"2020-05-12 08:34:04";"Still available"
161069;;"2020-05-02 16:56:02";"Best selling app better than offerup"
156748;;"2020-05-14 02:07:38";"Haven't bought a thing, yet."
156693;;"2020-05-14 13:23:12";good
163411;;"2020-04-11 05:05:16";"I installed this app thinking it was free to use like Craigslist, how wrong was I, I started posting pictures & all the information for the item I was selling. i hit post it said It could not post item with out a phone number. I wasted my time 4r nothing, I GET IT but criminals have government phones + not every one has $ to spend on a cell phone # a number is a luxury not a necessity People on the struggle like me don't have the luxury or option like others we live day by day with what we have."
156475;;"2020-05-16 06:38:49";"Great app. I don't have social media so i can't complete my profile need fB to complete profile"
156420;;"2020-05-16 17:14:24";"Great app. Easy to use✔️"
169031;;"2020-03-10 14:59:39";"Easy to use once I got started"
156205;;"2020-05-18 08:48:48";"Great so far"
156478;;"2020-05-16 06:07:36";"I been trying to download the app and it doesn't let me? I know I have enough space on my phone. Can you please help?"
154463;;"2020-05-20 13:16:22";"AAA 5****"
154411;;"2020-05-20 22:50:08";"People barley ever respond and waist your time"
162861;;"2020-04-17 07:17:36";"I love it because I love money"
154207;;"2020-05-22 17:26:51";"I have been trying to put my home made maskd for padt 3 days. They sre always fi ding something wrong. I cant even get my money back. SCAM SCAM SCAM"
154156;;"2020-05-23 05:06:46";"Super great and awesome😇"
156208;;"2020-05-18 07:39:49";"Awesome app"
168717;;"2020-03-14 12:41:37";"Not to bad"
153907;;"2020-05-25 14:51:12";"It's OK"
153856;;"2020-05-26 00:05:43";"You have to pay for everything. If you want to list 2 vehicles you have to pay. It says you can only list 1 vehicle every month unless you pay them. This is stupid. I will post my listings elsewhere. Also over half the population of buyers on this app are fake and low ballers. Don't use this app. Your messages will be spammed with fake users offering unrealistic offers."
165379;;"2020-04-05 14:20:27";"Easy to use and it's cool"
153661;;"2020-05-27 21:41:20";"Convenience safe reliable"
153611;;"2020-05-28 08:27:18";"It keeps telling me I am under review. I did nothing wrong. I am trying to buy a car, and if i miss out.... I won't be pleased."
161626;;"2020-04-27 21:53:36";"Great app"
153421;;"2020-05-29 21:58:50";"Great site. No problem"
153372;;"2020-05-30 12:16:34";"Dont no why these idiots flaged my account i didnt do nothing wrong but i still have facebook and creglist so letgo can kiss my wass thede people on letgo who wont stuff dont even hsve the mony to buy it with all i got was people horsssing me asking me how much less i will take i sold more off creglist"
156483;;"2020-05-16 04:58:59";"Its great when people answer you of what you trying to sell or buy."
169037;;"2020-03-10 13:43:11";"I enjoy checking to see what I can find that's different"
153139;;"2020-06-01 15:39:46";Great
153091;;"2020-06-01 21:51:29";"Easy to use"
161568;;"2020-04-28 10:34:56";💜
152912;;"2020-06-03 14:55:56";"Been an awesome app"
152865;;"2020-06-03 23:32:15";"How long? Dose it take to q the d/l?"
162866;;"2020-04-17 06:07:29";Great
163143;;"2020-04-14 12:33:40";"The seller was real polite"
152645;;"2020-06-06 04:54:41";"Great but needs color like POP!!!! 4 ur viwers. YESbu wanna attract the younger generation."
152599;;"2020-06-06 18:01:49";"Dope items for the low"
154164;;"2020-05-23 03:34:27";"Great app for inexpensive stuff."
165384;;"2020-04-05 13:12:10";"Although the'Bug' has put hold on things, my new apt.(?) screams for listed goods available on site. Would definitely buy offered products to furnish it. Chris W."
152386;;"2020-06-08 20:36:50";"Great sight"
152341;;"2020-06-09 05:52:20";"Its good"
153915;;"2020-05-25 13:18:16";"Great place"
163145;;"2020-04-14 12:18:05";"I dont like letgo,selling anything on here is ridiculous.you dont get any views and you font get no sales at all,offer up is way better."
152135;;"2020-06-11 02:52:54";"Good so far"
152091;;"2020-06-11 14:57:23";"Let go so good app I recommended to download it and just get your locations where you're at it's perfect you can find anything that you're looking for"
153098;;"2020-06-01 21:12:04";Lit
161572;;"2020-04-28 09:44:28";"It's been doing good for me pretty far that it's been doing pretty good for me pretty far"
151892;;"2020-06-12 23:53:37";Awesome
151849;;"2020-06-13 12:33:04";"My experience has been good"
151852;;"2020-06-13 12:06:31";"Rate grate love it!!"
156489;;"2020-05-16 02:27:36";"I searched for a very specific item, a Mooradian electric bass gig bag, and got sent listings for items that weren't even close. What a waste of my time and energy. LETGO if there's no match for a specific search request, send a notification like ""No Match Available."" Is that too difficult?"
166419;;"2020-03-24 16:32:12";"Wish the were ways to review users without completing a sale. And a way to look up user names"
151615;;"2020-06-15 16:56:15";Great
151573;;"2020-06-15 23:35:51";"Goid way to make money and get good prices"
150031;;"2020-06-16 10:29:34";"Have had some great buyers and enjoyed meeting sellers and buyers"
153100;;"2020-06-01 21:01:36";"Very easy to contact people/look for what you want in the desired area!"
161327;;"2020-04-30 14:57:42";"I just love the great deals"
149848;;"2020-06-17 23:05:04";"Wont let you see the item. Tapping item immediately opens chat. Why would I even ask seller anything without seeing the item.. dumb design."
149807;;"2020-06-18 12:33:37";"It great . Easy to use."
149766;;"2020-06-18 21:18:19";"Please let me know what works for me and you will have to look at the end table for me"
169513;;"2020-03-05 02:56:30";Great
161575;;"2020-04-28 08:09:32";"Love to shop and sell all items here!!!!!"
149591;;"2020-06-20 16:30:01";"Very crappy...the very expensive but less to choose from version of craigslist and offer up, the pricing on this app is beyond ridiculous"
149551;;"2020-06-21 00:34:30";"No complaints. So far, so good"
149511;;"2020-06-21 10:13:56";"I'm still figuring it out. To early to tell. But I like it so far."
153095;;"2020-06-01 21:18:33";Nice
168788;;"2020-03-13 14:49:43";"Love its"
149344;;"2020-06-23 02:29:40";"I really found what exactly I am looking for with the right price"
149305;;"2020-06-23 15:33:42";"My favorite most used App for Selling and Buying"
149266;;"2020-06-23 21:10:53";Great
154423;;"2020-05-20 20:21:50";Excellent
154427;;"2020-05-20 19:26:50";"Me likey!"
163151;;"2020-04-14 11:03:10";"Sellers can leave negative reviews, then block you, so you can't review them back. I buy and sell on this app. One time I was inquiring about an ad, and the seller gave me negative review and blocked me because I wouldn't buy what they were selling. It's ridiculous."
149069;;"2020-06-25 18:40:42";"Always great."
149031;;"2020-06-26 01:43:22";Great
148994;;"2020-06-26 13:33:43";Wonderful
161883;;"2020-04-25 12:55:58";"Have used app for years but seems to no longer work (doesn't load search results anymore). Used to be a great app but I've tried everything, uninstall-reinstall. Allowed all permissions even messed with the phone wifi settings. Download the app and see if it works it's a great app."
156494;;"2020-05-16 01:23:10";"TOTALLY TOTALLY AWESOME 👍👍👍👍"
165392;;"2020-04-05 10:25:40";"Works very well whether buying or selling."
148811;;"2020-06-28 04:43:51";"It not sending the message to the person"
148775;;"2020-06-28 14:49:52";"Great for sales"
148739;;"2020-06-28 20:08:27";"the best most fun selling App out there."
166183;;"2020-03-27 02:06:32";"Good app"
154173;;"2020-05-23 01:21:27";"Turned off all notifications yesterday, the app spammed more today > uninstalled"
162346;;"2020-04-21 09:36:23";"Not working"
148566;;"2020-06-30 10:08:45";"Sellers only respond with their name . What is the product. Letgo should link them"
147031;;"2020-06-30 16:39:26";"One of the best apps ive ever seen"
146996;;"2020-07-01 00:01:02";coo
146961;;"2020-07-01 08:28:02";"7/1/2020 - Edit: no change Not sure how they programmed the search function, but it's very poor. Try it yourself. You can ask for something and it just brings back random things. Email their support team and tell them, and you get a canned response.. Just poor right now. Still all over the place for weird notifications that don't come close to matching what you're looking for... And then when you try to find an item within 10 miles, you get emails of the item from all over the country."
166470;;"2020-03-24 00:48:20";"good app"
162076;;"2020-04-23 20:42:08";"I have sold many items through letgo. 👍 If you want to sell something locally this is the app to use."
156715;;"2020-05-14 06:50:35";"Always intresting"
165394;;"2020-04-05 09:35:15";Great
146765;;"2020-07-03 10:50:51";"Sold all my stuff with ease."
146731;;"2020-07-03 18:58:40";Good
146697;;"2020-07-04 01:17:53";"Great app to sell stuff and buy and it's easy to post things you want to sell"
162344;;"2020-04-21 11:12:17";"The app crashed wont load"
152399;;"2020-06-08 18:26:34";"Waste of my time"
156497;;"2020-05-16 00:57:50";"Still not working. Messaging pops up and will no go away. Cleared Cache and Data, logged out and back in, uninstalled and reinstalled, I have had this issue for the last 3 updates with no change. LETGO it's time to fix the app or hire someone who can!!"
163364;;"2020-04-11 19:26:16";"Great sales great app"
146513;;"2020-07-06 00:30:47";Great
146480;;"2020-07-06 15:10:35";"Set radius, doesn't make a difference!! I wanted to look for a certain tool within a 30 mile radius. After double checking the radius that I had input, the top listing was still more than 100 miles away from me!! Tried several times over the course of an hour or so with the same results. This app doesn't help me at all. Waste of time downloading it!"
146447;;"2020-07-06 22:22:22";"Just really like the ease of transactions"
147036;;"2020-06-30 15:48:54";Grrrrest
150042;;"2020-06-16 04:24:43";"Easy to buy and sell items"
153630;;"2020-05-28 03:37:33";"Very good, simple interface. Easy to set up a sale. I messaged directly with my buyer and we met with no problems. Great app!"
161092;;"2020-05-02 12:32:53";"Awesome app have bought and sold off it frequently it's that good"
169053;;"2020-03-10 07:05:12";Epic
146243;;"2020-07-08 19:59:00";"Only improvement would be to post the price with the picture on the main search area"
146211;;"2020-07-09 01:31:48";"So far I haven't had any experiences. But your site seems to be well maintained,"
146179;;"2020-07-09 14:22:15";"Found 3 things"
153677;;"2020-05-27 18:10:56";"Simple and straight forward, i buy and sell on here all the time, its my first choice when im searching for anything."
151627;;"2020-06-15 14:55:18";"Fond some nicething in letgo"
153681;;"2020-05-27 17:33:29";"Awesome going to buy something today.!!!!"
131584;;"2022-09-03 14:20:03";"The last update is terrible, I stopped using the app, I don't know it anymore! I lost the search feature near my location!"
131585;;"2022-09-03 12:58:56";"Uygulamayı mahvetmişler be konum belli ne adres ne de bir şey . 3 sınıf çocuğuna versen bundan iyi uygulama yapar leş tam bir leş."
131586;;"2022-09-03 12:14:15";"DAHA REZİL BİR ARAYÜZ GÜNCELLEME 15 SENEDİR PLAY STORE ÜZERİNDE GÖRMEDİM"
131587;;"2022-09-03 10:06:40";"Sakın dopinglere para vermeyin. İlanı silip yeniden açmak bile 10 kat daha etkili. Üzerinden 2 gün geçmiş ilan ölü ilandır doping falan kurtarmaz. İade falanda alamazsınız parasını uğraşmayın."
131588;;"2022-09-03 08:59:10";"İnsan uygulama yapar ileri gider, siz geriye gidiyosunuz hic bir arama sonucu çıkmıyor"
131589;;"2022-09-03 08:43:18";"Yeni versionunuz gercekten cok kotu olmus. Eskisi cok kullanisli ve ise yariyordu. Bu versionunuz cogu zaman NE ilan gosteriyor NE de aradigin zaman tepki veriyor."
131590;;"2022-09-02 20:50:38";"uygulamayı geri çevirin kodumun şişmanları"
131591;;"2022-09-02 17:14:43";"App after update become horrible"
131592;;"2022-09-02 13:45:13";"Uzun yıllardır kullanıyorum fakat yeni güncelleme kötü oldu. ilanlarla birlikte fiyat görmek güzel ama kategori seçmeden çevremdeki en yeni ilanları listeleyemiyorum. kullanıcı sayısı azaldı. doğru başlık ve kategori girmeme rağmen alıcılara ulaşmak zor. fotoğraf gösterimi yakınlaştırma yaparken kısıtlı. eski arayüz çok daha rahat idi."
131593;;"2022-09-02 09:58:32";"Konum açsanız bile hala bütün Türkiye listesi veriyor.aradığınızı filtre yapmanız zor. Yeni versiyonu çok kullanışlı bulmadım."
131594;;"2022-09-02 09:41:33";"New apdate is very bad ."
131595;;"2022-09-02 05:34:18";"Uygulamanin %80i reklam olmuş. Yapacağınız uygulama da hizmet de vizyon da ötede kalsın. Rezalet bir uygulama haline geldi. Reklamdan baktığım ürünü göremiyorum!!! La şu kullanıcı yorumlarını bi okuyun!"
131596;;"2022-09-01 20:30:28";"I am an active user since 2016, but the last interface update was terribly bad, I didn't like it at all, also it doesn't support the Turkish characters, which makes me feel sorry for application I used to love !! Thank you :((("
131597;;"2022-09-01 16:39:27";"Yeni guncellme çok berbat olmuş. Hataları düzeltmezse hesabımı kapatacam."
131598;;"2022-09-01 12:53:35";"Güncellemeden sonra kullanışsız hale geldi. Resimler küçük. Menü karmakarışık...eski versiyona daha iyi idi."
131599;;"2022-09-01 11:49:03";"Artık kimse kullanamıyor. Yeni arayüz çok kötü ve hızlı satış özelliği bir türlü düzeltilmedi. Rezalet etmişsiniz"
131600;;"2022-09-01 07:31:34";"Old version better than last"
131601;;"2022-08-31 21:42:09";"Güncellemeyle eskiden yaptığım satışlar görülmez oldu! Alış yapıcak insanların güvenini artıran bir faktördü halbuki. Ne düşünüldü de böyle yapıldı bilmiyorum. Ve adres seçimi eskiden daha kötü olmuş. Arayüz kullanıldıkça alışılcak bi şey ama... Daha hesabın ne kadar doğrulanadığı 5üzerinden olan puano eski satışlarım ver yorumları gözüküyordu. Şimdi bunlar gözümüyorsa kullanmanın anlamı yok, rakip uygulamaları da kullanırım!"
131602;;"2022-08-31 21:17:00";Soso
131603;;"2022-08-31 14:27:25";"1.)Türkçe karakterler bozuk görünüyor. 2.)Google'da ve sahibinden'de olduğu gibi + - ile istenmeyen anahtar kelime çıkarma yok. 3.)Kampanya bildirimi istemiyorum seçeneğini secmeme rağmen sürekli bildirim gonderiyor. 4.)Yabancı uyruklu cok fazla dolandirici hesap var, Türkiye'de bulunmayan. Pahali urunleru yari fiyatina koyup kapora istiyorlar. 5.)Ayni ilandan 500 tane açan sahtekar hesaplar var ve bu hesaplara müdahale edilmiyor."
131604;;"2022-08-31 13:48:40";"Eski versiyonda tek yapmanız gereken mesaj sistemi düzenlemekti. Şimdi ise saçma sapan ne idüğü belirsiz bir arayüz ile karşı karşıyayım. Tamamen kullanışsız ve kullanıcıyı yoruyor. Lütfen eski sürüme geri dönün lütfen"
131605;;"2022-08-31 13:21:27";"New interface is a complete failure go to the old one asap"
131606;;"2022-08-31 05:58:33";"Frustration! They reject some of your ads and give no explanation. Then they ask you to edit your ad to resubmit by an endless try&fail loop. They don't answer your messages either. I think a low quality software evaluates the ads you submit. Their time is valuable, but yours is not..."
131607;;"2022-08-30 16:15:27";"New update its so stupid i prefer the older one. I also cant access to my old chats what is point of using your app then. Sahibinden is better at this point."
131608;;"2022-08-30 05:45:16";"The app was fine. But they renewed it and it sucks now. You can't even filter things near you. If you select your city, it still lists posts that's far away. I probably won't even use this anymore"
131609;;"2022-08-30 03:10:32";"There's way to many scammers on this app and the app does nothing to stop it! I wouldn't recommend this app for that reason. Find another app that actually helps users and filters out the scammers instead of enabling them!"
131610;;"2022-08-29 17:10:52";"Uygulamaya güncelleme geldi ve inanılmaz kullanışsız bi hal aldı. Adres seçiyorum çok uzaktaki ürünleri gösteriyor."
131611;;"2022-08-29 14:43:41";"2016 dan beri kullandigim, Son guncellemesi ile tamamem kullanilmaz olan bir uygulama 30 kisiye mesaj attim donus yapak yok mesajim iletildimi o bile muamma. Urun satmayi birak satin bile alamiyorum. Hic bir ise yaramaz hale gelen acilen alternatif bir uygulamanin piyasaya cikmasi gereken bir durum olustu. Halbuki guncellemeyi geri alsalar bir problem kalmaz fakat oyle bir sey yapacaklarini sanmam."
131612;;"2022-08-29 10:47:30";"Please hire skilled people."
131613;;"2022-08-29 09:23:29";"Son güncelleme berbat ötesi, her sey karmakarışık, hangi mantıkla bu güncelleme yapıldı anlayamadım.. Kişileri göremiyoruz adam akıllı, önceden verdiğim ilanlar Türkçe karakter olduğu için yeni gelen güncellemede kelimelerde hep ?? soru işaretleri var.. Uygulamayı silip, başka satış platformlarına yönelecegim."
131614;;"2022-08-29 07:12:37";"The worst version that letgo has ever made"
131615;;"2022-08-29 02:44:59";"Güzel bir uygulama fakat yeni güncellemede satıcıya yazılan görüşler kaldırıldı ve bir alıcı için güvensizlik yaratıyor."
131616;;"2022-08-28 21:59:17";"You made it worse than ever. I couldn't find what is available next to my location. But I can see an idiot items more than 500km far away because of your idiot ad algorithm. Plus it consumes more energy and shows less and less results. You are idiot or genius how to make useless working app. Sahibinden or Dolap or other local apps are now having much better options and search capabilities."
131617;;"2022-08-28 15:12:22";"Eskiden beğenerek kullanıyorduk. Arayüz facia olmuş. Puanlama gitmiş. Kimin ne olduğu belli değil."
131618;;"2022-08-28 13:19:06";"The last update should be rolled back immediately. Notifications are not coming. The app design is awful."
131619;;"2022-08-28 09:30:39";"Arayüz kullanılmaz hale gelmiş."
131620;;"2022-08-28 07:12:49";"Pls downgrade to old version / Lütfen eski versiyona geri dönün. Not only the interface problem, also there are no notifications from coming messages. / Sadece arayüzün çok kötü olmasını geçtim, artık gelen mesajlardan bildirim bile gelmiyor. Bozuldu resmen uygulama"
131621;;"2022-08-27 23:23:40";Good
131622;;"2022-08-27 15:01:23";"güncellemeden sonra mesaj bildirimleri gelmiyor, reklam ve tanıtım bildirimler geliyor. ilanımın yayınlanma süresi bir aya yaklaştı, kontrol ettiğimde hala ilanıma bakan sayısı 0. güncelleme sıkıntıyla geldi. aslında fiyatları ilanı açmadan görülebilmesi güzel bir özellik, sevinmiştim ama eski sürümü arıyorum."
131623;;"2022-08-27 11:19:49";"They turned the app into a mess. They deny my ads'. Total disaster. Sizden araba satın alacak olsam bile almam artık. Resmen rezillik."
131624;;"2022-08-27 10:34:25";"The last update is not good at all !! Very disapointing !!"
131625;;"2022-08-26 17:11:55";"Guncellemeden sonra eski mesajlaşma karım görünmüyor. Silmek istesem kendim silerdim. Daha önceki işlemlerim ve mesajlarım neden görünmüyor. Almak istediğim ürünü bulamıyorum artık. Çünkü satıcıyla mesajlaşmak yok"
131626;;"2022-08-26 15:32:11";"You ruined the application, this is terrible I have no idea how someone approved this version. Disaster, can't find a shiet, I found something then I am writing name of what I am searching but what I found doesn't show up.. range around me gone, terrible."
131627;;"2022-08-26 14:59:32";"letgo müşterinin mesajlarını bildirim atmadığı için satacağım şeyi satamadım"
131628;;"2022-08-26 07:22:17";"Hayatımda bu kadar saçma birşey görmedim her uygulamaya girdiğimde konum Ankara yazıyor İstanbul'da arıyor her girdiğimde tekrar ayarlamaktan bıktım 😡"
131629;;"2022-08-26 07:15:18";"The search does not work at all, you cannot find anything like you could find what you looked for in the old app."
131630;;"2022-08-26 05:44:41";"Decent app I occasionally used now completely destroyed. Previous ui had some shortcomings yet it was so simple and pleasent to use. This is just a mess. Rating from 5 down to 1."
131631;;"2022-08-25 20:14:46";"Son güncelleme tek kelimeyle berbat! Her bildirim için eposta geliyor (ve bu eposta gönderimini iptal etmek mümkün değil) ve bildirim ancak uygulamayı açınca geliyor. Bu sorunu ilettim ancak genel ve karşılığı olmayan bir cevap verildi. Ayrıca bu güncelleme ile birlikte, eskiden satışını yaptığım ürünler de kayboldu. Son olarak, ürün başlığındaki ve içeriğindeki tüm Türkçe karakterlerin yerine ""?"" çıkıyor."
131632;;"2022-08-25 16:37:33";"Soooo slow full of bugs👎👎👎"
131633;;"2022-08-25 06:54:20";"Hayatımda ilk kez bir uygulamaya 1 yıldız verme ihtiyacı duydum. Son güncellemeyle ölüm fermanını yazmışsınız app'in. Bu ne? Edit: Kaç yıllık hesabım durduk yere banlandı ve yeni açtığım hesaplar anında banlanıyor bu ne? :d"
131634;;"2022-08-25 05:53:17";"The new update sucks . I never get any messages anymore .."
131635;;"2022-08-24 23:38:26";"Yeni guncelleme 5 para etmez eski surum daha iyiydi simdi ne idigu bekirsiz noksan bi uygulamaya donusmus"
131636;;"2022-08-24 22:27:55";"Are you kidding???? Where is my old ads? How Could you do that? Why did you do that? How can we use this useless app? How terrible is the new interface!! Really unbelievable."
131637;;"2022-08-24 19:09:51";"Latest update killed it."
131638;;"2022-08-24 19:06:23";"Tarihh 24.08.22 bugün itibari ile letgonun bitişi diyebiliriz çünkü yeni sürüm berbat her yer reklam eski sürümde herşey belliydi ne aradığın belliydi şimdi saçma sapan 0 yıldız olsa onu veriridim cidden uygulamayı siliyorum saygılar."
131639;;"2022-08-24 12:46:45";"The latest update is so bad First of all why do I have to see cars on my front page. The front page is full of stuff I'm not even interested. Search bar and everything is harder to use now I would suggest the publisher to go back to the old version and old interface"
131640;;"2022-08-24 07:18:26";Good
131641;;"2022-08-24 02:50:36";"Arkadaş bu ne hayır yani sanki Sıfır cilatinli arabayı almışsınız yerine külüstür demeye bin şahit bir uygulama karşımıza çıkarmışsınız bune buna güncellememi diyorsunuz bide güncellemeden ziyade downgreade olmuş berbat berbat. (Friend, what is this no, it's like you bought the car with zero polish, instead of saying it's a junk, you've come across a thousand-witness application, you call it an update, and it's downgreade rather than an update, it's awful.)"
131642;;"2022-08-23 20:00:42";"new interface sucks. I cant find what i want to look for. 1/5. I wish i had a chance to choose the old interface"
131643;;"2022-08-23 17:58:14";"Güncellemeden sonra kullanılamaz hale gelmiş, yazık çalışan uygulamayı bozmuşsunuz,"
131644;;"2022-08-23 14:31:39";"It is a mess letgo fix it !!! The new interface is awful it doesn't even shows my own location just fix it !!! Dont download it if its not fixed guys its just broken"
131645;;"2022-08-23 09:29:41";"After update to new interface its got too bad, get back the old design team or you will lose thousands of users, i've been using this app three years ago every day, but after the new interface i heated it, it's never show me the things that are near my location it's shows another city's."
131646;;"2022-08-23 09:08:54";"Son güncelleme ile çok kötü oldu. Açıklama kısmında hata var"
131647;;"2022-08-23 06:51:02";"This new update, new version... Awful..."
131648;;"2022-08-23 05:19:45";"Çok kötü"
131649;;"2022-08-22 21:42:51";"Berbat olmus. It is terrible now 😃"
131650;;"2022-08-22 16:33:13";"New interface is horrible. How did you achieve to make things this bad, I've no idea"
131651;;"2022-08-22 13:51:21";"Disappointed! Why u changed everything on app even home page. Its turned so complicated. I deleted it"
131652;;"2022-08-22 12:01:08";"Bas UI messages aren't received until the app is opened"
131653;;"2022-08-22 07:47:25";"Son güncellemeden sonra kolay olan arayüz kötü ve zor bir şeye dönüşmüş ayrıca koyulan ilanlar asla gözükmüyor kimseye tamamen işe yaramaz hale gelmiş uygulama"
131654;;"2022-08-22 03:58:10";"Ok so I am editing this review because all of a sudden I got an update to the Letgo app which was surprising to me seeing they joined with OfferUp. I installed it but the language is Turkish and only shows me ads from Turkey and no other way to see anything from where I live (NYC) so I will give this another week so they can fix this. There is nothing much to do in the settings so hopefully, this can be fixed as I used to like using Letgo back in the day."
131655;;"2022-08-21 18:45:25";"Eski güncel daha iyi di kaç kişi gördü veya sayralar çalışmıyor hızlı satış kısmı çalışmıyor lütfen yaparsanız seviniriz"
131656;;"2022-08-21 12:32:34";"Eski versiyon çok daha kullanışlıydi. Yeni versiyon onayını rakip firmalar mi verdi? Eskiden kullanıyordum ama yeni hali ile telefonda tutmaya bile gerek yok.kisa zamanda eski haline gelmezse uninstall edeceğim ."
131657;;"2022-08-21 12:06:32";"After update i can see nor my old ads, reviews,comments or other people's. Any time i reopen the app, i see same ads at main screen. Its going useless."
131658;;"2022-08-21 11:01:50";"Eski versiyonu geri istiyorum"
131659;;"2022-08-21 10:48:51";"Hesabım durduk yere askıya alındı. Herhangi bir açıklama ya da işe yarar bir bilgi de yok. Güle güle o zaman."
131660;;"2022-08-21 07:03:06";"User interface is very very very very very very very bad after update"
131661;;"2022-08-21 06:39:06";"I was bad before the update...than they changed the interface now its even worse"
131662;;"2022-08-21 02:32:36";"yeni güncelleme berbat, birsürü reklam dolu ürün ve açıklama okunamıyor"
131663;;"2022-08-21 01:09:15";"New update is so useless, dont like it."
131664;;"2022-08-21 00:12:58";"for the love of god please hire a better programmer this UI and the search filter is killing me. and please don't reply with a dumb automated reply linking me to an email address that you never check and actually fix it thanks"
131665;;"2022-08-20 17:21:31";"güncelleştirme berbat olmuş"
131666;;"2022-08-20 13:56:44";Extraordinary
131667;;"2022-08-20 13:13:15";"Berbat bir güncelleme. Bir uygulamanın güncelleme ile bu kadar kötü olabildiği ilk defa görüyorum. Güncellemeyi yapan ekibin ne düşündüğünü merak ediyorum, yok olmak istiyorduysaniz uygulamayı kaldirsaydiniz daha iyiydi."
131668;;"2022-08-20 12:54:00";"Wow, you guys just burned the app down. Congrats."
131669;;"2022-08-20 10:08:54";"Arkadaşlar yapmanız gereken tek iyileştirmeyi yapmayıp hali hazırda güzel olan diğer şeyleri bozduğunuz, kullanıcı deneyimine dikkat etmediğiniz, geliştirmek yerine sıfırdan bir arayüze geçtiğiniz için sizi tebrik ediyorum. Halbuki yapmanız gereken tek şey mesajlaşma servisini hızlı ve daha kullanılır hale getirmek ve arama opsiyonlarını zenginlestirmekti. Ne bildirim geliyor ne aradığımı bulabiliyorum ne adam akıllı mesaj yazabiliyorum. Gerçekten bravo."
131670;;"2022-08-20 09:15:28";"The latest update is pathetic, you can not find what you want. Uninstalling the app ."
131671;;"2022-08-19 20:36:55";"So slow that its basically unusable."
131672;;"2022-08-19 14:31:04";"App is not working after last update."
131673;;"2022-08-19 12:19:27";"After the new update and interface the lost a lot of features. Doesn't support Turkish litters. The old one had give you notifications for the new ads of what you are searching for.."
131674;;"2022-08-19 12:19:04";"19 08 2022, With the latest update, I hate to use that letgo. If they will continue like that, I will remove letgo from my phone."
131675;;"2022-08-19 11:17:47";"BERBAT yeni güncellemeden sonra hem kullancı deneyimi düştü hemde uygulamanın kalitesi hiçbir veri doğru düzgün gözkmüyor tavsiye etmiyorum !"
131676;;"2022-08-19 10:40:11";"Login yapmama izin vermiyor"
131677;;"2022-08-19 10:11:32";"Tükçe alfabesinin yerine ""?"" Yazıyor. Aldığım > Ald???m olur"
131678;;"2022-08-19 09:57:51";"Last update is terrible"
131679;;"2022-08-19 08:03:09";"The new ui is abhorrent"
131680;;"2022-08-19 07:22:49";Terrible
131681;;"2022-08-19 04:34:49";"Eski versiyonlar çok daha iyiydi. Malesef tüm iyi özellikleri kaldırıp yerine acele ile gereksiz bir uygulama yapılmış. -Ana sayfada sırf araç satışı ve reklam verecekler diye tüm lokal yakındaki ilanlar kaybolmuş. -Eski dairesel uzaklık gitmiş ana sayfada bulunduğumuz bölge yerine başka şehirlerdeki ilanlar çıkıyor. -Bildirimler açık olduğu halde mesajlara uygulamayı açmadan uyarı gelmiyor haberimiz olmuyor. -Tüm uygulama virüslü siteler veya blog sayfaları gibi reklam panosuna dönmüş. Yazık.."
169480;;"2020-03-05 15:43:31";"Keeps loafing error when i search. This use to be my fav app. Not anymore. Delete!"
169240;;"2020-03-08 05:56:47";Nice
169002;;"2020-03-10 21:01:43";"Great people great app"
168766;;"2020-03-13 18:58:28";"1st off this is a great app no question. The reason for the low rating Is because it seems to be too many scammers and there is a simple way I believe to stop it. You guys should let anyone view the app. But if they want to buy or sale They should have to provide a more adequate verification. Email alone isn't enough because I get so many people intrested in my items obviously with the fake name and a fake email. It Wastes sellers precious time talking to people intrested in scamming."
168532;;"2020-03-16 15:29:50";Great
168453;;"2020-03-17 14:20:34";"I now hate letgo makes u pay to post a truck screw that ill just stick to market place at least they dont charge ya to post thats retarded letgo changed man used to be a good site now its trash done with it"
168222;;"2020-03-20 16:04:31";"Love it"
166458;;"2020-03-24 03:49:02";"Too many people that are robots trying to get your info."
166232;;"2020-03-26 16:28:03";Great!
166157;;"2020-03-27 13:24:38";"Good app. They need to do more about the scammers"
165934;;"2020-03-29 20:28:59";"So far so good"
165714;;"2020-04-01 16:18:46";"So far this app has been pretty awesome at providing what I need, when I need it. Great job y'all! Thanx😁"
165642;;"2020-04-02 15:09:58";"Easy to find stuff and issues with sellers. Sold and bought many items."
165425;;"2020-04-05 00:36:18";"Can't delete your account, should be a violation..."
165210;;"2020-04-07 17:51:53";"Alsome app"
165141;;"2020-04-08 14:50:02";"Just isn't worth it when Kijiji is a million times better. Over zoomed pictures the listing price is never what people actually want."
163394;;"2020-04-11 12:43:03";"I received a message, tried to reply, says message not sent. Tried logging out and relogging in, no luck. Tried uninstalling and reinstalling up, same"
163397;;"2020-04-11 11:36:23";Awesome
163118;;"2020-04-14 19:22:51";Good
162912;;"2020-04-16 21:09:52";"I love the app"
162846;;"2020-04-17 14:06:35";"Great app for buying cars."
162643;;"2020-04-19 06:03:00";"Usally pretty good"
162578;;"2020-04-19 17:17:10";"Love it"
162378;;"2020-04-21 02:17:27";"Connecting!!! Always trying to connect"
162314;;"2020-04-21 18:05:33";"Great app and it does exactly what it says!!"
162117;;"2020-04-23 14:21:14";"awesome site!"
162054;;"2020-04-24 00:43:27";"you get such good bargain s"
161861;;"2020-04-25 16:15:36";👍😍😍😍😍
161800;;"2020-04-26 03:06:01";"Good local site"
161610;;"2020-04-28 00:27:27";"Love it"
161550;;"2020-04-28 16:20:54";"Love it"
161363;;"2020-04-30 03:54:08";"I love you more than i love ice cream . And i live for ice cream. 😛"
161304;;"2020-04-30 18:03:12";"The App Needs Alot Of Work When You Want To Look For A Item That You Want It Shows You Item's That You Did Not Look"
161120;;"2020-05-02 04:43:30";"Great first and last experience! Loving it!!"
161062;;"2020-05-02 17:54:33";"Keeps saying theirs an error while loading results. So ima uninstall this app. Dont work like it did before untill the new update"
163406;;"2020-04-11 07:12:22";"Love It Fast And Easy"
160824;;"2020-05-04 20:11:55";"It seems to be a yard sale. Personally I haven't tried to use it yet but I will I try in the near future and will try to change my evaluation if necessary."
160770;;"2020-05-05 05:16:18";Fire
160590;;"2020-05-06 23:18:26";Good..
157534;;"2020-05-07 12:39:11";"Good app"
157478;;"2020-05-07 23:16:06";"Location is buggy"
162324;;"2020-04-21 15:34:33";ok
157250;;"2020-05-09 22:48:26";Amazing
157194;;"2020-05-10 13:16:54";"Lot of good drals"
157024;;"2020-05-11 21:58:37";"Great app"
156969;;"2020-05-12 09:17:04";Excellent
168240;;"2020-03-20 08:18:09";"I was scammed on this site and letgo does nothing to protect those that use this site. I found others that went through being scammed as well. If you use this site be careful of scammers. I was naive, I know so I do take the blame for that, however, feela horrible letgo did nothing."
156747;;"2020-05-14 02:15:02";Good
156692;;"2020-05-14 13:28:13";"Theres alot of fakes trying to scam people ya need to reaaly fix that"
165159;;"2020-04-08 06:45:51";"Great app"
156474;;"2020-05-16 06:42:21";"I've found some really good deals on this site and have also sold a couple of things, actually made some pretty good money! And I still have the few things listed! I really do like let go!"
156419;;"2020-05-16 17:24:30";"Very good app to sell stuff. Only note I would suggest is to improve your picture quality. Other than that really good app!"
169270;;"2020-03-07 22:56:56";"It a great app"
156204;;"2020-05-18 08:51:25";"Alot of scam artists!"
165215;;"2020-04-07 16:46:48";"Love it thank you !!!!!❤"
154462;;"2020-05-20 13:18:29";"I enjoy being able to talk to people about the items they are selling before driving to the location first."
154410;;"2020-05-20 23:05:37";Nice
156698;;"2020-05-14 12:40:47";"App will not let me list two similar items and has removed my listings. I listed two clearly different watches by the same brand and my posts were removed because they were deemed to be the same. I have heard some good things about this app but this is ridiculous. There is no obvious option to contact for support."
154206;;"2020-05-22 17:29:07";Good
154155;;"2020-05-23 05:08:23";"App keeps crashing. Emailed support multiple times with no response. Keep sending crash report feedback with no response."
156210;;"2020-05-18 07:10:02";"Jist perfect"
168797;;"2020-03-13 12:34:59";"As soon i went on i found what i was looking for i just got it with no promlem better than offer up"
153906;;"2020-05-25 15:13:31";"Buying makes easy, but, it takes a long time before sellers response"
153859;;"2020-05-25 23:41:05";"N , za"
165450;;"2020-04-04 20:22:16";Terrible
153660;;"2020-05-27 22:27:28";"I get rid of alot of my old thibgs through here. Its ib my top favorites to re sell!😁"
153610;;"2020-05-28 08:41:43";"Awesome app"
161817;;"2020-04-25 22:31:35";"Love it"
153420;;"2020-05-29 22:13:33";Cool
153371;;"2020-05-30 12:50:36";"Great shopping on Let Go!"
162327;;"2020-04-21 15:24:39";"We find some fantastic deals here on Letgo! It's an app we are happy we have downloaded it. We totally recomend it!!!"
169276;;"2020-03-07 21:48:57";"Very convenint and a great place to find your stolen items. This is twice ive done it."
153138;;"2020-06-01 15:42:41";Good
153090;;"2020-06-01 21:58:34";"Get $$$ and connects"
161628;;"2020-04-27 21:24:03";"This app is so much easier to use because of the Corona Chinese virus you don't have to worry about going in furniture's store where its always crowded"
152911;;"2020-06-03 15:14:08";"Easy to use"
152864;;"2020-06-03 23:34:35";"Great ☺"
153863;;"2020-05-25 22:51:38";"I got this app didn't think much about it but I've used it to sell several things and it was amazing easy fun and quick I sold everything within 2 days"
163352;;"2020-04-11 22:30:14";"Was working great last day it been sluggish not wanting to load"
152644;;"2020-06-06 05:04:26";"Good options to buy or sell on the app. So win win for me. $$$"
152598;;"2020-06-06 18:40:33";"Filters are not very good on Letgo."
168250;;"2020-03-20 03:07:01";"Love it"
165455;;"2020-04-04 19:13:05";"When your ad expires after 30 days, it asks you to reactivate, but it doesn't let you."
152385;;"2020-06-08 20:43:40";"Find the unusual, or ask for that missing piece"
152340;;"2020-06-09 07:51:10";"Love the variety of items"
165667;;"2020-04-02 01:56:49";Great!
163354;;"2020-04-11 22:12:13";Helpfull
152134;;"2020-06-11 02:54:33";"So far so good app"
152090;;"2020-06-11 15:08:49";"Great app! Sold $$$ of household items in first 5 days of downloading this app."
153146;;"2020-06-01 13:46:50";Aplus
161632;;"2020-04-27 20:15:16";"Awesome site!!"
151891;;"2020-06-13 00:09:42";"Great app. Use it all the time P"
151848;;"2020-06-13 12:38:15";"The distance filter doesn't work!!! Keeps showing me listings from miles away."
151895;;"2020-06-12 23:29:32";"Easy to use"
161560;;"2020-04-28 14:07:16";"Great places to buy and sell"
166495;;"2020-03-23 17:31:34";"I just got a email from Valdet. He put my items back up, and I am now happy. Only thing is could you please have a talk with Steve, and Esther. They put me through a LOT of stress over this."
151614;;"2020-06-15 17:20:31";"Quick easy brilliantly easy"
151572;;"2020-06-15 23:44:14";😘😍😘😍😘😍😁
150030;;"2020-06-16 10:38:53";"It's a great app 👍"
153148;;"2020-06-01 13:33:54";"Its useful"
166172;;"2020-03-27 05:07:01";"App sometimes doesn't work"
149847;;"2020-06-17 23:10:34";"Quick an easy!! Love it!!!"
149806;;"2020-06-18 12:37:32";Great.
149765;;"2020-06-18 21:20:39";"Good..... first sale one day"
153383;;"2020-05-30 06:59:10";"So far awesome"
169021;;"2020-03-10 16:58:49";Great
149590;;"2020-06-20 16:43:46";"Love this, finding so much awesome stuff. I just wish it would stop reverting to my current location randomly when I am trying to search in other areas."
149550;;"2020-06-21 00:38:06";"A good app for liquidating your unwanted items."
149510;;"2020-06-21 10:50:13";"Full of scammers, flakes, and people who immediately try to talk you down. Stick to eBay, much better."
152875;;"2020-06-03 21:51:36";"Love the experience"
160790;;"2020-05-05 01:01:50";Exelente
149343;;"2020-06-23 02:55:20";Good.
149304;;"2020-06-23 15:44:58";"People on there will respond give you their number to do business then just ignore or make excuses. Everything is first come first serve no matter what they say. It's a waste of time"
149265;;"2020-06-23 21:32:07";Good
151813;;"2020-06-13 18:20:40";"Very good experience"
165376;;"2020-04-05 15:41:56";"Very easy to use and gud quality items."
163360;;"2020-04-11 20:03:26";"Simple and straightforward. The way letting go should be. 🤓"
149068;;"2020-06-25 18:51:18";"I've tried using this app to sell many times. I have a 100% on ebay and over 70 5 stars on OfferUp. Every time I try to sell on this app, I get a barage of fake scam messages that make the selling experience extremely tedious. I normally download the app, post my listings and delete the app and check back once a month. On occasion ill have real messages but its very rare. Id recommend just about every other app first."
149030;;"2020-06-26 01:47:34";"I don't know"
148993;;"2020-06-26 13:52:03";"Great app! Friendly interface. Easy to use and post. With recent updates, this is going to be the best selling app soon!"
166413;;"2020-03-24 17:21:52";Good
162386;;"2020-04-21 01:38:46";"Great deals"
165463;;"2020-04-04 17:10:48";"Love it, for shopping and selling"
148810;;"2020-06-28 05:46:14";"The app has so many fake accounts or bots that will ask you if something is available and then never message you again. I think it's to annoy you into getting the premium version. I would give half a star if I could."
148774;;"2020-06-28 14:51:13";"Great shopping"
148738;;"2020-06-28 20:17:17";"Great job"
151815;;"2020-06-13 18:00:03";"Awesome way to buy and sell stuff!!!"
165162;;"2020-04-08 04:33:04";"Always fun"
166168;;"2020-03-27 08:34:27";"The app just suddenly stopped loading ad in my feed... It just says ""oops try again"" Unusable."
148565;;"2020-06-30 10:16:40";"Love it"
147030;;"2020-06-30 16:55:44";"Great app."
146995;;"2020-07-01 00:03:19";"Gone well"
146960;;"2020-07-01 08:28:17";"What the hell!!! I sell some then and i get a buyer and the app blocks them. How are you supposed to sell some then when the app blocks them. -.-"
163138;;"2020-04-14 13:51:38";"Love it"
166489;;"2020-03-23 18:03:36";"I love it. I can find things that I want for cheap prices."
169268;;"2020-03-07 23:11:04";"Letgo is the best! you cannot find another app on the internet that is better than this one',... as far as selling your merchandise personally online!! Start by snapping some pictures Than write a description! Then post! Then start selling everything in your house!! Whatever you want to sell! For however much you wanna ask! No middle Men * or * Women taking your percentage or profits"
165465;;"2020-04-04 16:53:41";"Great app"
146764;;"2020-07-03 10:51:22";Süper
146730;;"2020-07-03 18:58:58";"Awesome. Has worked out very well."
146696;;"2020-07-04 01:19:15";"Good App"
153921;;"2020-05-25 12:37:25";"LETGO LOCKS OUT MY ACCOUNT BECAUSE A SELLER HARASSES ME AND USES OFFENSIVE LANGUAGE! SHAME ON YOU LETGO YOU NEED TO GET YOU FACTS FIRST BEFORE YOU JUST START CLOSING PEOPLE'S ACCOUNTS DOWN ! NOW ITS MY TURN TO POST REVIEWS TO ALL CHANNELS AND SOCIAL MEDIA SITES ON HOW BAD LETGO IS AND WHY NOT TO USE THEM, THIS APP NEEDS SHUT DOWN!!!!!"
161882;;"2020-04-25 12:59:52";Great
160596;;"2020-05-06 21:45:36";Great
166466;;"2020-03-24 01:06:48";"Good so far works easy without to much effort"
146512;;"2020-07-06 01:21:40";"Love it"
146479;;"2020-07-06 15:36:41";"Love this app so amazing"
146446;;"2020-07-06 22:24:01";"So far this is an amazing site"
148571;;"2020-06-30 08:22:49";"Addictive. So many great items."
151584;;"2020-06-15 22:09:46";"I pi united"
153680;;"2020-05-27 17:42:09";"Very convenient to buy and sell with this app."
161614;;"2020-04-28 00:00:15";"Great place to find and sell anything"
169292;;"2020-03-07 18:59:51";"Easy to post"
146242;;"2020-07-08 20:09:49";Fantastic
146210;;"2020-07-09 02:00:56";"I got scammed"
146178;;"2020-07-09 14:38:22";"I love it"
160554;;"2020-05-07 03:46:25";"Car Hop Tray available on amazon"
162874;;"2020-04-17 03:15:01";"Not bad"
161075;;"2020-05-02 16:05:37";"Though most are honest and i love this app, i have run into some dishonesty and bought things that did not work and were supposed to."
131840;;"2022-08-09 08:53:46";"In last update turkish charachters showing as question mark, too much animations maked app so slow, showing too much ads between product's data maked them seperately and i think its not user friendly"
131841;;"2022-08-09 08:11:36";"Hayatimda böyke saçmalik görmedim! IT sorumlusunu kovardim sahsen! Ilanlara cevab vermek için açtim, yeni app i indirdim ve app i dondurmuslar. Bence direk kapali kalsin zahmet etmeyin ugrasmayin, bu sekilfe kimse kullanmaz bunu. Sahibinden, alsat vs app leri bundan bin kat iyi çalisiyor. Elinize bulastirmissiniz. Sorumlu IT ciyi tebrik ederim, bir çok müsteri kaçirdigi için. Mal"
131842;;"2022-08-09 07:56:35";"Şikayetler umursanmıyor"
131843;;"2022-08-09 07:02:10";"Dolandırıcı ve ölücü dolu"
131844;;"2022-08-09 06:51:19";Good
131845;;"2022-08-09 06:41:44";"That's great"
131846;;"2022-08-09 06:35:20";Perfect
131847;;"2022-08-09 04:58:06";Good
131848;;"2022-08-08 22:46:43";"It is maked forbidden by your side to write phone number as a message in the app. What u r thinking about people become together and make the trade."
131849;;"2022-08-08 21:49:04";"Reklamlardan dolayı işlevsel değil."
131850;;"2022-08-08 21:13:37";"It is good that it is in English too"
131851;;"2022-08-08 20:58:21";"This app has one language. Only Turkey."
131852;;"2022-08-08 20:39:47";"Very successful app, i did like 60,000 TL trade from it, just hope to give more updates and re new the interface and add price on item in search page ( no need to open item to see the price please do this addon it will make it easier, and add more option when we add item like its new or used , please read my comment and take those points into consideration"
131853;;"2022-08-07 21:11:03";No...mku
131854;;"2022-08-07 07:40:28";"Even though the bumping system has been removed and is promised to be readded later on, some people are still able to bump their listings. This creates an unfair market for the people that are affected by this half-baked change. I have been unable to sell any of my listings as a result."
131855;;"2022-08-05 19:10:02";"Just put back the sell faster button again I'll use some other programs eventually this is just too irritating"
131856;;"2022-08-04 07:28:10";"I LOVED IT"
131857;;"2022-07-30 14:09:37";Harika
131858;;"2022-07-30 02:47:11";"Its great app but finding items in your own location is not accurate . Overall good app and easy to find things"
131859;;"2022-07-28 17:06:49";"U can easily find and sell everything"
131860;;"2022-07-28 07:35:24";"Bu uygulamayı indirmek tamamen gereksiz. Magic Link nedeniyle web sitesi üzerinden giriş yapılıyor."
131861;;"2022-07-27 06:17:29";"İyi, ama geliştirilmesi gerekiyor."
131862;;"2022-07-26 13:05:47";"Useful and trusted 👌"
131863;;"2022-07-24 13:48:51";"Freaking useless for non-turkish people, app itself dosen't have english translator, when you find something on app and link it out somewhere like chrome or such, again direct you to f... Turkish app !"
131864;;"2022-07-24 11:43:09";"I tried to ""continue with email"" it sent me a confirmation email and I clicked the link.. it transfere me to a web page! with me logged in! I'm trying to go back to the app but the same process starts over. in short: there is no way to log in through email by the mobile app which means it's a useless download."
131865;;"2022-07-23 16:57:23";"Great app!"
131866;;"2022-07-22 19:02:28";"Guzel uygulama. Kendi deposundan satis da olsa cok daha iyi olur."
131867;;"2022-07-22 11:56:05";"niye dünyadaki tüm uygulamalar login için maile şifre atarken siz magic link diye saçma bir şey icat ettiniz? gmail appine gelen magic linke tıkladığımda link browserda açılıyor ve app yerine browserda login oluyorum. yani kaç yıllık hesabımı appte kullanamıyorum. gerçekten bravo"
131868;;"2022-07-20 15:44:22";Crashing
131869;;"2022-07-17 06:13:38";"Dolandırıcı olduğunu düşündüğüm hesapları blokluyorum. Blokladığım kullanıcının ürünleri aramada çıkmasın isterim ama en başlarda çıkıyor."
131870;;"2022-07-14 01:47:06";Good
131871;;"2022-07-10 19:43:03";"en güzel app .. her şey var"
131872;;"2022-07-05 20:49:26";"Berbat bi uygulama haline geldi, yıllardır kullanıyorum fakat son zamanlarda hep saçma sapan bir şekilde eror veriyor. Güvenilmez ortamı mevcut. Hiç önermiyorum. Diğer ikinci el uygulamaları daha iyidir."
131873;;"2022-07-05 15:40:41";"Giriş bile yapılmıyor, linke tıklayınca tarayıcı ile açılıyor. Uygulama olarak kullanılmıyor, boş iş. En iyisi ben sahibinden devam ediyim"
131874;;"2022-07-05 07:13:18";Useful
131875;;"2022-07-04 15:37:45";Ağır
131876;;"2022-06-30 11:01:21";"Cok kasiyor donuyor optimizasyon yok cok ağir bir uygulama"
131877;;"2022-06-29 08:39:04";Trash
131878;;"2022-06-28 12:04:54";Good
131879;;"2022-06-28 03:18:57";Super
131880;;"2022-06-27 14:14:35";"Used for my Online Site, Never a Problem!!"
131881;;"2022-06-27 08:31:12";"-irrelavant adverts must be hide. -reviewed adverts must be selected as checked. -Sent messages must be deleted after we sent it."
131882;;"2022-06-26 20:06:00";"Only ogs got the link for this masterpiece."
131883;;"2022-06-20 17:58:15";"Thanks very very very good thanks👑💚🌷✌👏🌹🌸🌼🌹🌸🌷👏✌👑👑💚"
131884;;"2022-06-20 08:08:34";"It is really good I have bought alot from the app"
131885;;"2022-06-19 15:50:24";"10 liralık ürüne 5 lira olur mu diyen ölücü tayfadan dolayı uygulamadan soğudum ve bir daha kullanmamak üzere sildim."
131886;;"2022-06-19 08:38:47";"site içi arama özelliği çok kötü, aradığını bulamıyorsun. Google il yaratıyorsun ürünü bulabiliyorsun. Site içi arama ile sonuç yok. Veya Sen bmw yazıyorsun o sana tencere buluyor almak istermisin diyor. Artık güncelleme ile hiç aramıyor. Hata veriyor. Kutlarım sizi"
131887;;"2022-06-18 12:56:30";"She did it"
131888;;"2022-06-15 11:33:18";چیکارکردم
131889;;"2022-06-12 14:42:13";"It's very easy to use. And you can buy easily whatever you want. Chatting is very nice by the way"
131890;;"2022-06-12 13:27:09";"good app"
131891;;"2022-06-10 09:43:20";Bayıldım
131892;;"2022-06-08 21:49:08";"Too many distractions with ads."
131893;;"2022-06-08 05:38:34";❤️❤️❤️❤️
131894;;"2022-06-06 15:30:08";"1 yıldız vermemin sebebi müşteri hizmetleri fark etsin diye. Sıkıntım uygulamada manual olarak dil değiştirme seçeneği yok. Sadece telefonda değiştirirsen ancak oluyor, halbuki hiç pratik değil. Bu problem hal olunca 1 yıldızı 5 yıldıza değiştirim)"
131895;;"2022-06-05 08:46:11";"Yapacağınız işin. Uygulamaya girilmiyor. Mail ile uygulamaya gir diyorum mail gönderiyor. Maile tıkladığım zaman ise uygulamada değil browserda hesabı açıyor. Uygulamaya bağlanmıyor."
131896;;"2022-06-03 16:16:17";Mersi
131897;;"2022-06-03 14:06:58";"Para anında hesabında arabanı sat diyip her gün bildirim gönderen siz bir yıldızı hakettiniz. Arabamız var mı satacak diye sordunuz mu ? Hayır para kazanıyorsun ya reklam yap durmadan dahada kullanmam sizin gibi her gün aynı bildirimi atıp gıcık eden uygulamayı."
131898;;"2022-05-30 21:42:08";"Never bot anything or sold"
131899;;"2022-05-29 17:13:29";"please destroy old adverts when searhing. its slowing down!"
131900;;"2022-05-28 18:53:47";"Worked great and sold things"
131901;;"2022-05-28 00:42:29";"I miss this app!!!"
131902;;"2022-05-27 15:29:09";"Good for sale"
131903;;"2022-05-26 15:29:12";"Just startee using this app. I wilo come back and update my review"
131904;;"2022-05-23 12:29:14";"Xiaomi redmi note 9 telefonunda çalışmıyor. Uygulamayi açtıktan 2 saniye sonra kapanıyor kendi kendine. Depolama alanım var, telefonda hiçbir sıkıntı yok."
131905;;"2022-05-23 04:02:37";N/A
131906;;"2022-05-19 13:44:22";"Oto reklamları gelip duruyor, aracı olmayan için sadece düzenli sıkıntı kaynağı. Her gün hatırlatıyor. Lütfen buna çözüm bulun. Yoksa tek yıldızla devam. Ayrıca program çok hantllaştı bilginiz olsun."
131907;;"2022-05-17 20:49:16";"Keeps freezing and even when it works it takes several minutes to open an item."
131908;;"2022-05-17 17:58:19";"Angry at app I tried to post what I'm selling and it kept say error can't post and try again I did click like 50 times I fed up!"
131909;;"2022-05-17 07:21:47";"Brand new account from brand new phone is banned for some reason. Also app crashes every 2 minutes"
131910;;"2022-05-17 03:27:19";"I found some posts were frauds but the rest of the sellers were wonderful⁹⁸⁸"
131911;;"2022-05-16 14:37:34";"Çok iyi"
131912;;"2022-05-11 16:53:00";"güzel uygulama"
131913;;"2022-05-11 09:51:38";"Paid posts👇👎👎"
131914;;"2022-05-10 14:39:28";"I can't even open my account. It sends a link to my email, i can only use my account in website."
131915;;"2022-05-09 19:06:36";"Very good..."
131916;;"2022-05-09 09:29:28";Good
131917;;"2022-05-09 06:18:18";"Harika bir uygulama"
131918;;"2022-05-08 10:46:47";"Nice app"
131919;;"2022-05-07 17:02:41";"İyi işte"
131920;;"2022-05-07 15:28:55";"Never works. Over the years i never could use it without a problem there is always this ""connection problem try again later"" dude i have been trying for years enough already fix it i changed phones and stuff"
131921;;"2022-05-07 11:45:51";"awful. We cant even login through the so-called 'magic link'"
131922;;"2022-05-07 08:45:26";"When I try to open LetGo it tells me to download OfferUp. When I open OfferUp I get a prompt saying they don't serve areas outside of the US. Thanks for breaking both apps! I keep getting notifications on how the price went down only to see the price went up. People make a discount and change the price back up immediately. Maybe fix it?"
131923;;"2022-05-06 15:21:15";"Bot dolu uygulama"
131924;;"2022-05-05 21:40:10";Good
131925;;"2022-05-04 01:53:15";Good
131926;;"2022-05-03 16:09:06";"Kept saying error retry"
131927;;"2022-04-29 08:15:28";"Good and easy"
131928;;"2022-04-27 12:38:15";"No need any commissions like other application"
131929;;"2022-04-26 14:45:08";"Very good and useful"
131930;;"2022-04-26 12:17:22";"Amazing app"
131931;;"2022-04-25 23:02:38";"Taken down"
131932;;"2022-04-25 19:25:52";Ok
131933;;"2022-04-24 11:58:10";Useful
131934;;"2022-04-24 02:11:30";"Started off as a useful app. Converted quickly into a typical trashy app. Haven't used this in years. No intentions of going back"
131935;;"2022-04-23 10:01:14";"Didn't really use."
131936;;"2022-04-22 01:39:18";"3 yıldız neden verdiğimi açıklayayım. Arama kısmına örneğin MSİ LAPTOP yazıyorum msi haricinde bütün marka modeller çıkıyor çok saçma bir sistem acilen daha detaylı filtre yapabileceğimiz bir sistemin gelmesi gerekiyor."
131937;;"2022-04-20 08:31:56";Good
169479;;"2020-03-05 15:59:32";"Seems to work as a selling platform, but the notifications are incredibly annoying."
169239;;"2020-03-08 07:07:28";"I have really good success on this app onlyyes"
169001;;"2020-03-10 21:05:29";"Nice app love it"
168765;;"2020-03-13 19:36:39";"Yes its a good app to sell with"
168531;;"2020-03-16 15:30:59";"Very useful and easy to use. I can get rid of things I don't need and still make money off of it!"
168452;;"2020-03-17 14:50:16";"I have been using the app for over 2 years. Check here first before I purchase retail (electronics, children's clothes, furniture). Only have had one not so bad experience."
168221;;"2020-03-20 16:32:28";"Keeps saying error occured i cant search for anything"
166457;;"2020-03-24 04:05:37";"Love it!"
166231;;"2020-03-26 16:35:03";"Love it"
166156;;"2020-03-27 14:00:10";"Been trying this app for a couple of months so far the only screen I get says 'oops, try again'. Uninstalling for final time!"
165933;;"2020-03-29 20:52:06";"Pretty good app. Ads in the middle of Everything can be a little annoying and contextual search is limited, but the ability to browse via pics is cool and swiping right allows you to automatically browse for similar items- which is really nice."
165713;;"2020-04-01 16:51:43";"I search for old xbox and gamecube and it show ps4 and xbox one"
165641;;"2020-04-02 15:11:00";"Nice app"
165424;;"2020-04-05 01:16:10";"Its a great app. It just gets annoying when people message they are interested & it doesn't go any furthur than that. I haven't sold anything in months but not the apps fault."
165209;;"2020-04-07 18:07:44";"I buy and sell quality dealing only with nice people and most are kind, honest"
165140;;"2020-04-08 15:46:57";"Alot of no shows, no response for items listed. Things not marked as sold, that are in fact sold"
163393;;"2020-04-11 12:49:08";Excellent
165145;;"2020-04-08 13:08:24";"Decent app, makes finding things for sale in the local area easy."
163117;;"2020-04-14 19:23:27";"great app!!! love buy and sell items easy to handle!!"
162911;;"2020-04-16 21:24:40";"Most of stuff partially wrk n sometimes overpriced😒"
162845;;"2020-04-17 14:49:15";"Love it love 😊😊😊😊😊😊😊😊😁"
162642;;"2020-04-19 06:06:00";"Nice and easy to use"
162577;;"2020-04-19 17:26:29";"Doesn't work at all. Updated, Uninstaller, reloaded. Nothing but errors trying to log in. Also errors if I try to create a new account"
162377;;"2020-04-21 02:19:25";"Great stuff! 1 man's treasure is another man's trash....LOL"
162313;;"2020-04-21 18:08:21";"Love how I can scroll through the listings and not constantly have to back out. As well it is such a benefit that the pricing shows on each ad."
162116;;"2020-04-23 14:27:34";"Easy to use and alot of great deals"
162053;;"2020-04-24 00:47:57";"Found exactly what I needed in a pinch when stores were closed"
161860;;"2020-04-25 16:17:17";"Too many scammers and allows business to trick you into buying services in the free section. If I could give it 0 stars I would."
161799;;"2020-04-26 03:26:47";"It helps me get the deals and products I need efficiently..."
161609;;"2020-04-28 00:30:10";Good
161549;;"2020-04-28 16:25:04";"I like letgo but the app isn't showing the cities and there is one person that has multiple accounts"
161362;;"2020-04-30 03:56:02";"Really easy to use if you have limited phone savy like myself."
161303;;"2020-04-30 18:10:03";"Fast and Easy"
161119;;"2020-05-02 04:45:25";"I've been using the app for a while now. Its finally starting to show issues. I cant search or load any other pages without a popup at the bottom saying oops an error has occured. I cant even load messages. This had happened at a bad time as I was trying to make a deal with someone. Overall good if this issue is fixed. Edit. They fixed the issue. Thank you guys. Now I have one of my dream dirtbikes! 5 stars"
161061;;"2020-05-02 18:01:13";"Its a cool app,easy to post your stuff on,haven't tried buying anything but im sure it would be easy as well"
165154;;"2020-04-08 09:37:42";"Great app for shopping and buying items"
160823;;"2020-05-04 20:12:15";Satisfied
160827;;"2020-05-04 20:03:20";Nice
160589;;"2020-05-06 23:23:14";"App is filled with Phishing posts and the only bidders I have gotten have all been either phishing for my info to try hacking my electronics on sale or have tried to undercut me on fixed prices."
157533;;"2020-05-07 12:58:14";"So far so good.... I'm new here."
157477;;"2020-05-07 23:29:01";"easy to use"
162388;;"2020-04-21 01:32:56";"This garbage literally makes my phone crash."
157249;;"2020-05-09 22:55:30";"Love it"
157193;;"2020-05-10 13:22:20";"my favorite app always easy to know how post and sell stuff! thanks letgo perfect name lol kim"
157023;;"2020-05-11 22:18:34";"I would rate higher but I can't even view anyone's additional pictures without it trying to get me to ask if it's still available."
156968;;"2020-05-12 09:51:10";"When I place an add. We can not tell if it is really out there. When I see my add it does not give me the option to respond such as is it still available or is the price negotiable. So if I can't see it can any one else. Or is it because it is my add."
161312;;"2020-04-30 17:31:35";"Cool app"
156746;;"2020-05-14 02:28:51";"Great app, lots of great tresures"
156691;;"2020-05-14 13:43:28";"Overall I think its a pretty great app. It shows things in your area that you may need and saves you money. Whats not to like?"
165646;;"2020-04-02 11:13:04";"Very good"
156473;;"2020-05-16 06:47:43";"Terrible customer service. I sent plenty of messages to letgo regarding their flagging of my account. It's been two months now... It's ridiculous. I have no idea why my account was flagged. I've never had a bad purchase or sale, so I have no clue as to why my account was flagged... Whatever... I'll stick to OfferUp. The people seem less rude, more easy going, understanding, and flexible. Letgo has more flakey people, with rude behavior and vulgar language..."
156418;;"2020-05-16 17:25:35";"So far so good"
169511;;"2020-03-05 03:09:50";"Makes selling and buying easy !"
156203;;"2020-05-18 09:34:32";"Stop my account with give me any reson for that"
156697;;"2020-05-14 12:43:13";Good
154461;;"2020-05-20 13:21:14";"I really like this app but I can no longer browse as easily as before. when you click on a picture itll show you more info but to view more things I cant swipe up or to the side. i have to go back where all the pictures are. and i really dont like that. I'm not sure if its something i did or something that changed within the app. other than that great app!"
154409;;"2020-05-20 23:05:54";Great
156753;;"2020-05-14 01:20:23";"Too bad letgo doesn't have talented IT employees. Would be really nice if after viewing a BMW which sells. letgo would not tell me they have similar cars for my review. Then they show me pick up trucks, Kia Rios. and others that are not even remotely similar to the BMW I was following. For that reason I never check the notifications they suggest. Also sometimes I look at something trying to determine what it is. Just because I look at something doesn't mean I want it."
154205;;"2020-05-22 17:32:17";Good
154154;;"2020-05-23 05:10:40";Awsome
166483;;"2020-03-23 20:24:28";Great
169034;;"2020-03-10 14:21:43";Sweet
153905;;"2020-05-25 15:36:56";"I've successfully bought on this app, I like it because of the interaction with the seller"
153909;;"2020-05-25 14:28:30";"Bad. No web client."
165668;;"2020-04-02 01:53:47";"Love letgo"
153659;;"2020-05-27 22:36:51";"ALWAYS GREAT!!!"
153609;;"2020-05-28 08:44:14";"Great job to all"
161878;;"2020-04-25 14:14:42";"Great App for buying and selling. Very trustable experiences I've had. The application needs to do a better job on weeding out companies and stores that are trying to market their businesses here."
153419;;"2020-05-29 22:18:15";Awesome
153370;;"2020-05-30 12:57:59";خزحز
156702;;"2020-05-14 11:21:07";"Very easy to post and to browse"
169517;;"2020-03-05 01:53:09";Good
153137;;"2020-06-01 16:08:25";Okay
153089;;"2020-06-01 22:17:53";"Love it"
161819;;"2020-04-25 22:22:37";"Because, I Give an Exact discription of what im looking for, and get COUNTLESS notifcations that have the simaler titles. If im looking for something on 2 wheels, why would I be intrested in a car, or a computer system?"
152910;;"2020-06-03 15:14:50";Heat
152863;;"2020-06-03 23:49:15";"Never any hassle"
153913;;"2020-05-25 13:40:00";"I love it. I got everything I asked for and the best price range"
163420;;"2020-04-11 03:36:25";"Best site ever."
152643;;"2020-06-06 05:26:36";"Great job"
152597;;"2020-06-06 18:41:45";"Great app"
154368;;"2020-05-21 08:56:03";"It works"
165673;;"2020-04-02 01:23:08";"Lit af deadass"
152384;;"2020-06-08 21:04:52";"So much stuff _-Got to Love It !!!"
152339;;"2020-06-09 08:16:27";"Has been good this far"
154114;;"2020-05-23 16:40:21";"So far traids have gone well, and 98% of the people have been very pleasant."
163422;;"2020-04-11 02:37:39";"There's the Good, The GR8!!, THE BAD!! and the ugly Fugly. Dont forget to check your money, their money, and if it even works. Still meet some super cool people on here😎👍👍😎🤟😉💋."
152133;;"2020-06-11 03:25:05";"love it great app to sell ur item's 😁"
152089;;"2020-06-11 15:17:56";Great
166187;;"2020-03-27 01:14:19";"Ppl do actually respond."
161823;;"2020-04-25 21:46:19";"Great experience"
151890;;"2020-06-13 00:36:07";"They're biased and never listen to your concerns. If your account is flagged by fake users, they just cancel your account without any heads up or an investigation to clear your name. Do not recommend this app. OfferUp is a better option. Uodate: I did contact you and you provided nothing! You just canceled my account saying it was flagged without even given me the chance to understand how, why and who flagged it. Pathetic app and customer service."
151847;;"2020-06-13 12:39:04";"Always quick and easy"
169489;;"2020-03-05 12:36:29";"I think that the app does not have a very important feature: After I wrote a message for advert, I continue to search, then if I found the same advert I could not go to chat directly. I must write a new message for that advert but I already wrote it. I can go to chat in chat menu after I search the same advert via searching seller name but this step is very tedious. You (developers) can add a feature to go chat directly in advert page."
156708;;"2020-05-14 10:33:57";"This app used to great. It has recently been showing items for sale that are very far away. Even after I set my max location milage, still showing items in other states. Thought maybe I needed to update the app in the play store....nope. Super aggravating and a waste of time if I cant even set my location in the app to search for stuff. Am I missing something ...maybe I'll uninstall and re install...."
168260;;"2020-03-20 00:08:05";"Ive had this app before and its one of the best out there!!"
151613;;"2020-06-15 17:26:14";Addicting!!
151571;;"2020-06-15 23:44:34";Great
150029;;"2020-06-16 10:51:22";"I love this app ..."
165890;;"2020-03-30 11:28:59";Good
161574;;"2020-04-28 08:27:40";"Gift it"
149846;;"2020-06-17 23:15:01";"Wish there was a way to weed out the scams & fake accounts!"
149805;;"2020-06-18 13:42:09";"I Love this app I have bought So Many things form using this app I had offer up but I don't care for it people don't respond back so I uninstalled that app and kept letgo . I would give letgo 20 Stars if could but it only go up to 5 stars . Thanks"
149764;;"2020-06-18 21:23:54";"Too many adds and too many non-related items intermingled with related."
153432;;"2020-05-29 20:33:55";"I have not been able to use this app for months. The home screen does not load and I always get an error when trying to search for anything."
161826;;"2020-04-25 21:25:47";"people need to understand that you can ask the full price or even twice as much or more it needs to be capped some way for people to understand that this is basically a garage sale page and not a let's make as much money as possible page you're trying to get rid of it quick not let it sit there forever"
149589;;"2020-06-20 17:22:47";"It's a more then Decent place to shop."
149549;;"2020-06-21 00:40:24";"Denied access and wont tell me why or stop emailing me."
149509;;"2020-06-21 11:20:43";Love
152922;;"2020-06-03 12:41:00";"Good deal eveytime"
160847;;"2020-05-04 16:42:32";Great
149342;;"2020-06-23 02:55:59";"Price should be seen in pic before having to open every single post to view price. Sellers should have to cancel sold items as soon as sold also needs time frame to delete unsold items after 60 days, i have seen 5 year old items still for sale but never an answer to questions."
149303;;"2020-06-23 16:11:55";"I always find good deals on letgo!"
149264;;"2020-06-23 21:54:56";"Good so far"
151856;;"2020-06-13 10:47:14";"Enjoy buying and selling through this app. Like that you can find most items locally and can usually sell locally, too!"
156169;;"2020-05-18 16:28:04";"It's okay"
168777;;"2020-03-13 16:45:45";"In 1 minute I found what I was looking for, easy to use and fast no fake"
149067;;"2020-06-25 19:03:09";"Easy to use"
149029;;"2020-06-26 01:53:46";"Lots of choices. Sellers need to give more details sometimes"
148992;;"2020-06-26 13:57:52";"Good app and always seem to meet nice people"
152351;;"2020-06-09 04:28:19";"Not bad"
156713;;"2020-05-14 07:38:19";"People replay fast"
165681;;"2020-04-02 00:05:17";"I love the deals"
148809;;"2020-06-28 06:32:40";"It good"
148773;;"2020-06-28 14:52:35";"So so. Prices to post are rediculous"
148737;;"2020-06-28 20:19:35";"Keep it going god blees"
151858;;"2020-06-13 08:57:56";"Thay had just what i was looking for.."
154377;;"2020-05-21 05:34:58";"So good you can sell fast stuff"
162611;;"2020-04-19 13:11:56";"So far it's been great didn't have alot of luck selling but I'm sure I will. It's been great for finding what I need or want and everyone has been very nice i would definitely recommend trying letgo"
148564;;"2020-06-30 10:47:56";Awsome
147029;;"2020-06-30 17:52:01";Cool
146994;;"2020-07-01 00:35:13";"First time using this"
146959;;"2020-07-01 08:35:14";"Does that hold enough vintage stereo receiver equipment vintage stereo system speakersthis is a poor example of non expanding your equipment merchandise 1 star rating.here 🤫🤫🤐😬🥺😦😨😖😩😒😟🙄🙄😫😫"
162138;;"2020-04-23 06:53:11";"used to work now just keep getting msg error, really dissapointed"
152612;;"2020-06-06 15:43:04";"Terrible customer service. They state a 24 response time but after 3 days i had to resend my request before they got back to me. When they got back to me they didnt solve my issue and just cited their policy."
156938;;"2020-05-12 16:15:45";Great
165683;;"2020-04-01 23:37:24";"It's Been The Best Experience To Advertise, To Find The Best Local Deals On Almost Everything."
146763;;"2020-07-03 11:35:07";Ok
146729;;"2020-07-03 19:24:50";"Easy to work"
146695;;"2020-07-04 01:52:01";"Very good 👍"
160788;;"2020-05-05 01:15:35";"Love it best way to sell ur stuff"
153144;;"2020-06-01 13:55:38";"Had one bad experience."
156716;;"2020-05-14 06:28:17";"Excellent .."
165180;;"2020-04-08 00:53:44";"Very well organized, excellent selection of merchandise and I've never had a problem with any sales were purchases!! I would highly recommend it over OfferUp or even Facebook"
146511;;"2020-07-06 01:22:30";"Pretty chill"
146478;;"2020-07-06 15:46:54";"Except for the person that tried to get us to take a lower price on an item, and we refused, then left and didn't tell us he wanted the item, then called the next day and wanted to buy it..it was already sold..so he gave us a bad review...this site is great."
146445;;"2020-07-06 22:24:46";"Have used letgo a few times. Like it better than Craigslist."
168238;;"2020-03-20 11:20:17";Great
151626;;"2020-06-15 14:57:27";"App keeps sending suggestions from all over the country instead of my local area, default distance keeps reverting back to maximum distance instead of 30 miles... I DO NOT RECOMMEND THIS APP!!!!"
165656;;"2020-04-02 06:28:02";"Historically, I would have consulted Craigslist to buy various items I needed. However, letgo is a lot easier to use, it has buyer and seller ratings to keep everyone honest. I do recommend you give it a shot."
161335;;"2020-04-30 13:33:46";"It's been enjoyable."
169533;;"2020-03-04 22:22:48";"No bugs found, after using this app for basically 2 years across at least five or six phones, from extremely cheap hardware up to the Galaxy Note-9. No bugs and easier than Craigslist."
146241;;"2020-07-08 20:11:18";"It's a good way to buy trade or sell I would recommend it to any of my friends. Thanks to the creators and producers, y'all are great."
146209;;"2020-07-09 02:22:34";Okay
146177;;"2020-07-09 14:57:58";"Stepper/climber sold thank you ."
148746;;"2020-06-28 18:55:06";"Used to be good but now every time I click on an item to see it's description a pre written messaging option comes on top, there's no way of getting rid of it and prevents me from seeing other pictures, scrolling on the item description or anything! Worst experience."
153917;;"2020-05-25 13:15:43";👍
153877;;"2020-05-25 20:13:33";"Awesome this app is for the people they really helped my hustle as a barber to provide for my family"
132096;;"2021-12-04 17:02:01";"I know times are hard and let go was bought out by OfferUp. I've had a little bit of time to mess with macari OfferUp let it go social 5 and Facebook marketplace. As much as I hate meta marketplace they seem to be doing better than all of the other programs only problem is is if you have a minimal social network you're not going to reach that many people. OfferUp offers you quite a lot of exposure but does nothing to support or protect the seller from any bamboozling. Even PayPal's does that."
132097;;"2021-12-03 22:00:56";"Loved it lots of items sold. Thenoffer up took over sold one item. Closed my account."
132098;;"2021-12-03 21:35:32";"Not helpful at all."
132099;;"2021-12-02 15:38:25";"Need to let go of this app"
132100;;"2021-12-02 12:52:21";"I love this app ez to sell myself to locals"
132101;;"2021-12-01 17:15:31";"Did not have good experience. Would not use again."
132102;;"2021-12-01 12:19:36";"great app!"
132103;;"2021-11-30 01:12:21";"Completely misleading. Once you download and open it, it just redirects you to OfferUp."
132104;;"2021-11-30 00:01:36";"I didn't see it since changing phones"
132105;;"2021-11-29 11:56:15";Awesome
132106;;"2021-11-28 21:39:32";"Hem paramı alıp hem ilanını yayında kaldırdılar ki Xbox unu satıyordum! Ilan silindi kaç kere.. birisi benimle uğraşıyor burada. Kaç şey yaşadım artık anlatmaya yoruldum."
132107;;"2021-11-28 16:32:20";"Does what what you need, sell or buy."
132108;;"2021-11-26 09:14:39";👍👍
132109;;"2021-11-25 08:00:59";"It was ok"
132110;;"2021-11-24 13:13:36";Superb
132111;;"2021-11-23 07:04:17";"Great app , easy to use."
132112;;"2021-11-22 21:58:29";#CardTries
132113;;"2021-11-21 17:53:49";Tertemiz
132114;;"2021-11-21 16:10:04";"Does this app not work anymore?"
132115;;"2021-11-21 08:22:33";"xioami telefon arıyorum sürekli iphone telefon çıkıyor. kaliteli arama yok. ""şu markaları gösterme"" diye bir özellik olmalı."
132116;;"2021-11-20 20:27:14";"I miss letgo it was so much better 😪 😔 😞"
132117;;"2021-11-20 12:09:17";"Helpful app"
132118;;"2021-11-20 11:08:40";good
132119;;"2021-11-20 07:32:50";"not working. test it before sending to production.."
132120;;"2021-11-19 22:05:58";"Highly disappointing. Keep crushing and Doesnt send messages for hours ."
132121;;"2021-11-19 19:45:47";"Mesajlaşma bölümü çalışmıyor!."
132122;;"2021-11-19 17:30:36";goof
132123;;"2021-11-19 08:18:51";"Mesaj kutusunu kullanamıyorum"
132124;;"2021-11-18 10:22:45";"Thanks a lot"
132125;;"2021-11-17 19:14:12";"It doesn't even working."
132126;;"2021-11-17 10:03:10";"Easy to use."
132127;;"2021-11-17 02:16:28";"Since merger with OfferUp it's been filled with too much nonsense and full of scams and scammers"
132128;;"2021-11-16 17:01:40";"Kind of sad that I could not download the letgo app because I've heard such great things especially when I remember seeing the commercials. This app redirects you to OfferUp which I have been hearing is taking over by robots 😒 super annoying."
132129;;"2021-11-13 19:00:22";"Not happy with the new app , too much time wasted looking through old no longer available offers. OfferUp needs updated offers for sale. Please clear it out."
132130;;"2021-11-11 14:23:16";"It has annoying daily notifications about some feature, second hand car sales marketplace they have. Almost everyday they send a notification about it."
132131;;"2021-11-11 11:16:18";"Very good"
132132;;"2021-11-11 10:01:06";"I like letgo. I dont buy anything but i like to see what there."
132133;;"2021-11-11 09:37:55";😊
132134;;"2021-11-10 20:20:42";"Letgo merged with offer up."
132135;;"2021-11-10 16:41:27";Good
132136;;"2021-11-09 01:14:43";"Let goes the best I hate that they merged with OfferUp it's b******* I can't find f****** pictures of things that I used to sell"
132137;;"2021-11-08 23:59:48";"Love it"
132138;;"2021-11-08 06:04:23";"Awful. NOT USER FRIENDLY. AN I DID NOT KNOW IF U WERE GOING TO GET IN TO ALL MY PHOTOS OR NOT!! I DO NOT ALLOW ACCESS...I SEND THE PHOTO THAT ...I...WANT."
132139;;"2021-11-07 19:04:27";"When it was just ""let it go"" it was an awesome awesome app, sold close to 50 items on it. It was so easy, now they sold out and its just like every other selling app, they just want you too buy there products. If you dont then you dont sell anything,"
132140;;"2021-11-07 08:15:41";goood
132141;;"2021-11-06 02:50:00";"Whatever they did it kinda sucks now it keeps telling me to download this and i do then it will tell me to download something else AND i DONT GET MY MESSAGES, I AM NOT GETTING ANY MESSAGES FOR DAYS IF I EVEN GET THE, MESSAGE BEFORE YTHEY WENT RIGHT THRU"
132142;;"2021-11-02 19:36:04";"Great app that does exactly as the description state. Free, easy to use, and reliable."
132143;;"2021-11-02 04:25:36";"Great app"
132144;;"2021-10-30 02:14:48";"Awful now"
132145;;"2021-10-28 14:58:46";"App is slow and unfriendly for users. After searching some stuff, if you do something with your phone, then you could not back your searching page. App refreshes and open like a new opening. So you have to do the same research and go deeper again and again. Secondly, it has a notification problem. You always have to check for messages manually. I participate other users, it is a garbage."
132146;;"2021-10-27 06:36:56";"İ like use it.."
132147;;"2021-10-26 03:06:30";"Excellent app"
132148;;"2021-10-25 17:53:51";"I got a great deal"
132149;;"2021-10-25 14:16:10";"I loved this app when it was by itself, I hate that it combined with OfferUp!!! You can not look at just the area your in now it brings up from all over the US even if you pick just a 100 miles from you."
132150;;"2021-10-24 19:06:15";"Nice app for entrepreneurs in turkey but the sellers don't have numbers in the app. As in numbers for customers to contact the sellers."
132151;;"2021-10-24 11:26:32";"Acilen dark modun gelmesi ve mümkünse aramada filtreledigim ürünü görsem keşke. Araba yazıyorum dua kitapları falan çıkıyor..."
132152;;"2021-10-23 16:04:03";"amine koyim babam bilgisayarimi satti"
132153;;"2021-10-23 04:36:05";"Sizin yapacağınız arama motorunun içine edeyim. Sitede ""Xiaomi note 5 32gb"" diye arama yapıyorum, aradığım şey hariç bütün ilanlar çıkıyor"
132154;;"2021-10-21 20:17:00";"No longer an app, just tells you to download offerup instead"
132155;;"2021-10-21 18:32:50";"Used to be a great site! Since merging with OfferUp, I have seen numerous scam sellers listing items to steal your money. Tried several times to report the seller only to have ""issues"" with the function. Sad that a good tool like LetGo had to be bought out and abused by greedy profiteers."
132156;;"2021-10-21 02:03:18";"Worst choice letgo made by teaming up with offer up"
132157;;"2021-10-20 05:20:01";"Dead. Horrible"
132158;;"2021-10-19 11:46:01";Good
132159;;"2021-10-18 17:58:11";harika
132160;;"2021-10-17 16:43:40";"Ok, you just removed my listing for it does not exactly comply with rules, but why destroy it completely? why do i have to type all that text from scratch?"
132161;;"2021-10-15 17:10:53";"Best 👍"
132162;;"2021-10-12 13:00:04";"This app is no longer available. They've MERGED with OfferUp"
132163;;"2021-10-12 11:59:19";"Very good app"
132164;;"2021-10-11 11:43:00";"Hesap silmek için bir sürü prosedür istiyor yetmezmiş gibi kaç gündür silmiyor da. Bu aç gözlü piçlere 1 yıldız çok bile"
132165;;"2021-10-08 17:20:17";"Remove this app... it doesn't work"
132166;;"2021-10-07 03:15:24";",xxj,😄😆😘 😚😚,g🙂😙zzm,aa`||a ©`¢%©>%€"
132167;;"2021-10-07 00:33:49";"Please don't tell anyone because then someone will get our discounts."
132168;;"2021-10-06 13:09:39";"No longer exists"
132169;;"2021-10-03 09:44:56";"Very good"
132170;;"2021-10-03 08:48:58";Good
132171;;"2021-10-03 00:01:31";"Really like this one ,but it can take time to get responding with others. Overall good."
132172;;"2021-10-02 19:34:02";Good
132173;;"2021-10-02 16:12:45";"Let go is very reliable to get your old junk or treasure out the door and putting cash in your pocket"
132174;;"2021-10-02 11:36:31";"Tevsiye ediyorum"
132175;;"2021-10-01 16:15:31";Good
132176;;"2021-09-29 11:07:40";Mükemmel
132177;;"2021-09-28 19:57:42";"Do not use app"
132178;;"2021-09-27 22:23:35";"Used to be great now.. not so much."
132179;;"2021-09-27 15:36:05";Great
132180;;"2021-09-26 20:43:39";"On numara link ekleyebilse on numara"
132181;;"2021-09-26 18:02:10";Great!
132182;;"2021-09-26 07:10:22";"Very useful"
132183;;"2021-09-25 11:56:50";"I wouldn't recommend anyone download it. I'm not someone who gives bad reviews not even to apps that suck. This one though.... I couldn't give it a rating it deserved because a negative star isn't a option. Everything is a scam or fake. I'll stick with eBay and amazon. I just wanted to try something new but it was a short test drive. DO NOT WASTE YOUR TIME HERE"
132184;;"2021-09-25 10:11:00";"had to unistall reinstall and still dose not work"
132185;;"2021-09-24 23:54:13";"Yeni dizayn güzel olmuş, fiyatları göstermeniz büyük kolaylık oluyor, teşekkürler"
132186;;"2021-09-24 22:25:23";"Heavy a little"
132187;;"2021-09-24 21:16:43";"Not the best site to sale or buy."
132188;;"2021-09-24 17:06:37";"I loved this app until they joined OfferUp! This totally sucks now. Go back to Your own platform pleeeaassse?!!!"
132189;;"2021-09-23 02:05:46";Ok
132190;;"2021-09-22 18:11:42";"Try out Mercari way better prices user friendly and no scam artist."
132191;;"2021-09-22 00:59:58";"Miss you"
132192;;"2021-09-21 22:45:54";"Great sales please becareful and use sanitizer"
132193;;"2021-09-21 07:05:38";"Tel no paylasmak yasak olmasin"
169478;;"2020-03-05 16:02:16";Lovem
169238;;"2020-03-08 07:27:05";"Horrible app...too many ads...customer service sucks...will deactivate account with no explanation from these whiney minimum wage workers."
169000;;"2020-03-10 21:19:48";"Awesome Tool (quick, easy, and Sellers and Buyers vetted well enough to be efficient)."
168764;;"2020-03-13 19:51:12";"Really good site I've made alot of good deals in a few different states."
168530;;"2020-03-16 15:59:22";"Making a little money while occupying spare time. Great app"
168451;;"2020-03-17 14:58:08";"Great app"
168220;;"2020-03-20 16:42:36";"Great place to buy n sell n find unique items"
166456;;"2020-03-24 04:34:26";"Way too complex OfferUp is way easier"
166230;;"2020-03-26 16:53:33";Money
166155;;"2020-03-27 14:10:05";"Hi there how are you? This is a great way to sell your stuff....for free."
165932;;"2020-03-29 21:18:03";"Great movement quick and precise with people"
165712;;"2020-04-01 17:01:23";Ok
165640;;"2020-04-02 15:12:54";"Love it"
165423;;"2020-04-05 02:05:25";"Great app. It's been helpful and beneficial this far."
165208;;"2020-04-07 18:13:01";"They are excellent"
165139;;"2020-04-08 15:56:31";"Very nice buying site"
163392;;"2020-04-11 13:20:02";"Good so far"
165214;;"2020-04-07 16:54:11";"Always have good success with this app"
163116;;"2020-04-14 19:32:54";"Are you sure could look"
162910;;"2020-04-16 21:32:05";"Its alright"
162844;;"2020-04-17 15:09:35";"Great app but they allow alot of scam"
162641;;"2020-04-19 06:12:36";Good
162576;;"2020-04-19 17:29:08";"The app has become useless the Error loading messages won't allow listings to show up"
162376;;"2020-04-21 02:37:46";Nice
162312;;"2020-04-21 18:30:59";"Easy and good to find things you need"
162115;;"2020-04-23 14:29:50";"Having problems loading new listings and current listings keeps giving me an error to try again and I keep getting the error I even uninstalled it and reinstalled it still get the same error. Ughhh just uninstalled it permanently."
162052;;"2020-04-24 00:51:20";"Terrible search function. Was looking for a wacom and it shows me stuff that has not even anything to do with it. I just wanna see what i typed none of that extra ""similar items"" bs. Uninstalled after 5 minutes of using it. Going back to cl."
161859;;"2020-04-25 16:27:15";"I like how easy it is to use I like how easy it is to use"
161798;;"2020-04-26 03:41:47";"No price shown in results and no way to see it unless you click on every single post! That's intentional so they can generate traffic! Stick with Facebook and OfferUp! Too many scammers here who are allowed to use the app without veryfiyng their emails. Amateurs..."
161608;;"2020-04-28 00:34:12";"I like the app but everytime I go on it and tap an item to look at it just shows me the options to message the seller. I just want to see the item and description but I can't get around the message pop up"
161548;;"2020-04-28 16:30:43";"Works great"
161361;;"2020-04-30 05:11:23";"Ive had nothing but great experiences lots of useful stuff"
161302;;"2020-04-30 18:31:04";"So far so good👍"
161118;;"2020-05-02 04:49:51";"I liiikkkeee itt"
161060;;"2020-05-02 18:08:36";"Love it!"
168230;;"2020-03-20 13:35:45";"I have had a great experience with this forum so far🙂"
160822;;"2020-05-04 20:13:24";"Love it"
166166;;"2020-03-27 10:04:08";"Horrible app. Won't let me post my Sea-Doo. Says it doesn't fit community standards. What the hell does that mean. How stupid."
160588;;"2020-05-06 23:35:55";"Very helpful I find everything that I look for and great $$$$"
157532;;"2020-05-07 12:58:45";Good
157476;;"2020-05-07 23:42:02";"Love it"
162589;;"2020-04-19 15:58:46";"Been about 2 days i get "" Error while loading new listings "" please look into it."
157248;;"2020-05-09 23:04:07";"Pictures are uploaded backwards. I select the main picture first, but the app puts the first main picture at the end. I have to edit the listing and re-order the pictures. This is absolutely terrible and frustrating. I stopped using letgo and started using offerup until this glitch is resolved."
157192;;"2020-05-10 13:30:20";"Easy to use with varieties to see , buy n sell. A robust market place"
157022;;"2020-05-11 22:22:58";"Great Wonderful and direct"
156967;;"2020-05-12 10:07:21";"They delete fake ads or people trying to waste your time.."
161371;;"2020-04-30 02:16:13";"This site is absolutely awesome to buy and sell stuff. I really do love this site."
156745;;"2020-05-14 02:33:01";"Changing the app from sports collectables, to sports and outdoors was not a good one..just need a sports collectables app only..and putting it under ""other"" is not good either..please put it back to the old way..thanks"
156690;;"2020-05-14 14:02:20";"This app is great . It helps me find what im looking for and in my own town ! Awsoooome!!!!!"
165445;;"2020-04-04 21:13:56";"Seems good"
156472;;"2020-05-16 07:12:27";"Very nice."
156417;;"2020-05-16 18:03:24";"Easy to use"
156256;;"2020-05-17 22:20:21";"Letgo has bad. Sending and receiving...it diverts the QUESTION and ANSWERS TO MIXED UP LAND"
156202;;"2020-05-18 10:08:33";"Love it"
156752;;"2020-05-14 01:25:03";"I got robbed and when I reported it to letgo all they did was take down that person's profile.... I've had nothing but bad experiences with letgo and not one bad thing with OfferUp!"
154460;;"2020-05-20 13:26:25";"Tried it, did not like ketgo"
154408;;"2020-05-20 23:12:02";"Great place to buy and sell!😄"
169026;;"2020-03-10 16:15:20";"Awesome! Find great stuff for really cheap!!!"
154204;;"2020-05-22 17:37:29";Garbage
154153;;"2020-05-23 05:27:31";"This is a great app you can get anything you want here and it's cheap"
156426;;"2020-05-16 15:54:39";"I like the app but the search engine loads too much stuff you aren't looking for."
169273;;"2020-03-07 22:06:27";"Great appneed learn how 2 use though ou"
153904;;"2020-05-25 15:40:39";"UI is intuitive, I wish tho you can read more of the ad details prior to making an offer."
168251;;"2020-03-20 03:03:50";"Great system"
165888;;"2020-03-30 12:10:57";Excellent
153658;;"2020-05-27 23:06:40";"I will give more stars when you do something about the quick reply buttons.Move them or add a confirmation to send. You recieve and send way too many false interests.Im sure im not the only one that has this problem. This is easy to fix."
153608;;"2020-05-28 08:53:53";Love
162072;;"2020-04-23 21:20:51";"Great deal 👍😀"
153418;;"2020-05-29 22:20:48";"Hard to find. Drives battery power down."
153369;;"2020-05-30 12:59:58";"Other than the occasional miss on location when searching radius, this app serves my needs. As well as really try to keep you safe with all the scams out there. Letgo isn't perfect (still way too many fraud/frivolous account and offers) but if you deal with verified users and follow guidelines, you'll have a great experience. I have."
156757;;"2020-05-14 01:05:10";"Always had good luck on here."
153184;;"2020-06-01 02:42:30";Nice
153136;;"2020-06-01 16:18:07";"I love it"
153088;;"2020-06-01 22:22:39";Good
161880;;"2020-04-25 13:43:29";"Meh. Everytime I try to change listing location it crashes and deletes everything I put in. More listings than OfferUp but very inconsistent. Also can't see when prices are reduced on a item like other apps.map feature no longer works and causes instant crash. Have uninstalled and signed it and problems still occur."
152909;;"2020-06-03 15:21:34";"I can't give you a 5 star. Your categories leave out so much. You could list a bit more w home accessories to include vases crystal designer pieces etc. Just to name a few. When I post other because u don't have a spot for me you write n say do a specialized category..."
152862;;"2020-06-03 23:52:17";"Very pleased"
165960;;"2020-03-29 15:14:56";"Great app"
165168;;"2020-04-08 03:26:53";Great
152642;;"2020-06-06 05:42:08";"One of your sellers on this site gave a false ad and I feel she should not use your site to scam people out their hard earn money.i sent movers to pick up the 2 items one item was right but the other item was a fake ad and when I brought it nicely to her attention she refuse to give me my money back the lady and ad is still on your site. I gave her $90 for each item.I have never had a problem with your site before. Please get rid of this seller asap."
152596;;"2020-06-06 18:41:49";"Is there zero moderation here? I got a message about an item I was selling still being for sale. I was then asked if I could deliver the item. I messaged the person a couple more times, went and got a vehicle to use and they blocked me. One of the most stupid and rude things that has ever unnecessarily happened to me."
154420;;"2020-05-20 20:41:43";Cool
165893;;"2020-03-30 08:33:22";Sweet
152383;;"2020-06-08 21:11:48";Good
152338;;"2020-06-09 08:36:44";"Horrible, me account got banned for the second time for no reason whatever. This app sucks ass."
154165;;"2020-05-23 03:19:55";Good
165170;;"2020-04-08 03:02:20";"I love shopping on letgo👍"
152132;;"2020-06-11 03:25:26";"So far so good"
152088;;"2020-06-11 15:20:52";"Nice job"
168480;;"2020-03-17 02:14:43";"Put an item for sale and it sold immediately"
161884;;"2020-04-25 12:45:44";"Easy to use!"
151889;;"2020-06-13 00:47:23";"Your app is good. It's the participants, that's selling,their stuff, retail prices 🙄"
151846;;"2020-06-13 12:45:08";"Always worked best on selling my stuff"
152871;;"2020-06-03 22:41:35";"Fair easy to use"
156763;;"2020-05-13 23:44:05";Good
168492;;"2020-03-16 21:52:31";"I find everything that I need here"
151612;;"2020-06-15 17:55:25";"Durduk yere hesabım askıya alındı uzun zamandır da böyle. Gereksiz bir uygulama, sahibinden gibi alternatifleri tavsiye ederim."
151570;;"2020-06-15 23:44:50";good
150028;;"2020-06-16 11:28:17";"Some times this app gets my location wrong!!!"
154161;;"2020-05-23 03:46:56";"I'm not sure what happened. When I go into an item, I can't do anything except send a message. Image is faded out, can't click image to zoom in, or see additional photos even though they say ""1/x amount"". Please update ."
169260;;"2020-03-08 00:43:49";"Amazing app! Notifies me when an item I liked gets sold, & when something new is posted."
149845;;"2020-06-17 23:29:02";"I love this app"
149804;;"2020-06-18 14:07:13";"Uninstalled app! I'm not supporting the decision to donate to black lives matter or NAACP until the violence stops and burning and robbing and killing. This is not protest! It is domestic terrorism and I will not support it in anyway."
149763;;"2020-06-18 21:26:34";"Good prices lots of merchandise"
157490;;"2020-05-07 20:55:20";"Best app ever"
161887;;"2020-04-25 12:11:01";Great
149588;;"2020-06-20 17:27:52";Nice
149548;;"2020-06-21 00:42:22";"Great Deals and Sales"
149508;;"2020-06-21 11:21:43";Great
157492;;"2020-05-07 20:50:25";"I can receive messages but I can't answer them site went down and can't get it back up"
161028;;"2020-05-02 23:24:30";"Good..Except one time a girl sold me something stolen................"
149341;;"2020-06-23 03:43:01";"Probably bettr than craigs"
149302;;"2020-06-23 16:40:00";"Good And Easy To Use"
149263;;"2020-06-23 22:08:26";Great
151899;;"2020-06-12 22:34:47";"Best selling and buying app ever. Some if the stuff have good deals but most of them are outrageous"
156223;;"2020-05-18 03:17:32";"It just doesn't work. Its slow, messages don't load, lags constantly and considering it's sole purpose to buy and sell items it should be good at that. The Facebook market places is significantly better to browse on your phone than this. 2 stars"
165176;;"2020-04-08 02:07:36";"This app is a good way to sell stuff because you get scammed out of your money"
149066;;"2020-06-25 19:09:17";"Cool app"
149028;;"2020-06-26 02:27:33";"App not reliable - cancels listing"
148997;;"2020-06-26 13:07:44";"Wonderful app. Usually attracts honest people."
152396;;"2020-06-08 19:24:51";"I sell & buy Stuffs on LetGo. I Love the app"
156768;;"2020-05-13 22:14:07";"Some oven bad mostly good"
165901;;"2020-03-30 04:28:53";Poor
148808;;"2020-06-28 06:58:19";"I've sold so much stuff on Lego I love it ."
148772;;"2020-06-28 14:55:05";Good
148736;;"2020-06-28 20:29:48";"It's good"
151901;;"2020-06-12 22:12:37";"I recommend this app, really professional"
154429;;"2020-05-20 19:04:24";"Want to reprice listings, repost. Can I repost wAnt to do now. Let's do it please. Help me ."
169016;;"2020-03-10 17:24:27";"So far, all positive encounters. No fraud!!"
148563;;"2020-06-30 11:17:27";"Its my go to page when looking for anything"
147028;;"2020-06-30 18:13:05";"People who have ads don't reply"
146993;;"2020-07-01 01:02:24";"I love it I can always find something that I'm looking for and don't get pushed around from site to site"
146958;;"2020-07-01 09:14:49";"Easy to find what your looking for"
149272;;"2020-06-23 20:15:35";Güzel
152658;;"2020-06-06 02:04:17";"Haven't been able to use it. Signed up and an error loads. It says ""Oops! An error occured"" with no way to fix it."
156993;;"2020-05-12 03:24:32";Yupp
165903;;"2020-03-30 03:46:47";"Its a toss up...I am still waiting for it to download still....F.F.S.'s"
146762;;"2020-07-03 11:46:44";"Very useful."
146728;;"2020-07-03 19:49:19";"First time user"
146694;;"2020-07-04 02:35:52";"Very easy to use"
149273;;"2020-06-23 20:13:31";Neat
152613;;"2020-06-06 15:39:36";"Been Buying and selling on Letgo and have had the best experience"
169029;;"2020-03-10 15:57:02";"Great deals"
165395;;"2020-04-05 09:31:00";good
146510;;"2020-07-06 01:51:37";"My items sold within 2 days"
146477;;"2020-07-06 15:47:39";"Pretty Good place to shop"
146444;;"2020-07-06 22:39:39";Wow
161565;;"2020-04-28 12:15:52";"Easy and fast"
163080;;"2020-04-15 03:48:25";"Very easy to use instructions are easy to understand"
153876;;"2020-05-25 20:38:03";"Awesome & you still can't beat free"
163336;;"2020-04-12 03:26:44";"Letgo works for me 🖒"
146272;;"2020-07-08 15:19:55";Goodl
146240;;"2020-07-08 20:12:47";"Tried to sign up for an account with my email but it keeps saying I'm not connected to the internet (I am) I closed it out and it still does it. I dont feel comfortable signing up through Facebook so I guess I just won't use this app."
146208;;"2020-07-09 02:25:32";"I like it so far. Just tried it for the first time and sold something within 10 minutes 😁"
146176;;"2020-07-09 15:13:14";"It a great app ."
148782;;"2020-06-28 14:09:08";"Very helpful in both selling off things I dont need and buying what I need. Its a geat way to recycle things by giving away stuff intead of going to a landfill A+"
151819;;"2020-06-13 16:57:56";"I love it"
153927;;"2020-05-25 08:35:30";"Awesome 👍"
132352;;"2021-05-22 14:31:43";Good
132353;;"2021-05-20 14:28:00";"Very helpful app, i do recommend strongly"
132354;;"2021-05-20 06:21:01";"Great application"
132355;;"2021-05-20 05:02:30";Good
132356;;"2021-05-19 22:21:23";"I can buy things on the site"
132357;;"2021-05-19 22:20:45";"Dont work"
132358;;"2021-05-19 07:05:19";"Çok iyi"
132359;;"2021-05-15 23:19:33";"Greatest ever"
132360;;"2021-05-15 22:25:39";"Kinda a pain compared to similar apps and sights."
132361;;"2021-05-15 21:02:05";👍
132362;;"2021-05-15 18:49:50";عالیه
132363;;"2021-05-15 13:35:55";"wish I could give zero stars. Let go used to be good. I used to use it all the time offer up is beyond horrible. Don't even waste your time with OfferUp use marketplace."
132364;;"2021-05-14 20:30:41";"I think others would agree... You gotta bring back this app 😅"
132365;;"2021-05-14 14:45:07";"Ne kadar zor satılık ilanı yüklemek galerime erismek zor"
132366;;"2021-05-14 05:59:02";"İmpossible to login, link always lead u to browser...wasted 35 minutes... Sucky app, it was much better earlier"
132367;;"2021-05-13 17:24:37";"Changed to 1 star because after merging with offer up its terrible"
132368;;"2021-05-12 20:12:35";"Great job"
132369;;"2021-05-12 09:50:46";Good
132370;;"2021-05-12 03:39:24";"Thank u letgo family for block me"
132371;;"2021-05-11 11:25:19";"Can't use in Canada"
132372;;"2021-05-11 10:35:45";"Not working"
132373;;"2021-05-10 22:31:21";"It was much better before the merge with offerUp. Now it is just lame! And to hectic!!!"
132374;;"2021-05-10 21:52:35";Great
132375;;"2021-05-10 05:58:14";"I hate offer up. I miss let go"
132376;;"2021-05-09 22:31:06";Good
132377;;"2021-05-09 19:41:56";"Hello, I understand that letgo is no-longer.... And is now Offer Up? What happened to my items for sale? Do I now have to delete this app from my phone and sign up with a completely NEW account on Offer Up?"
132378;;"2021-05-09 16:52:16";"Please Bring back Letgo. Offer up in my eyes is horrible. Too many scammers on there. I really miss Letgo."
132379;;"2021-05-09 07:15:14";"Excellent experience"
132380;;"2021-05-08 14:32:02";"À zéro mais je n'aime $ww pas"
132381;;"2021-05-05 21:02:20";Ok
132382;;"2021-05-05 18:40:22";"Bery good"
132383;;"2021-05-05 16:44:42";"Very useful network"
132384;;"2021-05-04 20:05:53";"I love this app. Sell an buy stuff all the time"
132385;;"2021-05-03 17:41:53";B.s.
132386;;"2021-05-03 09:33:46";"Efficient enough"
132387;;"2021-05-03 00:01:47";"Bring it BACK!! I HATE OFFER UP"
132388;;"2021-05-02 05:21:27";"OK Buying & Selling App. Although there are many better ones in the Play Store"
132389;;"2021-05-01 11:32:35";Fantastıc..
132390;;"2021-05-01 00:40:07";"Good. Abb"
132391;;"2021-04-30 20:38:31";"Amina koyiyim bu orosbu appin"
132392;;"2021-04-30 01:35:58";"Reactivation needs to be paid from now on. Developers become greedy. Its time to delete app.."
132393;;"2021-04-29 22:34:23";Fantastic
132394;;"2021-04-29 10:32:28";"Too confusing and not organized. And honestly alot of seller are on shadyside"
132395;;"2021-04-29 01:59:36";"Poor why is this still advertised no longer letgo sold to offer up"
132396;;"2021-04-28 22:18:00";Amazing
132397;;"2021-04-28 20:52:44";"Letgo was soooooo much better than Offerup. It was more user friendly. Offerup sucks. Now Letgo sucks too. I will stick up with Marketplace."
132398;;"2021-04-28 17:36:01";Nice
132399;;"2021-04-28 17:01:35";"I used to really like this app, but then they went and merged with another and now I'm very unhappy and will not use them again."
132400;;"2021-04-27 06:32:29";"Bring this app back"
132401;;"2021-04-26 09:40:23";Superb
132402;;"2021-04-26 07:43:03";"It was the best app to sell used items untel they murged with offer up"
132403;;"2021-04-26 06:57:22";"I used a lot. My advice to system developers to give priority to verified users and listing advance to quick response time users."
132404;;"2021-04-26 00:50:23";Excellent
132405;;"2021-04-25 21:41:25";"I loved Letgo. Then they went and sold out to OfferUp. So sad 😭"
132406;;"2021-04-25 19:29:49";Trash
132407;;"2021-04-25 13:17:15";"Nice work"
132408;;"2021-04-25 08:44:36";"nice to have"
132409;;"2021-04-24 18:56:30";"Sell outs, just a bunch of resellers now"
132410;;"2021-04-24 15:26:13";"Just sends you to offer up app"
132411;;"2021-04-24 11:37:23";"Easy and busy 😉"
132412;;"2021-04-24 10:10:10";"Its dead now but if anyone ne reads this in the future, know that, the way it interacted with you was as if you were shot with a bunch of ads with a bad algorithm. You needed to know exactly what you want or get lost in the random stuff"
132413;;"2021-04-23 04:05:26";👊👊👊
132414;;"2021-04-22 16:26:40";"All is good but one problem or some bug , don't getting a notification on messages,even though all the notification are turn on"
132415;;"2021-04-21 22:43:37";"offerup sucks"
132416;;"2021-04-21 17:42:56";"Merhaba teşekkürler çok güzel harika"
132417;;"2021-04-21 02:41:14";"Was a great place to sale not now with offer up"
132418;;"2021-04-20 17:54:00";لهتواتنم
132419;;"2021-04-20 15:41:47";"It's very good I like using it up"
132420;;"2021-04-19 22:07:47";"Update, it locks you out of letgo. Download offer up now."
132421;;"2021-04-19 16:07:37";"Best buy sell trade app ever.....what I thought until you merged with OfferUp. You guys really ruined a useful platform and I sure miss it"
132422;;"2021-04-19 12:03:16";"So far so good."
132423;;"2021-04-18 18:22:00";"Apparently this is now with Offer Up. This app is rendered unusable so there's no point in downloading it. Just download Offer Up."
132424;;"2021-04-18 07:39:22";"Amazing app"
132425;;"2021-04-17 18:22:42";Poor
132426;;"2021-04-17 06:15:04";"Let go use to be great and then they sold to offer up and everything that we loved about let go is gone. The merger was simply just moving over letgos users and that was it. There is no more letgo more it's just a wannabe Mercari/poshmark that sucks:/ I really miss let go."
132427;;"2021-04-17 05:58:54";"Love it"
132428;;"2021-04-16 17:30:49";"When it merged to offer up it lost the local feeling. We want letgo back the way it was. It is now full of adds. Zero stars for me."
132429;;"2021-04-16 15:40:31";"Not available in Canada...."
132430;;"2021-04-15 08:33:33";"Thank you 😊"
132431;;"2021-04-15 01:24:43";"Let go was a way better platform than offer up i hate the merger"
132432;;"2021-04-14 10:59:10";great
132433;;"2021-04-13 02:09:20";👍
132434;;"2021-04-12 16:18:51";"Why even have this stupid app in the play store? They merged with offerup and the letgo app is no longer supported stupid platform imo"
132435;;"2021-04-12 03:34:35";"Fun fun"
132436;;"2021-04-11 20:28:16";"Ok letgo yes awesome 5 stars brilliant set up should probably win a friggin nobel prize or something. BUT!! Then they go and completely ruin their selves by merging with Offer-up. Idk why you guys did this but as long time let go user who promoted letgo to hundreds of other people. I can say that the merger has done nothing but damage letgos reputation and there is no way that this merger has helped anyone...at all. Do the right thing and find a way to un-merge and bring back our beloved Letgo!"
132437;;"2021-04-11 17:50:11";"Desktop computer shows another location that I have nothing to do with."
132438;;"2021-04-11 05:43:05";"I love that website"
132439;;"2021-04-10 18:37:14";"No good anymore 👎"
132440;;"2021-04-10 09:00:40";"I like letgo"
132441;;"2021-04-09 15:07:02";"Great application"
132442;;"2021-04-09 10:47:19";"Perfect 👌👌👌"
132443;;"2021-04-08 17:40:39";Easy
132444;;"2021-04-08 17:23:23";"Still trying to update even though this doesn't work anymore"
132445;;"2021-04-08 07:37:43";Excellent
132446;;"2021-04-08 04:53:48";Good
132447;;"2021-04-07 03:49:55";"Email ile gelen ""we think you'll like this"" bildirimindeki ürünü tıklayınca sizi Google store'a atıyor. Hadi kendi uygulamasını kendi bulamadı oradan da Open tıklayayım diyorsunuz, uygulama nereden geldiğini, nereye gitmesi gerektiğini unutup uygulama ana sayfasına atıyor. Email ile gelen ilginizi çeken ürüne ulaşmak mümkün olmuyor. When I receive ""you may like this"" email notifications I click the items I like to see the details then I am forwarded to the application page in Google Store."
132448;;"2021-04-07 01:20:11";☆☆☆☆
132449;;"2021-04-06 18:21:32";Ok
169477;;"2020-03-05 16:07:38";Awesome
169237;;"2020-03-08 07:30:43";"Good app. Use a search bar to find what your looking for or just check out the many different categories. I've sold and bought things easily and rarely had a problem with the app. I've also connect with great people. Letgo produced opportunities for me."
168999;;"2020-03-10 21:44:29";👍💙
168763;;"2020-03-13 20:00:46";"Great app for buying, selling or just recycling.."
168529;;"2020-03-16 16:04:20";"Awesome app"
168450;;"2020-03-17 14:59:37";"Awesome 👍"
168219;;"2020-03-20 16:54:17";"Great deals 👍"
166455;;"2020-03-24 05:01:09";"Very good"
166229;;"2020-03-26 17:13:05";"Great user friendly"
166154;;"2020-03-27 14:20:21";"I sold 4 out of 5 listings in less than a week, CL on steroids! The users are also very nice and helpful when you want more info about a product."
165931;;"2020-03-29 21:30:07";Great
165711;;"2020-04-01 17:03:13";"Great selling app!"
165639;;"2020-04-02 15:35:46";Excellent
165422;;"2020-04-05 02:14:11";"This is a alright app, only thing is if something has been sold that you were chatting about it doesnt show or tell you what it was. So if your chatting to several people about a item, you dont know which item was sold. Just my opinion"
165207;;"2020-04-07 18:41:37";"This app was a great app but now it's getting to be more like Craigslist.I took an ad down because I was going to be out of town.I reposted it 4 days later then it was removed saying I violated the community policy.It was the same ad and.I know the policy very well.I have no reason to post things that I should not or illegal items.I believe it was just a hater that wanted to buy my item but I took it down.And if you want to take an ad down fine but let us know what we did wrong."
165138;;"2020-04-08 16:12:08";Awesome
163391;;"2020-04-11 13:53:30";Good
165430;;"2020-04-04 23:24:15";"I have had poor luck so far I hope it gets better! I hope to check it daily to familiarize myself to the site."
163115;;"2020-04-14 19:43:55";"Good to know about this way of selling family treasures. I will check it later when I have time. V. Sherr"
162909;;"2020-04-16 21:39:26";"Need to do something with the messaging,chat part of app it sucks can't get messages to go through"
162843;;"2020-04-17 15:15:09";Good
162640;;"2020-04-19 06:30:32";"I'm pleased with let-go I think it's a good app I've had it for about off and on yourself I have no complaints I give it 4 stars"
162575;;"2020-04-19 17:37:11";"So I try and sell a video game that is obviously not a real gun its a plastic electronic gun you hook up to the TV and it gets taken that's a bunch of BS"
162375;;"2020-04-21 02:47:26";"Since the update 2.10.0 it doesn't work, can't search, can't look at anything do to error. They need to get a fix for this ASAP."
162311;;"2020-04-21 18:40:43";"I used to enjoy using this app to buy and sell items. However, lately, I keep having an error message saying ""error occurred while trying to upload listings"" I have tried to uninstall and reinstall several times and seems not to help. This needs to be addressed."
162114;;"2020-04-23 14:31:10";"useful and helpful"
133441;;"2021-03-27 15:18:23";"Great site. No problem at all. Looking forward to meeting more buyers. THANKS!!"
133442;;"2021-03-26 23:26:04";"Loved this app! I had the most luck selling and finding things on there. Sadly no longer available in Canada."
133443;;"2021-03-26 23:09:52";"If it no longer works remove it. Dont waist my time just to tell me to go to a different app"
133444;;"2021-03-26 20:12:15";"Not good"
133445;;"2021-03-26 18:12:58";"app waste of time"
133446;;"2021-03-26 16:31:51";"hala satılık mı diyor evet diyorum bir daha cevap gelmiyor. yani ""NE"" aq ""NE"". hasta herif ne ? Şu uygulamada kimse kendi konumunu işaretlemiyor mu ? Haritaya bakıyorum 100 metre ötemde gözüküyor adama geleyim diyorum adam başka ilçede başka şehirde. Andaval sürüleri ya"
133447;;"2021-03-26 14:39:13";"Too many scammers."
133448;;"2021-03-25 15:56:37";"sirf üste çıkarma özelliğinden para kaldirmak icin uygulamayı mahvetmişsiniz 1 yildizdan bile daha düşük hak ediyorsunuz"
133449;;"2021-03-24 19:09:59";"The original letgo I gave 5 stars. Bring back the original letgo, the offer up app is trash."
133450;;"2021-03-24 13:09:16";"Joining a sucefull app like letgo not a good idea, you lost millions of clients, if letgo needed funding all you guys need to do charge low feed to each clients that sale or buy, or post anything to get millions of revenue.. not making the HORRIBLE deduction to join sucefull letgo that COULD be the next AMAZON. HOPEFULLY CEO or management will pay actencion to your millions of clients before another app is made similar to LETGO.."
133451;;"2021-03-24 09:50:43";"Bad app. I cant take notifications and so slow"
133452;;"2021-03-24 04:28:48";"Easy to control."
133453;;"2021-03-23 23:48:38";"Got ripped off 300 and i cant log in or see my profile"
133454;;"2021-03-23 19:32:54";"New app horrible cabt get messages always isdues fake account messafe me. Cant block people"
133455;;"2021-03-23 18:32:48";"I LOVE letgo! Sales are easy and safe. I've made several sales and hundreds of dollars selling my items. If you have household items to get rid of, and you price them right, you WILL make money!! **Update** I DID love letgo, until they merged with offerup. I uninstalled it. If it isn't broken, don't fix it!"
133456;;"2021-03-23 17:02:14";"It's keep stopping over and over."
133457;;"2021-03-23 14:01:03";Superb
133458;;"2021-03-23 07:17:28";"Keeps referimg me to another app"
133459;;"2021-03-23 06:47:06";"Love to go letgo i find goodthins"
133460;;"2021-03-22 22:52:21";"This app.can not open after a while"
133461;;"2021-03-22 16:31:43";Good
133462;;"2021-03-22 11:33:59";Hhhhiiiiiii
133463;;"2021-03-21 01:09:36";"Didn't find anything around"
133464;;"2021-03-20 23:01:04";"It doesn't work and I really don't appreciate this. I only want the let-go app and not the OfferUp app with it."
133465;;"2021-03-20 21:21:11";"Well let go original was awesome easy to use and very helpful to make some extra money while same time making room for new stuff :) I used let go faithfully for years & year's What a waste of time & loyalty All just So let go could abandoned All Canadians at the very beginning of a Pandemic world wide Corona virus Just when we all needed let go to help us survive You team up with the worst app offer up sucks no so do you"
133466;;"2021-03-20 17:28:28";Confusing
133467;;"2021-03-20 02:39:09";Excelent
133468;;"2021-03-19 17:20:20";Ok
133469;;"2021-03-19 16:13:28";"The notifications for this app + OfferUp are a pain in the a**!"
133470;;"2021-03-19 11:52:06";"I recommend the Let go app. It's a great place to buy and sell whatever! I've done both and have been quite happy with the experience. Plus, I've met some very nice people in the process. In this app you can check out reviews of the people you want to buy from and the app has recommendations for how to stay safe when meeting a seller or buyer. If you're looking for just about anything you need and are happy buying it second-hand, Let go is the place to buy...and to sell what you no longer need."
133471;;"2021-03-19 00:35:36";"This app sucks now. I use to like it but now its trash."
133472;;"2021-03-18 21:28:03";"Still waiting to sell items"
133473;;"2021-03-18 16:54:20";"uygulamada hesap acamiyorum hata veriyor"
169476;;"2020-03-05 16:42:46";"Some don't reply back."
169236;;"2020-03-08 07:36:52";"They have scammers selling 2017 cars for $1097.00...they never remove these Nigerian thieves...Let go totally is a waste of time!...((Update 3-7-2020...There customer is worst than ever...gave them another chance and the ignorant customer service gives no answers...bunch of 3 yr olds working customer service.))"
168998;;"2020-03-10 22:08:29";"I use to use this app often. When I moved I sold many items. I've purchased items. But now no matter how many times I reset location it doesn't work."
168762;;"2020-03-13 20:09:19";"Easy to use."
168528;;"2020-03-16 16:04:35";"I really appreciat this app.and it's easy to use too."
168449;;"2020-03-17 15:27:22";"I have really enjoyed it so far"
168218;;"2020-03-20 16:59:16";"Love it. Always finding great stuff for a great price"
166454;;"2020-03-24 05:24:25";"Can't get my husband to put it down or should I say ""let it go"" lol.. it's a great"
166228;;"2020-03-26 17:27:29";Great
166153;;"2020-03-27 14:26:55";"Been very resourceful."
165930;;"2020-03-29 21:37:35";"Love the app. Feel like the thumbnail needs a a description line"
165710;;"2020-04-01 17:04:39";Great
165638;;"2020-04-02 15:43:03";Ok
165421;;"2020-04-05 02:17:16";"Great to find local products"
165206;;"2020-04-07 18:46:36";"People take forever to answer and don't even look at your messages"
165137;;"2020-04-08 16:29:43";"It is great"
163390;;"2020-04-11 14:33:02";Good
165648;;"2020-04-02 10:55:59";"This app is marvelous you can get a nice ride or even a good project car off of this! I purchased a heavily modified Performance Tuned Mustang 2016 for $12,000 it has a 7.2 twin turbo so yeah 2020 to 2025 Mustang I will destroy them XD in a 2016 Mustang! overall highly recommend this for anyone out there looking for whatever the reason you need a car."
163114;;"2020-04-14 19:46:00";"Nice try."
162908;;"2020-04-16 21:46:31";👍🏻
162842;;"2020-04-17 15:20:14";"Worked beautifully for a while now it just says error loading new listings I've uninstalled and installed like four times nothing changed frustrated"
162639;;"2020-04-19 06:33:53";Good
162574;;"2020-04-19 17:40:27";"This app is awesome, there's so many things to purchase n saves me money n were all about savings!!"
162374;;"2020-04-21 02:54:51";"Won't load anymore"
162310;;"2020-04-21 18:47:29";"It's good."
162113;;"2020-04-23 14:33:42";"Excellent i will recommend to all friends.."
162051;;"2020-04-24 01:17:19";"It's awesome just got to watch people out to get over on u but most of everyone is cool"
161858;;"2020-04-25 17:03:10";"I love LETGO, but it seems like after updates, something vital to the app is messed up. PLEASE FIX when I for the search within a certain distance of a zipcode to be ACCURATE. Currently when i put 3 or 5 miles, i am getting items way out, like 40 miles away."
161797;;"2020-04-26 04:00:13";"Love it!!!"
161607;;"2020-04-28 00:56:14";"It's been all right so far"
161547;;"2020-04-28 16:41:14";Great
161360;;"2020-04-30 05:14:25";"When i open the app it says error can't load listings."
161301;;"2020-04-30 18:33:52";"Scams everywhere. Buyers beware"
161117;;"2020-05-02 04:56:16";"Love it"
161059;;"2020-05-02 18:11:21";"That's a great app for a every one 👍"
165439;;"2020-04-04 22:34:01";"It nice and easy"
160821;;"2020-05-04 20:15:43";"It will not allow me to log in at all"
161066;;"2020-05-02 17:37:29";Greeeeat
160587;;"2020-05-06 23:43:06";Great!😃
157531;;"2020-05-07 13:06:52";"Let go keep informing me this is sold that is Sold I'm tired of this App.Please Stop telling me what is Sold I really Dont Care if I wanted an.item I would have purchased it.The Dinging on my phone driving me Crazy.If you insist on keeping it up I'll just CANCEL your app."
157475;;"2020-05-08 00:06:58";Best
162654;;"2020-04-19 03:27:47";"reasonable pricing"
157247;;"2020-05-09 23:04:43";"The best"
157191;;"2020-05-10 13:37:58";Ok
157021;;"2020-05-11 22:49:17";"Hell yeah"
156966;;"2020-05-12 10:25:39";"🤔🤔🤔😕😕😕 bombardment of sellers-content-overload ed my Mobile Data, content of items for sale which I don't want to see even there category catalog."
161559;;"2020-04-28 14:08:12";Great
156744;;"2020-05-14 02:39:57";👍
156689;;"2020-05-14 14:02:52";Interesting
165663;;"2020-04-02 03:51:03";39mins
156471;;"2020-05-16 07:20:02";"Love this app . Easy to use and save is the best way to get ahold of everything you need thanks letgo."
156416;;"2020-05-16 18:12:28";"Yes ABSOLUTELY FINE"
156255;;"2020-05-17 22:21:14";"This is not user friendly to sellers. You can't rearrange or pick the order that your photos show in, you can't upload multiple photos at once, I have no ability to make my post look nice, etc. Poshmark and Vinted are much easier."
156201;;"2020-05-18 10:21:29";"Works good ive bought and sold items on this app"
160595;;"2020-05-06 22:06:02";Cool
154459;;"2020-05-20 13:59:37";"I like this app it has a lot of good things on here"
154407;;"2020-05-20 23:17:43";"Impossible to find stuff. Search for furniture returns car postings. Maybe based on tags that people set. I find this app impossible to navigate"
156976;;"2020-05-12 06:21:28";"Great app"
154203;;"2020-05-22 17:47:47";"Keeps sending me back to main install page?"
154152;;"2020-05-23 06:06:37";awesome
156480;;"2020-05-16 05:51:04";"Is good but i got scammed and they dont do anything for it . so no sense of security anymore"
169514;;"2020-03-05 02:36:46";Great!!!!
153903;;"2020-05-25 16:01:32";"Don't waste your time you can't use the app without an email address or personal information that they can sell online sad really looks like it might be a decent app"
154414;;"2020-05-20 21:27:54";"I love it"
165961;;"2020-03-29 15:14:14";"Really like the app but I wish there was a way to filter exactly for what one is looking for"
153657;;"2020-05-27 23:34:02";"Easy to post and take down"
153607;;"2020-05-28 08:57:13";"Works fine"
162135;;"2020-04-23 09:34:35";"Love it!! It has helped me find & sale items real good... awsome!!!"
153417;;"2020-05-29 22:58:18";"IT SUCKED! Letgo lies, deceives, manipulates and tricks every single person who visits or joins. It is a straight up fraudulent business that operates without any values or morals what so ever. . ."
153368;;"2020-05-30 13:03:38";"Format is wonderfully. The BEST appt. For buying and selling by far!!! I recommend it to ALL my friends and family."
157198;;"2020-05-10 11:34:07";"Great app to find used but great items"
153183;;"2020-06-01 02:52:04";"I had one guy block me I was trying to buy something and he wanted all info and still didn't sell the item 😒"
153135;;"2020-06-01 16:18:19";"Great app family"
153094;;"2020-06-01 21:28:22";Confusing
162074;;"2020-04-23 21:10:46";Awesome
152908;;"2020-06-03 15:27:31";"MOST ANNOYING APP EVER. Nobody replies to DM's and the app just assaults it's users with push notifications"
152861;;"2020-06-03 23:53:22";"People and sellers tend to be rude,late and at the last minute try to change the price or make excuses why the price needs changed, of what you are buying/ selling when you go to pick it up."
154112;;"2020-05-23 16:47:35";"Been months since I have been able to search for anything and have done the update, still can't search so I uninstalled it"
165383;;"2020-04-05 13:25:22";"Won't even load"
152641;;"2020-06-06 05:54:38";"It's ok but lots spam and false accounts"
152595;;"2020-06-06 19:24:29";"I lovr this app so much"
166484;;"2020-03-23 20:21:19";"Very easy to use"
165966;;"2020-03-29 14:23:39";"Letgo would sell more if we were allowed to send pics to friends outside of Letgo. They could see pics, then tell me to buy, then they would WANT to join. Still a sale, free ADVERTISING too. But Letgo doesn't let me copy a pics and send to a friend. Also we need to have a way to contact sellers who sold things in past and when they FAVOR my item. Not just when they have something for sale."
152382;;"2020-06-08 21:19:38";"Suckks Di**"
152337;;"2020-06-09 09:30:46";"My first experience with this program... how do I remove my item as it was sold... pls email me..."
166485;;"2020-03-23 19:48:26";"great way to sell online"
165385;;"2020-04-05 12:37:43";"Not impressed with this app, annoying notifications that have nothing to do with what I'm looking for, too many people expect things for free or next to nothing. Waste of time listing anything here. I will be more than happy to use Amazon and eBay to get the real potential for my sales"
152131;;"2020-06-11 03:42:54";"Great app that helps you helps you. Sell your stuff."
152087;;"2020-06-11 15:22:33";"Many many unnecessary notifications, many unnecessary requests to use parts of my phone you don't need, and non stop spam emails. Not worth the headache"
153380;;"2020-05-30 08:22:35";"Sold quite a bit on the app so I can't complain"
162078;;"2020-04-23 20:38:52";"Everytime I try to see where the sellers general location is on maps within the app, it immediately kicks me off the websites. Also there are hella scams with the weight set products people are jacking up the prices by 3x the original prices😡 Usually these things are supposed to go for 200 or 300 dollars used but there jacking them in the upper hundred amd some even thousands! Pathetic. Absolutely pathetic, these scammers need to head out cuz they ain't helping durong this pandemic."
151888;;"2020-06-13 01:14:12";"Always good"
151845;;"2020-06-13 13:07:33";"Cool app"
152095;;"2020-06-11 14:24:11";"Letgo is fantastic for giving things away that you dont need.Or selling for at low prices because alot of people dont like handouts.But people selling things at the price of new items is ridiculous."
156931;;"2020-05-12 17:05:11";"New to it"
168726;;"2020-03-14 04:54:49";"great app!"
151611;;"2020-06-15 18:18:06";"Will give it a 5 star when the actully do something about all the spam scam accounts and post. We report them but they are still up."
151569;;"2020-06-15 23:52:58";"Easy to use"
150027;;"2020-06-16 11:30:47";"Work great until all the updates now it don't want to function properly"
153382;;"2020-05-30 07:02:17";"Great stuff"
161825;;"2020-04-25 21:33:22";"""Letgo"" is incredible! Easy to search, locate, negotiate, and buy ♥️ Quick finds of most anything **** AND may see things that take you back in memory of a time or person that makes you smile"
149844;;"2020-06-17 23:30:35";"I was selling my item (new lip gloss) for about 2 days. Paid to bump my item up on the list and was getting good traction. Then a few hours later they deleted my listing and told me I was selling medicine. I never got my money back and lost out on all the traction I had. I will not tell others to not use the app, but I definitely would not use any of your hard earned cash into it. Not worth the rip off."
149803;;"2020-06-18 14:09:09";"I love this site. My apartment is fully furnished but now I am in need of a treadmill or exercise bike Free is a very good thing."
149762;;"2020-06-18 21:30:44";"Am ts"
153623;;"2020-05-28 05:14:01";"Very nice app"
162081;;"2020-04-23 19:53:17";"Great selling media!"
149587;;"2020-06-20 17:29:57";"Very pleased as a 1st time buyer. Transaction was effortly smooth."
149547;;"2020-06-21 00:59:52";"Great so far after 2 days of using it lol"
149507;;"2020-06-21 12:20:50";"All is great 100% okay"
153102;;"2020-06-01 20:40:10";"I love the sense of security this app gives you"
161086;;"2020-05-02 13:46:49";"Nothing works from the first moment I installed. Error when trying to check listings, max distance always resets to 10 km after changing, error when attempting to open chat. Basically the entire app is full of errors at the moment."
149340;;"2020-06-23 04:00:44";"Love this site"
149301;;"2020-06-23 16:41:36";"Decent app, but full of scammers. Also wish they had a way to share images in app so i wouldnt have to take it outside the app. Also wish they had more security and a way to get your money back if a transaction goes south."
149262;;"2020-06-23 22:23:23";Awesome
160786;;"2020-05-05 01:58:02";"Awesome app"
162862;;"2020-04-17 07:06:01";"I remember why I stopped using the app. Cause it's utter trash. Doesn't give me anything I'm looking for. Gives me the exact opposite. ?? Seriously trash. Get offerup it's 100000000xs better"
165391;;"2020-04-05 10:26:48";"Great app"
149065;;"2020-06-25 19:29:55";"Finding what I need at a great price"
149027;;"2020-06-26 02:37:32";"For me it's a great place to shot, and the buying and selling is friendly 🙌"
149034;;"2020-06-26 01:29:47";Excellent
162337;;"2020-04-21 13:53:20";"Its nice"
156936;;"2020-05-12 16:37:01";"About 1 out of 10 posts are scams."
165974;;"2020-03-29 12:58:05";great
148807;;"2020-06-28 06:58:45";"Love it!"
148771;;"2020-06-28 15:22:44";"Add a spot were people can put what they are looking for or want it would make selling much easyer in faster"
148742;;"2020-06-28 19:14:29";"Awesome App."
160552;;"2020-05-07 04:54:21";"Great way of making money"
163413;;"2020-04-11 05:03:52";"I can't list any of my product in the app and the app doesn't tell you why it is remove from the list!"
162880;;"2020-04-17 02:44:01";"Easy to use and super helpful. I let everyone know how convenient constantly."
148562;;"2020-06-30 11:34:51";"It's Great!"
147027;;"2020-06-30 18:23:37";Awesome!
146992;;"2020-07-01 01:07:48";👅👅👅
146957;;"2020-07-01 09:15:23";Titts
149311;;"2020-06-23 14:03:23";Easy!
168705;;"2020-03-14 15:44:40";"This is the worst place to sell anything. No one contacts you or buys anything. The only thing i sold was a helmet i am no longer using and i sold it private not on Letgo. It has been listed three times andd it still did not sell. Tbis is the worst site to try to sell anything on."
162389;;"2020-04-21 01:12:21";"Great app! Super easy to post and buy items."
165977;;"2020-03-29 11:51:59";"So.far so good!"
146761;;"2020-07-03 12:03:02";"App works well. Needs fine tuning of the settings, but overall it's fine."
146727;;"2020-07-03 20:11:28";"Its awsome better than offer up ebay and cregs list at least for local stuff"
146693;;"2020-07-04 02:45:48";"This app has some good things but is very annoying a lot of the time. The distance always resets itself to infinity and if you forget to reset it, it gives you listings that are irrelevant and the constant notifications are annoying too. Offer up has better pictures and also you have categories you can make to save favorites, which is hugely helpful. I also see many commercial ads repeated ad infinitum and you have to wade through the same repeated pictures to get to the next item."
149312;;"2020-06-23 13:43:22";"The older it gets the worse it gets .It used to be a good place to look for stuff but not now ."
152659;;"2020-06-06 02:01:08";"Superb app! So simple and yet astoundingly effective!! Well done!"
156939;;"2020-05-12 16:14:19";"Love or let it go apply for everything you need right now."
165466;;"2020-04-04 16:48:15";"Good app!!!"
146509;;"2020-07-06 02:02:06";"Outstanding app."
146476;;"2020-07-06 15:48:13";"Horrible app. 90% dealer and retailer ads"
146443;;"2020-07-06 22:59:50";Helpful
152606;;"2020-06-06 17:25:58";"I got ripped off"
165378;;"2020-04-05 14:23:17";"A great way to buy interesting things in your community"
153926;;"2020-05-25 09:15:57";Nice
161582;;"2020-04-28 05:03:54";Awesome
146271;;"2020-07-08 15:26:14";"Love a place to shop & sell"
146239;;"2020-07-08 20:17:53";"This app is pretty bad. The three only buyers that I got were all scammers."
146207;;"2020-07-09 02:41:56";"Hard to navigate"
146182;;"2020-07-09 13:52:29";"I love meeting new people"
148818;;"2020-06-28 01:54:42";"Great app"
151862;;"2020-06-13 08:07:10";"I love this app"
162331;;"2020-04-21 14:51:00";"Great app"
133632;;"2021-01-20 22:29:30";"Nice post👍"
133633;;"2021-01-20 17:50:00";"offer up has items from years ago on it,need a reset asap for people who came from letgo"
133634;;"2021-01-19 22:27:02";"I use this app a few times and I like it ..i bought a car off it..but since they now with that other app I dont like it..i want the old let go back..."
133635;;"2021-01-19 22:09:42";"Letgo was great! Bought and sold alot. However since the offer up came along the whole thing sucks.. Letgo,. Good Offer up,. Bad"
133636;;"2021-01-19 20:52:21";"Its gone 😥"
133637;;"2021-01-19 15:31:09";"Great app, sorry to see it getting replaced by Offerup."
133638;;"2021-01-19 15:02:00";"Poor that letgo would be the loser in the merger. Was good but with offer up in charge I can actually smell the virtual feces of this app. Sad they won't let me leave 0 stars."
133639;;"2021-01-19 14:03:29";"App was excellent until the merge, when we were forced to switch apps."
133640;;"2021-01-19 04:04:19";"Gave me a bad review"
133641;;"2021-01-19 01:29:56";"Not used"
133642;;"2021-01-19 00:23:21";"good app"
133643;;"2021-01-18 07:41:28";"The app was good, but stopped working in Canada 😑"
133644;;"2021-01-17 22:43:39";"I use to loke letgo but notso much now i could find whst i want no i cant messed up everything now i never likef offer up at all"
133645;;"2021-01-17 20:05:55";Good
133646;;"2021-01-17 18:12:57";"Letgo worked perfect. Since the merger it's been trash. Nothing but scammers. Post anything to sell and with in minutes your phone blows up with 50 messages from scammers. Half the posts are just adds disguised as real post that are just sending you to some other site to get scammed. Just use clist or ebay."
133647;;"2021-01-17 17:49:00";"Very glitchy......if offerup had changed over to letgo's platform im sure most of us would be fine with it.... Now it takes forever to load, pics are difficult to upload, restrictions an limitations are oppressive.... Overall a poor quality app vs its previous operation...."
133648;;"2021-01-17 05:13:31";"Garbage most people i dealt with were scammers and had their accounts removed hrs after contact."
133649;;"2021-01-17 02:42:33";"Letgo was my favorite app before merger. New one (offerup) is utter hot garbage. I uninstalled it and came back to post this rating and comment."
133650;;"2021-01-17 01:57:25";"Good deals"
133651;;"2021-01-16 23:18:32";"I used to use it,"
133652;;"2021-01-16 21:40:23";"Super good"
133653;;"2021-01-16 14:55:36";"Sucks now should of left it alone"
133654;;"2021-01-16 08:35:18";"Uygulamayı silip ikinciye yüklediğim halde hiç açamadım. Açılsa belki daha iyi puan verirdim...."
133655;;"2021-01-16 07:31:47";"Good stuff found"
133656;;"2021-01-16 05:25:12";"Miss letgo you were able to find local mechanics handyman plumber etc and sell your stuff. Offer up does not provide this. Really wish they did"
133657;;"2021-01-16 01:01:52";"Easy to find what we looking for and post items that we want to sell etc.."
133658;;"2021-01-15 19:04:52";"Combining with offer up was a horrible mistake... Letgo was so much better before they made that mistake. Heck the ads that are riddled into the app are ridiculous too there are so many."
133659;;"2021-01-15 09:46:37";"Why would you ever team up with offer up"
133660;;"2021-01-15 08:00:21";👌
133661;;"2021-01-15 02:23:28";"Old ads! Not as easy to navigate! I liked if you are seeking a Dining Set, Bed, Baby Item, etc. with Letgo you can swipe sideways to scroll across the many options that match your search! Now there are items across the entire country!! And pop-up ads. trying to market NEW items; which is NOT why i come to LETGO/ OFFER UP to find!! Rrrrrr! SO FRUSTRATING!!! Want the old LETGO back!!"
133662;;"2021-01-14 21:17:19";"Great app"
133663;;"2021-01-14 10:49:12";"Location selection doesnt stick and there are 3 settings for this, can you make it simpler please"
133664;;"2021-01-13 22:16:02";Excellent!
133665;;"2021-01-13 20:47:58";"Always good to find things quickly"
133666;;"2021-01-13 20:45:45";"LetGo was great. OfferUp, not so much. Does its job but it's not nearly as nice as when it was just LetGo."
133667;;"2021-01-13 20:28:12";"Nothing on you baybe"
133668;;"2021-01-13 14:42:44";"Used to be the best before offer up merged and ruined it."
133669;;"2021-01-13 13:07:24";"We just need to letgo of letgo. They kinda letgo of us by merging if you think about it. It suck beause i liked this app. It was easier to use than fb market place and all the others."
133670;;"2021-01-12 22:18:12";"Bring back Letgo!!! This app was so nice and easy to use. But not they are merged with offers up it sucks just not the same not as easy to find what your looking for. And a bunch of ads."
133671;;"2021-01-12 18:11:13";"Love shopping on here"
133672;;"2021-01-12 18:07:30";"No thnx"
133673;;"2021-01-12 10:56:47";"çok fazla kişiye en hızlı ulaşma imkanı sağlıyor."
133674;;"2021-01-11 23:24:57";"Daha kötü konum filtrelemesi yapılamazdı. Değil seçtiğim ilçeyi, doğru kıtayı bile tutturamıyor. Yazılımcıları da ölücülerinizden seçtiniz herhalde."
133675;;"2021-01-11 17:28:06";"I used LetGo for awhile and was making good money. I tried using OfferUp after you two merged and it wasnt as good. It was an awful idea to combine with OfferUp, its harder to use, nothing updates and i haven't sold a single thing since! So far its just an app sitting on my phone doing nothing but taking up space. I hope that you two go back to seperate apps again. I like LetGo as a stand alone app. I do not like OfferUp."
133676;;"2021-01-11 16:59:51";"Really miss letgo. Was 1 of my favoritess apps"
133677;;"2021-01-11 16:52:49";"I HATE the new app. The amount of scammers is ridiculous. Its a total waste of time because they are all you deal with."
133678;;"2021-01-11 10:11:19";"All bad"
133679;;"2021-01-10 09:59:16";"Would not recommend if you live in a small area. Really only good for if you live somewhere there is a lot of people."
133680;;"2021-01-10 08:27:15";"Trash now that is merged with offer up. Offer up is trash 100%"
133681;;"2021-01-10 05:23:07";"Sad that it merged but that's business"
133682;;"2021-01-09 23:33:24";"No dark mode Freeze after photo zoom Bad algoritms Hard to use Ads."
133683;;"2021-01-09 21:39:09";"Very good"
133684;;"2021-01-09 20:55:04";"It just redirects you to download offerup. What's the point of still having this app available?"
133685;;"2021-01-09 17:40:29";"Gerçekten çok iyi bir site"
133686;;"2021-01-09 15:09:07";"You can find a lot of stuff in this app close to your location"
133687;;"2021-01-08 03:16:26";"I got my car off this app so yeah its great 👌👍😁"
133688;;"2021-01-07 22:35:30";"Re. ()!!"
133689;;"2021-01-07 20:08:58";"Very Bad network i hate ☹️"
133690;;"2021-01-07 19:38:55";Goood
133691;;"2021-01-07 13:54:18";"Used to be Easy to use for buy and sell 5 star. Now it doesnt work, must use Only Offer Up. No account merge. Enjoy your retirement."
133692;;"2021-01-07 13:20:44";Garbage
133693;;"2021-01-06 15:45:21";"I am disgusted that you mergered ! Lost all my customers ! Disgraced all of us that were msking money and I have lost all my clintele !!!!!! You should b ashamed ! Give us back letgo so we can resume our business !!!!!!!!!!!!!!!!!!!!"
133694;;"2021-01-06 15:19:51";"çok iyi bir uygulama"
133695;;"2021-01-06 09:16:58";"Would have been 5 stars still but it's not like it used to be after the team up sorry but is it's just not any good anymore"
133696;;"2021-01-06 07:41:31";"i paid for boost , twice i didnt get it"
133697;;"2021-01-05 03:57:02";"I really enjoyed letgo I want this app up and running asap 😡😡😡😡😡"
133698;;"2021-01-05 02:02:44";Defunct
133699;;"2021-01-04 16:06:48";"Let go used to be great but with the merger of offer up and let go you can no longer sell stuff. No one actually uses offer up. Plenty of things for sale but when you message them you never get a response."
133700;;"2021-01-04 10:06:58";"I HAD YOU RATED 5 * BEFORE. BAD IDEA COMBINING WITH OFFER UP NOW THE BOTH OF YOU COMBINED DROPS IT TO A 2 *. I LOVED USING THIS APP BUT AS SOON AS YOU 2 TEAMED UP. I SLOWLY STOPPED USING THE NEW APP. HOPEFULLY SOME DAY IN THE NEAR FUTURE YOU WILL GO BACK TO JUST BEING LETGO."
133701;;"2021-01-03 03:25:39";"Not supported in Canada"
133702;;"2021-01-03 01:58:59";"good price nice stuff"
133703;;"2021-01-02 22:59:41";"Sold out to Offerup, this app doesn't function"
133704;;"2021-01-02 09:04:54";"Dolandırıcılar ve sütü bozuk hayvanlar. Dandik hatalı bir uygulama ben yazsam daha iyisini yazarım"
133705;;"2021-01-01 22:42:31";"Great app 👌"
133706;;"2021-01-01 18:41:04";"very good"
133707;;"2021-01-01 16:59:23";"I used to really love this app and was verified with 23 5 star review ratings till the merge now I got nothing I hate offer up"
133708;;"2021-01-01 05:54:15";"The app is a link to OfferUp, do no waste your time."
133709;;"2021-01-01 03:57:00";"Supre good"
133710;;"2020-12-30 20:00:58";"Very slow. Lost all my listings when switch over happened"
133711;;"2020-12-30 19:41:27";Great
133712;;"2020-12-30 14:30:50";"I loved this app but it was taken over by another company that doesn't work for me. Letgo made local postings available whereas the app that took over Letgo have offerings from all over the country and I prefer getting to know my neighbors and the shopping. I am very unhappy Letgo doesn't exist anymore."
133713;;"2020-12-29 04:44:43";"Love it"
133714;;"2020-12-28 11:31:03";"just ok"
133715;;"2020-12-27 22:20:50";"This was a useful app and now it's just ads and noise. Why waste people's time allowing them to still download this?"
133716;;"2020-12-27 07:08:47";"I Like it because I buy things thank you very much"
133717;;"2020-12-26 20:51:30";"Plus disponible"
133718;;"2020-12-26 15:33:12";"Wonderful Site Here in 🇹🇷"
133719;;"2020-12-26 07:52:33";"Merhabalar, letgo uygulaması üzerinden satış yapmaya başladım ve ürünümü bir haftalık vitrine koydum. Fakat ne yazık ki müşterilerin ürün görüntüleme ve favoriye ekleme sayıları görünmemektedir. Bildirim geliyor sürekli fakat yanımdaki kişi dahi favoriye eklese favori ve görüntüleme sayısı sabit kalmış bulunmakta. Bu teknik sorun satıştaki müşteri ilgisini olumsuz etkilemektedir. Sizden bu sorunun en kısa sürede çözülmesini rica ediyorum. İyi çalışmalar dilerim."
133720;;"2020-12-26 01:26:23";"Really good app and also loving the update."
133721;;"2020-12-25 23:13:01";"Was a good app until they merged with offer up, and what was the point?"
133722;;"2020-12-25 17:18:34";Good
133723;;"2020-12-24 04:54:59";Awesome!
133724;;"2020-12-23 23:19:38";"Have not used"
133725;;"2020-12-23 08:24:52";"Not opening stuck in first picture in lgV10"
133726;;"2020-12-23 04:37:21";"Let go then teamed up with the this other company can't even think of the name all of a sudden way too pushy but I guess that's a job sell sell sell everything's for sale I'd rather shop in peace but I know that ain't how they get down they make money by selling"
133727;;"2020-12-23 00:30:10";"Use to be a great app now its garbage. If someone made an app that kept dealers and weekend dealers ofg it it would be the best selling and buying app ever Stay off our sites if you sell for a living"
133728;;"2020-12-22 22:20:59";"Nice selling app."
133729;;"2020-12-22 00:05:56";Stinks
169475;;"2020-03-05 16:48:03";"Great place to find things you need, and meet nice people"
169235;;"2020-03-08 08:40:24";Great
168997;;"2020-03-10 22:26:08";"Easy to make good money off"
168761;;"2020-03-13 20:18:45";Great
168527;;"2020-03-16 16:05:31";"Only people selling. No one on this app wants to buy. (Amended) The customer service is obviously on point and kind tho. Upgraded to 3*"
168448;;"2020-03-17 15:33:21";Great
168217;;"2020-03-20 17:01:27";Good
166453;;"2020-03-24 05:46:44";"I hate the fact that if you search for a item called ""ultra Male"" it shows all results with the word ""ultra"" or ""male"" makes it hard to find specific items"
166227;;"2020-03-26 17:34:45";"Great site."
166152;;"2020-03-27 14:44:09";Up
165929;;"2020-03-29 21:43:07";"Worked on my old phone however will not let me log in on my new phone."
165709;;"2020-04-01 17:12:19";Money
165637;;"2020-04-02 15:46:07";"It gets the job done with little hassle"
165420;;"2020-04-05 02:23:42";"Great place to sell your things without leaving your home"
165205;;"2020-04-07 18:53:09";"My only concern Are the scammers out there. I've had several people try to scam me by wanting to send me extra money then send the money to somebody else. Not falling for it."
165136;;"2020-04-08 16:35:32";"Finding specifics on this app is impossible. Trying to look up a specific car brand or search for something by its name? Here's an example let's say I search ""Bmw"" and the app legit pulls up 3 bmw posts and scatters them within the thousands of other cars that are nowhere near related to the search. App needs better navigation and recoding for search it's garbage and OfferUp works 10000x better if you're looking for something that works for the user"
163389;;"2020-04-11 14:36:20";"App never leads always shoes error occured"
165720;;"2020-04-01 12:32:51";"Helpful in finding what you want"
163113;;"2020-04-14 20:22:45";"Really helpful"
162907;;"2020-04-16 21:47:03";"My letgo isn't working I uninstalled and reinstalled the app over and over but it still ain't show me what is in the home page it says ""try again"""
162841;;"2020-04-17 15:38:34";"Too Kool 👌 Fur school"
162638;;"2020-04-19 06:36:19";Alsom
162573;;"2020-04-19 17:42:47";"It's an interesting concept but I think your junk's too expensive. I feel like you're trying to make a profit off a garage sale when the point is to get rid of your junk."
162373;;"2020-04-21 03:14:56";"its really amazing.. but i cant even look for anything error something went wrong. i updated the app to see if thats the problem but it wasnt"
162309;;"2020-04-21 18:53:58";"Pretty good prices and majority of folks are very polite"
162112;;"2020-04-23 14:57:54";"I had really good experiences"
162050;;"2020-04-24 01:23:37";"Pretty good, most of the people are decent. But it's best to be safe."
161857;;"2020-04-25 17:20:57";"Love that app a lot. But why is the swipe to next item taken away."
161796;;"2020-04-26 04:00:23";"Great app"
161606;;"2020-04-28 01:01:50";"I really enjoyed using this app! Some times I just be on it looking at everything. Great place to sell your stuff."
161546;;"2020-04-28 16:44:23";Good
161359;;"2020-04-30 05:15:26";Cool
161300;;"2020-04-30 18:51:10";"Love to you it 1A thousand dollar Wells Fargo debit card off of this site 1 of 7 winners"
161116;;"2020-05-02 04:57:07";🔥🔥🔥🔥🔥🔥🔥🔥🔥🔥🔥🔥🔥🔥🔥
161058;;"2020-05-02 18:22:02";"Pretty fun little shopping app."
165657;;"2020-04-02 05:25:19";"Not a bad app so far"
160820;;"2020-05-04 20:21:27";"Love itt😁😁😁😁😷"
168786;;"2020-03-13 14:59:47";"Love it"
160586;;"2020-05-06 23:43:14";Easy
157530;;"2020-05-07 13:16:15";"Scams everywhere and everyone flakes on you, stick with craigslist!!⚠️ letgo basically banned me because I was harrassed multiple times. You can't even send pictures through the chat on here which is real annoying. Letgo, I'm sincerely disappointed. I've been using your service for quite sometime now. You just lost a good customer."
157474;;"2020-05-08 00:14:15";"Site Not As Friendly As It Has Been In The Past...I Feel When A Person Puts Items On This Site It Should Be Next In Line For Viewers"
162858;;"2020-04-17 08:43:25";"Let go is a great app that provides a way to let go of items and get paid for them from people that need or want them"
157246;;"2020-05-09 23:15:15";"Everytime I put some thing up or buy something it is from someone that can be trusted"
157190;;"2020-05-10 13:38:16";"Good place to save some money."
157020;;"2020-05-11 23:12:06";"Incessant notifications that I didn't ask for and specifically disabled in settings. If I'm not on the app I don't care about 70% off TVs in my area, thanks."
156965;;"2020-05-12 11:18:07";"Love it!"
161619;;"2020-04-27 23:27:39";"Pretty good no complaints"
156743;;"2020-05-14 02:42:57";"App works just like the tv commercial."
156688;;"2020-05-14 14:06:22";"It's kicken😌❣️"
168228;;"2020-03-20 14:12:36";"Great app"
156470;;"2020-05-16 07:30:43";"Fun to shop on letgo reasonable prices"
156422;;"2020-05-16 16:35:20";"This app overflowing with scammers. Don't recommend buying or selling"
156254;;"2020-05-17 22:32:40";"Technical issues still unresolved. Done what they recommended, but still the same issues occur."
156200;;"2020-05-18 10:43:30";Good
156975;;"2020-05-12 06:33:01";"I like using the app but haye that the search part is not accurate I would gladley come back and switch my rating if the searching improves"
154458;;"2020-05-20 14:00:33";Great
154406;;"2020-05-20 23:30:50";"BERBAT. Saçma sapan animasyonlar koymuşsunuz uygulamada üye girişi dahi yapılmıyor."
168245;;"2020-03-20 04:33:00";"Great program"
154202;;"2020-05-22 17:57:27";"Hesabım bloklanmış, neden olduğu belli değil. Haftalardır değişen bir durum yok. Mesaj attım geri dönülmedi. Bir bilgilendirme bile yapılmıyor. Umursuz ve sorumsuzca"
154151;;"2020-05-23 06:08:09";"Love this site"
169497;;"2020-03-05 07:35:10";Awesome
153952;;"2020-05-25 02:57:03";"Great app and very easy to use plus a lot of things to look at and choose from"
153902;;"2020-05-25 16:08:53";"So far so good..!!!"
154159;;"2020-05-23 04:55:58";Amazing
166185;;"2020-03-27 01:49:23";"Cool app"
153656;;"2020-05-27 23:51:25";"one of my favorite appd"
153606;;"2020-05-28 09:55:54";Great
162333;;"2020-04-21 14:32:07";"Extreme lag to open or do anything on this app ( on a new Samsung Galaxy a70 phone). Horrible. Not sure what changed. Used to be a five star app. No longer."
153416;;"2020-05-29 23:28:15";Awesome
153367;;"2020-05-30 13:12:57";Good
156980;;"2020-05-12 05:26:56";"Not letting me do anything"
153182;;"2020-06-01 02:53:28";"So far I found some great deals.."
153134;;"2020-06-01 16:19:38";Excellent
153142;;"2020-06-01 14:26:34";"Wonderful way to advertise my wares. Not pushy for subscriptions or memberships or third party ads. Perfect. Works wonderfully!"
162137;;"2020-04-23 08:10:10";"Let gooo really going,so far so good,what can I say..."
152907;;"2020-06-03 15:28:23";"Fun Quick to sell Items"
152860;;"2020-06-04 00:30:19";"Selling e z"
154163;;"2020-05-23 03:35:30";"It needs improve"
165454;;"2020-04-04 19:33:55";"No probs at all"
152640;;"2020-06-06 06:10:33";Great.
152594;;"2020-06-06 19:35:38";"I enjoy how the photos & descriptions of items are helpful !!"
156162;;"2020-05-18 17:19:05";Nice
166190;;"2020-03-27 00:44:27";"Optimal way to sell items in a hurry with minimal effort. A+++"
152381;;"2020-06-08 21:26:06";"Great app for local buy/sell/ trade transactions. I have had great experiences on the app, both as a buyer and a seller. Beware of scammers however, several times I have had suspicious profiles message me (usually trying to purchase electronics or tools) asking for items to be shipped somewhere and always with the attempt to ""pay"" via some strange process involving a third party. Always check the profile of anyone messaging you for account activity. If theres no activity, beware!"
152336;;"2020-06-09 10:06:04";"This app is easy to use and pics look great!!"
154369;;"2020-05-21 08:41:32";"Great app"
165456;;"2020-04-04 18:55:02";"Great service and people I associate with on purchases"
152130;;"2020-06-11 03:50:46";"Great app for buyers and sellers. Seen some great deals, and have bought a couple of things for myself. Selling is really easy and quick."
152086;;"2020-06-11 15:26:06";"Good app."
153429;;"2020-05-29 21:07:22";"Best selling app I ever used..!"
162141;;"2020-04-23 05:51:22";Great
151887;;"2020-06-13 01:15:47";"Good on helping people out"
151844;;"2020-06-13 13:38:46";"Love it"
152139;;"2020-06-11 02:06:18";Ok
156986;;"2020-05-12 04:26:52";"Selling my things can help someone else"
168962;;"2020-03-11 05:19:24";"Works pretty good I use in still."
151610;;"2020-06-15 18:29:11";"Love it"
151568;;"2020-06-15 23:59:56";"Love it"
150026;;"2020-06-16 11:48:34";"Love this app!"
153431;;"2020-05-29 20:44:42";"Love this app"
161886;;"2020-04-25 12:16:44";"App just stopped. All I an able to do is hit the. "" Is it available"" or negotiable"" fonts. When I go to view pictures the picture s show up darker than usual and can't scroll through any of them. They don't open up? Odd. I did like the app however not now!"
149843;;"2020-06-18 00:24:53";"This site sucks so bad that if i could find the owner id punch him in the face! Why dont you learn how to operate a friggin website!"
149802;;"2020-06-18 14:15:30";"It's awesome. I like how it's where you can pay n keep your listing on top."
149761;;"2020-06-18 21:42:10";"Simply Awesome"
153673;;"2020-05-27 18:44:30";"Getting the hang of it for now"
162144;;"2020-04-23 05:17:40";"keep getting error messages and cant change locations. have uninstalled/reinstalled and it still doesnt work."
149586;;"2020-06-20 17:32:17";"Great bargains"
149546;;"2020-06-21 01:02:57";"I find the neatest stuff at very reasonable prices!"
149506;;"2020-06-21 12:28:44";"Not to sure yet never sold nor bought anything from it"
153150;;"2020-06-01 13:03:17";Good
162385;;"2020-04-21 01:39:27";"Great never any PROBLEM"
149339;;"2020-06-23 04:00:50";"Sucks trying to sell our house so we can move closer to family my baby boy just had open heart surgery and they took my post down for what no real reason if I could give this zero star's I would"
149300;;"2020-06-23 16:42:54";"Very good experience."
149261;;"2020-06-23 22:33:21";Nice
152604;;"2020-06-06 17:31:59";"Works great!"
156439;;"2020-05-16 14:53:31";"Love this!!!!!"
165462;;"2020-04-04 17:12:47";"I get users almost everyday that try to scam me out of items I have posted. There has to be a way to fix that. I never have this issue on any of the other platforms I use except for Ebay and that's a lot less frequent."
149064;;"2020-06-25 19:38:48";"Great deals"
149026;;"2020-06-26 02:39:23";"Good app"
149072;;"2020-06-25 18:12:30";Great!
153378;;"2020-05-30 08:59:18";"I get money"
156991;;"2020-05-12 03:30:09";"Love letgo and the items people post even if not of interest to me they are fun and interesting to see."
166198;;"2020-03-26 21:36:26";"Smooth running app. So far so good👍"
148806;;"2020-06-28 07:16:34";"No problems so far."
148770;;"2020-06-28 15:26:25";"This app is very easy to use, and actually fun. Very intuitive and easy to list something for sale. Quick and easy! I have sold many things and met many people through the app. I always meet at a local store or gas station in public for safety.🤑"
148778;;"2020-06-28 14:23:26";"Good App"
163144;;"2020-04-14 12:27:39";"Best selling app have ever used"
156171;;"2020-05-18 16:18:06";"Great app"
163086;;"2020-04-15 01:17:25";"Has nice people and has a lot of stuff if you're looking for something you need"
148561;;"2020-06-30 11:47:37";"Pretty good"
147026;;"2020-06-30 18:27:46";"Very good five stars"
146991;;"2020-07-01 01:19:15";"I have to picture it"
146956;;"2020-07-01 09:38:42";"So easy."
168495;;"2020-03-16 21:47:29";Great
152832;;"2020-06-04 07:09:06";"It has been an easy to use and is looking as though it will be profitable"
157219;;"2020-05-10 03:23:15";"Woderful I have gotten some great things on here"
166201;;"2020-03-26 21:07:11";"This app is total nonsense and Bs. I tried multiple times to sell my airsoft rifle but I was met with some type of notification from the administration that my item was not allowed. No ""gun content"" on Letgo HOWEVER, if ANYONE were to do a search the words ""air gun"" or ""air rifle"" one could find a plethora of similar and maybe even more controversial content. On what grounds was my item tasteless?? Totally biased. No sense"
146760;;"2020-07-03 12:19:34";"My son gave me a refrigerator & a really nice gas stove . They are like new he got from lego."
146726;;"2020-07-03 20:14:08";"I suppose it could theoretically work... I got 25x more views on OfferUp and 28x more views on Craigslist. Waste of my time, but maybe you'll have better luck."
146692;;"2020-07-04 03:59:12";"Excellent 👌 app"
168263;;"2020-03-19 23:41:53";Good
161322;;"2020-04-30 15:47:12";"Its a nice app and you can fine almost every thing your looking for"
156994;;"2020-05-12 03:24:27";"I love this one"
165684;;"2020-04-01 23:32:48";"Great no complaints"
146508;;"2020-07-06 02:21:38";"I don't like how the app takes my time with the bad deals that don't want"
146475;;"2020-07-06 15:52:36";"Overall good. Unable to download photos for reference."
146442;;"2020-07-06 23:00:32";"Letgo is an awesome awesome group"
148745;;"2020-06-28 19:05:05";"Need to buy a car 500 or under"
151818;;"2020-06-13 17:06:56";"Awesome. There is everything. it's a thrill strolling through. the prices fair and I know I'll find that can't do without item! Just found a house for rent for a relative of mine! Thanks letgo!"
162395;;"2020-04-21 00:05:48";"So far, so good. Haven't actually sold anything yet"
166171;;"2020-03-27 05:18:24";"It was the first time I used it, had no problems very happy with the app"
146270;;"2020-07-08 15:46:13";"IM GOOD"
146238;;"2020-07-08 20:18:00";"It ok"
146206;;"2020-07-09 03:14:23";Good
146214;;"2020-07-09 01:17:08";Awesome
163122;;"2020-04-14 18:37:58";"Cheap buyers, people want a good deal but will try to get it for nothing, most buyers are crooked."
169522;;"2020-03-05 01:00:20";"Since the last updates with an ad every dozen posts,and ads with everything you check out, it's extremely slow and freezes a lot. I have uninstalled. Get it fixed people!"
154126;;"2020-05-23 15:07:24";"Full of scams"
133888;;"2020-11-20 23:13:14";"Still not available in Canada... I can understand the LetGo people ""taking the money and running"" but this is quite possibly the biggest touch of death to an application yet. Every review says the same thing. Trash new UI, trash user experience and just a blatant ad riddled cash grab. I hope all that money you spent on LetGo causes you to go bankrupt."
133889;;"2020-11-20 21:27:50";"Change from 5 Stars to one I can't git it to open I want the original one back . 😡"
133890;;"2020-11-20 19:18:28";"Letgo was a great site. And it went to s*** with the Offerup merger. I'll never use it. Back to Craigslist and FB Marketplace."
133891;;"2020-11-20 18:49:51";"Look out for the scammers!"
133892;;"2020-11-20 09:53:11";Super
133893;;"2020-11-20 06:48:20";"Got rid of a perfectly good app. Don't download this one."
133894;;"2020-11-20 05:52:02";"Not supported in canada? Why?"
133895;;"2020-11-19 19:47:52";"The.merge killing this app can not login can not create new account awful"
133896;;"2020-11-19 17:12:26";"Good place shop for stuff u need......................................................................................................................,.....?.?.?..?..?....,,,,,,,,,,,,,,,,,,,,,,,,,,,,,,,,,???????????????................................................................ ................."
133897;;"2020-11-19 14:43:06";"I like this app it has some of the items I be looking for."
133898;;"2020-11-19 12:26:44";"If the app is no longer supported or allowed to be used, remove it from the play store. You say the only app available is the combined one, then why is the old letgo app still available for download, thats misleading, I understand you want people to know you merged with offerup but I dont think aggravating people is the right way."
133899;;"2020-11-19 07:34:54";"Merge with OfferUp killed what made this app so great. I could nearly make a part time living before LetGo got bought out. My sales dropped to *zero* when the switch happened. I guess I'll have to give fb marketplace my next shot.. That or another side hustle all together. Smh."
133900;;"2020-11-18 21:43:48";"It's not letting me sign in it keeps saying error and nothing I do fixes it"
133901;;"2020-11-18 20:08:40";"Giving this ""new app"" 1 star. I absolutely loved Letgo before it merged with OfferUp. That app is terrible. I started using Letgo for a reason lol. I already had reviews and ratings on Letgo and I'm very disappointed about all of that information not at least getting transferred to my new OfferUp account. I really don't want to delete this app but it's just taking up space because no matter how many times I update it, I can't even see my old profile because it just takes me to OfferUp."
133902;;"2020-11-18 16:14:29";"I gave a review about something i considered to be an issue. And the reply i got was if theres anything we can do let us know..... Um yeah how about doing what I said and Remove the dealership adds.."
133903;;"2020-11-18 04:49:55";"Since letgo came together with this new co. Its been very hard to do almist everything. I might just drop letgo all together. The new program.is so screwed up. Its much more complicated & very hard to navigate around in. I would not recommend to anyone."
133904;;"2020-11-17 22:45:09";"Sucks now"
133905;;"2020-11-17 20:19:24";"Updated review from 4 to 2 stars: in my opinion this is the sketchiest app with more people knowingly selling fakes than other apps I've used. The verification process =severely lacking/poor & probably a big contributor to that fact. I no longer use this app, I favor pretty much any other app/platform @ this point. MAYBE good for buying some types of items but not Jewelry, name brands,etc! Also, if someone reports you just because, the process is poorly managed. Thank you"
133906;;"2020-11-17 15:28:32";"Not bad"
133907;;"2020-11-17 09:31:39";"very good"
133908;;"2020-11-17 07:09:45";"The servers failed me today. Was supposed to meet up with someone to buy chairs. The app refused to load any chats so we weren't even able to communicate pick up times"
133909;;"2020-11-17 02:23:57";"It used to work so well but now error during login attempt!"
133910;;"2020-11-17 00:12:46";Nice
133911;;"2020-11-17 00:04:27";"Nice app"
133912;;"2020-11-16 20:11:48";"Very good."
133913;;"2020-11-16 20:07:28";Grea
133914;;"2020-11-16 17:04:12";"Do you guys not see that this merger is a terrible idea? And don't tell me you hope I find success because I don't have this app downloaded and will not ever use it again."
133915;;"2020-11-16 16:37:46";"I use both letgo and offerup, the 2 platforms combining makes good business sense. What is lunacy and diametrically opposed to such business sense is absolutely zero dialogue with your user base before shutting down Letgo. I don't recall my letgo password so I dont have any access to my old reputation, listings, sellers I follow etc.. What we need to know is what is being done to remedy the current situation and how will those negatively impacted be compensated. Dev's reply is a bot obviously."
133916;;"2020-11-16 10:55:39";"Letgo used to be a great app when it wasn't merged I gave it five stars now it's one star it's not as simple as it used to be it's a complicated app now let go used to be a fantastic app I do not know why it was messed with you weren't thinking about your consumers if you can bring the old letgo back"
133917;;"2020-11-16 10:20:56";"Scam no"
133918;;"2020-11-16 07:44:19";"This app does not work on updated Samsung S10e. - not US"
133919;;"2020-11-15 23:12:18";Good
133920;;"2020-11-15 22:28:45";"i think it`s as obvious as trumps loss. offerup you ruined a good thing when you took over letgo. you re in denial just like the almighty trumper. kinda like a seinfeld episode where if ya not around for the breakup call or meeting it means you re still on as a couple right? don`t jump in and defend your site with the snarky little go to offers clic on and choose next best thing option .......sadly because there isn`t one. why not instead revive letgo and ask it`s members for imput on how they would improve things. like my uncle use to tell me if somethings not broken.... don`t fix it. true words to live by. guess i just made the 100 plus words club. shucks..... i`m beginning to blush."
133921;;"2020-11-15 21:59:03";Ok
133922;;"2020-11-15 15:29:30";"I used to buy so much stuff on LetGo. This new OfferUp app is useless."
133923;;"2020-11-15 11:50:57";"Letgo was cool. Starting to open to open up to offer up but still miss the letgo layout"
133924;;"2020-11-15 02:33:05";"So far so good"
133925;;"2020-11-14 21:50:57";"The service and app used to work so well. I used it more than a dozen times to but stuff from here locally and abroad. After the merger, not so well. The offers are there from a year ago, they don't update. I'm still getting offers located in an area of the country I haven't been in 6 months, regardless of the area of search I specify. It yet has to work well enough to even communicate, much less make a deal with anyone."
133926;;"2020-11-14 21:16:39";"I had this app for years and loved it until they said it is no longer supported in Canada :("
133927;;"2020-11-14 21:13:26";"Nice,covers everything"
133928;;"2020-11-14 11:11:32";good
133929;;"2020-11-14 00:41:51";"Good work ruining a solid app and marketplace. Don't download it, all it does is direct you to their new merged app. Nothing like taking something downloaded 1 million times and trashing it."
133930;;"2020-11-13 23:03:34";"Ehhh, its aight"
133931;;"2020-11-13 21:32:05";"Terrible merger of these 2 apps! Almost all search results, are very old (lots of 2019 posts!) and hardly any results at all! Often 0-3 results. I do live in a rural area but not far from 4 cities and between 2 states. This wasn't a problem at all with Letgo! Also, I was in the middle of purchase when the merger happened. I've since lost the deal and I've been checking daily to find it again but with ZERO results for the item or seller! The seller/item has just disappeared! Thanks a lot!!!"
133932;;"2020-11-13 20:10:28";Great
133933;;"2020-11-13 18:21:26";😧
133934;;"2020-11-13 17:09:03";"It ok"
133935;;"2020-11-13 15:07:17";"Satamadigim seyleri yeniden aktif etmem icin para odememi istiyor sacmaliga bak. Zaten satamamisim bir ise yaramamissiniz, bi de ustune para mi istiyorsunuz utanmadan"
133936;;"2020-11-13 04:05:58";"Like letgo haven't used it in a long time."
133937;;"2020-11-13 01:18:52";"The merger ruined the app. Enough said."
133938;;"2020-11-12 22:14:08";"Letgo by itself was user friendly, manageable, and organized. Offer up is a huge cloister of stuff I spend too much time sifting through. Dropped the app. Sorry."
133939;;"2020-11-12 14:45:40";"You lost me. Most of what I sell isn't very expensive so now I either have to make no $$ for selling it at normal price or over charge for my products..."
133940;;"2020-11-12 12:28:01";"You have a so update. Updates app. You can't use this anymore. You have to download a different app. I didn't use OfferUp for a reason. That's why I was using letgo. Now you've screwed us. 🤬"
133941;;"2020-11-12 09:23:28";"So offer up you want to buy let go because it was successful then make sure you have the same easy platform the letgo users got use too Literly the dummiest choice letgo did Nope did not find the same passion I had in let go offer up can be in the trash not the app store"
133942;;"2020-11-12 06:30:47";"This app was working just fine and now I'm dealing with a pop up that says letgo is part of offer up. This is fustrating and unless it gets resolved I'm leaving this one star rating. It's a shame that letgo's merger with offerup was botched."
133943;;"2020-11-12 04:08:31";"Since offerup merged, it has been so complicated for myself & my clients.."
133944;;"2020-11-12 03:44:15";"It was cool before it just became offer up, now it is garbage"
133945;;"2020-11-12 03:32:04";"I love letgo all the people that i was selling to now i lost contact with them. Offerup is no good they need to go back to letgo much much better. The 5 stars for letgo is 5 stars offerup gets no stars cant even sell nothing on it. If people are complaining about offerup yall need to take it down and put letgo up buy itself. People been selling and buying on letgo now its hell on offerup cant sell nothing on there."
133946;;"2020-11-12 03:29:39";"Why update this app if... When you open the app you are FORCED INTO downloading a different app that you are now associated with. Why not notify users to remove their listings or provide a method for transferring a listed item to the new platform?"
133947;;"2020-11-11 22:01:44";Ok......
133948;;"2020-11-11 19:22:19";"Hate it !!! Bring Letgo back and solve the big problem"
133949;;"2020-11-11 18:09:58";"Was much better as letgo to hard to navigate and find what you are looking for"
133950;;"2020-11-11 14:34:04";"Loved let go by its self hate the new app that has made letgo horrible"
133951;;"2020-11-11 13:40:05";"The old Letgo was an excellent app, as soon as it switched to OfferUp the whole experience went to hell! The only ""offers"" I have a recieved on any items were robo scam responses phishing for personal information. Never on Letgo did that happen! Such a major disappointment, I have given it sometime thinking maybe some of the kinks would be worked out but nothing has been fixed. Deleting and looking for a new ""Yard sale"" app."
133952;;"2020-11-11 11:11:27";good
133953;;"2020-11-11 08:24:10";"Letgo was good. Would give it 5 stars, but since it merged with OfferUp it's not the same... Lots of scams and way too many people giving stuff for free, and asking for money to be shipped to you like they can't give it for free to their neighbors??? There's no need for shipping and going to all those struggles when you do something from the heart no money should be involved. Now everyone is scamming for a few dollars and some are just trying to get rich... Bye bye let go! OfferUp destroyed you."
133954;;"2020-11-11 03:20:38";"Bought and sold lots in this app.awesome"
133955;;"2020-11-11 00:00:29";"Offer up is a absolute dumpster fire! Congrats Letgo, u destroyed something that didnt need to be changed or ""fixed"" and now its trash. Delete!"
133956;;"2020-11-10 23:41:37";"The app should've stayed. The merger definitely discourages using the app"
133957;;"2020-11-10 21:20:38";"Love it"
133958;;"2020-11-10 17:19:03";"Too many things have been going on is not same anymore i think this marriage has create more problems for letgo and offerup"
133959;;"2020-11-10 17:09:47";"Not available in Canada."
133960;;"2020-11-10 16:31:36";Good
133961;;"2020-11-10 16:08:44";"What a way to screw your loyal fans over ... Garbage 🗑️🗑️🗑️ Your response is even more Garbage since that app you merged with cannot even be used in Canada ... and on top of that, you just deleted the app's useability and all conversations and sales that were in progress, least you could have done is allow the conversations to stay for a while ... Absolute useless. selfish, and uncaring company ..."
133962;;"2020-11-10 13:35:51";"I absolutely hate offer up!"
133963;;"2020-11-10 05:59:04";"I dislike Offer Up so much & enjoyed Letgo the way it was by itself. Now I don't sell anything. Please bring Letgo back. 😔"
133964;;"2020-11-10 05:43:38";"Letgo was amazing tell it was off Canada bring it back please"
133965;;"2020-11-10 02:45:58";"Letgo was easy and UI was good. Now it sucks with Offer up"
133966;;"2020-11-10 01:13:04";"Garbage now that it's with offredup"
133967;;"2020-11-09 23:52:40";"App is gone"
133968;;"2020-11-09 23:45:00";"Don't bother if your in Canada for some reason it was working fine but all of a sudden they pulled out of Canada. 🤔"
133969;;"2020-11-09 17:44:38";"Offer up is horrible I loved letgo by its self why don't talk drop offerup and run everything off of letgo so much better I think me and more than half of all the user agree"
133970;;"2020-11-09 16:45:23";"Ürünü tekrar ilana koymak için reklam izlemek zorunda bırakmak nedir ya, böyle güncellemenin @k"
133971;;"2020-11-09 16:00:48";"No thanks to the merger. I rather have options. For this you take away people ability to post in more app."
133972;;"2020-11-09 14:50:35";"Man I loved letgo and was on it all the time but now I dont use it at all anymore now that you teamed up with offer up witch I dont like at all so this sucks big time 😔👎🏾 you need to go back to your own app again"
133973;;"2020-11-09 14:35:40";"I was amazed to see how everyone else described the downfall of letgo. I despise the large corporations forcing us to see their ads when I was very happy with buying others used items. It's a feeling of recycling and protecting the planet. I no longer have either app back to NWI Bargain Finder and creepy Craigslist."
133974;;"2020-11-09 05:31:18";"No longer available"
133975;;"2020-11-09 05:14:22";"Letgo worked for me offer up doesn't do it sorry I don't like it"
133976;;"2020-11-09 03:10:51";"Letgo is awesome. Offerup is a mess. The merge between the two was a horrible mistake. Offerup is nothing more than a child's experiment with application creation. It's filled with ebay and Amazon links. Sad to see a good company sell out. Patience has a higher payout."
133977;;"2020-11-08 19:36:22";"Satılık ürün hakkında çok az ayrıntı var. Satıcılar daha çok ürün bilgisi girmeliler."
133978;;"2020-11-08 16:41:19";"No real warning that it was not going to be available in canada total waste of space on my phone now. Uninstalled. Side note the world doesnt revolve around the US just saying"
133979;;"2020-11-08 13:02:21";"I liked let go alot better than offer up, that site really stinks, wish it would go back to the way it was"
133980;;"2020-11-08 12:03:48";"I LIKE LETGO AS A SEPARATE COMPANY. NOT HAPPY-WITH ALL SCAMMING ON OFFER UP!!! THERE IS NO customers who want deals"
133981;;"2020-11-08 04:59:56";"Was great till they merged with offer Up"
133982;;"2020-11-08 03:11:17";"No longer available in Canada sucks I used it a lot"
133983;;"2020-11-08 02:58:47";"Downloaded today. Opened app. App says to download a different app. Come on."
133984;;"2020-11-08 02:05:31";"I miss this site now that Offer-up has taken control of it."
133985;;"2020-11-07 19:36:11";"App was great before merge with OfferUp happened, miss this app greatly and I hate OfferUp, Letgo was superior."
169474;;"2020-03-05 17:19:51";Nice
169234;;"2020-03-08 08:43:30";"It was really good app but after last update you cannot see new listings unless you turn on gps and thats bad. After that my visit stats down. So it is useless like that. If you fix this I will change my low rating."
168996;;"2020-03-10 22:43:56";"Awesome place to conduct buisness"
168760;;"2020-03-13 20:35:11";"So far so good 👌"
168526;;"2020-03-16 16:10:39";"Sold my car fast with letgo! Lot of hagglers and crazies wanting to trade, but overall letgo blocks them from continueing the conversation! So overall good app!"
168456;;"2020-03-17 13:30:43";"Good site to buy and sell"
168216;;"2020-03-20 17:04:29";"Cool App thx for making it"
166452;;"2020-03-24 06:04:30";"The old version was better. Let Go is horrible now. My account has been under view for months for no reason what so ever. It is really frustrating. I DO NOT RECOMMEND THIS APP at all. They let Sex Offenders sell things on here but they wont let you sell clothes."
166226;;"2020-03-26 17:47:47";"Makes selling easier"
166151;;"2020-03-27 15:09:14";"So far so good I have been able to find some good deals but be careful and double check prices."
165928;;"2020-03-29 21:54:16";"Ive been using this app for 3 years. Its a great app to sell and buy things. They are also really good with there customer service and have help me multiple times"
165708;;"2020-04-01 17:19:39";"Great buy and sell app!"
165636;;"2020-04-02 16:09:58";"Makes it easy to find what im looking for"
165419;;"2020-04-05 02:29:44";"Easy to use list and pick up"
165204;;"2020-04-07 18:55:31";"Shame on the app for allowing users to abuse the situation during covid 19 for price gouging. Example a 40$ item brand new sells for 120$ used. Uninstalled."
165135;;"2020-04-08 16:42:59";"Love this app better then offer up."
163388;;"2020-04-11 14:41:55";"Like it alot"
165941;;"2020-03-29 18:57:42";"Found what i needed"
163112;;"2020-04-14 20:29:43";"Easy and fun to use"
162906;;"2020-04-16 21:50:37";"Good deals at a good price"
162840;;"2020-04-17 15:58:59";Great
162637;;"2020-04-19 06:36:57";"It takes me to chicago. Instead of no. colo."
162572;;"2020-04-19 17:43:41";"Loved it but now it keeps saying error acurred while loading listings. Wont show any new listings"
162372;;"2020-04-21 03:18:49";"The app is consistently having issues refreshing new items; I've already uninstalled it twice and reinstalled it. I've been scammed twice so far by people who have others put things up in my location and they themselves love out of town with their products. Like the many other apps such as this one I've only ever had 1 good honest experience, thus my 🌟 for it. Good luck for anyone else who downloads it."
162308;;"2020-04-21 18:55:58";"Great app"
162111;;"2020-04-23 15:17:48";Useful
162049;;"2020-04-24 01:32:12";"Can't Hadley explaine just love it"
161856;;"2020-04-25 17:21:55";"Hurry up and buy lol"
161795;;"2020-04-26 04:06:26";"Very easy to post things. Makes it easy to post lots of listings everyday."
161605;;"2020-04-28 01:19:26";Good
161545;;"2020-04-28 17:11:35";"Easy to use but watch out for creeps"
161358;;"2020-04-30 05:22:01";"I like it alot"
161299;;"2020-04-30 18:52:15";"A ok"
161115;;"2020-05-02 04:58:40";"It's the easiest and quickest app around."
161057;;"2020-05-02 18:24:08";"I love shopping on let go it best thing ever"
169491;;"2020-03-05 11:51:24";"Easy to use"
160819;;"2020-05-04 20:27:46";"Beware of all of the scammers. This app really needs to do a better job at enforcing account verification because within 2 minutes of me posting furniture for sale I had messages from 15 different scammers wanting my information and asking me to trade items or take a cashier's check in the mail because all of them were conveniently out of state. I will be uninstalling and not using letgo anymore."
161309;;"2020-04-30 17:59:35";Awesome!!!!!
160585;;"2020-05-06 23:43:19";"I'm happy to buy a tools"
157529;;"2020-05-07 13:41:53";"Great app..."
157473;;"2020-05-08 00:30:10";"Hasn't worked correctly for weeks"
165721;;"2020-04-01 12:04:01";"Seems like a really needy app! Emails and notifcations constantly and i havnt even used the app yet! Stalkish in nature very scary"
157245;;"2020-05-09 23:41:10";"Always find what im looking for"
157189;;"2020-05-10 13:40:15";"Love this app easy to sell and purchase what you actually see I have bought two vehicles and several other stuff from this app love it👍👍👍👍👍😄"
157019;;"2020-05-11 23:29:48";"It's always loading and never connecting. It's the only app that struggles with that. All my other apps work and load right away so it's not anything wrong with my connection. But this one takes forever if it even loads, offerup works better in terms of loading."
156964;;"2020-05-12 11:50:07";"It's been a pleasure using this app"
161810;;"2020-04-25 23:56:16";"Seems fun. I like it so far. Easy to use"
156742;;"2020-05-14 02:43:01";"I love to see the saling"
156687;;"2020-05-14 14:14:15";"Great for local deals on new and used items Ans services near by"
165956;;"2020-03-29 15:37:59";"Have had this app before now its asking for a phone number and refuses to verify my number that I have used before."
156469;;"2020-05-16 07:39:05";"Excellent app works great keeps improving"
156477;;"2020-05-16 06:17:51";"It let me sell cocaine and weed and heroin. so good you download"
156253;;"2020-05-17 22:38:17";"Love it"
156199;;"2020-05-18 10:49:46";"Love this app great where you find things"
168477;;"2020-03-17 03:03:45";"I really enjoy this app. Ive bought all kind of stuff from this app. Thanks Letgo."
154457;;"2020-05-20 14:19:24";"So far so good haven't been on the site long enough to give allot of feed back"
154405;;"2020-05-20 23:40:03";"Does not notify me of new chat messages promptly. Shows listings out of my search areas"
157202;;"2020-05-10 09:57:57";"Love it!!"
154201;;"2020-05-22 18:09:37";Awesome
154150;;"2020-05-23 06:51:16";"To hold do it if so bring junk in the Dom"
156699;;"2020-05-14 12:38:02";"Great site to sell and buy"
153951;;"2020-05-25 02:57:11";"Awesome !"
153901;;"2020-05-25 16:10:53";"Great app"
169272;;"2020-03-07 22:19:47";Awesome
166411;;"2020-03-24 17:48:21";"So far so good"
153655;;"2020-05-27 23:58:51";"Bought alot of things!"
153605;;"2020-05-28 10:09:47";"Excellent app"
162397;;"2020-04-20 23:52:05";"Don't know what's the problem now. every time I open the app it will NOT upload new merchandise even after app has been updated. can you please fix this because it is not on my end."
153415;;"2020-05-29 23:34:13";"The best app to buy and sell your products. I love it"
153366;;"2020-05-30 13:17:07";"Very good app easy to use I have found lots things here"
165954;;"2020-03-29 16:41:41";Ok
153181;;"2020-06-01 03:23:10";"It's a great app. I always find what i'm looking for. You just need to be able to tell scamers apart from real stuff."
153133;;"2020-06-01 16:31:08";"Not getting messages but my old phone is"
168486;;"2020-03-16 23:12:01";Great
162335;;"2020-04-21 14:22:27";"If it says free its a scam"
152906;;"2020-06-03 15:57:49";"No bites"
152859;;"2020-06-04 00:55:53";"Love it I got sime great deals"
168482;;"2020-03-17 01:51:11";"Do not know yet"
165672;;"2020-04-02 01:37:07";"It's the best"
152639;;"2020-06-06 07:06:42";"More than anything"
152593;;"2020-06-06 19:46:20";"Want to see privet owned motorcycles for sail"
156216;;"2020-05-18 05:15:48";Good
166416;;"2020-03-24 17:13:18";"Great app"
152380;;"2020-06-08 21:38:09";"Got scam 2 time"
152335;;"2020-06-09 10:08:11";"Sometimes you wind up really glad you decided to post certain items on this app and then there are those times you regret even knowing the app even exists!💯"
154421;;"2020-05-20 20:30:52";Great
165674;;"2020-04-02 01:23:01";"I enjoy the deals Ive found and the people I've met. My last 4 vehicles have come from Let it Go."
152129;;"2020-06-11 03:51:51";"great app for both buying and selling, never had any issues."
152085;;"2020-06-11 15:43:30";"So far so good."
160780;;"2020-05-05 03:02:15";"only used it to search for a frend"
162339;;"2020-04-21 13:19:20";"Beh the search sucks and now, after the last update the search won't work at all for me, now the listings, search and everything refuse to update or anything. I have to keep reinstalling to get anything in the app to work, it'll work for a bit then I have to reinstall again"
151886;;"2020-06-13 01:25:34";"Got what I needed"
151843;;"2020-06-13 13:40:54";"My daughter was scammed trying to buy a game system and letgo has done nothing to help, although they were notified of the situation immediately. Me again, just wanted to add that is not at all the fault of the developers. I they did the right thing for them I mean, 👂👂I am increasing my stars b/c Apparently, this adult child sold ( w/her brother's help) They sold a game system in little over 24hrs."
162603;;"2020-04-19 14:23:10";Good!
163409;;"2020-04-11 06:00:22";"I just started using let go but so far pretty good app I like everything on it sometimes I think some things are a little expensive because they're not new but I like it and things are negotiable so I know so far so good"
169043;;"2020-03-10 12:48:50";Sold
151609;;"2020-06-15 18:29:53";"Nice app"
151567;;"2020-06-16 00:01:59";"It's dope"
150025;;"2020-06-16 12:20:52";"Ive been using this app for about 2 years and have never had any proplems. It is fast to react and remove improper people. I also have a problem with alerts when someone messages me 80 % of the time the app never alerts me. I also feel the ""is it available "" button is too easy to accidently it."
166176;;"2020-03-27 03:39:18";"It is cool"
162080;;"2020-04-23 20:00:16";"Great app for selling fast and easy"
149842;;"2020-06-18 00:42:38";Awesome
149801;;"2020-06-18 14:21:12";"But it's a really good app"
149760;;"2020-06-18 21:49:52";"Used for multiple years and because of fake flagging and poor investigating process they blocked my account. Zero loyalty"
162071;;"2020-04-23 21:47:18";"Connection issues every time I open the app and try to chat. And NO IM NOT EMAILING ANYONE go through your servers and solve the issue Do the creators have software developers or kindergarteners? Update the app same issues"
162342;;"2020-04-21 12:02:02";"Contacting people is easier than Craigslist, it doesn't seem like people flake out as much here. Searches do seem to go sideways off of relevancy. The first few listings are usually what I'm looking for."
149585;;"2020-06-20 17:42:33";"Always find great stuff!!"
149545;;"2020-06-21 01:04:33";Great!
149505;;"2020-06-21 12:33:37";"Good things"
165452;;"2020-04-04 19:52:50";Junk
161329;;"2020-04-30 14:23:17";"Find hust about anything"
149338;;"2020-06-23 04:05:54";Works!
149299;;"2020-06-23 16:49:51";"Recent changes were bad choices. Now when I'm scrolling through the items and decide to look at something, I have to message the seller when I just want to look at the other pictures. Please fix this."
149260;;"2020-06-23 22:35:21";"Okie dokie: )"
152099;;"2020-06-11 13:09:57";"Good app to shop"
156493;;"2020-05-16 01:24:07";"just have a lot to offer and reasonable prices nice easy to get things sold that you're not using I like it"
165680;;"2020-04-02 00:18:28";Great!
149063;;"2020-06-25 20:01:50";"Ok Loved it."
149025;;"2020-06-26 02:43:12";"I am not used to selling on sites oh, but I have used to others, yours was the easiest and fastest to go into, thank you for making it easier for older people..."
163331;;"2020-04-12 05:03:47";"This is one App you shouldn't let go! 100/100"
152610;;"2020-06-06 16:30:47";"Awesome connections w great people and nice items.. thank you"
162655;;"2020-04-19 03:24:48";"Cams need to be gone"
166424;;"2020-03-24 15:18:21";"It's a good thing to be able to buy and sell items on this app really it works great."
148805;;"2020-06-28 07:34:38";Expiencable
148769;;"2020-06-28 15:29:04";"Love it!!"
148814;;"2020-06-28 03:03:59";"He was very courteous professional showed up on time did a great job!"
152101;;"2020-06-11 12:33:05";Great
156225;;"2020-05-18 02:41:44";"Not that good"
163153;;"2020-04-14 10:44:49";"Better then offer up"
148560;;"2020-06-30 12:12:39";"Good items"
147025;;"2020-06-30 18:52:24";"Greqt app to sell those odds and ends"
146990;;"2020-07-01 01:22:54";"Help me sell a lot of my things"
146955;;"2020-07-01 09:50:26";"Like Kijiji but on a global scale with better deals."
165649;;"2020-04-02 10:46:52";"Great app overrall"
152879;;"2020-06-03 21:26:03";"Lots of inventory and easy to use"
157275;;"2020-05-09 18:40:47";"Great app"
166427;;"2020-03-24 15:01:25";"It's a pretty decent app for buy/sell/trade .... its user friendly and set up well. I dont like that you cant set a default location and alot of times I have to manually change it back cause it will set itself for several states away but that's really about the only issue I have with it"
146759;;"2020-07-03 12:29:50";"Error when trying to search. Every. Time."
146725;;"2020-07-03 20:15:09";Ads
146691;;"2020-07-04 04:13:10";Amazing
156989;;"2020-05-12 03:50:28";Great
152833;;"2020-06-04 06:21:37";"Nice app but could use a barter section and secure shipping in app."
162325;;"2020-04-21 15:27:52";👍
165904;;"2020-03-30 03:18:59";"Have bought and sold great items on this app😊"
146507;;"2020-07-06 02:26:01";Like
146474;;"2020-07-06 16:00:36";"Love finding things cheap and even free"
146441;;"2020-07-06 23:32:39";"I used to hate the app and gave it 1 star but now i like it that you can directly communicate with people right theough the app. I used to think you had to go through craigs list or wastever site they were posting it on but i figured out the app and now love it!! Thanks"
148781;;"2020-06-28 14:11:22";"Muy buena app"
151861;;"2020-06-13 08:19:31";"I have been using this app for a little while and I've sold a few things on here, and I'd like to keep using it, however I haven't been able to use it for the past several weeks because my account was put under review without a given reason. I've also contacted letgo twice about it, but I never got a response or a reason as to why my account is under review. I honestly have no idea as to why my account is under review, everyone I've ever sold anything to had given me 5 stars."
154125;;"2020-05-23 15:13:05";"Good app for fast local trade and business. Very good chat function. Highly recommend."
161833;;"2020-04-25 21:03:06";"Do NOT know what has happened to this app over the last week or so....takes FOREVER to load and chat is nearly impossible.....kinda late in the game to blame the Corn-hole scamdemic/Plannedemic.....pull your heads outta your A-HOLIO and get us back! I personally have a VERY expensive item listed here and have ALWAYS had good luck in the past selling.... GET-'ER-DONE! Use to be a 5 star rated.....no so much this last week."
146269;;"2020-07-08 15:51:28";"Simple, easy to use. I like the option to message people directly on the app."
146237;;"2020-07-08 20:35:07";"Have to log in through magic code that takes forever to work. If you delete the app and then DL again, there will be glitches. I've been waiting weeks to log in. Also the buyers have to ask others to verify their profile. It should be Letgo's responsibility to verify users. Instead I have creepy ple sending me messages all the time. Reporting won't solve anything as they will keep making new ways to log in."
146205;;"2020-07-09 03:18:49";Convenient!
146246;;"2020-07-08 19:34:33";"Can find what you're looking for"
154376;;"2020-05-21 05:40:28";"This app has downhill. Little stuff is being sold here. Way 2 many different services. It is supposed 2 be about sellin/lettin go of new/use stuff gettin rid of clutter. Also i have to click on the picture to see the price. Way back when it came out it had the price on the picture. I guess that's the only way u get eyes on your items but it sucks that you have click on the picture. Way too many ads that sucks too!!! You have been warned. Downloaded it when it first came out. Will be deletin"
157211;;"2020-05-10 04:49:23";"Wide range of things for fraction of what it is brand new. The security features are awesome because you never know who you'll come in contact with without some indication that people are who they say they are. 👍"
154177;;"2020-05-23 00:38:40";"Its been great"
134144;;"2020-10-14 16:01:41";"This is a personal info mining app. Most of the things for sale have already been sold but the ads are still up. no one ever responds to your messages on the sale ads. Difficult to delete your profile info."
134145;;"2020-10-14 14:37:42";"Works well.. I likey"
134146;;"2020-10-14 08:49:43";Dumb
134147;;"2020-10-14 03:45:04";"This app WAS so amazing. Clean look to the menus and all. Just was a class act buy and sell app....however, I am very very mad with the merging of Offer Up and Let Go. I think if anything Offer Up should have merged TO Let Go. Because, Offer Up is just a HUGE mess of items, very unorganized. People don't even delete sold items from months and years ago! If anyone would like to join me and help me create a petition to BRING BACK LET GO I would happily help!"
134148;;"2020-10-14 03:29:40";"Why have an app on the store that only takes you to download another one. Just remove this one."
134149;;"2020-10-13 23:57:35";"Never had a problem with it in the two yrs I've used it. I mean some ppl will stand u up and stuff but that has nothing to do with the app. However, the app does give u a review of how quickly the seller/buyers responds, and if u buy something off of someone the app will allow u to give feedback about ur experience with that person, if they were polite, if they showed up on time, etc. So yea I would definitely recommend this app."
134150;;"2020-10-13 21:21:44";"My bf lead me to using letgo after he had success with many local sales. Then I saw the merger with OfferUp that everyone on here is talking about. Offerup was an awful experience for me with many creeps not even looking for products or sales! And now I see letgo leaving the same BS comment ""we're sure you'll find success with offer up and letgo."" 1. STOP LEAVING YOUR USERS THE SAME AUTOMATED MESSAGES WITHOUT EVEN ADDRESSING A WORD THEY SAID!..."
134151;;"2020-10-13 21:17:13";"It got bought, why is it still on the store page?, also OfferUp kinda sucks so."
134152;;"2020-10-13 21:15:46";"Unbelievable login logic. Actually its not a logic, I cant write here. Whoever thought that, fire him/her/it."
134153;;"2020-10-13 20:54:56";"Downloads to tell you to download OfferUp . Yeah I dont know why the app is still on marketplace..."
134154;;"2020-10-13 20:12:01";"I am addicted to this app"
134155;;"2020-10-13 15:50:41";"I love these guys anything I need you need you will find it here...for dirt cheap.."
134156;;"2020-10-13 09:17:29";"Excellent platform to be able to Buy and Sell Products new or used. As it's very efficient and designed well. A few kinks could be worked out but overall excellent.. Well it was a 5 star review back in August but now as of October 13 , 2020 it's now a 1 star due to many issues, problems, and now just seems like a market and Platform for a bunch of Scammers to try and get your information and what else by messaging about absolutely nothing and not even have photos or any verification."
134157;;"2020-10-13 03:37:15";"Fast and easy"
134158;;"2020-10-13 01:56:45";Good
134159;;"2020-10-13 01:34:10";"Please come back, the new app variant is awful"
134160;;"2020-10-12 17:45:38";"Su ks now"
134161;;"2020-10-12 17:02:38";"I paid for the premium so my moped could be the first viewed and when it showed up on let-go there was no Conway of them to contacting me so the whole experience was very bad very negative and I never got my money back I'm supposed to be making money off of let go not giving it to you"
134162;;"2020-10-12 13:52:53";"I was really happy with let go..I deleted it when they partner up with offer up"
134163;;"2020-10-12 13:06:33";"Made $200 in the first week...  Excellent app!   Cheers to the devs."
134164;;"2020-10-12 12:20:53";"Sellers Beware!! This app has no Customer Service. You can email them or some stupid social media reach out . its unacceptable and if you cant speak to a staff member, then where is the Business aspect !!!! We need written laws to make these pathetic apps adhere to customer service aswell as provide jobs !! All this money they take but dont have common decency to speak with any one of us."
134165;;"2020-10-12 12:02:17";"I thought the app was going away why is it being updated. According to offer up with taking over let go. Or is that a fake update"
134166;;"2020-10-12 10:35:01";"Great, Out sanding, Best in town."
134167;;"2020-10-12 10:18:35";"I enjoyed this app and community, sometimes daily, when it was LetGo.. Now it's unusable, for me, anyway. When being pushed through setting up a new account, with a new company, it feels like my account was sold, not migrated, conjoined, or merged. I have no service now, since I've deleted whatever this app is now from all my devices. Goodbye LetGo, it's been real. 🙋"
134168;;"2020-10-12 05:51:37";"Amazing. Every one I have dealt with has been good, awesome people to deal with. All honest so far. May your experience be a blessing to"
134169;;"2020-10-12 05:32:00";"Just as easy as any other"
134170;;"2020-10-12 05:05:23";"I want my letgo app back!!! Leave it alone!!! This is ridiculous, I lost all my customers, I don't sell anything at all anymore!!! Go away offerUP!!!"
134171;;"2020-10-11 23:00:19";"Pulled out of Canada, nice. Tell Offerup to stay out of Canada. :)"
134172;;"2020-10-11 21:44:57";"why would you partner up with offer up it sucks"
134173;;"2020-10-11 19:22:47";"Letgo was great . Kept everything local. Now on Offerup it is more commercial. It has people selling from across the US. Does it really only cost $12 to ship a $50 tile saw from California to NY? It changed just like Ebay. First it was private individuals selling stuff around the house or something they made at home .Now it is mostly commercial retail players."
134174;;"2020-10-11 17:30:55";"Used several times. Always fine"
134175;;"2020-10-11 14:27:17";"Problem when i change item price currentcy from TRY TO USD . i hope you fix it soon . Also there's a lot of annoying people can we make mute button ! Copy and paste and edit text is too hard i hope you improve ! ( Cause i trying to use google translate ) !"
134176;;"2020-10-11 13:33:17";"Dumb. Never used it, and when I did it's no longer available. This 2 days after updating??"
134177;;"2020-10-11 13:10:26";"Letgo was great unfortunately now they ruined it by merging had to delete it itwasn't the same back to craigslist I guess offerup sucks"
134178;;"2020-10-11 02:46:23";"Okay cool just add an update that makes it so it's not supported in my country been using letgo for the longest time a few years and now it's not supported in my country good job"
134179;;"2020-10-11 02:29:52";"letgo was so much more organized .. I wont be using offer up. Guess it's back to the basics for the majority of us letgo users offer up is trash"
134180;;"2020-10-11 01:55:27";"I had letgo but it wont let me back in cause its with offerup and that app u cant delete ur items."
134181;;"2020-10-11 01:25:24";"I absolutely LOVED letgo i sold so much stuff at good prices to good people it was perfect the way it was Now being forced to combine it with another app that i lost all of my verification points and previous sale record needless to say i am not happy!! It is entirely too complicated and fussy it is no longer the simple quick to the point sale app if i wanted a messy complex pain in the butt method of sales i would just use craigslist. Split the app back to letgo and ONLY letgo! Please!!"
134182;;"2020-10-11 00:53:05";"Wow they ruined my let go experience by forcing an offer up partnership. I just wanna search locally"
134183;;"2020-10-11 00:42:12";"garbage that offerup bought it. i loved this app"
134184;;"2020-10-10 22:38:56";"Wow just dropped all of Canada."
134185;;"2020-10-10 21:18:50";"This app is no longer useful just a promotion for offer up... trash"
134186;;"2020-10-10 21:10:21";"All right"
134187;;"2020-10-10 20:48:51";Cooool
134188;;"2020-10-10 18:29:28";"It seems that all of us Letgo users were just migrated to another app/company called offerup who bought Letgo for millions, I am sure! Nice user aquisition for fraction of what would have cost them to aquire... instead, someone bought the Letgo herd/tribe and forced offerup down our throats.... #Sad to see Letgo go...I have to let go I suppose. But wait!!!!!!! Let's build our own community app resembling Lego, contact me on Twitter @dotnetblue"
134189;;"2020-10-10 16:05:04";"Its a shame that Letgo merged with OfferUp, it used to be a great very user friendly app. OfferUp is difficult and unpleasant to use, so now I will use neither. Well done Letgo"
134190;;"2020-10-10 10:41:28";"It's a very reliable app."
134191;;"2020-10-10 07:50:34";"I enjoyed Letgo more than Offerup. What people don't understand is that there is a criminal entity that is taking over many different Corporations and Consolidating them all into one. They (just follow the money and will know who ""they"" are) are monopolizing everything (which is a crime) so that we the people only have 1 place to buy and sell from. Look at the cell phone industry, same thing happening there! They can call it ""Merger"" or ""Apart of"" these are all euphemisms for ""Bought out"". Waqup"
134192;;"2020-10-10 05:07:52";"Era la mejor app"
134193;;"2020-10-10 04:28:40";"So sad that LetGo sold out to a lesser app. I was messaging a guy to buy an classic lawnmower I've always wanted and arranging pickup but not anymore. Thanks for nothing LetGo! FU!"
134194;;"2020-10-10 00:41:04";"Is there any way i can get at least names of people i sold cars to on Letgo?"
134195;;"2020-10-09 22:15:53";"Nope can't do it offerup ruined letgo Uninstalling both. 👎 Boo 😔"
134196;;"2020-10-09 19:18:51";"I WANT MY OLD LETGO APP BACK!!!Uninstalling this puke app! You merged with offer up! Waste of time and doesn't allow anyone to offer services! HORRIBLE!!!!"
134197;;"2020-10-09 17:47:47";"Letgo was trash and you all know it."
134198;;"2020-10-09 17:37:50";"I preferd letgo over offerup sold lots of items on letgo and never on OfferUp I don't know what happened but I don't like it"
134199;;"2020-10-09 16:32:37";"Bed customer service"
134200;;"2020-10-09 15:58:51";"Letgo was the best and easy app for buying and selling used products, now they make you download offer up and it's the worst, if we liked that app we would have used it but now I don't use either one, till you separate them I'll be using Craigslist"
134201;;"2020-10-09 14:14:36";"Don't waste my time by telling me to download the partner app. Take this one down since it doesn't work."
134202;;"2020-10-09 13:17:01";"It's Dead"
134203;;"2020-10-09 10:58:01";"Offerup dont even work hear in toronto canada why take letgo away when OfferUp is not even available in Canada"
134204;;"2020-10-09 10:28:48";"No problem so far but get ready to sell cheap Guess I will be deleting this app. Will look for new. Hopefully you drop offer up and go back to original give it 2⭐⭐ now but that's being kind. Good luck"
134205;;"2020-10-09 09:12:58";"LETO WAS THE S.H.I.T BUT THEN OFFERUP CANE N NOW IMA THROW BOTH APPS AWAY!!!"
134206;;"2020-10-09 07:41:05";"Update : there's nothing, bad or ugly in my feedback. But the way you respond is. Problems : 1. One can post an item with zero description /technical details or specification. I sent you email and described you how you should update it but nothing changed. 2. Messages always delivered with a seriously long delay. 3. When you report a problem, you get a robotic answer, tech support is extremely poor. I would give ""zero star"" but this option was not available."
134207;;"2020-10-09 06:01:57";"This app sucks! Shoulda never gone to offer up! I'll be going elsewhere 🤬"
134208;;"2020-10-09 04:59:48";"Remove the app if it's no longer available!!! What a waste of time!"
134209;;"2020-10-09 04:44:23";"I work for the Home Depot and I can't stand all the stolen merchandise I see for sale from the store from low life"
134210;;"2020-10-09 03:12:03";"i used to love this app. The Combined apps interface and layout is confusing. Its made to confuse and trick you into clicking onto the ads. The local search is flooded with people delivering items from other states(even tho you specify the pick up tab). Letgo you have soldout and disappointed. I will no longer use any app"
134211;;"2020-10-09 02:02:29";Trash
134212;;"2020-10-08 21:49:29";"Letgo was way better than offer up. I see no improvement from the merger."
134213;;"2020-10-08 20:52:19";"All good!!!"
134214;;"2020-10-08 14:44:14";"So upset Letgo went with Offerup. I LOVE LETGO...I sold so many things I no longer need within my local community...and now that LetGo is with Offerup its a mess, its outdated, its hard to see things within my loacl community, tons of adds and its just a mess. Why would you do this to us LetGo. Offerup is a mess!!"
134215;;"2020-10-08 14:34:06";"Best buy & sell app's"
134216;;"2020-10-08 14:17:42";"Not the real app"
134217;;"2020-10-08 13:08:43";"I liked using letgo but when it switch to offerup I use it a couple times and didn't like it."
134218;;"2020-10-08 13:02:11";Good
134219;;"2020-10-08 12:31:52";"Don't like it."
134220;;"2020-10-08 11:25:06";"Was great till the company that bought them stopped servicing Canadians."
134221;;"2020-10-08 10:59:25";Perfect
134222;;"2020-10-08 09:15:36";"Im still able to download the app, but can't use it? Offer up sucks. I lost all my listings. Dumbest merged ever."
134223;;"2020-10-08 09:00:13";Good
134224;;"2020-10-08 06:31:58";"Letgo was amazing and sucks now to use Offer Up. I deleted both apps now."
134225;;"2020-10-08 06:13:14";"I like it but love OfferUp better because it has catagories for all your needs instead of having to search for items"
134226;;"2020-10-08 06:01:36";"I use to love it... It was a great app, then they partnered with Offer up. Are you kidding me??? WHY I hate Offer Up, it's difficult to browse, no one responds to you, and if you do find a good deal the add is over a year old. Then they so you get perks like Nationwide shipping... please you are not going to beat out Ebay and Amazon. You should have stuck with what you were good at. I just uninstalled the app, I will miss you guys. Back to Marketplace and Craigslist."
134227;;"2020-10-08 05:44:04";"Loved let go was easy and tidy . Offer up is a messy kitchen sink . Offer up is so congested with non relevant items and old postings"
134228;;"2020-10-08 02:55:09";"Can't use in Canada... It was a great app before"
134229;;"2020-10-08 02:39:24";"Way better then offerup"
134230;;"2020-10-07 21:54:42";"People are really scammers on this app telling people they stay out of state and amazon is holding the product and doing the selling for them. Its 2020 people not that slow to sent them money for a scam like that. Pay more attention to what people on here say there are alot of scammerz and if its to good to be true leta be real it is. Report them fast they are scammerz in there"
134231;;"2020-10-07 21:03:38";"Greatest appfor selling and buying"
134232;;"2020-10-07 20:06:23";"Letgo and offerup jouned foeces. Get the new app. Categories browser works nicely."
134233;;"2020-10-07 18:27:56";"Did as need"
134234;;"2020-10-07 16:07:58";"I loved this app and now we have to deal with Offer Up's messy app.. it's all over the place, can't find anything local even when you select the local option it still gives you out of state! BRING IT BACK!"
134235;;"2020-10-07 15:54:03";"It was nice to see and convrrsate with the individual whose selling their item"
134236;;"2020-10-07 14:17:28";"Cant offerup follow Letgo's layout and system of making it work just as good as Letgo did? Make Offerup use Letgo's design...or Its goodbye from many...Running Android OS on a newer laptop and Offerup wont install, Letgo did when they weren't merged."
134237;;"2020-10-07 12:31:24";"i don't like new way with offer up been on letgo for years had to delete it all and join other groups good luck letgo i'm out"
134238;;"2020-10-07 08:04:28";"I use to like let go and I gave it a five star rating. I changed it to a one star because they merged with OfferUp. I don't care for OfferUp. I think Letgo was so much better. I will probably delete both now."
134239;;"2020-10-07 07:07:18";"This is the app to have.. I love it .."
134240;;"2020-10-07 04:31:10";"If this isn't supported anymore then why is this still available in the app store? 🧐"
134241;;"2020-10-07 02:10:25";"I loved Letgo! I do not like OfferUp. I've had both apps for a long time but rarely used OfferUp because it wasn't as user friendly as Letgo. You made a mistake switching us to only getting to use OfferUp."
169473;;"2020-03-05 18:33:42";"Excellent 👍"
169233;;"2020-03-08 10:25:42";"Great so far"
168995;;"2020-03-10 22:57:50";"This app has nothing but scammers for users trying to rip you off for your items by using PayPal or Western Union this app is a joke"
168759;;"2020-03-13 20:42:22";"Simple to utilize. Recommend it to anyone."
168525;;"2020-03-16 16:19:11";"just in time for my hooker to get home"
168535;;"2020-03-16 14:37:31";"Good serbices"
168215;;"2020-03-20 17:35:03";"Easy and convenient"
166451;;"2020-03-24 06:49:57";"I'm able to find products and stores easily"
166225;;"2020-03-26 17:56:25";"The best selling/purchasing app I have ever used!!!"
166150;;"2020-03-27 15:13:35";"Very easy to use and convenient."
165927;;"2020-03-29 22:05:28";"Great app get what you want here."
165707;;"2020-04-01 17:33:01";"Easy to sell product"
165635;;"2020-04-02 16:19:27";"Very helpful"
165418;;"2020-04-05 02:31:21";"Can't stand this app anymore, it is 90% car dealerships! There needs to be a vehicle filter to get them off here for the people that don't want to see them and want to see what they came to this app for!"
165203;;"2020-04-07 19:18:26";Good
165134;;"2020-04-08 16:57:07";"Can't install app on my Samsung note 9 Always stuck on 80%"
163387;;"2020-04-11 14:52:07";"Love this app"
166165;;"2020-03-27 11:09:26";"Must way to shop"
163111;;"2020-04-14 20:38:06";"Nice app"
162905;;"2020-04-16 21:56:10";"Good thus far"
162839;;"2020-04-17 16:30:24";"Worked for my purpose."
162636;;"2020-04-19 06:37:09";"Love it"
162571;;"2020-04-19 17:46:25";"Issues loading"
162371;;"2020-04-21 03:29:26";"Wean i try searching I keep getting error messages like a error accrued while loading new listings i can't search anything"
162307;;"2020-04-21 18:56:08";"Like looking .selling.and buying"
162110;;"2020-04-23 15:25:42";"Love this app!!!"
162048;;"2020-04-24 01:39:37";"Great!..just wow!...does what it says!...cant beat that!..."
161855;;"2020-04-25 17:23:44";"have had no problems and enjoy browsing. I'm constantly buying stuff"
161794;;"2020-04-26 04:33:26";"if i am supposed to be selling to local buyers who can meet in person, why does letgo allow buyers from outside the State to waste my time (e.g. New York)??? Please address this annoying issue! All of the, ""I'm interested"" notifications seems to be by mistake and happened when one is swiping up/down. Seriously??? Also just terrible algorithm! I searched for LG v20 and got results for everything but an LG v20. Why not just return, ""no results found"" instead of bunch of useless ads?"
161604;;"2020-04-28 01:27:50";"It's great, unfortunately some of the people are not."
161544;;"2020-04-28 17:25:07";"This app is awesome. No middle man, just sales and purchases."
161357;;"2020-04-30 06:07:36";"Search is not great"
161298;;"2020-04-30 18:54:49";"All experiences have been great in both ends!"
161114;;"2020-05-02 05:00:09";"Very awesome"
161056;;"2020-05-02 18:26:44";"Great App and easy to use. Very User friendly."
165950;;"2020-03-29 17:19:04";"Helps you through every aspect of the app! As well it's very easy to use."
160818;;"2020-05-04 20:47:27";"Love it!"
161368;;"2020-04-30 03:00:26";"Excellent tool for buying &selling"
160584;;"2020-05-06 23:46:08";"Very awsome"
157528;;"2020-05-07 13:49:09";"You can sell stuff you don't want and buy t ok replece it"
157472;;"2020-05-08 00:32:13";"The app is pretty easy to navigate for the most part."
163131;;"2020-04-14 15:36:01";"Simple, easy to use"
157244;;"2020-05-09 23:58:35";Good
157188;;"2020-05-10 13:50:09";"Terrible customer service. When I went to get on my account after 6 months, my account was under review. I emailed customer support. Explained my account was hijacked I have not been on in 6 months. Told me they would not reinstate my account. There is other selling platforms. People are always trying to scam you on here anyways and more than half the time people dont even respond. Overall I dont think this application will survive. I would take your selling/buying needs somewhere else."
157018;;"2020-05-11 23:37:12";"I love let go"
156963;;"2020-05-12 11:59:40";Great
161871;;"2020-04-25 15:31:14";"Great app for all the things you need"
156741;;"2020-05-14 02:50:17";"Seems great"
156686;;"2020-05-14 15:09:33";"Nice way to find what I need at a reasonable cost"
166180;;"2020-03-27 02:32:04";Great
156468;;"2020-05-16 07:46:10";"Nice app"
163134;;"2020-04-14 15:18:10";"Would be better if you could search for a person by their user name."
156252;;"2020-05-17 22:44:00";"If I could give you guys a -5 review I would. Whoever is running this app is a thief and a scammer. I have been using this app since 2015. I got 1 bad review and for something that was not my fault. I disputed it and they declined it with no further explanation. Fast forward to today that review is not only still there but now these are removing my listings after I paid to get them boosted! What a joke you guys are 😂😂 would not recommend this app to my worst enemy."
156198;;"2020-05-18 10:59:41";"Great stuff"
157201;;"2020-05-10 09:58:30";Good
154456;;"2020-05-20 14:38:03";Great
154404;;"2020-05-21 00:05:12";"Some scams on here be careful"
157258;;"2020-05-09 21:45:31";"Good app. Made me some cash real quick"
154200;;"2020-05-22 18:30:35";"This was a great app until i started getting random people messaging me to verify my identity and asking for my phone number. after i already hooked up my facebook, google account and phone to the app and hand a bunch of sales, there are better apps then this dont waste ur time."
154149;;"2020-05-23 07:36:24";Sweet
156754;;"2020-05-14 01:18:28";"Thus far it hasnt been a joke All the people that i talked to were very nice and i usually ended up bying anyhow its awesome"
153950;;"2020-05-25 03:04:40";"Good app"
153900;;"2020-05-25 16:17:06";"Love to shop"
168248;;"2020-03-20 03:22:17";"I'll be home around for the next two weeks so I'm going to get my hair cut and colored and support you as soon as I'm done with this and I will get back to you as soon as I have it on my phone."
166487;;"2020-03-23 19:11:42";"Pretty good, I don't want to miss a good deal .. I wonder how can these be so cheap."
153654;;"2020-05-28 00:01:52";Good
153604;;"2020-05-28 10:36:38";"I have never had more technical issues than ive had with this app. Ive had issues with loading, clicking things for other things to pop up that i didnt touch, i had issues with messaging buyers. So many glitches. Makes meeting people chaotic & hectic..."
162598;;"2020-04-19 15:05:24";"Does not want to load listings at all. Been the most frustrating thing. Can't search anything or look at anything. Just throws up loading error."
153414;;"2020-05-29 23:39:47";"Full of scamers when u sell stuff lost lots of $ very upset"
153365;;"2020-05-30 13:44:27";"Great sales"
157206;;"2020-05-10 06:26:10";"Good Stuff"
153180;;"2020-06-01 03:36:27";"Best app ever"
153132;;"2020-06-01 16:39:36";Great
156213;;"2020-05-18 06:40:41";"Won't login using my Google account."
162399;;"2020-04-20 23:48:27";"THIS APP KEEPS ON CRASHING EVERYTIME I GO ON IT WHY???"
152905;;"2020-06-03 16:09:57";Cool
152858;;"2020-06-04 01:17:16";"Very helpful"
154413;;"2020-05-20 21:58:46";"Yes I love letgo There are wonderful bargings"
165892;;"2020-03-30 09:32:14";"Horrible. Wants money to promote ads or nobody sees them. Ppl who do favotite them but never talk no matter how cheaply priced, they just watch waiting for you to lower the price more. The people that will talk lowball worse than craigslist. I do not have this experience on a simular app. Nothing on here but bottom feeders and flippers. Also had several legit items removed for no reason. No tos broken. Note: lego staff will say ""they are sorry for my experience"" they aren't."
152638;;"2020-06-06 07:11:08";Awesome
152592;;"2020-06-06 20:11:52";Great
165446;;"2020-04-04 20:41:54";👍
166492;;"2020-03-23 17:42:39";👍
152379;;"2020-06-08 21:51:45";"It's decent so far, I'll report back later with more info. BLM!!"
152334;;"2020-06-09 10:29:02";"It's a good app but it contains a lot of fake people that sell fake products. I recently paid for something then ended up getting blocked once I paid for it."
166408;;"2020-03-24 18:06:30";"Exelent app 😍"
165894;;"2020-03-30 05:58:13";"Been a useful app for me.. Take me home, country road.... you bought it !! Find your treasure here."
152128;;"2020-06-11 04:32:48";Cool
152084;;"2020-06-11 15:52:09";"Excellent App tool purchase used & new items."
153620;;"2020-05-28 06:02:49";"Out staning"
169018;;"2020-03-10 17:21:13";Great
151885;;"2020-06-13 01:30:54";"When we need to find items for a discount letgo is a good app. We also sell items on letgo and have a good luck doing so we recommend u give it a try..."
151842;;"2020-06-13 13:52:25";"Perfect 👍!"
153619;;"2020-05-28 06:05:06";"Everything your looking for is on Lego"
157212;;"2020-05-10 04:41:07";"Love this apps got a little bit of everything can't find here not going to find it."
169282;;"2020-03-07 20:45:15";"Have used it twice to buy items, worked great"
151608;;"2020-06-15 18:36:35";Good
151566;;"2020-06-16 00:14:51";"They suck"
150024;;"2020-06-16 12:22:17";"First time need more experience"
153622;;"2020-05-28 05:17:36";"I love let go"
162143;;"2020-04-23 05:39:08";"This is literally the best app that i have ever gotten👍👍👍"
149841;;"2020-06-18 00:46:23";"Very good experiences purchasing new items at a fraction of their retail price."
149800;;"2020-06-18 14:32:27";"Love this app!!"
149769;;"2020-06-18 20:31:45";"Great app"
153869;;"2020-05-25 22:27:35";"Great app"
168467;;"2020-03-17 04:43:32";🧐🧐🧐
149584;;"2020-06-20 17:47:05";"Good experience every time...."
149544;;"2020-06-21 01:10:12";"Oh yeah great app"
149504;;"2020-06-21 12:59:56";"Very helpful 👍"
166410;;"2020-03-24 17:51:35";"Great app. I've received a lot of business thru this app"
165727;;"2020-04-01 10:18:04";"its not a swap meet.sometimes I have brand new items for sale half price and they will always come at me wanting it cheaper.cheap bas...."
149337;;"2020-06-23 04:08:10";Good
149298;;"2020-06-23 16:53:30";"It just works"
149259;;"2020-06-23 22:47:38";"The block button don't do nothing. Why make a block button that don't work."
152143;;"2020-06-11 01:42:48";"Great app and free that is always great with very few adds"
161070;;"2020-05-02 16:42:13";"Been using Letgo for quite awhile. A garage sale online!! Definitely recommend."
165900;;"2020-03-30 04:32:41";"Great experience,!!"
149062;;"2020-06-25 20:02:11";"N. Mioi Ik. is, n joh o"
149024;;"2020-06-26 03:13:47";Ok
154171;;"2020-05-23 01:32:15";"Easy to use"
152656;;"2020-06-06 03:09:36";Cool.
157217;;"2020-05-10 03:38:24";Okay
168771;;"2020-03-13 18:05:32";"Easy to use and very safe"
148804;;"2020-06-28 07:48:07";"Lost my account on this dam app"
148768;;"2020-06-28 15:31:07";"Good app"
163361;;"2020-04-11 19:53:46";"Very convenient so easy to use"
152145;;"2020-06-11 01:07:35";"Where you need to be😎"
162593;;"2020-04-19 15:38:22";"Awesome app with great deals"
163362;;"2020-04-11 19:32:09";"Nice and quick sales"
148559;;"2020-06-30 12:19:29";Great
147024;;"2020-06-30 19:06:43";"Best place to post items for sale"
146989;;"2020-07-01 02:07:33";Awesome
146954;;"2020-07-01 09:52:56";Excellent
152394;;"2020-06-08 19:45:37";"Neat site"
152926;;"2020-06-03 10:59:25";Good
157448;;"2020-05-08 05:00:43";"Haven't sold one thing I n a year Not goodk"
168225;;"2020-03-20 14:39:06";"I've sold a ton of items which is great and that's not where the problem lies, it's reactivating an ad that has expired and then I reactivate about 8 times bc it didn't work the first 7 times."
146758;;"2020-07-03 12:40:59";"Great so far"
146724;;"2020-07-03 20:26:23";"Ive sold a few things already. Easy to use."
146690;;"2020-07-04 04:27:40";"Very good site and people are polite and nice..."
152349;;"2020-06-09 04:40:59";"No way"
152880;;"2020-06-03 21:24:08";"Friendly interactions so far and postings have been mostly correct."
157220;;"2020-05-10 03:22:13";"Nothing but scams and fake adds to bad I use to do alot of biz on here I'm uninstalling it"
165978;;"2020-03-29 11:41:51";"Very nice"
146506;;"2020-07-06 02:53:17";"Works great for me"
146473;;"2020-07-06 16:10:38";"I love this app, so far I've come across honest people with good quality items."
146440;;"2020-07-06 23:39:47";"So I've used this app for long time now all a sudden when I click pictures I cant scroll to see the other pictures and info on item being sold so ultimately I cant even use this app anymore and it would easily gotten 5 stars but this problem has completely turned me left...I tried uninstalling and adding it back several times hopefully in the future I'll try again but right not I truly disgusted with one of my favorite apps 🤦🏾‍♂️"
148817;;"2020-06-28 02:26:22";"I haven't sold yet but I got a feeling this is the place"
151904;;"2020-06-12 21:50:44";Great
154176;;"2020-05-23 00:40:52";"Click on the item to see more pictures and just pops a chat, useless"
168469;;"2020-03-17 04:24:42";"It's been really good for things you look for."
146268;;"2020-07-08 15:57:57";"Silly notifications"
146236;;"2020-07-08 20:40:53";"I tried searching up Spyro for the Wii and the results had nothing about spyro"
146204;;"2020-07-09 03:30:50";"Love it!"
168502;;"2020-03-16 19:19:23";"Ive bought some nice stuff off letgo!"
151814;;"2020-06-13 18:01:24";"As a black person I dont support the racist blm organization so I uninstalled"
165722;;"2020-04-01 11:47:04";"Better then craigslist"
163330;;"2020-04-12 05:34:12";Gay
134400;;"2020-09-26 04:24:01";"Loved it now it's gone. I hate offer up"
134401;;"2020-09-26 03:40:34";"So dissapointing. I LOST all of my reviews and listings. I haven't sold ONE thing since the merge with offerup. I was selling multiple things a week now im not making any sales. I myself put alot of money into the letgo app to help my selling experience all for you guys to do this to us. All of my effort has been lost."
134402;;"2020-09-26 02:46:28";"Thoroughly Pissed about the Merge.. Offer up sucks as an app in general compared to when LetGo was an independent.. I can't even post things to sell, super glitchy, and all around a flawed creation...."
134403;;"2020-09-26 02:25:10";"This merger was unwelcome by all users. What an incredible failure. SHAME on you"
134404;;"2020-09-25 20:57:37";"Why are we still getting updates for letgo when they had apparently merged with offer up???. Which like all the other reviews it sucks that they merged with offer up . My accounts did not merge and i lost all my reviews and my posts so needless to say i will not be selling on offer up since i would have to go and redo all my posts . Very disappointing. I too had started offer up when i started letgo but lego was way better so i never really used there offer up account. I never sold anything ."
134405;;"2020-09-25 20:53:21";"Don't know why my listing went off or is no longer on"
134406;;"2020-09-25 18:53:36";"Well Folks it's official , letgo was taken over by offerup, and already my traffic is down 80% No Joke, it should have gone the other way, Letgo should have bought offerup!because we all know letgo was an Awesome Platform, that worked well, and I enjoyed letgo, I never enjoyed offerup! Because they run it half-ass! Nobody cares about all the fraud sites ripping people off,and the fraud Gmail only vehicles that are fake ads just to get your money,and rip you off.managent could care less!"
134407;;"2020-09-25 18:48:45";"Used letgo for years, you guys had a great app but now you're trash. So mad I even uninstalled the craigslist app. Amazon it is I guess."
134408;;"2020-09-25 15:42:50";"Cluttered with ads and companies selling new products instead of just regular people selling their used items."
134409;;"2020-09-25 15:35:27";"On time. Great...."
134410;;"2020-09-25 15:20:39";"Just like others recently posted I am very upset about letgo merging with offerup. I hate that app and I refuse to use it and miss letgo! In response to your response: I don't care about shipping nation wide I like purchasing and selling locally only. I don't care about their insurance because there are other secure ways for me to process my transactions. I hate their layout and the fact that their postings never expire. Especially the sold postings. What is the point of showing those!"
134411;;"2020-09-25 14:51:36";Great
134412;;"2020-09-25 14:26:40";"Put together with OfferUp was a big mistake. Letgo was really good on its own as a local selling app. Tried to give OfferUp a chance, not good at all. I will try to find another app for local sales."
134413;;"2020-09-25 14:13:17";"Best selling app I ever used (BEFORE merging with OfferUp) and easy to upload personal ads on one page in one step (not several pages with multiple steps) ...but alas...all good things must come to an end (just like my selling streak came to an end) after OfferUp took over."
134414;;"2020-09-25 13:30:23";"Prefer this one over OfferUp. Hands down!"
134415;;"2020-09-25 09:54:38";"Letgo was better than offer up, cleaner, easier to navigate, not a fan of the change."
134416;;"2020-09-25 05:31:07";"This app sucks. Much harder to use Worse idea ever to join offer up"
134417;;"2020-09-25 05:13:11";"No longer available in Canada - lame... It was a great app.."
134418;;"2020-09-25 02:40:15";"Love letgo hate offer up. Can't find local sellers. Hate the ads. Can't make my area permanent. Changes to way out of my area for sales. It really sucks"
134419;;"2020-09-25 00:51:36";"Letgo was such a great app! Offerup sucks. Please bring this back so we can go back to buying and selling rather than getting irritated at a junk app!!"
134420;;"2020-09-24 23:53:56";"if I could give it a zero, I would. Letgo is garbage since it merged with offer up. Ive completely uninstalled and stick with other apps. booooo! this used to be a great app."
134421;;"2020-09-24 22:16:57";"I use to love this app. Being on the road all the time I was able to find really good deals wherever I was. The merge with offer up killed this app and left many very disappointed."
134422;;"2020-09-24 19:03:58";"This new merger sucks, I loved letgo and now this offerup + letgo app is getting Uninstalled immediately"
134423;;"2020-09-24 18:40:11";"Excellent Business Money"
134424;;"2020-09-24 16:06:22";"Great app"
134425;;"2020-09-24 14:24:42";"Çevre aramayı düzeltin artık 3 yıldır aynı"
134426;;"2020-09-24 14:11:28";"Used to like original app I don't like or use offer up / let go no longer should of left it alone"
134427;;"2020-09-24 11:14:59";"Merged with Offerup and lost its utility and attractiveness. Used to be great local app for transactions, now totally useless merger with Offerup."
134428;;"2020-09-24 05:36:14";"It should not even be here if its now Let go."
134429;;"2020-09-24 04:59:32";"Not available in Canada is non sense . Long live Kijiji."
134430;;"2020-09-24 04:32:27";"Was good"
134431;;"2020-09-24 04:18:02";"Apps not working it wants you to download OfferUp that site sucks has too much junk mail on it"
134432;;"2020-09-24 02:54:57";"I am very disappointed to see you merge with offer up. Of the 2 sites I preferred yours. It takes years to sell stuff on offer up. I was making about 300 a month on letgo not much but it helps to supplement my social security. Offer up I'm lucky to see $30 a year. Please bring letgo back."
134433;;"2020-09-24 02:13:57";"Never got a response to anything I wanted I wanted to purchase"
134434;;"2020-09-24 02:13:35";"Trash Got banned for no reason"
134435;;"2020-09-24 01:35:18";"They killed the good"
134436;;"2020-09-23 23:58:18";"Better than offer up"
134437;;"2020-09-23 23:35:38";"Was Great"
134438;;"2020-09-23 21:22:57";"Wished it would go back to the old let go... Dont like how its with offer up"
134439;;"2020-09-23 21:20:32";"Dont like the new addition. Wont order anymore."
134440;;"2020-09-23 21:19:19";"No more in Canada but why?"
134441;;"2020-09-23 19:46:47";"It would have been aneasy 5 stars until they messed it up to colliding it with offer up. If it would allow me to give it 0 stars i would"
134442;;"2020-09-23 19:31:45";"why the app was aready dope"
134443;;"2020-09-23 18:25:39";"Nice , ease to use And trusted. .."
134444;;"2020-09-23 18:11:08";How
134445;;"2020-09-23 18:10:23";"Its great do install"
134446;;"2020-09-23 17:26:31";"It is 5 star's only if we get it back for Canada. Pls bring it back"
134447;;"2020-09-23 17:16:46";"Was a great app before it merge with offer up such a bad dicision. The merge should have been the other way around. Letgo was a much better platform to use, less scammers and most importantly you were able to buy and sell items relatively easily."
134448;;"2020-09-23 16:10:42";"It is confusing as hell I miss the old letgo it was simple and easy to use mane 🤦🏾‍♂️please go back to the way it was"
134449;;"2020-09-23 15:16:44";"Loved this app & hate the change to the offerup combo. I had offerup & i had letgo but uninstalled offerup bc it sucked. I hope letgo goes back to being itself again without offerup. I will reinstall letgo when it does. Until then i will not have it bc i dont like offerup. Offerup ruint letgo... Thanks. Hope to get just letgo back soon."
134450;;"2020-09-23 13:45:12";"Wow I can't believe it's so trash now since they merged with OfferUp"
134451;;"2020-09-23 12:41:30";"I liked having the option of different apps to buy and sell items. I felt like it gave us a broader base and I like to play the percentages. I also feel like there was a drop off in users when the 2 merged, reducing traffic on the newly combined site. Just my experience."
134452;;"2020-09-23 11:23:27";"Not happy about the merge with offerup. Was a great app until then."
134453;;"2020-09-23 04:33:25";"Got to say after grouping up with offer up. Ruined the app completely. I miss how let go use to work."
134454;;"2020-09-22 23:16:37";Love
134455;;"2020-09-22 22:30:27";"Come back, OfferUp isn't working well with me. Not happy with OfferUp response to correcting errors. Abort merge, I repeat ""ABORT MERGE"". OfferUp doesn't respond promptly with error corrections, they will lock your account, admit it was a technical issue & lock it again hours later. Never had issues like this with Letgo."
134456;;"2020-09-22 20:58:29";"No letgo letting go let it go get it go let it lets go leggo let go let it go"
134457;;"2020-09-22 19:48:00";Good
134458;;"2020-09-22 19:46:51";"Dont get no better than this app i love it an it has done me great i have made some good money on this app with stuff i cant us r dont need its great for that somebody will need the things u dont need any more so i love it for that now thank u letgo great job well i gave this great review of letgo an godam if they didnt turn around an stab me in the back i had over 700 dollars in sales i was workg on with 5 deffrent people an now i cant reach them csuse some dumb ass had to screw up every thg"
134459;;"2020-09-22 17:23:15";"I understand the company is under new ownership, but why can we not use this app in Canada anymore..... if i could give you a negative star i would."
134460;;"2020-09-22 14:08:40";Good
134461;;"2020-09-22 13:18:24";"Se supone que es una app de segunda mano y hay mucha gente que quiere dar las cosas caras como si fuern nuevas que no manchen 🤣"
134462;;"2020-09-22 12:54:39";"Stop deleting my reviews"
134463;;"2020-09-22 12:39:07";"I really like Let It Go better than OfferUp it's a shame that the they were combined together so you only have one place to look.... and I didn't understand why 50% of the time offerup would crash.... and Let It Go with still be working perfectly...... they really dropped the ball by separating the two I think they could have made twice as much money with two companies as it would work just half a company"
134464;;"2020-09-22 11:14:20";"Practical, simple and useful..."
134465;;"2020-09-22 11:08:08";"Love it"
134466;;"2020-09-22 10:42:20";"Alım satım için bir numaralı uygulama"
134467;;"2020-09-22 07:55:22";"Absolutely great app. Room for improvement as to the item labeling"
134468;;"2020-09-22 06:02:42";"Absolutely awful what you did to Canadians . Congratulations im going to kijiji. They will crush whats left of you."
134469;;"2020-09-22 04:41:42";"Not available in Canada now and neither is the replacement app. Ridiculous."
134470;;"2020-09-22 03:58:22";"Let go was great since merging merging to offer up its gave me so much trouble with scam messages trying to get personal information. It's very confusing and lost my post and ratings. HATE OFFER UP"
134471;;"2020-09-22 01:22:40";Poor
134472;;"2020-09-22 01:02:37";"Used to be a really good app but doesn't work anymore. All of my listings lost!!! Never transferred over to OfferUp! I liked the LetGo platform much better than OfferUp."
134473;;"2020-09-22 00:41:02";"I LOVED this app so much, until they became apart of OfferUp."
134474;;"2020-09-21 21:44:25";"I thought this app was bad. Now I'm forced to use offer up. This app was so much better. And pretty much the only way to sell stuff locally."
134475;;"2020-09-21 21:39:24";"Sold out to offer up. Letgo was sooo much better"
134476;;"2020-09-21 20:57:21";"I would give this at five stars but I had to go over to offer up because I had no choice it made me and I'm not as impressed with OfferUp as let go I miss it I wish I still had it used it all the time and until now since I can't"
134477;;"2020-09-21 19:43:00";"I'd rather letgo alone If I wanted offer up I would had downloaded seperately. It's not the same.. bring letgo back !!!!!"
134478;;"2020-09-21 19:39:05";"Miss the letgo app. Offer up is not as good as the letgo app i used for many years. Hate the merge."
134479;;"2020-09-21 19:33:49";"O cool"
134480;;"2020-09-21 18:05:28";"Loved letgo I don't like offer up!"
134481;;"2020-09-21 17:49:45";"Best offers"
134482;;"2020-09-21 16:07:04";"This new combined app makes it hard to buy things"
134483;;"2020-09-21 14:06:41";"Sold alot on this app Fun."
134484;;"2020-09-21 13:42:40";"Dislike the new app combo. Not user-friendly"
134485;;"2020-09-21 09:18:57";"I love comparing the color schemes that rhis app. has."
134486;;"2020-09-21 07:03:30";"No longer supported in Canada but will still allow me to download it because you know they need it for the download count lol"
134487;;"2020-09-21 06:45:47";"New app. Sucks!!! Go back to Let Go only app!!! Offer up is no good"
134488;;"2020-09-21 05:38:30";"How is this still an app when you download it, it tells you that it's no longer an app and to go to some other app."
134489;;"2020-09-21 03:05:40";"Offer up sucks!"
134490;;"2020-09-21 02:32:29";"No longer available in Canada."
134491;;"2020-09-20 22:03:25";"I completely agree with David post on 9/5/20 .... i recently moved to a new home mid Aug. , I loved this app. Been using it for a couple of years. Had multiple reviews built up from buying and selling locally with positive feedback now lost as well as the current situation we are in due to covid-19 , I feel like it's the worst time to loose the app so many stores & jobs ect. Are closed and being taken away this was disappointing. Bring back let go! Offer up is in NO way better."
134492;;"2020-09-20 20:43:44";"You guys should have bought offerup. Offerup simply sucked and still does. Letgo was better in every way."
134493;;"2020-09-20 19:44:38";"I miss letgo. OfferUp is trash and no one uses it in my area. I used to have no trouble finding local sellers, now everything is out of state shipping mixed with a few local mismatches mixed in. Very disappointing"
134494;;"2020-09-20 18:33:35";"I really like this site."
134495;;"2020-09-20 16:41:42";"Letgo was wonderful to use, and an easy way to buy and sell jst about anything you wanted or needed. I give them a 1 star Because when they merged with Offerup they didnt think of their loyal users everywhere who supported them and gave them their 4.3 rating. And then cut off its Canadian based client.. Will not recommend and will not support offerup. Total merger FAIL"
134496;;"2020-09-20 16:41:05";"Excellent app. But using it is a bit less than what it could be."
134497;;"2020-09-20 16:37:40";"I love this app but when they merged with offerup i lost my profile the things i was saying and i dont like that i cant delete posts or messages on offerup all you can do is archive things which is b*******"
169472;;"2020-03-05 18:34:35";"Addicted to this app"
169232;;"2020-03-08 10:47:14";Killer.
168994;;"2020-03-10 23:04:04";Goood!!!
168758;;"2020-03-13 20:54:45";"Blank screen after logging in"
168524;;"2020-03-16 16:24:03";"It's not good. They bloat you with listing upgrades and unnecessary notifications. Not much visitor volume to bother with."
168770;;"2020-03-13 18:08:09";Fun
168214;;"2020-03-20 17:36:00";"Keeps telling me that there was a connection problem but I can easily connect on my laptoo. Fix the android version, its buggy."
166450;;"2020-03-24 07:14:01";"It's easy to use but there are improvements that should be made"
166224;;"2020-03-26 18:24:23";"I have used the app countless times with no complaints. I am currently trying to sell a UTV which is a recreational vehicle like a an ATV or motorcycle. I try to post it under motorcycle and other vehicles and it removes my ad stating that I posted it in the wrong category and it has been removed..... what category am i supposed to put it in ? Clothing ?"
166149;;"2020-03-27 15:15:34";"Well it seems pretty slow to me."
165926;;"2020-03-29 22:14:21";"Great place to advertise"
165706;;"2020-04-01 17:36:22";"Really easy to navigate. One of the best selling apps out there"
165634;;"2020-04-02 16:22:51";"Perfect very easy to use"
165417;;"2020-04-05 03:24:38";Good
165202;;"2020-04-07 19:20:13";Excellent
165133;;"2020-04-08 16:59:35";"Better than Craigslist and Facebook"
163386;;"2020-04-11 15:01:02";"My messages never refresh properly ."
166240;;"2020-03-26 15:31:20";"First time user & must say so far so good."
163110;;"2020-04-14 20:40:59";"Way too much advertising. UNINSTALLED!"
162904;;"2020-04-16 22:03:04";"It wont load new stuff since updated"
162838;;"2020-04-17 16:30:57";Awesome
162635;;"2020-04-19 06:42:57";"Says error all the time"
162570;;"2020-04-19 17:49:08";"So many scammers"
162370;;"2020-04-21 03:31:08";"Great have gotten some great purchases from the app as well as sold some of my own items."
162306;;"2020-04-21 18:57:18";"Getting tired of this app telling me i have a notifications but when i open the app, nothing."
162109;;"2020-04-23 15:36:11";"Can't & won't let you use your own label & postage. I don't have a printer & scale. So I take all my boxes to the post office to ship. Plus no (800) to call & talk to a live representative or customer service. Help service is robot A.I. that limited m, it doesnt have the correct answers to an issue or problem. Very poor Customer service. Ebay at least has a live person to help & assist customers."
162057;;"2020-04-24 00:02:10";"Garbage app unreliable communications fails to connect especially on wifi and constant error messages regarding unable to connect or view messages, very very horribly slow loading, and i have 5g with Verizon and Xfinity business class wifi internet at home, Lastly to many advertisements and lots of jerk users of the app. Alot of stolen merchandise especially the power tools being sold by Tuan Juan Pedro or Chico etc"
161854;;"2020-04-25 17:25:31";"Not happy with this app right now, I can not search for anything, it keeps telling me a error has occurred but no other info. I have tried removing and reinstalling it still no luck... help!!!!"
161793;;"2020-04-26 04:36:39";"I get my products out to more people and my sales are better using letgo than other app"
161603;;"2020-04-28 01:40:41";"No problem with this app enjoy the stuff that is on it"
161543;;"2020-04-28 17:46:09";"Good way to find things or sell things fast it's great"
161356;;"2020-04-30 06:47:27";Uk
161297;;"2020-04-30 18:59:39";"Love it"
161113;;"2020-05-02 05:06:37";"So far so good I'm selling stuff so I like that"
161055;;"2020-05-02 19:04:13";"Love it!"
166174;;"2020-03-27 04:16:50";"It's good"
160817;;"2020-05-04 20:50:02";"Good .."
161556;;"2020-04-28 15:18:19";Awesome
160583;;"2020-05-06 23:49:15";"It was great using it but not many people use it in my area. But otherwise this was a great app"
157527;;"2020-05-07 13:55:22";"It has been very good"
157471;;"2020-05-08 01:05:34";"Ive been scammed twice letgo needs to do something about this"
163340;;"2020-04-12 02:06:01";Awesome
157243;;"2020-05-10 00:03:20";Good
157187;;"2020-05-10 14:10:12";"A great way to see items u may want to buy or sell. Always one has to be cautious when meeting someone but with some common sense some great deals can be made. Great app and option for saving some money"
157017;;"2020-05-11 23:39:16";Great
156962;;"2020-05-12 12:05:45";"Very good service"
162065;;"2020-04-23 22:48:45";"Good apps for your business"
156740;;"2020-05-14 02:56:23";"It sucks"
156685;;"2020-05-14 15:10:07";"Great love the app."
166406;;"2020-03-24 18:46:31";"We love it"
156467;;"2020-05-16 07:52:33";"Good app get rid things fast for money great an easy network to meet buyers"
156696;;"2020-05-14 12:50:10";"Deletes listing with no good description why. as if its illegal to sell a thermostat..."
156251;;"2020-05-17 22:51:15";"I'm trying to contact sellers and apparently ""an error has occurred"" like my connection is totally fine! Gosh what a mess"
156197;;"2020-05-18 11:05:52";"Nice app"
157257;;"2020-05-09 22:01:36";"Love it watch for creaps and scams but u can buy and sell with solid people on here"
154455;;"2020-05-20 14:38:23";"Great deals"
154403;;"2020-05-21 00:11:07";"The app is fine. The people are horrible and not worth it. I get stood up, lowballed, sob stories, refusing to meet where there are cameras, questions that are clearly answered in the item description, ..."
161310;;"2020-04-30 17:34:37";"It's a pretty good sales app. Just some people crazy on price for used items."
154199;;"2020-05-22 19:22:18";"Selling items and taking pictures of items is fine. However your chat system is one of the worst I have ever seen. The amount of lag and latency associated with your message system is absurd. Please fix this or I will just switch to the offer up app."
154148;;"2020-05-23 07:43:06";"Excellent place to buy and sell anything you could imagine."
157483;;"2020-05-07 21:26:46";"It's a great app that is able to allow you to sell your stuff"
153949;;"2020-05-25 03:07:24";Great
153899;;"2020-05-25 16:22:13";"Love it"
154415;;"2020-05-20 21:19:03";"I love this app. I have bought so much stuff. I furnished my whole house from this app."
168252;;"2020-03-20 02:46:36";"Cool to sell things"
153653;;"2020-05-28 00:08:09";"Carvana has messed this app up. You can't hardly search a car on here now because of carvana. Letgo should band carvana"
153603;;"2020-05-28 10:45:45";"Nice App"
168234;;"2020-03-20 13:03:51";"Reliable, trust ur item will be seen promptly."
153413;;"2020-05-29 23:45:20";"I absolutly love it"
153364;;"2020-05-30 13:58:01";"Terrible, i felt no safe"
157262;;"2020-05-09 21:08:00";"Awesome app"
153179;;"2020-06-01 03:37:39";Good
153131;;"2020-06-01 16:42:10";"Never had a problem with this app or the people on it that sell or trade on here"
153376;;"2020-05-30 10:19:39";"Nice easy to find the stuff you need"
162600;;"2020-04-19 14:52:30";"The app distance is not accurate and now it has an error 😠 loading new listing. I restarted my phone and uninstall the app and reinstalled the app and still the same."
152904;;"2020-06-03 16:41:59";"I like this app to buy and sell on."
152857;;"2020-06-04 01:28:46";"Going to try"
154419;;"2020-05-20 20:53:11";"Man you guys have to do something about how you have to renew everything you have listed monthly. I mean I have around 50 or so items listed and having to update them constantly literally takes a few extra hours per month for items I already listed. I understand why you make people do it but set it up to where you can just scroll through the list and check off the ones you want to relist and then do them all with one click. Fix it and my rating goes back up to 5. Don't and I find a better app"
165965;;"2020-03-29 14:33:18";Good
152637;;"2020-06-06 07:50:13";"It's Fun:)"
152591;;"2020-06-06 20:19:33";"Get me back on. Good."
156432;;"2020-05-16 15:29:04";"Find everything you need and more on letgo!! It's awesome!!"
168257;;"2020-03-20 00:30:14";"Bike i pur hased was just as described and able to contact seller thru chat feature no problem."
152378;;"2020-06-08 22:18:00";"Message reads ""error while loading chat"" so I can't reply to my ads. It works sporadically. I uninstalled and reinstalled got same message. Not the first time this happened."
152333;;"2020-06-09 10:53:53";"Usually everyone are very pleasant to chat with.The app has been rewarding for me."
156163;;"2020-05-18 17:16:05";"Best app to sell & buy on the web. Super easy & it has enable me to make money & purge lots of unwanted items!"
165967;;"2020-03-29 14:16:56";"No phone numbers so how can you meet up? Lots of fraud and time waste bots (fake troll accounts)."
152127;;"2020-06-11 04:51:03";"Solid app"
152083;;"2020-06-11 15:57:01";"Lacks strict default location settings. 9/10 offers on sales are from out of county/state. Please make the location more visible and clear to your users. Most won't bother checking!"
153670;;"2020-05-27 18:54:09";"This app is awesome if you don't know about it you should try it you can find anything on this app for sale you can also sell on this app"
162604;;"2020-04-19 14:21:46";"I love being able to deal with local people. I've never had any problems with anyone."
151884;;"2020-06-13 01:32:46";"Not sure how this app has 10mil. more downloads than OfferUp. Search is total garbage in this app."
151841;;"2020-06-13 13:54:56";"My post got taken down for no reason? I literally read through the whole list and nothing on my post applied to the whole ""what you cannot post"""
152346;;"2020-06-09 05:01:23";"There's always lots of items, of all types, posted in my area, everyday! Plus the app makes finding what im searching for very simple, and it's easy to contact the sellers! Honestly I haven't ran into anything I could say bad about the app so far."
157268;;"2020-05-09 19:53:17";"You get good deal all the time"
169523;;"2020-03-05 00:33:14";"Used to be ok. Now I think they just pay people to make you think there is a chance that you may sell but really just dead ends and waste of time"
151607;;"2020-06-15 18:41:00";"I love this app 😍😍😍😻😻😍😍"
151565;;"2020-06-16 00:17:29";"Much better name then Craigslist. lol"
150023;;"2020-06-16 12:34:06";"Best app to sell your possessions"
153672;;"2020-05-27 18:47:00";"Good variety"
162341;;"2020-04-21 12:15:52";"Will not load keeps saying error. Tried to uninstall and install again. Worked for only one time. It has been 24 hours. Please fix."
149840;;"2020-06-18 00:52:08";"Love it and can't get enough of it. I've been a straight up hustler since I downloaded this app. I've sold so much on hear and bought of here finding amazing deals. If you don't like this app u just straight up foolish..🙉🙈🙊☠️💯😜"
149799;;"2020-06-18 14:42:09";"A lot of stuff for good prices and there all verified.."
149810;;"2020-06-18 11:39:35";"Nice app ..."
153919;;"2020-05-25 12:59:56";Good
162607;;"2020-04-19 14:08:48";"Good app to buy and sell on"
149583;;"2020-06-20 17:47:49";"So far so good. Great app."
149543;;"2020-06-21 01:10:34";"They're almost as many scam ads on letgo as legitimate sellers. When scam ads are reported letgo does nothing. Most are ads any imbecile would know are scams. $20,000.00 tractor..$1500.00. etc. Yet even after reporting them multiple times, Letgo does nothing."
149514;;"2020-06-21 08:38:34";"Da shizznit"
153384;;"2020-05-30 06:50:33";Sorry
161576;;"2020-04-28 07:37:59";"Luv it"
149336;;"2020-06-23 04:24:22";Great!
149297;;"2020-06-23 16:54:08";"Great app for buying and getting quick jobs"
149258;;"2020-06-23 22:48:51";"Scam to make money have to pay to get your listing veiwable to buyers"
162077;;"2020-04-23 20:40:39";Good
156712;;"2020-05-14 09:31:20";"The messages don't update real fast but it's a great app"
165973;;"2020-03-29 13:19:50";Excellent
149061;;"2020-06-25 20:08:54";"Essentially no response from sellers!!!!"
149023;;"2020-06-26 03:15:29";"Great Service!"
151579;;"2020-06-15 22:54:13";Great
161629;;"2020-04-27 20:49:38";"It's an awesome app and works great if recommend it to anyone. Love this app!"
157273;;"2020-05-09 18:54:32";"its decent but not very secure and they don't hold anyone accountable for anything. If its broken when you buy it oh well."
168265;;"2020-03-19 22:41:22";Brilliant
148803;;"2020-06-28 08:05:00";"really good app"
148767;;"2020-06-28 15:34:29";"People don read my messages, block me all the time, app is bad"
156224;;"2020-05-18 02:42:13";"It's the hardest app to use and everybody on here is nasty no one is courteous I just want this off my phone spread that around"
161822;;"2020-04-25 21:46:20";"Not bed"
156441;;"2020-05-16 14:35:29";"I love the fact everyone selling on here is selling things for the low .. I'm coming up off this app, ON GOD"
168463;;"2020-03-17 06:05:15";"Excellent 👍 place to shop or sell & even Post if you have things just to give away all in one app now that's great.😌"
148558;;"2020-06-30 12:21:29";"Too many dealer on appliances."
147023;;"2020-06-30 19:12:01";"Great deals"
146988;;"2020-07-01 02:20:18";"I did love this app last update makes you send a message before you can even see the pics and or ratings reviews. I liked it better when you could see it'll stay a 1 star until this is fixed"
146953;;"2020-07-01 10:10:11";"27 Years Old, Male Living In The Streets Of Burque!!! Born Alone And Die Alone Nuh!..."
149518;;"2020-06-21 06:29:33";"Not working"
168539;;"2020-03-16 14:13:39";"Boys bots bots Craigslist wasn't this bad"
157504;;"2020-05-07 18:26:01";"Awesome 👍"
168268;;"2020-03-19 22:00:31";"I do not like this version of letgo the old version were a lot simplier than this one."
146757;;"2020-07-03 12:55:01";"So far , just fine"
146723;;"2020-07-03 20:28:37";Good
146689;;"2020-07-04 04:40:30";"Why can't you see there items being sold without sending message now?"
149519;;"2020-06-21 06:28:43";"Selling stuff chaching $$$ with two days of posting"
152927;;"2020-06-03 10:51:03";"Find what your looking for"
157276;;"2020-05-09 18:35:44";Great
166202;;"2020-03-26 20:31:33";Great!!!
146505;;"2020-07-06 03:05:46";"Everytime I try to use this app it says ""oops, try again"" and i click it nothing happens...ever. The developers need to fix their app to include more secluded locations. If I could rate it zero stars I would. Horrible app"
146472;;"2020-07-06 16:20:56";"Really Great! I'm a first time user and within 1hour of posting an item, I received an inquiry."
146439;;"2020-07-06 23:59:54";"I will update my review once I see that the issue is fixed....... Iuse to love the app but since the update I can't seem to do anything. Can't read the description on any product, can't look at any pictures of the products, and can't see anything about the seller. Please fix. Going to try to uninstall and redownload it. Hopefully that fixes it."
162879;;"2020-04-17 02:49:27";"always good"
157267;;"2020-05-09 19:53:47";Awesome
163137;;"2020-04-14 13:57:14";"Lame this site pure lame used be good now dealing with people it's so hard and run ..also there is no pets for sale on here when it's huge deal people wanting them .plz look into getting post got pets"
162088;;"2020-04-23 19:14:17";"This app suck people really try to scam you just a waste of time so pissed off with this app"
146267;;"2020-07-08 16:07:16";Greet
146235;;"2020-07-08 20:46:25";"So far good"
146203;;"2020-07-09 04:41:47";"Not bad"
160796;;"2020-05-05 00:19:01";Great
149002;;"2020-06-26 11:58:27";"Great site, Great deals"
152105;;"2020-06-11 11:03:20";"Just started using app give me a few weeks to see how everything works out for... Thanks"
154381;;"2020-05-21 04:09:32";"I love this app. I need to buy a car."
134656;;"2020-09-13 03:03:03";"Loved the app but now all my buyers are gone! Money lost! Offer Up should've merged with LetGo! This is horrible 😔"
134657;;"2020-09-13 01:49:00";"Loved this app until they alienated a whole Country. Please give people back their accounts and open it back up to Canadians."
134658;;"2020-09-13 01:34:59";"LetGo was a much better app than Offer Up. It was easily searchable, offer more categories and you could use a web version too. Please bring back Let Go!"
134659;;"2020-09-13 01:22:28";"BRING LET GO BACK!! horrible mistake to combine with offer up!"
134660;;"2020-09-13 00:28:43";"Excellent app to have"
134661;;"2020-09-13 00:25:19";"Not bad considering other websites."
134662;;"2020-09-13 00:20:34";"My selling posts are gone! Now I have to go and retake pictures and write descriptions of all of the items I was selling, plus all my selling history is gone and I've sold quite a bit. This is frustrating and a hassle."
134663;;"2020-09-13 00:10:35";"Amazing app"
134664;;"2020-09-12 23:06:13";"Letgo was fun & reliable. Since it has been taken over by offer up it sucks. Cant get ahold of any of my contacts to finish deals. Lost a deal because my contact said I was not interested in her mirror anymore. I want that mirror so bad. Please put it on marketplace so I can buy it."
134665;;"2020-09-12 22:52:09";"No longer in Canada"
134666;;"2020-09-12 22:33:54";"I’m not happy with the merger of letgo and OfferUp I had items saved and contact info for someone to do window tinting that seems to be lost letgo was much much easier will not be using OfferUp"
134667;;"2020-09-12 21:37:43";"I MISS THE HECK OUT OF LETGO! I WOULD VISIT THE SITE DAILY AND IT WAS EASY TO USE. THE MERGE IS AWFUL AND NOT THE SAME EXPERIENCE. I OPENED TWICE AND WAS FRUSTRATED WITH THE SET UP! PLEASE COME BACK AND ALONE LETGO!!!!"
134668;;"2020-09-12 21:12:15";"Let go was great. Unfortunately I was forced to upgrade to offer up today. Not only did I lose my positive let go reviews which gives buyers confidence m but seconds after I posted some furniture for sale I was bombarded with scammers. This never happened with let go. I feel like I am dealing with Craig's list which is not a compliment."
134669;;"2020-09-12 20:38:58";"Please come back Letgo!!!! I am extremely disappointed in OfferUp. None of my 30+ listings transferred. My repeat customers are lost to the inernet. Offerup has ads for Ebay????? Smh. I just want to buy and sell locally. I have lost a steady flow of income by not having Letgo. Today has been very disappointing. Offerup wasn't the move. I need Letgo back."
134670;;"2020-09-12 19:49:25";"There were more people on another app for my demographic. Great operating system though"
134671;;"2020-09-12 17:34:22";"Letgo was a great site until they merged with offerup. Now they suck."
134672;;"2020-09-12 17:12:22";"Very disappointed that I'm being forced to switch over to the terrible design of ""offer up"". This app used to be very clean and easy to use. Used it multiple times to find items I was looking for. I will be giving offer up a worst review than letgo"
134673;;"2020-09-12 17:00:36";"Doesn't exist"
134674;;"2020-09-12 14:08:22";Awesome
134675;;"2020-09-12 11:44:06";"Kıyafetler için beden seçeneği eklenebilir"
134676;;"2020-09-12 09:54:30";Awesome
134677;;"2020-09-12 08:47:26";"I love"
134678;;"2020-09-12 08:02:57";"I always new uffer up existed but never liked it not even now. Letgo was better designed, clearer, more trustworthy experience. I think im going to stick to FB MKplace"
134679;;"2020-09-12 07:22:18";"This app was perfection until it merged with offerup its horrible it could have at least adapted the letgo style......disaster"
134680;;"2020-09-12 05:10:36";"You had the better platform, search function, prices, and people. All of my ratings are gone on the new combined app. Offer up has terrible UI no fresh deals, adds stay up for years abandoned by the user, it is JUNK. At least when Letgo was independent I could reliably make contact with someone wanting to sell!"
134681;;"2020-09-12 04:24:22";"I loved my letgo app...but I don't like the new app offer up 😕 ...i miss letgo...sorry I needed to say good bye🙄"
134682;;"2020-09-12 03:45:34";"I don't know why this app is downloading on my phone since I already have it and since letgo has merged with OfferUp. Seems silly to me."
134683;;"2020-09-12 02:55:13";"I got a bike and a couch both look like new good price"
134684;;"2020-09-12 01:59:47";"I don't like the ideal about merger with offer up I was doing great on Letgo now I'm not making anything and need to work on local distance and not default"
134685;;"2020-09-12 00:55:08";Great
134686;;"2020-09-11 23:23:40";"App is far far far far better off without the involvement and inconvenience of offer up. As do alot of these reviews must suggest to whoever is at the head of letgo... the merge with offer up was s terrible idea. Please undo it"
134687;;"2020-09-11 22:00:51";"Love it"
134688;;"2020-09-11 21:30:35";"The app doesn't work anymore"
134689;;"2020-09-11 20:30:32";"Use to be the best"
134690;;"2020-09-11 19:46:40";"I used to rely on letgo to cross post items I wanted to sell. It's a shame you no longer support Canadians."
134691;;"2020-09-11 19:41:32";👍👍
134692;;"2020-09-11 18:06:53";"I have gotten a great amount of good deals since I download the app!"
134693;;"2020-09-11 16:08:51";Terrible
134694;;"2020-09-11 15:31:36";"They merged with Offerup. Don't waste your time downloading it. No longer up and running. Booooooo"
134695;;"2020-09-11 10:47:04";"App is no longer used"
134696;;"2020-09-11 05:43:20";"Don't download this, it has been abandoned by developers."
134697;;"2020-09-11 03:35:20";"Why would y'all go to offer up worst idea y'all ever came up"
134698;;"2020-09-11 03:20:45";"Why.. I used to use this app all the time now it's not supported in Canada?.... Wth."
134699;;"2020-09-11 02:42:23";"Letgo no longer available in Canada. Disappointed as letgo was a great alternative to kijiji and Fb marketplace. Why leave canada?!?"
134700;;"2020-09-11 02:39:49";"I like this app"
134701;;"2020-09-11 01:32:42";"I'm really going to miss letgo. I don't have a problem with offerup. But Letgo was my absolute favorite."
134702;;"2020-09-11 01:07:46";Book
134703;;"2020-09-10 22:44:16";"Can't even use this anymore. Annoying how when you pick your cover photo and one or two other pictures, it doesnt do the photo you want for the cover so you have to redo it manually. Also you have to select a category before you pick your item now when you maybe dont know which your gonna post yet."
134704;;"2020-09-10 22:44:04";"Never gave it a chance sorry"
134705;;"2020-09-10 21:03:46";"bring back letgo!!!"
134706;;"2020-09-10 18:48:28";"Horrible transition, awful page navigations..."
134707;;"2020-09-10 18:18:18";"Why merge with OfferUp? Better by itself. OfferUp has too many scammers ads and can't flag them."
134708;;"2020-09-10 18:08:32";"Perfect usefull"
134709;;"2020-09-10 16:32:06";"Very sad. Want cry."
134710;;"2020-09-10 16:00:48";"I'm having a hard time with Offer up. I use to love letgo and was able to buy & sell but now everything is more complicated. Letgo was so much easier to use and it was helpful. I thought I was the only one having problems or I thought I was just overreacting, but im not the only struggling...please fix the problem. Thank you!"
134711;;"2020-09-10 15:53:41";"Loved this app. Easy to use. Very helpful & straightforward to buyers & sellers. Unique review feature for buyers & sellers alike once each transaction is complete. Keeps sales honest & provides new buyers with a clear review decision to meet seller. Will miss LetGo App. Hope combined OfferUp/LetGo App keeps the same format."
134712;;"2020-09-10 13:36:50";"When I had it...it was amazing. I got more bite than Offer Up. Now that they are joined I'm unable to use this app at all and it tells me to download offerup. Which I already have... i don't see my messages from Letgo who were interested in my products. It sucks!"
134713;;"2020-09-10 13:04:53";"😡I *HATE* $OFFERUP$!!! PLEASE COME BACK!!! Their search leaves MUCH to be desired. The majority of ads are from a few months to 🤯SEVERAL YEARS old. Had their APP and LETGO, for about 3 hours; before I deleted $OfferUp$. This was MONTHS ago. Now, I am forced to use their app, because you've been taken over by them. May just go back to Craigslist and FB Marketplace. 😭You're already terribly missed, Letgo."
134714;;"2020-09-10 12:46:41";"Allowed me to get rid of my items quickly and efficiently"
134715;;"2020-09-10 12:29:34";"Before joining with offer up this was a very good app"
134716;;"2020-09-10 12:26:25";"Great to make$"
134717;;"2020-09-10 12:07:14";"No longer supported in Canada. Yet still available for download in Canada."
134718;;"2020-09-10 11:26:38";"Why partner with a trash app like offerup when there was nothing wrong with letgo at all! This app was so much better when it was solo."
134719;;"2020-09-10 11:09:43";"I have tried to use this app to find a van but so many dealers ads overrun the space. I'm not interested in a dealer, I want a personal seller. But, it doesn't matter now because LetGo has merged with OfferUp. I hope they don't allow all tbe dealers on there now!"
134720;;"2020-09-10 10:33:47";"It's suck"
134721;;"2020-09-10 10:30:51";"Good but low frequency for selling"
134722;;"2020-09-10 09:42:15";"My old and original rating was 5 stars and ""Fantastic app for making money or finding good deals"" However since it merged, i mean, since it was literally brutally raped by offerup, letgo doesn't exist. I have used letgo since it started and have put in serious work to build my reviews and rating to the point they were. And all that got literally thrown in the trash by letgo in an instant, with no care about its users whatsoever."
134723;;"2020-09-10 07:37:11";Best
134724;;"2020-09-10 07:28:49";"Your stuff sells quick"
134725;;"2020-09-10 07:09:07";"Why merge and make the website worse? Lost my business"
134726;;"2020-09-10 06:33:25";"Could knot get incontakewill people that i was try to by fromand they had same trubel"
134727;;"2020-09-10 05:10:09";"Great I'm running out of space"
134728;;"2020-09-10 05:03:28";"I thought it was great then it got bought out and Offerup isn't even compatible with my phone. So thanks for that Offerup."
134729;;"2020-09-10 04:02:01";"Letgo was easy to use and navigate with. I like offer up, but they were usually my second choice because many of the items posted locally, have been sold a long time ago."
134730;;"2020-09-10 02:11:26";"You cannot use this any more. You are asked to get offer up app. App does not open anymore."
134731;;"2020-09-10 01:56:06";"very sad to see letgo have an unexpected merge with the terrible app offerup. letgo wouldnt allow me to retreive any photos or view any of my messages from real buyers. now im forced to wade thru dozens of fake bot accounts on offerup. dont download letgo or offerup."
134732;;"2020-09-10 01:37:33";"So simple. Very convenient and free!! Love this app!! Update 2020.. after Letgo merged with OfferUp it's been horrible!! Didn't even give you choice. All my hard work just thrown away. I'll be looking for a new app because I have never been a fan of OfferUp"
134733;;"2020-09-10 01:10:34";"Worst experience ever was hacked and info stolen and account then taken over. No customer service!!"
134734;;"2020-09-10 00:39:52";"Very disappointed they did away with letgo. I don't even know how to use the new app. I had a few items on there I was trying to sell but I can't sell them now :("
134735;;"2020-09-09 23:05:51";Great
134736;;"2020-09-09 23:03:00";"Bring letgo back please! Using offer up is not the same, it sucks! Bring letgo back please!"
134737;;"2020-09-09 22:30:57";"This used to be the perfect app to buy and sell 😞 but since they ""joined forces"" with offerup i didnt bother to download offerup again. Can we just get the old letgo back ?"
134738;;"2020-09-09 20:27:48";"You have ruined let go it was easy to list and sell items now youve added shipping and take away fees and u gave no options i cant even find my listings anymore and the 5 stae rate i have and feed back are gone not sure whos brifht idea this was but your losing people"
134739;;"2020-09-09 20:04:07";"Great place to buy and sell compare to the other crappy app.(offerup) Now have to search for another good buy & sell app. Thanks for the fun times."
134740;;"2020-09-09 19:47:01";"Let go is the Shitaki but paired with offer up sux"
134741;;"2020-09-09 19:22:08";"Can look at this app all day."
134742;;"2020-09-09 17:23:01";"😭I really miss just a letgo app it was the best❤ offer up not so much letgo was just perfect by itself🌹 please reconsider this merge.. lot of Sellers and not doing too well on this offer up app"
134743;;"2020-09-09 13:26:24";"Listing things to me that are far far away from me"
134744;;"2020-09-09 13:10:17";"Its very messed up how we just lost everything, not fare...... i had so many 5 stars on selling now its all gone.... i built up my rep for nothing.... i lost all my listings and favs.... NOT RIGHT.... You guys should of let our reputation ,listings and favs roll over to work on offer up..... Now what i hate this....."
134745;;"2020-09-09 12:08:52";"I was on letgo & so was my son & a few friends & coworks, till offerup took over. U want to talk about ruining a good thing. So many of us built up a good reputation. All to be lost. So many of us in the middle of selling & buying deals. Only to get Screwed by offerup. Cutting the cord . Well So many of us . From Letgo are cutting the cord . Deleting the App . We are the one's who make the app's worth using. Offerup is not worth using. None stop Adds . Old post that are sold . WHY !"
134746;;"2020-09-09 11:37:14";"A mi en lo personal, me gusta mucho comprar y vender por medio de letgo..tengo muy buenas experiencias..gracias"
134747;;"2020-09-09 09:53:34";Great
134748;;"2020-09-09 07:35:00";"I left a review, when I was done I looked at several reviews. A very high percentage are not happy and miss the LetGo app. I do too. I hope all these reviews are read, and that something is done to fix these issues. Mentioned on some reviews is how it affected them, it affected me in a bad way. Since Covid hit, things got tough. I began to use LetGo a lot. Selling and buying I was able to supplement my income and get out of the that rut. From experience, I dont have confidence in OfferUp.Plzfix!"
134749;;"2020-09-09 06:53:50";"If I wanted to use the Offer Up app I would have installed it myself. You lost my business."
134750;;"2020-09-09 03:37:35";"App sucked anyways, I'm thinking it'll just get worse now that it's with offerup."
134751;;"2020-09-09 03:04:26";"Not what it used to be. Decent I guess still."
134752;;"2020-09-09 02:28:30";"Been great. So many great deals. I miss the old letgo!!!"
134753;;"2020-09-09 00:52:17";"Good stuff. As good as Craigs list, just over a larger geographic area.."
169483;;"2020-03-05 14:41:49";Excellent
169231;;"2020-03-08 11:40:08";"Retailers in our area crowding the app with phony/ad listings. The platform is for individuals but retailers ruining it. Some people expecting retail prices for used goods. The app itself works great just takes a while to weed through phony listings and over priced goods."
168993;;"2020-03-10 23:05:19";"Love this app"
168757;;"2020-03-13 21:08:05";Awesome
168523;;"2020-03-16 16:36:32";"Great App."
169007;;"2020-03-10 19:51:30";"Love it"
168213;;"2020-03-20 17:48:39";"Letgo works awesome, never a problem selling, posting, or responding to buyers."
166449;;"2020-03-24 07:25:19";"Awesome app"
166223;;"2020-03-26 18:25:39";Good
166148;;"2020-03-27 15:16:26";Usefull
165925;;"2020-03-29 22:16:09";"Slow loading...hardley any views hits..and NOOOO SALES YET . BOUTTA DELETE"
165705;;"2020-04-01 17:39:42";Good
165633;;"2020-04-02 16:31:21";Excellent
165416;;"2020-04-05 03:47:56";Awesome
165201;;"2020-04-07 19:30:34";"This app does NOT work. I can not look at any listings. It always tells me ""Oops. Something went wrong. Try again."" Have uninstalled and reinstalled about 5 times, different days, months apart. It is HORRIBLE."
165132;;"2020-04-08 17:03:12";"Awesome app for buying stuff in a pinch. But i would ask devs or managers to be more proactive though with in the app. Very upset that let go thinks im selling my puppy when it clearly states in my post i just need a knew kennel and im trying to sell her old one. I wanted to just use her in the picture for visual help on kennel size. Will rate more once the bot gets fixed and reads text or key words. I intened to sell more stuff but its difficult to post with out app crashing or the bot stopping"
163385;;"2020-04-11 15:11:36";Great
166467;;"2020-03-24 01:03:17";"Hopefully will be selling stuff I don't need"
163109;;"2020-04-14 20:41:04";"Less sketchy than craigslist, less work than eBay. Just right! I'm not a huge fan of the feed feature but the app still does a good job for what it is for."
162903;;"2020-04-16 22:17:06";"Great deals, friendly people and always find unquie items. Some of my most favorite belongings have came from letgo. Easy app to use"
162837;;"2020-04-17 16:36:54";"This app has some serious tech issues messages not loading up and my main page keeps sending error messages and not loading newly listed items I can't search for anything or report and and get help from tech support. Letgo flat out sucks !!!!!"
162634;;"2020-04-19 07:46:11";"Useful in makeing side $"
162569;;"2020-04-19 18:23:14";"Its awesome!"
162369;;"2020-04-21 03:42:54";Fun
162305;;"2020-04-21 18:59:36";🇺🇸🇺🇸🇺🇸😍😍😍
162108;;"2020-04-23 15:47:53";"Great app"
162120;;"2020-04-23 13:33:50";"While I have sold a few things on Letgo....there ends up being too many scams asking for shipping....or deposits on items...selling items extremely low like a PS4 Pro for 100$ is not legit. And it ends up being scams. Be careful if you use this app. A lot of awful people out there."
161853;;"2020-04-25 17:29:08";"Love this app, one of my top apps"
161792;;"2020-04-26 04:48:39";Good
161602;;"2020-04-28 01:43:33";Great
161542;;"2020-04-28 17:59:12";"Love this app 💋"
161355;;"2020-04-30 06:59:43";"UPDATE. I have raised the stars from 1 to 3 in this app. They have fixed a lot of the issues I had before yet still need some work. Willing to wait a bit to see if it improves. :)"
161296;;"2020-04-30 19:00:28";"Wonderful sometimes life-saving"
161112;;"2020-05-02 05:17:44";Ok
161054;;"2020-05-02 19:05:09";"Very easy app to use and the people I've been in contact with all have been very nice to do business with."
166400;;"2020-03-24 19:33:35";"Love it."
160816;;"2020-05-04 21:19:43";"So far so good I'll update later"
161616;;"2020-04-27 23:50:44";"The app is great"
160582;;"2020-05-06 23:53:04";"Pretty good thus far😊"
157526;;"2020-05-07 13:56:49";"It's alright, but very time consuming if you're not getting anyone buying anything you put up for sale. I've given up on it and uninstalled it. Frustrating!"
157470;;"2020-05-08 01:07:03";Cool
163408;;"2020-04-11 06:22:30";"Love it"
157242;;"2020-05-10 00:21:12";"Is good for sale and buy this app"
157186;;"2020-05-10 14:11:29";"Slow to load, doesn't show the listings, first give notifications, only discover that u have notifications in the app, used to be a good app, not any more, slow, doesn't work as it should"
157016;;"2020-05-11 23:44:05";"It's a cool site"
156961;;"2020-05-12 12:15:54";"Well, by reading other reviews you guys are aware of the problems with loading offers. We try to unload and reload as recommended with little or no results. Sooo you are aware but no fixes have been forthcoming. Let get with it guys, or we can all go over to 5 miles where I don't have this problem."
162128;;"2020-04-23 11:54:45";Convinient
156739;;"2020-05-14 03:08:18";"I got a lot of great deals on this well I enjoy hit a lot"
156684;;"2020-05-14 15:20:27";"So let me say this.. I would not recommend downloading this app!!! You might as well call it stealngo because it's LOADED with scammers!"
166482;;"2020-03-23 21:26:21";"Like**** Kool . ..."
156466;;"2020-05-16 08:35:30";"Love finding just the things I need!"
156751;;"2020-05-14 01:32:11";Good
156250;;"2020-05-17 22:51:27";Good
156196;;"2020-05-18 11:20:23";"Great app"
161369;;"2020-04-30 02:34:27";"I can find everything I need and I have met some very nice people I love Lego I will recommend letgo to all my friends and family"
154454;;"2020-05-20 14:40:09";"Messages never load"
154402;;"2020-05-21 00:14:04";"I love it"
157487;;"2020-05-07 21:08:20";"It is ok"
154198;;"2020-05-22 20:24:24";"Love using Let go. Get App!"
154147;;"2020-05-23 09:45:14";"Better then its competitor offerup!!!"
156977;;"2020-05-12 06:06:33";Great
153948;;"2020-05-25 03:29:01";"Nice app"
153898;;"2020-05-25 16:34:23";Great
169032;;"2020-03-10 14:48:38";Great
168484;;"2020-03-17 00:18:09";"World biggest garage sale."
153652;;"2020-05-28 00:13:12";"When someone messages me I don't get notifications and it always says ""oops were having trouble loading buyers"""
153602;;"2020-05-28 12:00:31";"App is full of scammers, worse that free dating apps. Fix it or shut it down. Useless as is."
162867;;"2020-04-17 05:28:45";"Not much to buy just use Craigslist"
153412;;"2020-05-29 23:54:10";Reliable
153363;;"2020-05-30 14:18:48";"Very good thank you for sharing & make it easy. God bless."
160828;;"2020-05-04 19:36:01";"Great app sold alot of stuff very safe meet people at stores like cvs walmart be safe!!!"
153178;;"2020-06-01 03:57:08";"Horrible app;doesn't work; can't post any sells; tried the online cite still doesn't work; keeps on saying try again"
153130;;"2020-06-01 16:48:56";"Really very useful app"
153425;;"2020-05-29 21:45:12";"I like it but where in the heck do you find user guidlines??"
169248;;"2020-03-08 03:20:34";"LETS GO! LETGO!"
152903;;"2020-06-03 16:48:45";Excellent
152856;;"2020-06-04 01:29:08";"I use this app all the time. Ive bought & sold things & it is very easy ti post an item for sale, unlike Craigslist."
168249;;"2020-03-20 03:11:36";👍
166189;;"2020-03-27 00:54:08";"Love it"
152636;;"2020-06-06 08:30:15";"Cool app"
152590;;"2020-06-06 20:38:28";"Nice app."
156486;;"2020-05-16 03:15:07";"Great ,,every thing I've bought has been great"
168489;;"2020-03-16 22:29:49";Excellent
152377;;"2020-06-08 22:22:16";"Great app. Really affective with buying and selling."
152332;;"2020-06-09 10:55:42";Great
156217;;"2020-05-18 05:08:43";"Doesn't load my messages"
166191;;"2020-03-27 00:01:21";"very happy"
152126;;"2020-06-11 04:59:17";Pleasant
152082;;"2020-06-11 16:02:11";Great
162396;;"2020-04-21 00:03:54";"No complaints"
165650;;"2020-04-02 09:32:42";"Love ut"
151883;;"2020-06-13 01:36:21";"Great im always on it searching for jus everything an anything"
151840;;"2020-06-13 14:03:39";Great
152391;;"2020-06-08 19:59:13";"Great App! Easy to list your items, check out other people's listings, & communicate effectively with buyers & sellers!"
157441;;"2020-05-08 07:46:42";"Love the app."
151648;;"2020-06-15 06:01:11";"Killer way to make a quick buck!"
151606;;"2020-06-15 18:55:42";"App sucks can't find anything cause its not in the right category uninstalling app"
151564;;"2020-06-16 00:27:25";"CONSTANT ads/videos that auto play, are SO DISTRACTING to scroll through as you are trying to search for items!!!!"
150022;;"2020-06-16 12:34:35";"I Have brought something from Lego Twice I love going done this with you🏍💟❤😷"
162134;;"2020-04-23 10:01:32";"So far I've bought and sold 5 vehicles with one bad car but managed to get out from under it selling for salvage."
169245;;"2020-03-08 03:53:30";"Great app! Easy to communicate with sellers and buyers. Easy to find what you're looking for at a great price!"
149839;;"2020-06-18 00:56:43";"It's a great app for finding what you want"
149798;;"2020-06-18 14:49:13";"This app is terrible considering how long it's been active. Extremely unorganized and completely lousy interface. Most times I can't chat with sellers because the app malfunctions and gives me error messages. Better off on FB Buy/Sell."
149851;;"2020-06-17 22:27:16";Love
163415;;"2020-04-11 04:49:00";"Awesome 👍"
165147;;"2020-04-08 12:08:50";"Follow up review, reported a user who was scamming people, I was also a victim. I reported them and reached out to let go on info@letgo and nothing was done. User profile and post was still up scamming people. This prove to me that the letgo staff doesn't take people report and concern seriously and that they don't seem to care about their users financial safty"
149582;;"2020-06-20 17:55:07";"Awesome app"
149542;;"2020-06-21 01:12:59";"I sild more here than any else"
149554;;"2020-06-21 00:10:52";"Thank. You. Ive. Sold. Things. Bought. Items. And. Met. Some. Very. Nice. People. Through. Letgo."
153433;;"2020-05-29 20:19:42";"Love the app. Just would prefer that phone numbers were not hidden."
168784;;"2020-03-13 15:21:05";Fun
149335;;"2020-06-23 04:30:29";"All there is are just advertising"
149296;;"2020-06-23 16:59:37";"Pretty good program with just a few suggestions dealers advertising do away with them other than that love the app."
149257;;"2020-06-23 22:51:08";"If you can catch a good deal and an honest person not bad"
154417;;"2020-05-20 20:57:43";"Excellent site with respectable individuals. Will continue to use. Thanks for providing a helpful site for someone to buy or sell items without dealing with rude and disrespectful people. Thumbs up..."
156767;;"2020-05-13 22:16:52";"Really great app. Have had great experiences with it.Really affordable, safe and easy way to buy and sell."
166197;;"2020-03-26 21:52:41";Coolio
149060;;"2020-06-25 20:19:08";"This is the best app imo, for great local deals on pretty much anything!! I recommend to everyone even if you have offer up. Get this app and you'll see why I'm saying this. Letgo is awesome 😎😎☝🏻☝🏻🤘🏻"
149022;;"2020-06-26 03:36:44";Amazing
149270;;"2020-06-23 20:31:35";"Need to make it easier to look up stuff or make it to where it only shows stuff that's relevant or exactly what you are looking for"
152915;;"2020-06-03 14:51:31";good
157446;;"2020-05-08 05:50:11";Mic
168497;;"2020-03-16 21:04:04";"Love it"
148802;;"2020-06-28 10:36:35";"Really dig all the afordable stuff"
148766;;"2020-06-28 15:38:40";"It's better to buy things on let go than selling .I get a lot of scammers on let go than the other sites."
153864;;"2020-05-25 22:51:06";"I dont like that u have to pay to boost my items. Sorry but sometimes i need to sell my things asap i have ads that i know would get sold but im waiting bcuz im at the bottom. It may work for others tho. Good job in all."
153145;;"2020-06-01 13:50:21";"THE BEST PLACE TO BUY AND SELL ANY AND EVERYTHING"
156495;;"2020-05-16 01:08:19";Good
165178;;"2020-04-08 01:40:52";"I use this app for rear finds, love it!"
148557;;"2020-06-30 12:30:15";Nice
147022;;"2020-06-30 19:15:58";"Very rude people on here"
146987;;"2020-07-01 02:25:31";"Great app"
146952;;"2020-07-01 10:39:22";Good
149558;;"2020-06-20 23:31:52";"A 1"
153106;;"2020-06-01 20:19:37";"So far so good!!!"
160560;;"2020-05-07 02:14:23";"Awesome sellers"
168500;;"2020-03-16 19:34:50";"I like it so much it's help a lot"
146756;;"2020-07-03 12:55:39";Great
146722;;"2020-07-03 20:36:20";"I love buying and selling on here"
146688;;"2020-07-04 04:59:46";Good
149559;;"2020-06-20 23:21:28";"Get it's cheap stuff good quality"
156981;;"2020-05-12 05:12:26";"Cool app, nice community"
157449;;"2020-05-08 04:51:08";"I have baught a few things off here the only thing i have wrong with the app is that you have to reset the filters to much"
166428;;"2020-03-24 14:36:52";Great!!
146504;;"2020-07-06 03:06:32";"I love this app"
146471;;"2020-07-06 17:02:52";"Perfect. I couldnt download a picture of my product and theres no editing feature to texting, but hey!"
146438;;"2020-07-07 00:10:50";Great
154428;;"2020-05-20 19:15:54";"Nice way of getting rid of things someone may want and vise versa."
153669;;"2020-05-27 19:22:11";Great
154380;;"2020-05-21 04:14:25";"It was alright, but once I got what I needed...I tried turning off the notifications, but they still kept posting...the same things over and over again. Sick of it..."
168236;;"2020-03-20 11:57:13";"I like this app alot"
146266;;"2020-07-08 16:33:05";Great
146234;;"2020-07-08 20:59:45";"Whenever I take a look at a product I accidentally send a quick reply message because quick reply messages located without thinking. I didn't use the smart reply function with intention and I think they are useless. They should be located in chat screen not at the bottom of every single product page."
146202;;"2020-07-09 04:56:35";"Great deals"
153390;;"2020-05-30 04:19:43";"It's good I love"
149039;;"2020-06-26 00:49:38";"Great app for selling and BUYING"
152149;;"2020-06-11 00:09:50";"Every time I click on something I have to update it and I have automatic update on my phone wow great app"
154433;;"2020-05-20 18:30:39";Excellent
134912;;"2020-09-03 22:37:47";"Sold this poor service to another poor service.. Okay service but don't pay for the FEATURE option. It too expensive for only 24 hours and it has not helped any of the three I paid extra for."
134913;;"2020-09-03 21:08:15";"Great app I love it 👍👍💯😊"
134914;;"2020-09-03 21:05:33";"Letgo needs to go back to the old way and let offerup go. It is a bad app"
134915;;"2020-09-03 21:01:34";"Remove old ads that are no longer avaible"
134916;;"2020-09-03 20:56:56";"Always easy works well"
134917;;"2020-09-03 20:48:14";"People don't show up on time to buy or make their sales"
134918;;"2020-09-03 20:31:52";"Bs sellouts"
134919;;"2020-09-03 20:11:27";"No longer supported, new app SUCKS."
134920;;"2020-09-03 20:07:37";"Stupid idea!!!! This is sooo annoying. I miss regular letgo. Find away to transfer my letgo profile n items over!!! Otherwise im done!! Offerup sux!!!! Boooooo!!!"
134921;;"2020-09-03 20:07:26";"Can't even open up letgo before it has you trying to download the other app OfferUp I'm deleting."
134922;;"2020-09-03 19:59:09";"Love it. I make a lot of money on this app"
134923;;"2020-09-03 19:44:09";"Why the hell did letgo and offer up merged. Its a horrible app now"
134924;;"2020-09-03 18:36:28";"Why did you sell your app to OfferUp. It has a terrible format."
134925;;"2020-09-03 18:09:56";"The new ""letgo is now offer up thing is terrible. As well I can't post the listing I keep trying to post."
134926;;"2020-09-03 17:44:03";"Wont open now since its offer up and letgo and cant get the app for that says my device not elgibile to donwload it"
134927;;"2020-09-03 17:18:58";"Was great until had to get wit ""Offer Up"". Didn't like that app to begin with. Now I guess I'll lose letgo as well... sad...."
134928;;"2020-09-03 16:59:21";"It's ok...need 2 learn how 2 sell..."
134929;;"2020-09-03 16:52:00";"Blowes balls"
134930;;"2020-09-03 16:40:38";"No longer available in Canada cause they're sellouts."
134931;;"2020-09-03 16:06:03";"Says the app will no longer run in Canada"
134932;;"2020-09-03 15:41:31";"Why did let go team up with offer up? Let go was user friendly etc.now im sifting through way to much ..Dont fix whats not broken ! Im using FB market place now."
134933;;"2020-09-03 14:47:57";"When this app merged with offer up and it makes you download the new app and you can't use the old app anymore and it says it is not supported anymore, why didn't the stuff from the letgo app that is being sold get moved to the new app?"
134934;;"2020-09-03 14:46:33";"it's stuck on a ad for offer up. wont let me back into my account."
134935;;"2020-09-03 14:27:25";"Letgo was my favorite App I’m very disappointed I don’t like the app offer up personally, know when I go into the Letgo App it’s telling me that Letgo & offer up joined together if so where is my stuff that I had posted on Letgo ."
134936;;"2020-09-03 13:14:51";"Terrible app. Used to be FREE to sell your items. It seems like now that if you don't pay the fee to keep your items featured you don't get any one contacting you for your items. This app USED TO BE AWESOME until they changed it. I used to sell items quick and easy. Now no one inquiries about my items."
134937;;"2020-09-03 13:11:17";"Kullanıcının yapımcısına ulaşılamadığı uygulamanın ismidir. Yaşadığım teknik sorunları bildirdim ama 6 ay geçmesine rağmen hiç birinde geri dönüş alamadım"
134938;;"2020-09-03 12:47:38";"Why aren't I getting my messages now? I received a notice about what I was selling and when I went to click on it, it downloaded OfferUp instead. I haven't a clue where all my pictures went and can't answer the person interested in my merchandise."
134939;;"2020-09-03 11:55:55";"App is useless now. To use this app you are now required to install another app. The app offer up which requires you phone number and other person information. I recommend not using either one of these apps anymore. If you are ok with companies selling your information and getting spam and con calls, go ahead and enjoy yourself."
134940;;"2020-09-03 11:49:52";"Stop with the offer up app. Every time I click something it come up and im checking 4 to 5 things ever 2 minutes and its annoying the hell out of me"
157241;;"2020-05-10 00:40:02";"Have found some great things on Letgo!"
157185;;"2020-05-10 14:33:35";"It can of hit and miss but it does work"
157015;;"2020-05-11 23:45:25";"Way to many scams! I have came across the same trailer two different people but same email. Went I asked about it they had some crazy long story about being in the military about to be deployed,But two different stories . Totally a scam and I reported it and letgo has yet to do anything about it. Seems like Facebook market place is better option"
156960;;"2020-05-12 12:20:49";"Lots of interesting items"
162326;;"2020-04-21 15:26:35";"Easy to use, sold quite a few things through this app!"
156738;;"2020-05-14 03:14:50";"Don't use it alot"
156683;;"2020-05-14 15:34:26";"I can only list things to sell. This app continually gives me errors. I cannot set my location or see what other people are listing. If this app worked correctly it has good potential. Unfortunately this app sucks because I only get to use 2 of its functions."
168247;;"2020-03-20 04:02:12";"Got scammed- be careful. Let go can't do anything and doesn't respond to reports"
156465;;"2020-05-16 09:12:47";Ok
160773;;"2020-05-05 04:06:45";Good
156249;;"2020-05-17 22:56:20";"Too mainy glitches and pops up when i dont want it"
156195;;"2020-05-18 11:35:34";"It's a good app"
157486;;"2020-05-07 21:09:24";"Good deals. Great for window shopping"
154453;;"2020-05-20 14:42:03";"Showing far away items. Very annoying."
154401;;"2020-05-21 00:25:21";"Good stuff at good price"
168243;;"2020-03-20 06:26:32";"Get app"
154197;;"2020-05-22 20:26:35";Excellent
154146;;"2020-05-23 09:53:49";"Gr8 buys"
166480;;"2020-03-23 22:10:37";"Good good"
153947;;"2020-05-25 03:47:32";"I found a listing in letgo while googling a violin maker- letgo would not allow me to send the owner of the violin any message,and I was unable to access his listing from letgo. now they send me messages about stuff that doesn't resemble anything I've ever searched for in any way."
153897;;"2020-05-25 16:49:55";"Es una aplicación muy rentable"
156423;;"2020-05-16 16:22:53";"Good app."
168718;;"2020-03-14 11:55:25";"It's a really fun app to buy and sell stuff It's addicting."
153651;;"2020-05-28 00:24:28";"Love it"
153601;;"2020-05-28 12:00:56";"Only have access to the chat. Can't scroll on or do anything with the listing except chat."
163073;;"2020-04-15 05:20:01";"I'm getting a error Everytime I try to search anything."
153411;;"2020-05-29 23:54:22";Good
153362;;"2020-05-30 14:44:51";"My experience was absolutely terrible y'all let anybody post on your outlet and I was scammed twice yesterday and will be reaching out to the proper authorities. I'm absolutely furious and will be pressing charges good bye. Worst app ever"
157491;;"2020-05-07 20:53:10";"Good app"
153177;;"2020-06-01 04:20:12";"Love it 😍🥰"
153129;;"2020-06-01 16:56:21";"Very reasonable"
165438;;"2020-04-04 22:36:57";"Trash straight trash first time i used this app got scammed waste of time"
162869;;"2020-04-17 04:26:03";"Piece of garbage app. Took the pic 3 times. 3 times it placed it upside down, on it's side, on the other side. Never the angle I took it from. If you want people to use your garbage app, make sure their first experience isn't extreme frustration. Thanks for wasting my time."
152902;;"2020-06-03 16:50:40";"My go to walmart in wheels lol"
152855;;"2020-06-04 01:31:15";"Love it"
156161;;"2020-05-18 17:28:40";"Straight awesome"
166415;;"2020-03-24 17:14:00";"Nice to have letgo to sell my stuff quickly."
152635;;"2020-06-06 09:21:48";Good
152589;;"2020-06-06 20:41:43";"Not sure why it started doing this but I can't ever view the whole description or view more pictures. Not much help form customer service this far. Renders the app pretty pointless"
161872;;"2020-04-25 15:18:48";"Cat look at pictures any more. When click on listing I have to message seller can't even look at listing. So that make the app useless. Was great til this started like a month or so ago."
168723;;"2020-03-14 07:38:10";"Please sort that publishing review problem"
152376;;"2020-06-08 23:10:16";"Extremely not user friendly and lots of fake users. Time wasting and their support is horrible, unfriendly and never respond or address your reported issue. Do not recommend this app. Other apps are way better than this."
152331;;"2020-06-09 11:03:41";"Haven't completed any transactions yet. New to service."
165428;;"2020-04-04 23:32:43";"Good app"
166417;;"2020-03-24 16:38:33";Good
152125;;"2020-06-11 05:08:41";"Love it"
152081;;"2020-06-11 16:06:47";"Love it"
153866;;"2020-05-25 22:37:26";Awesome
162873;;"2020-04-17 03:22:21";Great
151882;;"2020-06-13 01:40:51";"I was very happy with letgo, until the first pop up I got on my phone when I turned on the let-go app was the #blacklivesmatter add!!! With all the problems they're causing I am here by deleting the app until that is removed I hope let go does so and notifies me and I will reinstall"
151839;;"2020-06-13 14:22:37";"Love this app"
163077;;"2020-04-15 04:30:25";"Easy shopping.."
157497;;"2020-05-07 19:17:23";"Great fo finding stuff"
151647;;"2020-06-15 07:16:01";Good
151605;;"2020-06-15 18:57:16";Great
151563;;"2020-06-16 00:29:12";"Sells fast"
150021;;"2020-06-16 12:47:18";"Ever since last night the app was great. Now I am unable to login at all no matter which option I choose to try to login!! Fix this cuz I have buyers waiting for my reply!!"
153868;;"2020-05-25 22:32:07";"Verry good and reliable"
162606;;"2020-04-19 14:15:23";"I love this app, I've furnished my whole place for like 300$,... Great app..."
149838;;"2020-06-18 01:10:55";"Best sellers app a1 great job"
149797;;"2020-06-18 14:49:31";"I turned off all notifications and still get them constantly so it's uninstalled."
161026;;"2020-05-02 23:25:22";"I wish I had known about this site sooner... Craigslist SUCKS!!! This is how it should be!!!"
154118;;"2020-05-23 16:15:53";"It would be very helpful you required sellers to include the major crossroads where they're located. The map location covers to broad of an area especially if the buyer is trying to make multi pickups an plan the most efficient route."
162876;;"2020-04-17 02:58:48";"Won't update and searching for items is unorganized"
149581;;"2020-06-20 18:05:56";"When I try to respond to a message I get it tells me it's undeliverable I hit the reply button from my message and it cannot be delivered to the person who sending it"
149541;;"2020-06-21 01:15:46";Good
149594;;"2020-06-20 15:57:00";"Awesome way to get rid of the things your dont want anymore and put a little something in your pocket!"
162856;;"2020-04-17 10:31:32";"So far great i was on ebay a pay pal I had teck problems there letgo works better n my artwork gets more veiws i love letgo"
161827;;"2020-04-25 21:25:44";"Love it logged in and got right to it"
149334;;"2020-06-23 04:55:03";"Amazing easy and rarely fast"
149295;;"2020-06-23 17:10:32";"Nice place to quick sell your items"
149256;;"2020-06-23 23:01:20";Great
152350;;"2020-06-09 04:40:40";"It's a good app. Reason for only 3 stars: I took one star off, because it goes by your zip code, but still shows posts from hours away. I took another star off due to the fact that 80% of the people I messaged never answered me back. I posted some stuff for sale twice, never got a response from anyone. I notice a lot of stuff stays on here for a long time."
156935;;"2020-05-12 16:48:29";"Love this app!!"
166423;;"2020-03-24 15:44:38";"It helps me get what I need and if I need anything sold i can list it and sell it pretty fast easy way to get or sell it is just awesome thanks"
149059;;"2020-06-25 20:20:08";"An easy, quick, and most importantly...FREE way to sell or buy just about anything!"
149021;;"2020-06-26 03:42:57";"Great app, still need some work toward this app."
149309;;"2020-06-23 14:21:54";"So I just had to fuss with a guy about why 3 bicentennial quarters where not worth 15000 dollars....that's what you can expect from this app..."
152877;;"2020-06-03 21:45:48";Good
157502;;"2020-05-07 18:44:20";Acceptable
168731;;"2020-03-14 03:31:13";So
148801;;"2020-06-28 10:37:37";"Trying to sell a full body harness on let-go"
148765;;"2020-06-28 15:57:07";"Im nclovin it"
148998;;"2020-06-26 12:41:06";"Wonderful app"
152352;;"2020-06-09 04:23:02";"New update sucks, its neat that there are more categories, but there's no FREE category anymore. The app is hard af to navigate."
160831;;"2020-05-04 19:11:28";"Have run buying and selling good deals here !😊"
165393;;"2020-04-05 10:13:31";"Thumbs up dude"
148556;;"2020-06-30 12:39:00";"Location function is SERIOUSLY broken, every add listed in my area is actually hundreds or thousands of miles away(even after adjusting for location distance). The problem is that the location is showing that the seller IS in my area. That or you have a serious issue with scams. If there was a secure method of shipping items on the app i would have probably made a purchase but there isnt."
147021;;"2020-06-30 19:17:31";Awesome
146986;;"2020-07-01 02:53:15";"Love it"
146951;;"2020-07-01 10:49:34";"Introducing the four star treatment"
149598;;"2020-06-20 15:16:03";"Good stuff people like to dick around for most part but cool app"
153154;;"2020-06-01 11:19:25";Good
166477;;"2020-03-23 22:24:49";"Buyers are way too unreliable for this app to work. People will schedule a meetup and not show up and ghost you. LetGo needs a way to officially schedule meetups, until then you're better off going to Goodwill."
168734;;"2020-03-14 02:47:09";Good
146755;;"2020-07-03 12:57:01";Impressive!
146721;;"2020-07-03 20:36:47";"I love it"
146700;;"2020-07-04 00:08:33";"Great app"
149599;;"2020-06-20 14:50:00";"Sold in two days."
153107;;"2020-06-01 20:02:48";"Good app"
157505;;"2020-05-07 18:02:13";"Love it i like like like"
168192;;"2020-03-20 21:59:09";"It's just great, honestly. You get good steals on this app. Go for it!!"
146503;;"2020-07-06 03:18:15";"Amazing, lets me bargain without trouble"
146470;;"2020-07-06 17:25:23";"This POS of an app keeps sending me notifications when I have the flipping notifications turned off. It is extremely annoying that my phone keeps chiming with a notification for something I'm not even interested in."
146437;;"2020-07-07 00:25:20";"Awesome platform...so much better than others out there...they care and want to see genuine transactions happening. 20 Stars maybe!"
151857;;"2020-06-13 09:02:19";"I used to love this app, but lately I find local businesses posting all their products on the site. It's very frustrating to see page after page of office chairs from a local business that is very high priced for used items. That is what I am searching for but am only able to see one or two from a private sellers while the rest of the page is full of that particular business's items. When I was looking for a used pickup I had the same problem with a Truck business posting all their trucks and only seeing a few private sellers. Can you please fix this. It is free advertising for cheapskates who call themselves business men/women."
152104;;"2020-06-11 11:30:42";Great
154432;;"2020-05-20 18:35:22";"Is a very good app to find things that you looking for in town"
162349;;"2020-04-21 09:04:12";"Awesome way to shop"
146265;;"2020-07-08 16:39:28";"All ways have great items"
146233;;"2020-07-08 21:02:29";"Good stuff to buy"
146201;;"2020-07-09 05:23:16";"Easy Peasy"
169283;;"2020-03-07 20:27:19";"If used to use letgo alot. Liked it. But now they want to charge to post cars. Ive moved in to other free sites for posting. Letgo = letdown.... dont recommend it. Will never use again"
149077;;"2020-06-25 16:47:55";Wonderful
161324;;"2020-04-30 15:22:09";"Not fun"
162863;;"2020-04-17 06:20:28";"Love it meet some interesting people"
135168;;"2020-09-01 15:16:47";"Whay to go let letgo this sucks i wont be on this anymore thanks alot a varrrrrrrrrry stupid move !!!!!!!!!!!!!!!!!!!!!!!!!!!!!!!!!!!!!!!!!!!!!!!!!!!!!!!!!!!!!!!!!!!!!!!!!!"
135169;;"2020-09-01 15:10:59";"Some people may think im wrong but going to say it any way..i think letgo and offerup shouldnt have combined..i had more success on letgo then i ever did with offerup selling my items..even if i didnt sell to out of state buyers....no stars if i could"
135170;;"2020-09-01 14:12:08";"the worst does not open nothing."
135171;;"2020-09-01 14:04:13";"Not good"
135172;;"2020-09-01 13:30:28";"lost everything and could message a buyer"
135173;;"2020-09-01 13:19:17";"The app was great until it t merged with offer up. The new app doesn't work, I can't find my stuff for sale or things I'm trying to buy."
135174;;"2020-09-01 12:59:55";"I can not see my LetGo posts. OfferUp took over now. I was communicating with people and I was doing fair in LetGo. Now OfferUp took over and everything is disappeared. I can't even go to my chat. How do you fix this?"
135175;;"2020-09-01 12:30:23";"I had great success & had many followers. Now they have become offer up and everything has gone to hell in a handbasket.I can't get my items to load or anything. LETGO I wish you could restart!!!!!"
135176;;"2020-09-01 12:20:22";"Since the last update I no longer receive notifications. Consequently, I've missed out on selling 3 items. I am forced to go in manually every few hours. I receive notifications for everything else on my phone. ""Support"" is useless and unhelpful. They don't actually do anything to resolve the problem and now I know why. The app is no longer supported in Canada after a horrendous merger with Offerup. Good riddance. 👋🏼👋🏼"
135177;;"2020-09-01 12:07:45";"Love this app sold many things on here and met some great friends! I highly recommend!"
135178;;"2020-09-01 12:01:58";"This nightmate jambs up my inbox with junk adds for things I never searched for. Who needs another halfwit second guessing what I want to look for next week. Go play stickball on the freeway. Then you wont have so much useless time to screw with what other people want, not what you think they want. Garbage ingarbage out. The google motto."
135179;;"2020-09-01 11:07:49";"Dropped all of us like a hot potato."
135180;;"2020-09-01 09:29:25";"Extremely useful"
135181;;"2020-09-01 07:42:46";"U suck for partnering with offer up"
135182;;"2020-09-01 06:50:18";"Great app I found my girlfriend on it"
135183;;"2020-09-01 06:25:23";"I've been using let-go for a long time. I clicked on the phone app and it told me that it no longer exists that is paired up with offer. So I can't use it anymore."
135184;;"2020-09-01 06:03:30";"Worst market"
135185;;"2020-09-01 05:57:06";"Don't update. No longer functional since merger. Tried offer up and my account doesn't get ported. Can't access my listing anymore."
135186;;"2020-09-01 05:34:12";"What a shame, no notifying before hand that letgo is going to merge with OfferUp, all previous favorites are gone within the OfferUp app and messages. Time to letgo of this app and go back to using Craigslist and Facebook Marketplace."
135187;;"2020-09-01 05:28:09";"Mukemmel bir uygulama"
135188;;"2020-09-01 05:23:12";"Will miss you! Have been very good was a big help in times of need."
135189;;"2020-09-01 04:12:50";"Excellent I like it"
135190;;"2020-09-01 04:10:01";"Location is not good"
135191;;"2020-09-01 04:05:40";"Very good deals"
135192;;"2020-09-01 04:01:29";"The combination with OfferUp is the worst thing that's ever happened to letgo. I got deleted from letgo in that was not nearly as bad as this when did you eat it all my items my messages and everything I had saved on there so there goes everything I had progress on that I guess I do kind of understand OfferUp was trying to get a little bit of a better abscess they have the worst selling app available and let go is the best one OfferUp was tying to get a little bit ahead and letgo is the best"
135193;;"2020-09-01 04:00:19";"Love it"
135194;;"2020-09-01 03:59:04";"This app was good until they joined with the scamming offer up, so cant give it any stars now. Sorry let go ,Just cant do it ! Offer up is nothing but scams ! Sorry I accidentally hit one star.."
135195;;"2020-09-01 03:38:00";"You guys really could have given us some warning before you discontinued this app. Had buyers i texed that i cant talk to again."
135196;;"2020-09-01 03:37:27";"It used to be a good app until they let OfferUp take control now it is junk"
135197;;"2020-09-01 03:34:34";"It's gone from Canada. Stupid move lol"
135198;;"2020-09-01 02:50:32";"You guys really kicked Canadians off of the app without a notice and time to wrape up transactions. Pure bs."
135199;;"2020-09-01 02:48:31";"I was in the middle of a negotiation about a painting, just opened my chat to check the seller response when I realized it doesn't let me in and it says Letgo won't be available in Canada anymore. It claims we can complete transaction by 21st September but how? When I can't log in to my account how can I finish my transaction? I'm really disappointed with this App."
135200;;"2020-09-01 02:31:33";"As of this evening I now can not access anything on this app, it keeps trying to get me to download the scam app offerup! I will not EVER download and reinstall that app again until they remove the requirement of a cell number to send a confirmation text to inorder to verify the account! They claim to not sell, but not give your number to other companies and also claim to not spam you or do anything else with your number! I've heard that before and I don't believe it 1 bit!"
135201;;"2020-09-01 02:28:28";"Letgo, as the name says, letgo itself and isnt available no more, anyways, wasnt ever able to sell anything successfully here so not a big deal😂"
135202;;"2020-09-01 02:15:24";"Now the app won't even load it keeps loading offer up which I already have. I have offer up and let go well used to have let go I don't installed it because now it really sucks"
135203;;"2020-09-01 01:55:49";"I get that you're transferring us to a new app, but it said we have until Sept 21 to wrap up transactions and 30 minutes later (It is still August btw) I can't open the app and finish any of the 5 transactions in progress. Thanks a lot."
135204;;"2020-09-01 01:50:52";"Sorry I didn't ask for the merge.. Not downloading the new app..I never sold anything on here anyways..I sell much faster on FB market place"
135205;;"2020-09-01 01:42:34";"Was a super excellent app. Now that it turned into OfferUp I can't login, all my years of buying selling, all my excellent rating and great people I've met all gone down the tubes ☹️ Not a happy camper here!!!"
135206;;"2020-09-01 01:28:22";"Unused yet"
135207;;"2020-09-01 00:41:22";"It is terribly!!!!"
135208;;"2020-09-01 00:18:19";"My experience with this app pictures are too small for us older people for 1. Number two I Got a notification that something I posted. Listed on this app but it did not show the price hike that I had put in there before you guys force me to download this stupid app. No I'm not happy with this"
135209;;"2020-09-01 00:08:26";"Don't really define products"
135210;;"2020-09-01 00:04:11";"Thanks letgo for ruining a great app. After using this app for 4 years this is the unfortunate way that i have to part with this app. Offerups ui has always been clunky and hard to use while letgos was simple and smooth to deal with. This was a stupid partnership and i dont see letgo and offer up lasting that long. Its unfortunate that i have to uninstall both letgo and offerup as this is the way it has to be. I hope letgo comes to their senses and brings back letgo the app."
135211;;"2020-08-31 23:56:54";"Won't open into the app just shows an add talking about how they merged with offer up. I got messages i need to reply to with potential buyers but can't access it as a result."
135212;;"2020-08-31 23:43:34";"Why did letgo merge with offer.. It's not letting me see my profile from letgo.. Plus I had to uninstall it. This was a great app.."
135213;;"2020-08-31 23:31:42";"Great app easy to use user friendly good way to sell your things just laying around talking up space"
135214;;"2020-08-31 23:19:47";"Just the way different items are shown and the way you can't see a page of them. Offerup is better"
135215;;"2020-08-31 23:13:16";"We have a f****** problem letgo was now no longer available in Canada which I don't think is fair I think it's f****** stupid for the people who made let go fix this f****** problem man seriously letgo was the most coolest thing ever in a lot more easier than Kijiji or eBay or Amazon for me to use for three reasons one I don't know how to use PayPal that's why it made it easier to I don't know how to use credit checks which made it a lot more easier and 3 I don't know how to use e-checks"
135216;;"2020-08-31 23:05:23";"Best app ever before it joined with offer up...seems there's a lot to work out to get it back to let go method..but I am typing this on a gaxaly 4...but never had issues with let go before offer up merge....who knows if it's for the best had to seem that way in present app"
135217;;"2020-08-31 22:35:23";"They merged with offer up without giving us notice. Now when I go on offer up because I have no other choice. I can't send or receive messages or post anything for sale this is total bs. What a garbage app. 🗑"
135218;;"2020-08-31 22:31:00";"I hate Offerup and want nothing to do with it. Your new partner site prevents me from usung just your site"
135219;;"2020-08-31 22:26:33";"Bad deal merging let go."
135220;;"2020-08-31 21:42:19";"The acquisition of Letgo by the OfferUp Application on August 31,2020 has caused unethical business practices to occur, in regard to my not being able to complete Today's transactions arranged from Yesterday w/ no access to the Text Threads typed when arranging final sales.TheRealInte rnetMan😎"
135221;;"2020-08-31 21:34:31";"Great place to sell just about anything(legal)🤗."
135222;;"2020-08-31 21:32:20";"Why why why would you partner with offer up? Now I can't even log into my account to sell my damn items I'm so pissed uninstalling immediately 👎👎👎"
135223;;"2020-08-31 21:26:03";"Loves shopping on this App found some real nice things wich makes it all the better..."
135224;;"2020-08-31 21:20:52";"I found a vehicle on here was working toward buying it and when I went to talk to the seller again it told me to go to OfferUp and I did but i can't find the vehicle now not happy about that."
135225;;"2020-08-31 21:18:15";"It was good until it wasn't working in Canada I can't access my account"
135226;;"2020-08-31 20:38:41";"Now its part of offer up👎 i liked letgo platform so easy to use. Offerup sucks i prolly wont use it now"
135227;;"2020-08-31 20:36:55";"Offerup is absolute trash. And now your combining with the biggest spam app on the market. Terrible choice. Wont use either in the future."
135228;;"2020-08-31 20:36:55";"They have now partnered with Offer Up on the day I was to have a $600 sale. Can't reach my buyer and also ALL listings are gone! You have to repost all of them. Oh and there was no notification whatsoever ahead of time. Thanks Letgo, no inconvenience or anything!"
135229;;"2020-08-31 20:28:45";"I cannot enter my account on the app when it sends me the magic link. Instead of opening my account in the app, it opens in the browser which is very annoying. I simply cannot open my account on the app. PLEASE HELP"
135230;;"2020-08-31 20:21:18";"OMGOD I'M SO LIVID I CAN'T EVEN!!!! So this morning I get a notice that let go is no longer supported in Canada and I have till September 21st to finish up my remaining transactions!! But the blaring goddamn trouble is that I no longer can log into my accounts would be exact same user email and password but I can't also get the magic link!! When I email your support I get a generic response about checking my spam and blah blah blah! Any chance I could be treated like a human please?!?! ☹️😡☹️😡"
135231;;"2020-08-31 20:20:41";"Make more sales off here than facebook"
135232;;"2020-08-31 20:17:17";"So far so good"
135233;;"2020-08-31 20:02:44";"Love it 😍"
135234;;"2020-08-31 19:58:32";"They just got merged into offer up and I lost all my listings. I'm extremely dissatisfied."
135235;;"2020-08-31 19:49:50";"Terrible. Was always a pain in the ass to get anything to sell. Then all of a sudden recently they just up and removed the app for Canadian users. Even after we put in all of the time to get the stupid verification badges and spent tons of time always watching and reposting our ads. No warning they just dropped all of us. They never cared about their users. They were a quick cash grab app with a ridiculous amount of ads and terrible prices to keep items seen. Horrible experience overall...."
135236;;"2020-08-31 19:01:04";"IT SAYS THE APP IS NOT AVAILABLE ANYMORE BECAUSE IT'S MIXED WITH OFFER UP APP IS MY SELLING ITEMS GONNA BE TRANSFERED?"
135237;;"2020-08-31 19:00:29";"RIP offerup bought letgo and this app is dead"
135238;;"2020-08-31 18:47:36";"This is great. I've been on letgo since 2016 and had great success selling nothing but pocket knives, fixed blades etc. now with this merger they're considering all of my listings as ""dangerous items"" and removing them. letgo was the one and only app that allowed my type of items to be sold and now I'm left with boxes of stuff I can't sell. Guess nobody could possibly use kitchen knives (which is allowed to be sold) as dangerous weapons"
135239;;"2020-08-31 18:26:47";"Not happy now let go just up dated and became OfferUp not happy at all they need to go back to just let go😠😠😠"
135240;;"2020-08-31 18:21:08";"Love it! So easy to use!"
135241;;"2020-08-31 18:20:15";"Did offerUp really buy you guys? offeeup is dead in my area thanks for ruining a great app..."
135242;;"2020-08-31 18:18:13";"Difficult at times."
135243;;"2020-08-31 18:16:32";"I did that. This app has put me into a deep depression. I've lost everything i worked hard for. 😥 OMG! Letgo when you guys joined Offer Up i lost years of listings. I do this to make extra money to feed my son with a disabitily. I'm about to cry 💔 I could never have the time to start over again."
135244;;"2020-08-31 18:08:48";"Not vare good"
135245;;"2020-08-31 17:46:55";"I havent desided yet?"
135246;;"2020-08-31 17:42:04";"UPDATE: i hate the new app/ the merge with offerup. I hate that the letgo app no longer works and that the items i have listed on letgo didnt automatically transfer to the new app. Very disappointed and now ready to uninstall both apps and switch to fb marketplace which i really didnt want to use. Now i am going to have to pull all the items i had posted on letgo out just to repost them on offerup"
135247;;"2020-08-31 17:38:02";"Worked fine for about a year. As of a couple months ago I stopped receiving notifications when someone messages me. This makes selling impossible b/c you find messages that are days/hours old, and people lose interest if you're not responsive. I've checked all settings within the app and my phone, and there's no reason the notifications shouldn't be coming in. Tried reaching out to ""help"" through the app but get an error screen saying ""access denied""... Not very user friendly after all."
135248;;"2020-08-31 17:35:45";Great
135249;;"2020-08-31 17:31:30";"Great app but now says not supported in Canada.."
135250;;"2020-08-31 17:30:56";"Looking for vehicle and sick of having to scroll past the hundreds of useless overpriced carvana cars."
135251;;"2020-08-31 17:13:29";"I dont like offerup thats why I use letgo so please delete letgo app if you moved to offerup"
135252;;"2020-08-31 17:12:59";"God bless that person tjat invented it"
135253;;"2020-08-31 17:12:03";"This was the best. Offer up is terrible to use and full of scammers. Bring back LetGo. Not to mention I have like 30-40 5 star reviews? Not happy at all"
135254;;"2020-08-31 17:11:53";"Loved this app. Sad its no longer available. I DIS LIKE OFFER UP!"
135255;;"2020-08-31 17:11:43";"They just went away and I lost everything with no warning and didn't transfer anything to OfferUp. Offerup is a terrible app don't download it"
135256;;"2020-08-31 17:09:34";"How can be possible, let go is thousand time better than Offer Up, his design was more friendly and helpful :("
135257;;"2020-08-31 17:04:13";"Please don't go"
135258;;"2020-08-31 17:03:00";"Bring back letgo OfferUp is horrible already have it, and hate it...."
135259;;"2020-08-31 17:00:03";"Should have NEVER joined with offerup."
135260;;"2020-08-31 16:51:19";"Was a great app until you sold out!!! Hate new app won't use!! Lost all my contacts and was supposed to meet someone today. Thanks for turning into Letdown 😭"
135261;;"2020-08-31 16:50:44";"I Love this app! Why in the this WORLD would you go and ruin it by useing OFFER DOWNER?????????/"
135262;;"2020-08-31 16:50:06";"Do not download, I don't know why it is here. Offer up and letgo are the same thing now, and the letgo app does not work anymore"
135263;;"2020-08-31 16:49:23";"Forced to switch no warning lost all my listings"
135264;;"2020-08-31 16:48:45";"Why would you team up with offerup ? Stupidity"
135265;;"2020-08-31 16:44:58";"They went in with offerup and now they have to many fake adds. Deleted them both."
169312;;"2020-03-07 16:12:16";Good!
169230;;"2020-03-08 12:40:21";"Really nice"
168992;;"2020-03-10 23:18:07";"Lots of scams Don't trust this app, you have so many people on there fool you from taking your money away. I thought I trusted this app for the second time but no. This app is useless and waste of your time. You will become broke if you trust this app."
168756;;"2020-03-13 21:09:18";Cool
168522;;"2020-03-16 16:49:18";"This app will still your money. I been paying 9.99 at month and just yesterday i pay 3.99 to put my car on top of the list and let go decide to discarded my post and no refund my money they took the 9.99 yesterday + the 3.99 then 10 min later my post is discarded shame on these people doing this This app slogan should be will take your money and will cancel your add at the same time There telling me i should contact play store when there are the ones who charge my credit car"
169246;;"2020-03-08 03:42:34";"Easy to use and understand! Ty. Danny"
168212;;"2020-03-20 18:10:18";"This app sucks people offer you peanuts for your stuff, when they click on the heart it means give to me for free, and if you wanna buy they don't even answer your messages I hate it."
166448;;"2020-03-24 07:59:10";"A good platform for selling those unwanted items you have. Seems to work well now. Thx."
166222;;"2020-03-26 18:28:28";"Works awesome when it loads... 95% of the time it doesn't load messeges until I open it and start to type if I do not type it could take 15 mins to tell me ""connection not found"" but the second I open the key board and press any key even space it loads right up. Kind of wondering if anyone else has this issue? Been going on since I've had the app. PLEASE HELP! I LOVE THIS IDEA BUT OFFERUP HAS TAKEN MY BUSINESS. AND THE APP ITSELF RUNS A LOT SMOOTHER."
166147;;"2020-03-27 15:28:51";"Great deals and respectable people. Never had a bad experience. Thanks letgo!"
165924;;"2020-03-29 22:57:04";"To many ads now."
165704;;"2020-04-01 17:42:51";"I love this app"
165632;;"2020-04-02 16:36:49";"It keeps discarding my items. I'm trying to sell a rowing machine. It keeps saying it doesn't comply with their guidelines. Very disappointing! Update- letgo reopened my listing. I updated the price on my listing and it was promptly discarded again. I really wanted to like this app but unfortunately will be deleting and cannot recommend it to anyone."
165415;;"2020-04-05 04:25:26";"Great, a good feature maybe could be groups or parties where there's a certain period of time for certain groups to sell to that audience and post new items"
165200;;"2020-04-07 19:31:40";"Great app for buying and selling"
165131;;"2020-04-08 17:21:24";"Doesnt uload anything"
163384;;"2020-04-11 15:20:23";"Great app !!!! Cool way to sell and find almost anything you're looking for!!!"
168232;;"2020-03-20 13:04:14";"Horrible app"
163108;;"2020-04-14 20:50:48";"So far so good."
162902;;"2020-04-16 22:25:10";Great
162836;;"2020-04-17 16:40:32";"Good venue, would like to see less ads . even the listings are difficult to view. But it works"
162633;;"2020-04-19 08:18:45";"I don't shop on anything but online stuff great app for that"
162568;;"2020-04-19 18:33:47";"I have been able to sell a couple of things thanks"
162368;;"2020-04-21 03:47:47";"Very users friendly"
162304;;"2020-04-21 19:05:29";"Terrible. Not easy to use. Is just bad. Uninstalling"
162107;;"2020-04-23 15:52:35";Terrific
162318;;"2020-04-21 17:41:04";"the free category is full of scammers..!! fooling people and wasting their time talking to the fake profiles. Letgo isnt doing anything about it only offering to block the people."
161852;;"2020-04-25 18:17:18";"great daels"
161803;;"2020-04-26 01:46:07";"Love it ♥️"
161601;;"2020-04-28 01:44:33";"Constantly deleted my airsoft gun posts just because it has the word ""gun"" in it."
161541;;"2020-04-28 18:09:28";"Very difficult to use"
161354;;"2020-04-30 07:51:03";"Sucks. Needs updated. Mostly sketchy people."
161295;;"2020-04-30 19:09:09";"Very nice"
161111;;"2020-05-02 06:25:09";"Frakin awesome love it muah"
161053;;"2020-05-02 19:05:50";"Turned off annoying notifications on the app and then my phone and I'm still getting them. So now you get 1 star because I can't rate lower"
166476;;"2020-03-23 22:36:51";"Been using letgo for almost 4yrs selling/buying.. Love it!"
160815;;"2020-05-04 21:20:27";"Great site, I've only purchased quality items from the sellers."
161807;;"2020-04-26 01:00:17";Awesome
160581;;"2020-05-06 23:53:19";"Love it"
157525;;"2020-05-07 14:09:27";"I love it"
157469;;"2020-05-08 01:30:40";"I love Letgo, I have made many really great purchases and have added to my collection."
165156;;"2020-04-08 09:08:03";"Great place to get extra income"
157240;;"2020-05-10 00:47:35";"Love this app for both buying and selling 😀"
157184;;"2020-05-10 14:49:14";"I have found some grest items on let go! The app is easy to use."
157014;;"2020-05-11 23:53:14";"Love it"
156959;;"2020-05-12 12:47:10";"Just listed last night and already have a bunch of people interested."
162390;;"2020-04-21 01:10:05";"Hits but no sales"
156737;;"2020-05-14 03:16:02";"Best app to purchase anything from individuals"
156682;;"2020-05-14 15:39:51";"Just love letgo.."
168479;;"2020-03-17 02:31:20";"Its nice."
156464;;"2020-05-16 09:33:59";Cool
156974;;"2020-05-12 06:34:00";"Poor, its been more than 3 weeks since I made a order and haven't recieved the product nor no notification regarding the status of the order"
156248;;"2020-05-17 23:07:36";"Love the app"
156194;;"2020-05-18 11:35:47";"So easy. Many fast responses."
168475;;"2020-03-17 03:28:10";"Excellent App"
154452;;"2020-05-20 14:44:29";Good
154400;;"2020-05-21 00:27:50";"Absolutely worthless app. Craigslist and Offerup were my only source of sales. Letgo spammed me, deleted postings without any reason and sent scammers to me without any way to report issues. The company is only trying to get you to make in-app purchases to boost their lousy sales performance. Uninstalling now. Don't waste your time. 🤨"
160599;;"2020-05-06 20:57:38";Awesomeeeeeeee
154196;;"2020-05-22 20:31:02";"How can I get Letgo on my homescrean?"
154145;;"2020-05-23 10:02:21";"cant browse item you are interested..not good like before"
157203;;"2020-05-10 08:56:43";"Pretty good app"
153946;;"2020-05-25 03:49:43";"Don't use this app to sale on. Alot of scammers using cashapp and paypal be careful."
153896;;"2020-05-25 16:51:17";"Great and stable app - I've had around 10 transactions through the app over the last year and a half. I'll continue to use!"
156211;;"2020-05-18 06:53:16";"Good app for finding bargains"
168798;;"2020-03-13 12:30:56";"Espero apollar mejor"
153650;;"2020-05-28 00:25:56";Good
153600;;"2020-05-28 12:05:30";"W I have"
163140;;"2020-04-14 13:13:18";"Easy to use."
153410;;"2020-05-29 23:54:55";"I'm going through covid no government has help me and I qualify been two months since I recieved anything couldn't even pay my Bill's let go has help me provide for my family even if that means letting go of what makes me comfortable I sold my tv and my couch is next that's on period blessed I can still make something out of what I got even if it ain't much thanks for giving us a platform to use during this time"
153361;;"2020-05-30 15:01:49";"Great app pictures come out clear"
165952;;"2020-03-29 17:03:32";Good
153176;;"2020-06-01 04:39:42";"I don't like this app it sucks"
153128;;"2020-06-01 17:22:11";"This is a good site."
153616;;"2020-05-28 06:59:51";"Awesome and fast sales. Great Costumer's as well .."
163075;;"2020-04-15 04:53:49";"Great app"
152901;;"2020-06-03 17:10:15";"Some people charge to much for junk some deals are good so give it a try"
152854;;"2020-06-04 01:41:01";Yah!
156215;;"2020-05-18 05:26:20";"Love this app."
166491;;"2020-03-23 18:00:15";"If like being threatened online, this is the place for you. Also there should be a verify by cell number as to stop the multiple accounts people keep creating."
152634;;"2020-06-06 09:22:33";"Honestly I don't know all of your apps out there for buying Tony stuff this one I personally believe is one of the best. Easy-to-navigate easy to understand and definitely helps you make some extra money getting rid of things"
152588;;"2020-06-06 20:41:49";Good
156705;;"2020-05-14 10:57:59";"Just an awesome way to find things at fair prices and sometimes very unique 😁"
169005;;"2020-03-10 19:55:08";Excellent
152375;;"2020-06-08 23:11:33";"Fun to look at to see what people have for sale"
152330;;"2020-06-09 11:49:09";"app sucks, and the way it's set up, offer up is way better than this app"
156433;;"2020-05-16 15:20:42";"A lot of scammers in this app! Don't use this app to buy or sell your items!"
166493;;"2020-03-23 17:42:37";"Don't like that I can't copy and paste , nor do I like that i cant store on micro SDcard and when using from PC wants to set my location to chicago everytime?"
152124;;"2020-06-11 05:19:05";"Simply awesome!"
152080;;"2020-06-11 16:13:53";"Was a good app, but now I am forced to send a seller a message to view product pictures and details! Terrible change!"
153916;;"2020-05-25 13:17:22";"But watchout for people wanting ur email. Or want u to email them. Those are big scams. U dont need to ever use ur email to comunicate better! Just watch out from petty theives💌😂"
163079;;"2020-04-15 04:05:53";"I was trying to buy an Xbox but no one wanted to deliver because of Corona and then WAS PUT ON A WARING LIST?????"
151881;;"2020-06-13 02:03:58";"Bias political ads"
151838;;"2020-06-13 14:44:53";"I love it it's like going garage sailing at home"
168466;;"2020-03-17 04:54:20";Good
160553;;"2020-05-07 03:59:33";"Love it"
151646;;"2020-06-15 07:21:25";"Always a good experience both with browsing and a concise comprehensive interface to communicate with sellers and buyers for arranging an exchange."
151604;;"2020-06-15 19:04:59";Chunk
151562;;"2020-06-16 01:10:25";Great
150020;;"2020-06-16 13:05:59";"Very easy to use."
153918;;"2020-05-25 13:15:27";"App is trash, sends you notifications for items 1000s of miles away, for things that don't even match the description of what you want. Waste of time."
165216;;"2020-04-07 16:42:37";"Easy to find"
149837;;"2020-06-18 01:29:12";Fun!
149796;;"2020-06-18 15:05:10";"Great App"
152873;;"2020-06-03 22:14:43";Good
154169;;"2020-05-23 02:40:44";"Gr Great"
163082;;"2020-04-15 02:50:50";"Thumbx up"
149580;;"2020-06-20 18:26:14";"Easy and quick to sell"
149540;;"2020-06-21 01:16:41";"It's really a great app!!! Has made me hundreds of $$$ I didnt count on!"
162586;;"2020-04-19 16:17:45";"Allow safe connects for selling and trading"
153624;;"2020-05-28 05:13:00";"Well made"
161888;;"2020-04-25 11:59:47";"It a great app"
149333;;"2020-06-23 05:16:14";".to many forms"
149294;;"2020-06-23 17:13:30";"Not bad"
149255;;"2020-06-23 23:05:45";"Safe and very good im a kid"
152395;;"2020-06-08 19:35:29";"Great prices and great people!"
156990;;"2020-05-12 03:31:56";"Love this app"
169008;;"2020-03-10 19:49:16";"Easy & safe to use & sell my stuff"
149058;;"2020-06-25 20:23:11";"I've found a lot of great deals on letgo & The people are very friendly."
149020;;"2020-06-26 03:49:18";good
168965;;"2020-03-11 04:43:55";Great
152924;;"2020-06-03 11:18:20";"Easy to use. Saved my life with gitting used mower"
160558;;"2020-05-07 02:44:56";"this is a great app is telo me aloth"
168967;;"2020-03-11 04:26:54";"You keep ads buried trying to get money out of sellers there for people dont see you to much. Face book market place much better"
148800;;"2020-06-28 10:51:32";"Good 💜 letgo"
148764;;"2020-06-28 16:21:33";"Great app 👍"
149035;;"2020-06-26 01:29:26";"Love this app"
152397;;"2020-06-08 19:17:27";"Tuck for sale use tuck Show me buy used truck for sale"
156714;;"2020-05-14 06:55:51";🖤
165464;;"2020-04-04 16:56:51";"Great app to find great and reasonable pricing items glad I downloaded let it go and not offer up"
148555;;"2020-06-30 13:02:58";"I ❤ this, its not always about selling, but about meeting people, having empathy & helping those in need by donating. That has been my experience.🙏"
147020;;"2020-06-30 19:19:42";"Trash doesn't work"
146985;;"2020-07-01 02:57:47";"Pretty good app"
146950;;"2020-07-01 11:36:19";"I like this site you reach alot of people"
160789;;"2020-05-05 01:06:54";"To much scamming with hacking and spoofing identity theft"
163350;;"2020-04-11 22:47:56";"Not loading. Ive deleted and reinstalled app and reset phone and nothing it says problem loading new stuff not that is loading slowly its not loading at all"
160794;;"2020-05-05 00:21:30";"Great app"
168970;;"2020-03-11 03:38:33";"I think it's a great site!"
146754;;"2020-07-03 13:29:57";"Great Applications"
146720;;"2020-07-03 20:38:39";"So Far So Good"
146734;;"2020-07-03 17:40:53";"Can sell anything only if I pay to boots up only"
169025;;"2020-03-10 16:19:57";Great
153155;;"2020-06-01 11:19:07";"It's still a decent app but it seems like unless you purchase packages yo feature an item you kind ofget overlooked. I noticed a significant change in my sales when you started pushing for purchases to have items ""featured."" A bit dissatisfied"
160561;;"2020-05-07 02:06:17";"I LOVE it!! I always find what I'm looking for at very reasonable prices."
168269;;"2020-03-19 21:57:04";"Great for obtaining sales experience and also raises your people skills."
146502;;"2020-07-06 04:14:04";"The only thing that needs improvement is protecting the buyer from scams, develop an insurance policy Incase u get ripped off and prosecute offenders"
146469;;"2020-07-06 17:56:48";"Awesome deals 👍"
146436;;"2020-07-07 00:34:07";"This is nice app love it"
149001;;"2020-06-26 11:59:16";"Sketchy. Nothing good sells on here. if you have a product that is a hot item, it seems they use certain tactics to force you to buy their bump up and featured listing options. i have had items repeatedly removed for guideline violations that never happened, it seems my title and desriptions are being masked and generated by letgo. when they remove you mistakenly, it takes hours to be reposted. kinda seems it is all so ill pay."
152148;;"2020-06-11 00:34:50";"Overall I think it's great. You always have a chance at making that deal!"
163398;;"2020-04-11 11:03:39";"Great site"
165651;;"2020-04-02 09:08:08";"Good app"
146264;;"2020-07-08 16:45:32";"Have to watch people close on there. Will not use again"
146232;;"2020-07-08 21:16:34";Convenient
146200;;"2020-07-09 05:34:20";"So far everyone I have spoke with and dealt any dealings with were very professional and respectable. So like I said so far its ok🦋🌈🥀"
160608;;"2020-05-06 18:39:38";"Easy to maneuver and communicate"
162083;;"2020-04-23 19:46:33";"I do experience frustrating and mysterious issues, not very often, but they make up for it with their support people and services."
152870;;"2020-06-03 22:52:37";"Everytime I sell or need something it's easy with letgo"
156175;;"2020-05-18 15:33:37";Excellent
135424;;"2020-08-30 04:43:43";Awesome
135425;;"2020-08-30 04:35:23";fair
135426;;"2020-08-30 04:16:19";"Great app other than the punks who stole my motor cycle found my bike on here...."
135427;;"2020-08-30 02:26:48";"Quick results and lots of options! I have sold items from A - Z and met some of the most wonderful people!"
135428;;"2020-08-30 02:23:02";"So far Great/Good just some people need to say more about what they are selling & some need better photo's of what they are selling"
135429;;"2020-08-30 02:18:14";Great
135430;;"2020-08-30 02:14:27";"Won't let me search or see new items Error occurs loading every time"
135431;;"2020-08-30 01:03:01";Great
135432;;"2020-08-30 00:14:18";"great app"
135433;;"2020-08-30 00:13:59";"I've had nothing but positive experiences on this site. Very friendly people."
135434;;"2020-08-29 22:55:03";"Terrible all I get is scammers trying to scam me instead of buy my items you really need to do something about it"
135435;;"2020-08-29 22:49:17";"Good and fine."
135436;;"2020-08-29 22:21:54";"Was very effective , instant offers on my items so far"
135437;;"2020-08-29 22:16:02";"This is a good app to go to buy and sell excellent I love it"
135438;;"2020-08-29 22:00:34";"It's a ok app , most of the time other people don't reply"
135439;;"2020-08-29 21:54:04";"Highly Active Buy Sell Transactions in this Platform. Recommend!"
135440;;"2020-08-29 21:44:12";"We find good deals on this site but sometime we do not have any response from sellers who left the ads for years without up to date"
135441;;"2020-08-29 21:18:32";Great
135442;;"2020-08-29 21:14:30";"Only issue I have is with the people on the site that ask to buy my stuff then refuse to answer. So yeah... Don't be that person"
135443;;"2020-08-29 20:59:12";"Like the app sold some stuff ...once you delete a conversation for a sale no way to find the conversation again. Left some precious things in guitar case I sold and cannot find the person i sold It too through the app :( no ok ne to contact to resolve"
135444;;"2020-08-29 20:52:35";"Never had a bad experience know what your looking for use your common sense and buy what you need"
135445;;"2020-08-29 20:41:08";"Horrible scam people left and right"
135446;;"2020-08-29 20:39:07";"The new craigslist when everyone gets on track easy to communicate as well"
135447;;"2020-08-29 20:37:39";"Very Active admins. They take proper actions whenever there's issues between the seller and buyer."
135448;;"2020-08-29 20:35:11";"Its working nice for me locally. Thank you Letgo."
135449;;"2020-08-29 20:32:58";Great
135450;;"2020-08-29 20:05:14";"Unable to sell eggs"
135451;;"2020-08-29 19:26:05";"Great app"
135452;;"2020-08-29 19:13:17";"App itself is user friendly, but there is a lot of fraud with certain item categories like newer electronics. Not sure how one would weed that out. If the deal seems too good to be true, it is."
135453;;"2020-08-29 19:11:42";"Thumb up"
135454;;"2020-08-29 18:58:02";"The old format was better. You shouldn't have to message in order to view a listing."
135455;;"2020-08-29 18:51:34";"Enjoy it and its fun, helps me to letgo;) of my items without throwing them out and can make some $ good times"
135456;;"2020-08-29 18:34:51";"Great app if you like to find deals in your area"
135457;;"2020-08-29 18:31:44";"No phone number to contact sellers"
135458;;"2020-08-29 18:26:48";"i have been ripped of 3 days ago. ive paid 200 for a ps4 and it doesnt even work, shw said it was brand new and and works good but when i brought it home it didnt work it wont updated so i ask my son to check he toke the plate off the ps4 and found out that the device storage cartridge was pulled put and taken apart the ps4 did really looked new but it was not. this is the last time im gona buy stuff from letgo to much rip offs and even the house buyers r like that all scams. i bet ever sellers on letgo is scams and products dont work good...sooooo please people out ther check before u buy..."
135459;;"2020-08-29 18:17:32";"Fun,fast,far out"
135460;;"2020-08-29 18:08:43";"Awesome and friendly sellers!"
135461;;"2020-08-29 17:21:19";"So wonderful to have everything brought to us!!!"
135462;;"2020-08-29 16:51:19";Amazing.
135463;;"2020-08-29 16:49:01";"This is the best place to buy and sell almost anything."
135464;;"2020-08-29 16:41:54";"Very easy to use"
135465;;"2020-08-29 16:41:06";"Very good"
135466;;"2020-08-29 16:32:23";"I use the competitor app and a big seller there. I use this app to advertise services. The recent update got rid of ads which I would buy once a week and was working for us. Also, similar to the below user, the search comes up with things you are not looking for because of the broad word search and ignores the radius. Please fix the add issue and if things get better I'd love to try again."
135467;;"2020-08-29 16:08:49";"My friends deleted my account thru chrome and I wanted to login and it say I process of deleting"
135468;;"2020-08-29 16:08:24";"Everything I may need I'm always able to find it here on Letgo"
135469;;"2020-08-29 15:59:09";"Absolutely hate the fact that I have to message a seller in order to look at what they are selling."
135470;;"2020-08-29 15:18:57";"I've bought and sold on Letgo several times . They make it easy to list, snap, post. I also have offer up, now they are going to be as 1together, you will be reaching so much more . Consolidating with each of the ones I use will be great. Malcolm L.Jenkins"
135471;;"2020-08-29 15:15:26";"Very good .easy to post no charge"
135472;;"2020-08-29 15:11:24";"Great app"
135473;;"2020-08-29 14:57:10";"Fast and effective way of reaching buyers"
135474;;"2020-08-29 14:34:51";"Itz alwayz great.. Thiz iz a1 steaksauce service on letgo!? Yall number1"
135475;;"2020-08-29 14:27:21";"Frustrating for searches. I set my location to 10 miles out, and I still get stuff that's way outside my parameters. Also need a 20 mile out setting (not that it works anyway). There's a huge gap between 10 and 30 miles. Come on, Letgo, if eBay can get it right, so can you!"
135476;;"2020-08-29 14:13:02";"I don't know exactly what I expected, but this wasn't it."
135477;;"2020-08-29 13:45:15";"Its a good app just needs small adjustments"
135478;;"2020-08-29 13:44:15";"I like this app Cuz it show u defrent things and where there located at"
135479;;"2020-08-29 13:41:44";"Is good"
135480;;"2020-08-29 13:10:33";Awesome
135481;;"2020-08-29 11:51:33";"You know we ALL LOVE LETGO! This is my husband. It takes care of me! 🥰"
135482;;"2020-08-29 11:13:05";Great
135483;;"2020-08-29 11:12:56";"Please remove the quick responses. I've seen about as many ""is it still available"" messages that I can stand. Make it harder to send a message or something.. maybe when letgo and offer up combine you'll fix it."
135484;;"2020-08-29 10:09:29";good
135485;;"2020-08-29 08:41:55";"Very addictive fun app"
135486;;"2020-08-29 08:07:52";"Excellent ."
135487;;"2020-08-29 07:42:15";"If only people would really just let go"
135488;;"2020-08-29 06:10:42";"Fun and cheap"
135489;;"2020-08-29 06:10:17";"Wasn't receiving notifications even though they're all on. So I decided to uninstall the app, reinstall, and now I can't even log into it. I use my email, and it's supposed to send some sort of magic link, which I never received after multiple attempts. Yes, I checked my junk mail as well."
135490;;"2020-08-29 05:55:46";"Low sales volume. Everyone wants to pay you half of your asking price."
135491;;"2020-08-29 05:37:14";"Horrible app. The administrator will suspend your account and never tell you why. Dont waste your time. There are better similar apps. They now send me a bs response , but still no answer. Dont use this scam app. Stick with offer up and craigslist"
135492;;"2020-08-29 05:14:47";"I have bought alot from letitgo"
135493;;"2020-08-29 05:14:23";"Has been great"
135494;;"2020-08-29 05:01:00";"Letgo its so great and helpful"
135495;;"2020-08-29 04:57:49";"I had the same problem with some kid trying me all day with the "" I'll send you a cashiers cheque today. you send me product asap after you get your cash."" i know it was some kind of scam, but what he gets can't figure it out. He kept saying he send the cheque. what language uses the spelling of check like that? he said he was from Maryland . Why would you contact Tennessee . IDK i guess i'll see what kind of cheque they send. Stay tuned...lol"
135496;;"2020-08-29 04:38:25";"Its a good app. Ratings & coments should be mandatory so ppl who waste your time arent able to."
135497;;"2020-08-29 03:57:46";"It keeps me busy"
135498;;"2020-08-29 03:57:31";"This app is garbage the slowest most glitchy app i ever had...freeze ya phone if after 10min..so slow its just a waste..just go ro the site because this app just slows ya phone down..."
135499;;"2020-08-29 03:37:16";"Love it . Can find out what you are looking for. It's great."
135500;;"2020-08-29 03:31:51";Coolbeans
135501;;"2020-08-29 03:14:55";"It's ok."
135502;;"2020-08-29 03:13:07";"LetGo has gotten a lot worse in the past year. If you want to buy something from someone it's extremely difficult to get them to reply back to your message. If by chance you can get a response from them good luck with your purchase because they are not going to be completely honest with you and most likely will be trying to rip you off in the process. Can't get anyone from LetGo to help out with the lies and misleading information on the items that are listed for sale. Can't review anyone."
135503;;"2020-08-29 03:02:58";"Yried to reload this app andbuse. Wouod not let me use sn oldnor new email. Feveloper could not be contacted or any help eith robotiv vontrol to help reply. Real Dad Affsir fir rating of this app."
135504;;"2020-08-29 02:37:11";"Ne kadar karmaçorma burası."
135505;;"2020-08-29 02:14:37";"Sales made easy"
135506;;"2020-08-29 01:55:19";"I love Letgo. It is.easy to use,.post.items you want to sell. And just as easy to search for items"
135507;;"2020-08-29 01:55:10";"Great easy to use app 👍"
135508;;"2020-08-29 01:50:57";"The best app"
135509;;"2020-08-29 01:25:35";Great!!
135510;;"2020-08-29 00:51:44";"Tons of scammers for cars on here, i see that will never change on this app. I have seen the same car or suv on here from different names and state. I doesn't take 2 and 2 to see a scam."
135511;;"2020-08-29 00:33:35";"I like this app it lets you sell and buy good things that you like."
135512;;"2020-08-29 00:22:25";"Great item awesome prices"
135513;;"2020-08-29 00:03:42";"Great app to find good buys and sells stu"
135514;;"2020-08-29 00:00:15";"It would be nice if I can see the description of the items first. Without texting the client first."
135515;;"2020-08-28 23:50:40";"Would be better if prices were displayed from the feed"
135516;;"2020-08-28 23:00:03";"The best app ever."
135517;;"2020-08-28 23:00:02";"Okay so, me and my friends love the app guys it's great! Except for the fact that the location sends you all the way to everywhere else & even if I put default my sellers & when I try to buy things it's nowhere near my area so yeah it's a tedious job using this day in & day out with myself & others getting frustrated. I know you guys are partnering up with ""Offer Up"" but work out the kinks first before doing so, that way we all can have a smoother experience."
135518;;"2020-08-28 22:55:39";Good
135519;;"2020-08-28 22:55:31";"No car too pick up$"
135520;;"2020-08-28 22:38:29";"Awesome Resale Platform for the public and small businesses."
135521;;"2020-08-28 22:19:38";"Other than having people message back for tgings you eant or intereated in,its nice."
169311;;"2020-03-07 16:22:59";"Great app"
169229;;"2020-03-08 12:57:35";"Great app"
168991;;"2020-03-10 23:21:44";Fun
168755;;"2020-03-13 21:12:38";"Love it, Absolutely LOVIN IT ... MANY MANY... THANKS 2 ( Letgo )"
168521;;"2020-03-16 16:49:54";"Terrible you guys could do better"
169487;;"2020-03-05 13:37:24";"Very friendly and conveniently organized"
168211;;"2020-03-20 18:15:22";"The messaging system will not allow me to message a buyer back. I lost a sale during to this. I sent in an email to see if they could fix the problem and no response. Terrible app!"
166447;;"2020-03-24 09:14:09";"Love the app !"
166221;;"2020-03-26 18:33:59";"Great user interface. Very popular"
166146;;"2020-03-27 15:40:07";"Just love it"
165923;;"2020-03-29 23:29:44";"Pretty cool man"
165703;;"2020-04-01 18:00:49";"Good buys and people are pretty good too"
165645;;"2020-04-02 11:48:00";"Real good app so so many good deals but be careful it addictive"
165414;;"2020-04-05 04:34:31";"What a easy to load use and reply with others"
165199;;"2020-04-07 19:48:29";"Great stuff just about anything you need"
165130;;"2020-04-08 18:06:54";"I LOVE this app! It's fun and easy to enjoy."
163383;;"2020-04-11 15:42:05";"Nice selling app"
168464;;"2020-03-17 05:39:28";"Love love love love'!!!"
163107;;"2020-04-14 20:52:17";"Can't access let go without download the app No thank you"
162901;;"2020-04-16 22:32:18";"We have been able to find and get rid of a variety of things."
162835;;"2020-04-17 16:49:49";"I used to love this app, but recently it has been struggling with ""connecting"" and its pretty much useless to me now. It's not my internet, I have extremely fast service. I hope the app works better in the future, but as of right now it's pretty useless."
162632;;"2020-04-19 08:22:27";"Love it"
162567;;"2020-04-19 18:36:29";"come see me to buy and sell my merchandise and run a nice side business after work from home"
162367;;"2020-04-21 04:36:47";"The app is great it's some of the people that are selling that are questionable"
162317;;"2020-04-21 17:41:36";Like
162106;;"2020-04-23 16:27:18";"Great app. Just be caution, whoever you do business with"
162382;;"2020-04-21 02:00:01";"App stop working shortly after download"
161851;;"2020-04-25 18:18:36";"Installed and uninstalled multiple times but the app always fails and gives me errors when it tries to find any listings. Had to find everything through a browser. Messages work in the app though, after finding something in a browser."
161864;;"2020-04-25 16:05:34";"I be making money not funny hello honey💰🏃😂😂💕"
161600;;"2020-04-28 01:46:41";"Works good except when i have to uninstall ap and reinstall just to search seems to be working correctly now if you did something thank you if not sorry to of taken your time have a great day"
161540;;"2020-04-28 18:37:59";"I have gotten at least 5 ""buyers"" from thousands of miles away demanding my phone number or that I text someone. I had to report all of them and all of them were removed. Full of fake buyers and spam. Not worth it"
161353;;"2020-04-30 07:53:59";"Great deals"
161294;;"2020-04-30 19:13:58";Great
161110;;"2020-05-02 06:30:12";"Love it!!!!!!!"
161052;;"2020-05-02 19:25:13";"The search engine is unusable"
168241;;"2020-03-20 07:25:59";"Are allowing way to many fake salesman and scams"
160814;;"2020-05-04 21:23:56";Great!!!
161868;;"2020-04-25 15:35:55";Awesome
160580;;"2020-05-06 23:58:34";"Trying to post things and very difficult. I opened the app. Click on, sell your stuff. Then choose other and that's as far as I got to."
157524;;"2020-05-07 14:28:55";"Great selling app...."
157468;;"2020-05-08 01:58:13";"The app doesn't work if i sent a message to someone"
166163;;"2020-03-27 11:44:29";"Great app"
157239;;"2020-05-10 00:51:54";"I love the app"
157197;;"2020-05-10 11:47:44";"This app randomly closes itself. Yesterday this app closed itself and restarted my phone. When my phone restarted I opened the app up again as to continue listing items to sell and every photo in my phone's camera folder had been deleted. Thankfully some had saved to Google but I am still uninstalling this app"
157013;;"2020-05-11 23:56:27";"Everything I search is showing different States nothing is local"
156958;;"2020-05-12 12:59:08";"I have had positive results from Letgo, the only thing I would like to add is some type of dependability of the buyer's. I have had several no shows when we agreed to meet. Otherwise it is a good app."
162591;;"2020-04-19 15:56:03";Perfect.
156736;;"2020-05-14 03:24:43";"Good app"
156681;;"2020-05-14 15:51:36";"Just FABULOUS!!!"
168713;;"2020-03-14 13:44:21";"I love Letgo I can find some great deals on here"
156463;;"2020-05-16 09:50:47";"Its were its all at"
168711;;"2020-03-14 13:54:16";"Very easy to use"
156247;;"2020-05-17 23:08:13";"Search function sucks. Put in 'convertible' and I got 100 listings, not 1 of them a convertible. Put in Toyota Convertible I get all Toyotas and all convertibles."
156193;;"2020-05-18 11:50:00";"Love it"
160598;;"2020-05-06 21:40:17";"Constantly....no response....ive tried to buy several items and try to contact the seller over and over with no luck.... And to report them.... Seems to do nothing.... I have had some great finds and love that. I recently made contact with a woman in canton area( 60 miles from my house) set up a time and then got no response.... Drove most of the way there before i gave up. Very disappointing! I un - installed the app. For a week.... I'll give it another shot."
154451;;"2020-05-20 14:50:50";"Excellent app if you wanna buy or sell so quick"
154399;;"2020-05-21 00:29:51";"Quick sell nice and easy 👌"
160777;;"2020-05-05 03:45:01";"Best selling app ever!"
154195;;"2020-05-22 21:20:50";"This would be a useful app if it had a location filter that actually worked. I'll find something I like and even though I have a filter set to within 5 miles from my location, it lists several items that are over 50 miles away. I've complained about this multiple times and nothing has been fixed. It has become more and more a waste of time to use and seems like the search results have gotten even less accurate. It's a shame because this could be a very useful app."
154144;;"2020-05-23 10:02:28";Good
157259;;"2020-05-09 21:45:23";"Very good"
153945;;"2020-05-25 04:11:31";"Its stuck on an error screen"
153895;;"2020-05-25 17:14:43";"h to be in s"
166407;;"2020-03-24 18:09:01";"I have never sold anything on let it go market places places it's twice as good"
169035;;"2020-03-10 14:10:47";"Letgo is a great site i have sold several items sonce joining .Thanks Letgo!"
153649;;"2020-05-28 00:30:07";"Just finished downloading the app and it says ""Oops an error occurred."" Won't let me see anything else on there. Kept trying but no luck"
153614;;"2020-05-28 07:33:06";"Might change it but I might make 500 at 2:30 am so yeah kinda good. Ut I cant search for anything so sad bois"
163349;;"2020-04-11 22:55:59";"Very useful"
153409;;"2020-05-29 23:58:24";"It's a good app to look on"
153360;;"2020-05-30 15:04:24";"Great app"
160603;;"2020-05-06 19:31:52";Good!
153175;;"2020-06-01 04:51:37";"Very helpful"
153127;;"2020-06-01 17:22:57";AAA+
153666;;"2020-05-27 20:34:58";Great
163142;;"2020-04-14 12:44:42";Great
152900;;"2020-06-03 17:13:36";great
152853;;"2020-06-04 01:47:11";"Love it"
165664;;"2020-04-02 03:17:40";"Love it! have had many many great transactions!"
168256;;"2020-03-20 00:43:52";"Made money"
152633;;"2020-06-06 09:53:16";"Amazing app and easy to use. Great deals as well."
152587;;"2020-06-06 20:44:01";"Can't even upload images/ can barely put something for sale. Slow to update the listings. Loading indefinitely when putting something for sale. Can't see photos in the gallery to select."
156760;;"2020-05-14 00:44:25";"Very user friendly"
169040;;"2020-03-10 13:24:40";"Great app"
152374;;"2020-06-08 23:18:37";"The search distances is trash and not much selection"
152329;;"2020-06-09 11:53:04";"Very good on response"
156487;;"2020-05-16 02:47:24";Good
168258;;"2020-03-20 00:25:49";"Just started mysel"
152123;;"2020-06-11 05:24:20";"When I look for a vehicle I should be also Google, does that car I'm looking for"
152079;;"2020-06-11 16:15:37";"Full of spam/scam bots. They also sell your personal information so I've gotten tons of spam in just the three days since I signed up. 100% DO NOT RECOMMEND! Other sites I've sold items within hours of posting. The 3 days I used this site all my messages with the exception of 2 were scams."
165449;;"2020-04-04 20:32:35";"Helped me out"
163146;;"2020-04-14 12:03:18";"Great and on time for all situations!😃😃"
151880;;"2020-06-13 02:08:10";"Really don't buy used items too much"
151837;;"2020-06-13 14:54:50";"Always saves the day"
152605;;"2020-06-06 17:28:35";"Better than offer up at this point. You can post in facebook without having ab account there."
169505;;"2020-03-05 04:50:33";"Great app and i still have my car from this site love it"
151645;;"2020-06-15 08:10:46";"I love this app i got my tenant from there he is nice and very quiet i sold my car through them"
151603;;"2020-06-15 19:13:02";"Easy to use gets results nuff said!! Lol"
151561;;"2020-06-16 01:43:05";"""connecting..."" this app is garbage 25%ads and it doesn't connect until it loads ads. had data to post this but not to connect to the app. no i wont contact your garbage app customer service #LetgoOfLetgo #uninstall this trash"
150019;;"2020-06-16 13:08:21";Great
165163;;"2020-04-08 04:15:41";"good for one is good place to buy used stuff"
162875;;"2020-04-17 03:00:05";"Had difficulty cancelling out and deleting my account. My item is sold, please close my account and profile. Thanks for the experience! Customer, Darrel Venable"
149836;;"2020-06-18 01:36:22";"Too many notices area isn't right"
149795;;"2020-06-18 15:32:00";"Just installed it"
150035;;"2020-06-16 06:06:01";"Very awesome people right down to business communication outstanding Product well kept to sale.i love this app.high rates for the high rise.thank you i'll never letgo thanks letgo."
166161;;"2020-03-27 12:05:49";"Had no luck with letgo!!"
163149;;"2020-04-14 11:40:58";"Ifs great"
149579;;"2020-06-20 18:35:45";"The community guide lines need to be fixed. It won't let me put my masks on but some people can. What's up with that??????"
149539;;"2020-06-21 01:24:42";Good
153101;;"2020-06-01 20:50:57";👍
153674;;"2020-05-27 18:18:21";"I used this app alot fir selling and buying . just love it"
162082;;"2020-04-23 19:53:13";"Love this app it's very helpful of selling my stuff 😊"
149332;;"2020-06-23 05:31:00";"You need to push an update out. I can't even view pictures on listings now. It only pops up with message seller.... Very frustrating!!!"
149293;;"2020-06-23 17:24:33";"It's a good"
149254;;"2020-06-23 23:10:36";"Excellent so far 👍"
169498;;"2020-03-05 07:23:52";Awsome
162859;;"2020-04-17 08:05:00";"No complaints! 😄"
168264;;"2020-03-19 23:41:23";"Its good"
149057;;"2020-06-25 20:30:18";"This app used to work, now it's unusable. Anytime I click a listing it pulls up the message bar and won't let me scroll through the listing or see other pics on the listing. Fix this please! I used to love this app."
149019;;"2020-06-26 03:54:09";"It's a okay🆗️ app.... but when you go to look👀 something👜up a million things 👗🕶👢come up too....🤔SMH🤔..... VERY FRUSTRATING 😏😤"
157271;;"2020-05-09 19:03:32";"Great items great gifts"
157263;;"2020-05-09 20:56:50";"Great app never had any poblens."
168474;;"2020-03-17 03:43:46";"Love it"
169048;;"2020-03-10 10:47:56";"I have been very happy with the items that I have purchased"
148799;;"2020-06-28 11:39:47";"I find letgo to be an excilent app for those that cant afford the price at a regular store."
148763;;"2020-06-28 16:49:58";"I like this app"
149073;;"2020-06-25 17:52:30";I7..
162139;;"2020-04-23 06:43:21";Awesome
169509;;"2020-03-05 04:07:32";"Better than craigslist"
165682;;"2020-04-01 23:38:43";"Love this site!!!!"
148554;;"2020-06-30 13:06:22";"Love it I sell stuff an buy stuff I couldn't do without it !!! So thank you guy at letgo ."
147019;;"2020-06-30 19:34:46";"Not needed at this time"
146984;;"2020-07-01 03:00:45";"Great app"
146949;;"2020-07-01 12:15:05";"People seem to flake more than Craigslist here but the selection is wonderful"
153143;;"2020-06-01 14:13:37";👍
153665;;"2020-05-27 20:44:52";"It use to be alot better, now your listings go off to soon. I use to sell alot of stuff on here no matter how long some had been on here"
160851;;"2020-05-04 15:58:58";"Simple and effective! Safe too because it reminds you of meeting in a parking lot or during the day etc."
169051;;"2020-03-10 10:04:10";"Its been great so far"
146753;;"2020-07-03 13:54:51";Ok
146719;;"2020-07-03 20:54:37";"Love it"
146768;;"2020-07-03 10:09:01";"I have liked this Letgo it has a lot of nice stuff that I have seen and bought a lot of things on Letgo"
162075;;"2020-04-23 20:44:29";"HORRIBLE SEARCH ENGINE!! Offerup is way better because when you look for a specific item , it narrows items down to it. Where as to Letgo does not. Exp. Look up a specific item and you get a ton of unrelated items that pop up under the search. By FAR this it LETGO weak point. PLEASE FIX THIS!!!!"
163141;;"2020-04-14 13:04:02";"Imdubitably awesome"
166401;;"2020-03-24 19:27:21";Good
168501;;"2020-03-16 19:34:44";"Won't to try it"
146501;;"2020-07-06 04:56:57";"Good but needs a little work"
146468;;"2020-07-06 18:27:03";"Take the dealers off please..when i shop this and other apps i am looking for private owned not others using these apps for quick cheap advertising of their business!! If i were interested in business i would go to that type of site or their own..this really irks me!"
146435;;"2020-07-07 00:39:09";"I have just started using it, and I love it!"
149038;;"2020-06-26 01:14:44";Cool
168239;;"2020-03-20 08:33:43";"Too many ads for me. But a good place to find a good deal."
156174;;"2020-05-18 15:54:52";"Great money maker"
162614;;"2020-04-19 12:59:27";Easy
146263;;"2020-07-08 16:58:27";"Tried to look at the product that is for sale and you have to message the person before you can see any details of the item. You also can't look at the item even after you message the person. I used to love letgo but now I will not use it again due to the fact you can't even get information about the item"
146231;;"2020-07-08 21:44:13";"I really like this app. Has a lot of great stuff and people respond quickly. I can spend hours on it if I don't watch the time.Only problem I'm having is a lot of stuff I like is to far away. I have it set for Springfield Oregon with the zip code for my location but I see a lot of Portland stuff and stuff from places I'm not even familiar with. Can I do something to fix this..."
146199;;"2020-07-09 06:51:35";"I'm not exactly well versed in technology or computers and surprisingly enough this app was very easy to understand."
146451;;"2020-07-06 21:25:22";"Great !"
161816;;"2020-04-25 22:38:15";Great
152356;;"2020-06-09 02:56:13";"This is a great app.!!"
156229;;"2020-05-18 01:25:40";Great
135680;;"2020-08-27 00:30:51";"cool app"
135681;;"2020-08-27 00:25:40";"I have been trying to buy something from a seller but every time I try to verify the person or make an offer a glitch hits the app. Can I get someone to help me?"
135682;;"2020-08-27 00:25:00";"It a good ap"
135683;;"2020-08-27 00:24:45";"Nice but sometimes the people are not. So please be nice!"
135684;;"2020-08-27 00:11:12";Great.
135685;;"2020-08-26 23:48:14";Awesome
135686;;"2020-08-26 23:40:14";Good
135687;;"2020-08-26 23:25:05";"People leave straightforward information"
135688;;"2020-08-26 23:16:15";"Pretty cool site!!!"
135689;;"2020-08-26 23:14:46";"Very cool app. I've sold stuff no issues easy to use. I like it"
135690;;"2020-08-26 22:42:48";"Seems like a pretty cool app"
135691;;"2020-08-26 22:19:28";Fukoff
135692;;"2020-08-26 22:11:03";"Fun and helpfull"
135693;;"2020-08-26 21:56:59";"I am posting a listing saying i want to watch dogs and walking them for a lil money and they say im sellimg my dog"
135694;;"2020-08-26 21:40:36";"I have bought and sold items on let-go and I'm very satisfied"
135695;;"2020-08-26 21:34:38";"Everyone that I talk to that are selling things on this app aren't able to get any notifications ... the only way you're able to see your messages is if you go in the app ... please fix this problem!!!"
135696;;"2020-08-26 21:19:10";"Some nice stuff used but good"
135697;;"2020-08-26 21:13:56";"Very good"
135698;;"2020-08-26 21:10:54";"It has been great"
135699;;"2020-08-26 21:00:24";"Hate that I have to select If the item is still available before I can see the images or read the posting. That is to why there is an option to see if it's sold, right? Please fix."
135700;;"2020-08-26 20:38:36";"TOO CONVENIENT!!"
135701;;"2020-08-26 20:17:34";"Its ight"
135702;;"2020-08-26 20:11:02";"It's cool 😀"
135703;;"2020-08-26 19:52:22";"Like it alot"
135704;;"2020-08-26 19:39:54";"It's okay could be better but i hate how they wanna charge u to sell certain things now . They didn't use to do that"
135705;;"2020-08-26 19:39:00";"Sick of my ads being deleted saying I'm selling something against the rules. baby clothes and baby stuff are not against the rules alot of people sell them on your app stop hassing me .I deleted the app and will never sell in there again .and I'm so sick of people asking of it still available then don't message you back when I say yes and so many no shows on the app .people just play games and wasted people time for sellers My item was not mom the prohibited list"
135706;;"2020-08-26 18:58:08";"Great shoping."
135707;;"2020-08-26 18:45:37";"People are more friendly"
135708;;"2020-08-26 18:17:08";"firme 💯"
135709;;"2020-08-26 18:10:30";"Everytime I look at a listing a chat box comes up and I can only see the first part. I cannot look at the complete add until I send a message to the seller. This app is useless unless you want to send random messages to get all the information on an item. Emailed the developers and only received a generic reply with the catch all instructions of update uninstall and reinstall... Sent them another email stating that doesn't fix it and haven't heard anything since. Update: generic reply again."
135710;;"2020-08-26 18:05:57";"I love your App"
135711;;"2020-08-26 18:05:07";"It was ok however my account was flagged for basically no reason then i lost everythjng and had to create a new one UGH 👿"
135712;;"2020-08-26 18:04:50";Fine
135713;;"2020-08-26 17:54:24";"Since i started on letgo its been a awesome experience. #FamousLee559"
135714;;"2020-08-26 17:39:04";"It's Craigslist"
135715;;"2020-08-26 17:38:05";Good
135716;;"2020-08-26 17:18:50";"Use it at least once or twice a day."
135717;;"2020-08-26 17:13:26";"Great app!"
135718;;"2020-08-26 17:09:06";"I have loved this app i updatedy phkne and now it wont allow me to sign in at all message or nothjng. I now have like 3 let go accounts and cant get into one of them. Please help me. Im gettin no response from your customer service"
135719;;"2020-08-26 16:58:05";"Tried it and my very first listing was erroneously flagged and removed. I listed candle wax and the app deleted my listing because food is not allowed. There was no warning and there's no way to fix it."
135720;;"2020-08-26 16:12:08";"WHY!!!!!!!!! Would Letgo merge with OfferUp?? I have both apps. I havent been able to list on OfferUp for WEEKS!! It keeps saying-- something went wrong-- and wont list anything!"
135721;;"2020-08-26 15:58:54";Great
135722;;"2020-08-26 15:54:51";"Can't view user listings without the quick chat options popup showing over and can't close the quick chat."
135723;;"2020-08-26 15:34:32";"Cant even register to start using it. It keeps giving me error messages."
135724;;"2020-08-26 15:32:18";Good
135725;;"2020-08-26 15:26:12";"Ao far so good"
135726;;"2020-08-26 15:07:40";Great
135727;;"2020-08-26 14:49:47";"This is a pretty useful app for selling things locally or at longer distance. I posted a gamecube and it sold for $45 to a trustworthy person, the people you buy from or sell to have a rating that shows the experiences other people had with them. EX: this person has 5 stares and is most described as; polite, trustworthy, fair prices. I'm selling a few other items on my profile currently."
135728;;"2020-08-26 14:47:59";Great
135729;;"2020-08-26 14:32:20";"Good Service"
135730;;"2020-08-26 14:09:24";"Very easy to buy and sell"
135731;;"2020-08-26 14:00:45";"Good app"
135732;;"2020-08-26 13:59:12";"Always make a sale! Great app."
135733;;"2020-08-26 13:49:26";"Only for local sales. Competitors give you the option of local, national, or international."
135734;;"2020-08-26 13:45:15";"SINCE I BEEN HERE. I HAVE RESPECT WITH PEOPLE."
135735;;"2020-08-26 13:18:18";"Easy to use"
135736;;"2020-08-26 12:56:09";"Cannot get product loaded to sell. Says error when I try to post."
135737;;"2020-08-26 12:44:40";"Best way to market your items fir sale"
135738;;"2020-08-26 12:40:27";Awesome!
135739;;"2020-08-26 11:30:45";"First time using the app and I find it very easy use. User interface menu is very accessible and straight foward. App is pretty useful for any trying to make quick buck selling merchandise."
135740;;"2020-08-26 11:24:49";"I sold some things on here and paid for things on here. It's cool and convient."
135741;;"2020-08-26 09:50:20";Awesome
135742;;"2020-08-26 09:36:24";"I ♥️!!!!!"
135743;;"2020-08-26 08:21:17";"Its great just somtime people dont fallow thru or there sckamms"
135744;;"2020-08-26 07:45:45";Great
135745;;"2020-08-26 07:37:30";Great
135746;;"2020-08-26 07:29:35";Cool
135747;;"2020-08-26 07:12:46";"I think it is great"
135748;;"2020-08-26 07:01:00";"If OfferUp buys Letgo, I'm done with Letgo. I HATE offer ups format. It's focus is website sales and mostly out of state. It mixes it in no matter the setting. Letgo don't. 3 star because I'm upset by the thought of losing the best thing since Craigslist. Facebook Marketplace I will go."
135749;;"2020-08-26 06:48:41";Fantastic
135750;;"2020-08-26 06:44:47";"I really love it"
135751;;"2020-08-26 06:40:52";"Lately the Letgo App is decreasing in accessibility and simple browsing. The App hangs up 'updating' and doesn't upload the page. I have logged out of my account, logged back in, installed the update and restarted my phone - still unable to access my feed or listings. Resorted to FB Marketplace to sell and buy items. You had it going on Letgo. #dobetter"
135752;;"2020-08-26 06:35:44";"Cool stuff"
135753;;"2020-08-26 05:54:40";"Brought several items from app works great"
135754;;"2020-08-26 05:52:23";"So far so good"
135755;;"2020-08-26 05:12:11";"Easy to use"
135756;;"2020-08-26 04:26:31";Excellent
135757;;"2020-08-26 04:24:24";"Got a nice dresser. My next buy was six Fabulous plant stands but I didn't get any Credit for the stands I bought."
135758;;"2020-08-26 04:18:34";"Love this app"
135759;;"2020-08-26 04:10:36";"Excellent App"
135760;;"2020-08-26 03:41:08";"Love the site"
135761;;"2020-08-26 03:20:14";"Actually sold stuff"
135762;;"2020-08-26 03:09:22";"I like...."
135763;;"2020-08-26 02:54:02";Awesome
135764;;"2020-08-26 02:53:23";"Notifications dont work at all"
135765;;"2020-08-26 02:05:02";"Constant error message even afrer uninstalling and reinstalling"
135766;;"2020-08-26 02:00:48";"Works great"
135767;;"2020-08-26 01:44:17";Goof
135768;;"2020-08-26 01:36:30";"I have not used this app in quite a a while. When I did I made a great purchase and gave it five stars. I just installed it on a new phone and it won't let me in. Tells me my email or my password is wrong, which is saved in my Google Password Manager. So I know what they are! The app has a major bug in it. And when it tells me it sent me a new password another major bug occurs as nothing gets sent. As it is this version of Letgo should have no stars. It is garbage. A useless program. Trash."
135769;;"2020-08-26 01:33:45";"Great products at a fair price!"
135770;;"2020-08-26 01:12:37";"Cool I look at it everyday 👌"
135771;;"2020-08-26 01:11:12";"Works great 👍"
135772;;"2020-08-26 01:07:41";"I buy all kinds of things on this app. l buy things for my grandkids my children, my home. It has saved me so much money! I also have sold items on here."
135773;;"2020-08-26 00:46:38";"Best app to sell and buy by far."
135774;;"2020-08-26 00:26:26";"If there was a option for now star i wouldn't chose any. Poor app"
135775;;"2020-08-25 23:34:09";"LOVE Letgo...use it ALL the time but one thing I REALLY liked was changed. Before when u did a search on say sofa...we cld click on one we like then automatically go to the next ones in that category...WISH they would bring that back! AND it wld be great if a notification can be sent if we are in the area of a favorite listing. OTHERWISE LOVE LETGO!"
135776;;"2020-08-25 23:33:03";"The app itself is good the only thing wrong with it are the people selling😐"
169551;;"2020-03-04 18:07:12";"Trying it out, not sure how well it works. updates pending"
169310;;"2020-03-07 16:37:56";"Good place cor good people"
169228;;"2020-03-08 13:22:12";"Excellent app to sell your stuff to someone else who needs it , and just. "" let it go ""..."
168990;;"2020-03-10 23:38:11";"Good so far"
168754;;"2020-03-13 21:18:46";"Great app"
168520;;"2020-03-16 16:52:07";"Doesn't let me open mail"
168288;;"2020-03-19 17:40:15";"Great app with alot of great deals and sales. User friendly and most sellers items are as described."
168210;;"2020-03-20 18:24:51";"Why does this app keep making me sign in the next day? At the very least enable finger print login or leWhy remove the swipe to delete function? It would also be nice to be able to edit the auto responses someone can make for us. I hate when people just click a button and don't even Communicate. If my post is up it's available, No need to ask. If it says negotiable then that means I'm willing to negotiate, no need to ask. Little annoyances that could easily be changed to give a better experience"
166446;;"2020-03-24 09:21:25";"SWEET APP AF !!!"
166220;;"2020-03-26 18:34:05";"Every thing good"
166145;;"2020-03-27 16:02:34";Great
165922;;"2020-03-29 23:43:04";"Aw3some👏FRFR💯 Major"
165702;;"2020-04-01 18:24:46";"I found it very easy to use this app"
165717;;"2020-04-01 15:34:53";"Good stuff"
165413;;"2020-04-05 04:57:52";Exceptional
165198;;"2020-04-07 19:55:46";Beaut
165129;;"2020-04-08 18:37:25";"Quick easy. Ready to post no delays 👍👍👍"
163382;;"2020-04-11 15:56:49";"I like the prices on letgo, very affordable."
168543;;"2020-03-16 12:31:02";"It will not let me upload pics from my gallery. I've done everything to gic the issue & nothing works"
163106;;"2020-04-14 20:57:41";Great
162900;;"2020-04-16 22:39:20";"I put within 3 miles from my location and its not giving me anything in the same state and i check and it says on settings ""within 3 miles from ****my address***"" so why wont it modify it to what it says why is the closest ad an hour and 15 minute drive?"
162834;;"2020-04-17 16:58:39";"I have been experiencing difficulties loading new listings. I even reinstalled the app. Fix this please. 5 stars if fixed."
162631;;"2020-04-19 08:31:38";"Great app"
162566;;"2020-04-19 18:52:16";"It good to use . And stuff on here is very cheap you can buy anything less then you buy at the store love it."
162366;;"2020-04-21 04:38:55";"It is a great app.. Just the letgo team states an item is not allowed on let go ..just because of price and people flagg it just for stupid reasons not facts.. Yet other people are posting the same stuff higher and its fine.. Nothing I post is illegal nor not suitable for general people.. I love collectables and rare and unique antique items. When I post some I like to sell I would appreciate the letgo team to actually look at the item(s). Before removing them for no good reasons.. All equal..."
162381;;"2020-04-21 02:01:12";great
162105;;"2020-04-23 16:36:55";"Theres alot of scammers on this app. Which makes it suck5"
162583;;"2020-04-19 16:59:27";"Love this app"
161850;;"2020-04-25 18:31:21";"Have good stuff"
162058;;"2020-04-24 00:02:00";"Okay never install this app a lot of losers use this app along with the good old scammers people try to rip you off left and right go with craigslist or face book market a lot less scams then let go and guess what if you report it let go they won't do a dang thing for you so i am going to let go of this app"
161599;;"2020-04-28 02:07:03";"Besides the low ballers that expect you to give your things away... or the 2 time wasters that had me wait for them to not show.. Its. Cool app"
161539;;"2020-04-28 18:49:18";"Asking for cars by owner and getting all these dealerships me"
161352;;"2020-04-30 08:32:06";"Ok, they have alot of options. So I was selling some sneakers, I got threatened and told that it was going to get robbed at my house. Guys this could happen in any app. I wish you could call the services and let them k ow what's goin on. I al.sot called the cops and ended up staying up till 5 in the morning because I was scared asf."
161293;;"2020-04-30 19:27:19";"Good so for"
161109;;"2020-05-02 06:36:22";"Great app"
161051;;"2020-05-02 19:27:06";"It's a great app thaks."
168473;;"2020-03-17 03:56:17";"Love it but Says that I post a vehicle when I have not. Want $$$ to put a car on here and I think that it just trying to get cash when you can post one with out paying"
160813;;"2020-05-04 21:51:24";"Love it."
162062;;"2020-04-23 23:33:48";"letgo fixed my problem for now and so far everything is good and the problem is solved..."
160579;;"2020-05-06 23:59:50";"List stuff sell stuff"
157523;;"2020-05-07 14:28:57";"App used to work, all I get is errors. I in installed it months ago. I just tried again and same issue."
157467;;"2020-05-08 02:22:18";"This has been a terrific place to buy & sell!! App works great too!! Love it!!"
165442;;"2020-04-04 21:51:45";"Has been good"
157238;;"2020-05-10 00:53:01";"Amazing experience"
157253;;"2020-05-09 22:20:27";Nice
157012;;"2020-05-12 00:06:56";"I can't find any way to access a previous chat without typing something new to the seller. There is no way to rate a buyer/seller from standing you up. Missing important features, but overall mostly functional."
156957;;"2020-05-12 13:10:20";"Seams to be a good site"
162656;;"2020-04-19 03:17:02";"Easy to navigate"
156735;;"2020-05-14 03:35:39";"Very good"
156680;;"2020-05-14 15:55:47";Great
168793;;"2020-03-13 13:28:37";"I love the app and I've had great experience with selling stuff, but I want to give a heads up because I'm not sure how to contact anyone with letgo. But if by chance you receive a message saying text my husband/wife don't do it! Like a crazy person I did and it's a scam!! I got one Wednesday and just got another this morning. I have learned my lesson and just wanted to pass it on."
156462;;"2020-05-16 10:00:09";"I like the way they keep you on track with new postings maching your searches, that is gonna help me finally get the item i need! Im excited. Keep it up."
157200;;"2020-05-10 10:46:46";"Easy way to find what you need"
156246;;"2020-05-17 23:20:52";"Love it very easy app to make money on."
156192;;"2020-05-18 11:56:25";"It have a lot of variety and good items"
160776;;"2020-05-05 03:50:45";"Works great"
154450;;"2020-05-20 15:06:05";"All Great"
154398;;"2020-05-21 00:40:18";"I love it. People get back to you soon"
160834;;"2020-05-04 18:19:09";"People are using other people's ID and acting like they have the product then try and rob you. This app needs more security verification for the one selling. And the buyer also needs to be verified. They robbed me and I lost 3000 off this app. Please dnt fall for these letgo scammers they look legitimate but will get you in broad daylight...fyi"
154194;;"2020-05-22 21:57:16";Best
154143;;"2020-05-23 10:26:23";"Great love it"
168706;;"2020-03-14 15:44:23";"It's a good app but I cant use it, it says sorry error occured so i cant see what people are selling"
153944;;"2020-05-25 04:18:06";Great
153894;;"2020-05-25 17:17:29";Sad
156427;;"2020-05-16 15:46:12";Great
169274;;"2020-03-07 22:05:11";"I like being able to talk to seller."
153648;;"2020-05-28 00:31:30";"So far so good"
153664;;"2020-05-27 20:48:56";"Horrible every time I choose a location or category it sends me out of zone or merchandise I am not interested in"
163417;;"2020-04-11 04:26:48";"It's great"
153408;;"2020-05-30 00:22:26";"love it"
153359;;"2020-05-30 15:15:00";"Since the last update, Everytime I open the app and click on any item, the page opens then a dark filter appears over the picture and locks that page. This prevents me from scrolling thru the difference pics and descriptions of product and location. I've tried uninstalling the app then reinstalliing it and restart my phone and still same problem. I love using the app but I can't use it. Please help"
160781;;"2020-05-05 02:57:21";"I would like to see LetGo enforce more security measures where a seller has to upload a credit card to divert thieves from running scams on people. This technique may ensure a more secure website and sift ouf the fakers."
153174;;"2020-06-01 04:59:12";"So far, so 👍"
153126;;"2020-06-01 17:52:13";"I fine anything here"
163072;;"2020-04-15 05:21:06";Good
163351;;"2020-04-11 22:33:54";"It's been great"
152899;;"2020-06-03 17:17:32";"The best app to buy, sell, and find and give away free stuff. Thanks Let Go👍👍✌️!!!"
152852;;"2020-06-04 01:50:54";Great
156431;;"2020-05-16 15:31:08";awsome
168488;;"2020-03-16 22:35:03";Cool
152632;;"2020-06-06 10:20:40";"Not to bad, lliing to buy a few things. Thsnks."
152586;;"2020-06-06 20:52:40";"The Best"
156928;;"2020-05-12 17:52:43";"Found good stuff"
169279;;"2020-03-07 21:25:15";"I liked this application. It is so useful to me"
152373;;"2020-06-08 23:32:11";"Easy to use"
152328;;"2020-06-09 12:30:35";"I love it"
161811;;"2020-04-25 23:54:35";"Not bad not bad at all."
168490;;"2020-03-16 22:21:41";"Nice app"
152122;;"2020-06-11 05:30:05";"I bought thing very easy no truble"
152078;;"2020-06-11 16:36:23";"Lacking. I cross posted my listings between OfferUp and letgo. 100% of all interest came from offerUp. I made all my sales from that platform while Letgo only notified me to add more details."
154115;;"2020-05-23 16:27:34";Great
163355;;"2020-04-11 21:15:52";"Lot of good Dee deals"
151879;;"2020-06-13 02:09:31";"Worse selling app ever. Never pulls up the right stuff, always sends me posts for wrong items 2000 miles away. And final straw. Donating to racist organizations. Time to letgo of this app."
151836;;"2020-06-13 15:02:56";"So glad they fixed this version , was a real downgrade when swipe left on a full open ad no longer swiped to the next ad (they made it swipe yo additional pictures which you already could do when you click on the main image), slowed me down so much, this newer version isnmuch much better, dont ever go back to that old swipe action."
152651;;"2020-06-06 04:18:37";Good
160787;;"2020-05-05 01:39:16";"Keeps telling me a error everytime I try to adjust filter"
151644;;"2020-06-15 08:13:34";"Great very useful"
151602;;"2020-06-15 19:17:42";"Alot of ppl doing ""scamming"" trying to sale.stuff"
151560;;"2020-06-16 01:46:23";"Terrible inaccurate irrelevant items when you search for specific things. And also this app supports far left socialism and black lives matter racist anarchist organization . They made a post that says help donate the black lives matter movement, the options are ""learn more "" and ""maybe later"" and none says no thank you. Forcing political beliefs on your users like if this was communist Soviet Russia , or nazi germany is just sick. No tolerance for evil socialist like you"
150018;;"2020-06-16 14:09:59";Convenient
154117;;"2020-05-23 16:19:33";Awsome
163081;;"2020-04-15 03:10:28";"Love it 😍 they have everything you need and everybody is 💯"
149835;;"2020-06-18 01:43:17";"Muy bien ap"
149794;;"2020-06-18 15:33:44";"Good for finding stuff close to home"
151577;;"2020-06-15 23:05:32";"Im very happy with this app"
154373;;"2020-05-21 06:20:02";"Great idea"
163358;;"2020-04-11 20:24:00";"Great and convenient way to sell"
149578;;"2020-06-20 18:36:06";"Great app"
149538;;"2020-06-21 01:32:31";"Great it connects and allows people to share and sell un wanted items"
149770;;"2020-06-18 20:24:27";"It's Simple, Good, and works well."
161877;;"2020-04-25 14:32:05";Great
169499;;"2020-03-05 05:47:07";"It is very easy to use. Only nagging issue is having the same pop-up about the Feature listing advantage. Is there a tab to indicate Dont ask me again? Yes it is a great feature."
149331;;"2020-06-23 05:59:53";"I find lots of good things"
149292;;"2020-06-23 17:33:07";"Nice app when you need to buy or sell things"
149253;;"2020-06-23 23:18:48";"Phenomenal experiences"
153427;;"2020-05-29 21:39:33";"Enjoyed it"
157216;;"2020-05-10 03:40:47";Great
168496;;"2020-03-16 21:31:42";"Perfect found alot in price range I needed"
149056;;"2020-06-25 20:42:05";"Love it"
149018;;"2020-06-26 04:08:50";"made well over thousands"
161615;;"2020-04-27 23:53:00";"Love Let Go! Ive made money when I really needed it! And bought some things with prices I couldnt find anywhere else.."
153104;;"2020-06-01 20:38:07";"It says I ve unread messages but it doesnt show any when I check messages. Lately, app Crashes and cant open it anymore."
160792;;"2020-05-05 00:38:01";"I USED TO LOV THIS APP BUT NOW I CANT FIX OR CHANGR MY LOCATION ESTTING.. I HAVE TRIRD EVERYTHIMG AND IT WONT CHANG SO WHEN I SARCH IT SHOWS ME STUFF OVER A 1 HOUR DRIVE AWAY . NOT HAPPY"
169287;;"2020-03-07 20:07:33";"Was good until recently,constantly showing me items 7 states over and wont let me set my location"
148798;;"2020-06-28 11:40:31";"Out of all the sell stuff apps and sites. My stuff allways sells on LetGo first."
148762;;"2020-06-28 16:53:55";Awesome
162609;;"2020-04-19 13:55:04";"Good money making"
168715;;"2020-03-14 12:53:28";"Always room for improvement. But let go is cool."
156937;;"2020-05-12 16:24:12";"Love it"
165902;;"2020-03-30 04:07:28";"Why did u delete my app from my phone?"
148553;;"2020-06-30 13:16:41";"Best site for ease of use Communication to buyer's Setup of your ad Non negativity Fast pic uploading, super fast Best app i ever downloaded These folks at Letgo got it right. I love Letgo Robert Ridings"
147018;;"2020-06-30 19:54:52";"I love it"
146983;;"2020-07-01 03:03:16";"Love it"
146948;;"2020-07-01 12:20:00";Nice
149774;;"2020-06-18 19:49:18";"it cool"
153388;;"2020-05-30 05:30:00";"I just hands down love let go"
161032;;"2020-05-02 22:55:19";Fun
169290;;"2020-03-07 19:38:21";"This app is well thought out in santa Rosa CA and it works here very well"
146752;;"2020-07-03 14:18:47";"Too many times people don't answer back. And item will still be listed for sale. And a few times I listed, people wanted to pay very little."
146718;;"2020-07-03 21:23:56";Great
163363;;"2020-04-11 19:30:38";Great!
149775;;"2020-06-18 19:27:04";"Great app"
153615;;"2020-05-28 07:11:06";"It nice thing on letgo.love it"
160795;;"2020-05-05 00:19:29";"Good experience and alot of stuff"
168735;;"2020-03-14 02:17:03";"Its always been pleasant.i believe that thier can be improvement with this app.sometimes the seller takes a while to respond and it would be better if the size of clothes and footwear be seen."
146500;;"2020-07-06 04:59:45";"What can I say awesome"
146467;;"2020-07-06 18:46:48";"This makes selling thing so much easier it's like a virtual garage sale. Buying things feels like shopping one huge virtual garage sale. Its local and you meet somewhere public and exchange your second stuff for cash it is actually that simple. I would definitely recommend this app to other people."
146434;;"2020-07-07 00:42:54";Great
149076;;"2020-06-25 17:19:19";"Great selling app!!"
152917;;"2020-06-03 14:35:44";"Love it"
156228;;"2020-05-18 01:27:25";"Love to buy and sell from here"
162817;;"2020-04-17 19:56:42";"Using it for a few years and it works great."
146262;;"2020-07-08 17:00:28";"I have had this app on my phone for a while and it use to work. But now it won't let me view the items when I click on them. It just freezes up. I don't understand why."
146230;;"2020-07-08 22:26:01";"I think its getting worn out sorry to say"
146198;;"2020-07-09 07:05:48";Great
146484;;"2020-07-06 14:36:28";Exceptional
149812;;"2020-06-18 09:02:53";"Very easy to do"
152401;;"2020-06-08 17:48:17";"SELLING LOCAL SUCKS"
162067;;"2020-04-23 22:37:22";"Love it"
135936;;"2020-08-24 01:30:56";"Clean and organized my house, did a wonderful job, every nook and canny is spotless. She is very thorough, and pleasure to be around."
135937;;"2020-08-24 01:20:13";"Don't like"
135938;;"2020-08-24 01:02:57";"Doesnt download well"
135939;;"2020-08-24 00:20:14";"Love this app a lot more then others. At least my items are being seen here."
135940;;"2020-08-24 00:06:12";Gteat
135941;;"2020-08-23 23:50:19";"Alba Janeth Angel 🥳"
135942;;"2020-08-23 23:44:32";"People sold me broken items then deleted their account"
135943;;"2020-08-23 23:40:52";"Great. Easy way to sell your items."
135944;;"2020-08-23 23:30:24";"Always thought this app was great until I want to sell something and it seems like they just tried jacking you up for more money so it can have more visible people I guess or whatever"
135945;;"2020-08-23 23:26:05";A+
135946;;"2020-08-23 23:17:12";"Love it"
135947;;"2020-08-23 22:48:07";"From what I have seen so far it is good"
135948;;"2020-08-23 22:46:46";Awesome
135949;;"2020-08-23 22:21:16";"Yez it"
135950;;"2020-08-23 22:02:38";"As of right now the app is broken on a wide range of Android Devices, which leads me to think how such a large issue came out of beta and how it's been affecting me and so many others for just about a month now. I don't need customer service, I need you to fix you app."
135951;;"2020-08-23 21:22:10";"I have made several transactions both buying and selling and have met some great people extremely useful resource"
135952;;"2020-08-23 21:12:23";"Great experiences"
135953;;"2020-08-23 21:05:54";"Its ok."
135954;;"2020-08-23 21:04:37";"Great place to shop."
135955;;"2020-08-23 20:33:34";Womderful
135956;;"2020-08-23 19:59:59";"They allow People to sell junk!!!"
135957;;"2020-08-23 19:54:44";"Good buisness they do"
135958;;"2020-08-23 19:40:34";"To many notifications"
135959;;"2020-08-23 19:39:29";"Great forum for all selling/buying needs."
135960;;"2020-08-23 19:38:58";"Good app to many notafictions"
135961;;"2020-08-23 19:38:45";"So far so gpod just got here but I like"
135962;;"2020-08-23 19:31:13";"I love this app. Sure you got your scammers, but you get that anywhere. Lots of great deals!"
135963;;"2020-08-23 18:58:58";"Until now loved I fund and buy several things with this appointment. Try I think you will loved.👍"
135964;;"2020-08-23 18:53:18";"Just looking right now"
135965;;"2020-08-23 18:37:09";"All that you look for you can find"
135966;;"2020-08-23 18:34:37";"I hate giving 1 star review, but I need to point out that issue hopefully it'll be fixed soon.Now in the latest version sound and email notifications are muted somehow. Just dead silence. The only way to see new messages is to open up the chat. I checked every single setting for it and I couldn't find anything wrong. Anyway. I sell a lot of stuff on letgo and rely on sound notification. Because of this I missed three potential buyers getting angry at me because I didn't reply. Please fix."
135967;;"2020-08-23 18:32:37";"Not truastebel app"
135968;;"2020-08-23 18:16:39";"Notifications are hainted, posts are immediately removed, do not sell my personal info, app sux"
135969;;"2020-08-23 18:01:03";"So far so good"
135970;;"2020-08-23 17:38:02";"Good idea with some things that need to be improved. I love that people have to build trust ratings. I don't love that you can't hide annoying users and can't opt to only view things you haven't seen over and over. A couple of local people have taken over, and you can't avoid their many listings. Let us hide users and not see their stuff. Blocking does nothing. It still shows up."
135971;;"2020-08-23 17:16:50";Great
135972;;"2020-08-23 17:08:19";🤘
135973;;"2020-08-23 16:58:00";"Sucked said I was posting to Facebook market and sent to wife phone"
135974;;"2020-08-23 16:54:04";"My Feed doesn't load. Everytime i open the app it says an error has occured, and it doesnt refresh anything."
135975;;"2020-08-23 16:40:27";"Show me features that help minimize time spent on the website. Like Auto responses that get right to the point. Very user-friendly and I love the extras in comparison to other websites like Marketplace etc. I would say this is the best Buy Sell Trade website I have ever used."
135976;;"2020-08-23 16:15:22";"Haven't sold anything yet."
135977;;"2020-08-23 16:06:36";"Great app"
135978;;"2020-08-23 15:47:56";"La llelera22"
135979;;"2020-08-23 14:58:45";"Good experience 😊"
135980;;"2020-08-23 14:50:16";Good
135981;;"2020-08-23 14:46:23";"Cool beans"
135982;;"2020-08-23 14:03:28";"Good experance.."
135983;;"2020-08-23 13:29:13";"I've found great deals on Letgo. Thanks!!"
135984;;"2020-08-23 13:28:05";Good
135985;;"2020-08-23 13:22:52";"Awesome app"
135986;;"2020-08-23 13:19:46";"It's great and convenient I made my first purchase and it was a very good and easy experience."
135987;;"2020-08-23 13:19:03";"There was a dude that was in my business and my past mistakes.l no longer want to be on this let go app.im really scared now.l don't know why he started harring me.l would like to report him.l said some things about me that are not true.l was selling a guitar.l no longer want to be part of the let go app.shirley Hurtzig."
135988;;"2020-08-23 13:15:08";"I've used it for a past purchase."
135989;;"2020-08-23 13:03:29";Cool
135990;;"2020-08-23 12:49:11";"I haven't had much luck yet but thats such as luck with selling stuff. All in all, it's a pretty good app tho! I'll be keeping it around!"
135991;;"2020-08-23 12:20:01";"The app it self is good but my mom has had two people scam her recently and that really hurt. She sent her money then she blocked her the other man came to our house and my mom gave him the money so he could fix something and he took the money and never came back."
135992;;"2020-08-23 12:06:53";"Great app"
135993;;"2020-08-23 09:53:17";"I'm so far have anybody interested in my motorcycle I need to sell it I won't be here anymore I'm moving into assisted living and I can't take it with me Be nice if somebody lived in the area Arlington New York 12603"
135994;;"2020-08-23 09:03:29";"Fantastic game, the characters reminded me a lot of myself. Story line and graphics were out of this world!!!"
135995;;"2020-08-23 08:15:04";"Nothing yet-still trying."
135996;;"2020-08-23 07:19:06";"Easy to put the item I'm selling and answer questions. Like the bargains it seeks for me to look"
135997;;"2020-08-23 06:27:53";"Yes I love let go 😊"
135998;;"2020-08-23 06:23:00";Good
135999;;"2020-08-23 05:56:42";"Great.... I've sold lots of stuff on let go"
136000;;"2020-08-23 05:52:35";"Love it"
136001;;"2020-08-23 05:47:19";"Let go used to be the best but tonight wa the 3rd time they have sent message to people from my account ! NOT COOL! I AM UNINSTALLING , unnecessary drama for me..and quite desperate 😖😖🥱"
136002;;"2020-08-23 05:24:14";"Really Good if you're on a budget"
136003;;"2020-08-23 05:19:02";"Great place to buy or sell only reason did but give it 5 stars is the notification system. Seems that everyone had the same problem that they are not notified when they receive a message and therefore take to long to respond and then it becomes counter productive and difficult to hop on deals"
136004;;"2020-08-23 05:05:26";"Good easy to use app however the location settings don't work right. I have checked repeatedly that my city is set to where I live. I filter it to be stuff within 10 miles. Still almost everything is in a city 60 miles away."
136005;;"2020-08-23 04:36:33";"She is sooooooo sweet!😺"
136006;;"2020-08-23 04:15:22";"It's okay way 2 sell stuff...!!"
136007;;"2020-08-23 04:12:53";"Great app. But can't scroll up and down and through the pictures. Can it be fixed?"
136008;;"2020-08-23 04:02:02";"Great app"
136009;;"2020-08-23 03:59:11";"I have used this app alot and have had it for awhile now i have updated uninstalled reinstalled and now it wont let me post anything for sell i am not sure if i will reinstall again or not :("
136010;;"2020-08-23 03:43:45";"This is my time I am getting my feet wet with this selling excited to see if I can find a way to get a hold of the first time in a while target marketing and skills I've learned from collages and courses on presents on e-commerce education to put the skills I have along with a wide variety of products to test out and sell I have been highly recommended by CC who is very important to my life and she gives this app one in a billion times successful ventures God Bless you all Already BG AL"
136011;;"2020-08-23 03:37:51";✌☝️👌
136012;;"2020-08-23 03:29:42";"Great! Easy and reliable app!"
136013;;"2020-08-23 03:03:16";"Find lot good things but salers seem to go higher than it should not bee."
136014;;"2020-08-23 03:02:36";"Totally glitchy on my S20+ 5G for some reason. It won't load the messages properly and won't let me send a message easily either. What the heck happened?"
136015;;"2020-08-23 02:43:57";"I've had a fantastic experience with the app and its users."
136016;;"2020-08-23 02:43:05";"Awesome site"
136017;;"2020-08-23 02:16:59";"Great place to shop and you'll find good items."
136018;;"2020-08-23 01:59:20";"Lets change the world"
136019;;"2020-08-23 01:55:52";"I downloaded app to my new phone and its not allowing me to read any new messages or even see if my messages have been sent. Im aggravated about to delete it again if this doesnt get straightened out. Because it shoule be simpe. This a simple complaint to address the app owners and request a fix!!!! Lol its my sells and i need it now"
136020;;"2020-08-23 01:38:59";"I got some good deals 😁👍"
136021;;"2020-08-23 01:14:04";"Very good selling app"
136022;;"2020-08-23 01:07:53";"Great app! Have sold alot of things on here!"
136023;;"2020-08-23 01:02:14";"Helps to sell and buy"
136024;;"2020-08-23 00:51:52";"Overall, a very good app!"
136025;;"2020-08-23 00:45:28";"I've seen some pretty bad apps but this one has got to be the worst. Simply doesn't work. Enter login ID and password and it takes you to a screen with a little robot image with a caption that reads verifying your not a robot. Sits there at that screen indefinitely. You click the back arrow to go back and try the help and none of the items on the help list work. The drop-down arrows do not work none of the links on the help list or clickable. Don't you test your software before you release it?"
136026;;"2020-08-23 00:35:37";"Crashes will not run. Cant even chat without the app crashing"
136027;;"2020-08-23 00:32:17";Ok
136028;;"2020-08-23 00:16:54";"Your self title format needs major improvement!"
136029;;"2020-08-23 00:13:35";Great!
136030;;"2020-08-22 23:38:36";"U find everything on this app"
136031;;"2020-08-22 23:24:17";Awesome
136032;;"2020-08-22 23:23:44";Great,!
169550;;"2020-03-04 18:35:42";"Okay app. Searches aren't as easy or intuitive as Offerup or CL."
169309;;"2020-03-07 16:40:55";"Great app"
169227;;"2020-03-08 13:24:09";"Easy to use my only issue Is sometimes it's hard to locate some listing u found after u found themn"
168989;;"2020-03-10 23:42:39";"Great app"
168753;;"2020-03-13 21:42:12";"Every experience we've had has been a good one."
168519;;"2020-03-16 16:56:52";"It's like selling your junk when back in the day you had to haul it away. Now you get for somebody else to pay for your junk."
168287;;"2020-03-19 17:43:32";"Thanx for the quick-response about the login problem I was facing.It turns out that one of the previous versions works just fine on my device,solving the issue at hand"
168209;;"2020-03-20 18:33:37";"Sweet I love this and easy"
166445;;"2020-03-24 11:00:57";Awesome
166219;;"2020-03-26 18:35:17";Great
166144;;"2020-03-27 16:05:00";👍🏻👍🏻
165921;;"2020-03-29 23:55:12";"Ive been trying to sell my keurig. Ive gotten messages about it but i cant respond back!"
165701;;"2020-04-01 18:29:31";"No one ever actually comes to buy the stuff off you. They just say they are interested then you mever hear from them again"
165938;;"2020-03-29 19:27:07";"Apps is nice 👍 been using letgo for a couple years had no problems with it.."
165412;;"2020-04-05 05:24:47";"Everyone i have met to sell to ,or purchase from have been a pleasure to do business with."
165197;;"2020-04-07 20:12:11";"Great deal"
165128;;"2020-04-08 18:56:55";"The app is good. But you shouldn't have to put it in your phone number to be able to sell your stuff. Not everyone has a phone number, and no asking a family member for theirs is not as sufficient. Please change that. Until then 1 Stars my rating"
163381;;"2020-04-11 16:08:36";"Love it so easy to use."
168778;;"2020-03-13 16:32:23";"Good app"
163105;;"2020-04-14 21:00:54";"When I do a search within my perimeter it still gives me listings that are over an hour away."
162899;;"2020-04-16 22:41:46";"This app is in desperate need of help. The free section is riddled with waste of life posts that never get deleted."
162833;;"2020-04-17 17:42:19";"Good site"
162630;;"2020-04-19 08:57:28";"Kept getting an error message, could not even see one product."
162565;;"2020-04-19 19:01:11";واو
162365;;"2020-04-21 04:55:24";"Great for easy sale"
162582;;"2020-04-19 17:01:33";"Good people on here."
162104;;"2020-04-23 16:51:00";"I posted that i make crochet face masks and i was flagged????. I even paid for a feature! Am i going to get my money back for that?"
162648;;"2020-04-19 04:13:23";"App will not show but 1 page"
161849;;"2020-04-25 18:46:58";"Never had a issu3"
162121;;"2020-04-23 13:16:38";good
161598;;"2020-04-28 02:15:07";"Pretty good."
161538;;"2020-04-28 18:54:06";"I've been using this app for about 3 years and they've been tremendous updates. The app is able to identify fake buyers in minutes even before you respond and that's a huge upgrade, also a ability to upload multiple pictures at a time is a plus. Buying and selling made super easy, wonderful app I must say!!!"
161351;;"2020-04-30 08:32:22";"I got out of this black hole 10 minutes after listing with them. Very stupid format."
161292;;"2020-04-30 19:36:14";Deals
161108;;"2020-05-02 07:41:29";"I have no problems with the app. I am getting Sick and Tired of People Who try scamming me like they think I am Dumb or something . You need to have every account Verify themselves... Because this is getting out of Control . They only have Cashapp because they have a fake ""Cashapp"" email and they pretend they are the company. They send you an Email saying the Transaction didn't go thru so you need to buy a gift card in order to complete the Transaction. FIX THIS !"
161050;;"2020-05-02 19:51:21";Good
168707;;"2020-03-14 15:27:24";"Good thank you"
160812;;"2020-05-04 21:52:27";"Great alternative options to get the things you want and need every day!"
162125;;"2020-04-23 12:46:24";"Very good"
160578;;"2020-05-07 00:06:38";Great
157522;;"2020-05-07 14:38:55";"Great love it"
157466;;"2020-05-08 02:34:32";"So Many Scam Posts! Everyone with their email listed on the picture is a scam. If the developers cared about the experience they would remove the posts. It takes less than 5 seconds to identify the fakes. Clean it up. Used to be good for finding locals selling but now it's just crowded with garbage."
165660;;"2020-04-02 04:53:27";"Easy to list, no hassles. I get plenty of views for my postings. So much easier than E-Bay."
157237;;"2020-05-10 01:09:21";"Very good app"
161869;;"2020-04-25 15:33:07";"Finding rare items i cant locate elsewhere and loving it"
157011;;"2020-05-12 00:11:30";Great.
156956;;"2020-05-12 13:17:43";"Perfect for a online garage sale"
162860;;"2020-04-17 07:28:12";"Never have issues finding the items im looking for."
156734;;"2020-05-14 03:40:47";"Enjoy using the app."
156679;;"2020-05-14 16:02:40";"Love it !"
169030;;"2020-03-10 15:03:28";"Great tool to utilize"
156461;;"2020-05-16 10:15:30";"I get the things I need from people that don't need and I love that fact😁😁"
157256;;"2020-05-09 22:02:53";"Bad ass"
156245;;"2020-05-17 23:24:25";"So far so good!"
156191;;"2020-05-18 12:23:07";"It's hard to get help I think"
160833;;"2020-05-04 18:20:47";"Having to keep uninstalling the app to reinstall just a few a few itemsbefore it freezes up again and doesn't allow you to view the pictures or scan the item that you were looking at I'm getting very frustrated"
154449;;"2020-05-20 15:10:04";"Amazing how fast things sell great aol'd"
154397;;"2020-05-21 01:10:22";"Laggy but I have had good luck with finding things I'm looking for"
162061;;"2020-04-23 23:39:10";"Good items,good prices"
154193;;"2020-05-22 22:04:03";"I love this site! I always find what I am looking for"
154142;;"2020-05-23 10:31:07";Good
157488;;"2020-05-07 20:57:11";"No this appointment using this app"
153943;;"2020-05-25 04:36:24";Great.
153893;;"2020-05-25 17:30:55";"Very good so far."
156481;;"2020-05-16 05:38:33";"First listing. Will know more when first buyer cooperates and follows the rules provided by your sitr. Thanks. Susanne Heins. 5/16/20 at 1:35 am. 🎠"
169515;;"2020-03-05 02:10:43";Yeah
153647;;"2020-05-28 00:37:51";"love it"
163348;;"2020-04-11 23:02:13";Awesome
165165;;"2020-04-08 03:54:38";Fantastic
153407;;"2020-05-30 00:23:14";Great
153358;;"2020-05-30 15:15:40";"OWESOME!!! Very very helpfull."
160838;;"2020-05-04 18:09:09";"Lots of stuff"
153173;;"2020-06-01 05:06:15";"its an experience"
153125;;"2020-06-01 18:05:34";"Was able to sell My stuff in a very quick timely fashion!! Other then lots of people messaging once and never replying again I tbh have no other concerns 💯"
153862;;"2020-05-25 22:57:41";"It is good but even after putting in your area it give you locations outside of your area. I ended up driving close to 40 min away because I confused the town o Fairfield with Fairborn. Other than that, excellent App."
163419;;"2020-04-11 03:52:52";"Nobody needs two notifications a day"
152898;;"2020-06-03 17:19:20";"So far so good"
152851;;"2020-06-04 02:20:52";"Need to revamp the expired items view to look like the sell items view. Currently the view is hard to see the item because the pictures are blown up. Don't really need the word expired items across the photo as it's already under the header. Perhaps a tile view so there is less scrolling. Otherwise I do like the app."
156485;;"2020-05-16 03:26:56";"Couldn't be any easier to post unwanted items for sale. Extremely user friendly setup, makes navigating through the app a breeze."
168722;;"2020-03-14 07:40:26";Fake
152631;;"2020-06-06 10:30:16";"The app does not work. It opens up and doesn't crash but just gives an error on the search screen. I have reinstalled it multiple times. My phone is a OnePlus 7T Pro on Android 10. Please fix the app."
152585;;"2020-06-06 20:55:47";"Great awesome deals"
156983;;"2020-05-12 05:06:17";"You might want to get that search fixed. It took way too much time to load."
169520;;"2020-03-05 01:14:34";"Very easy way to sale your extra things"
152372;;"2020-06-08 23:35:31";"What an ignorant setup. Makes me have to pretend to message someone before I can even look at the ad. App Deleted."
152327;;"2020-06-09 13:14:51";"This app sucks"
156706;;"2020-05-14 10:51:04";"Great app a lot of deals and the people"
168724;;"2020-03-14 07:07:27";"Easy to use and quick response thanks"
152121;;"2020-06-11 05:35:54";"It was great excellent service!"
152077;;"2020-06-11 16:43:16";"can't find how to dial in the local community"
154166;;"2020-05-23 03:07:05";"Love the prices"
163423;;"2020-04-11 02:24:49";"This app is an absolute waste of time. People will say they will buy your item then not follow through with the purchase. All they want to do is make stupid offers or try to trade junk. It's not just a few people it's everyone. This app sucks. UPDATE people do not take the time to read the ads that you have listed and ask questions that are answered in the ad. AGAIN WASTE OF TIME."
151878;;"2020-06-13 02:39:21";"Kick butt app!"
151835;;"2020-06-13 15:06:32";"one of the biggest marketplace apps! Install our selling and shopping app to start trading up secondhand items in the mobile marketplace! letgo is a go-to marketplace app to sell your stuff and find the best offers on secondhand finds like used cars, secondhand electronics, and used video games! Find the best deals on preowned items today! Even better than buying in secondhand shops or an online thrift store! Find the best offers online on secondhand items that you actually need, and make the"
162336;;"2020-04-21 14:12:09";"I like the app spend to much time waiting for user to respond i dont like having to ask people for specifics of items their selling"
160844;;"2020-05-04 17:22:31";"I have great success when I post items for sale!!!!!"
151643;;"2020-06-15 10:15:09";"I hear this app is being widely used and is very popular."
151601;;"2020-06-15 19:19:25";"Not enough stuff in my area"
151559;;"2020-06-16 01:49:27";"Love this app"
150017;;"2020-06-16 14:42:00";Good
154168;;"2020-05-23 02:50:49";"Great way to sell my old things and to be able to get new things I really enjoy using this app"
163148;;"2020-04-14 11:44:54";"So far ots great i csnt leave to get anything. we are on lockdown at the nursing home."
149834;;"2020-06-18 01:50:36";"To many adds and dont like having the naacp pushed in my face"
149793;;"2020-06-18 15:39:13";"Excellent dexterity, a buyers market and a sellers' solution for quick monetary turnaround."
151619;;"2020-06-15 16:01:52";"Don't do business with companies who think only black lives matter. Deleted app."
154425;;"2020-05-20 20:10:00";"Y'all charging to list a car. Smh"
169253;;"2020-03-08 02:40:06";"Always find great deals and make extra spending cash when I need it quickly!"
149577;;"2020-06-20 18:53:56";"Awesome experience"
149537;;"2020-06-21 01:43:39";Addictive
149811;;"2020-06-18 09:21:21";"Great app"
153870;;"2020-05-25 22:07:06";"Awesome! Easy to use."
162343;;"2020-04-21 11:52:45";"The app is easy to use on my phone. I have sold several items on it with any problems."
149330;;"2020-06-23 06:05:06";Great!
149291;;"2020-06-23 17:38:59";Great!!
149252;;"2020-06-23 23:22:54";"Love this app. To much.😉"
152609;;"2020-06-06 16:58:13";"Wouldnt let me open account. Just went in circles. Wants to much personal information if you are going to make an app at lest make sure it works"
157272;;"2020-05-09 18:54:57";Great
168730;;"2020-03-14 03:35:07";"Great app for selling the things I no longer need and for buying things to fill my collections back up"
149055;;"2020-06-25 20:56:16";Awesome
149017;;"2020-06-26 04:12:15";Fun
149516;;"2020-06-21 07:52:32";"Liked trading on here but didn't like getting search and push notifications at 3:30 am every day. Can't turn off notifications."
153152;;"2020-06-01 11:55:08";"Easy to use & free!"
160849;;"2020-05-04 16:17:50";"The #1 selling app for me is letgo. My pockets stay full of cash thanks to letgo."
169528;;"2020-03-04 23:27:43";"Love it"
148797;;"2020-06-28 11:40:49";"Huge selections of almost everything"
148761;;"2020-06-28 17:13:29";"Better than marketplace"
154120;;"2020-05-23 16:00:37";"It's great"
152611;;"2020-06-06 16:04:03";"I would love if you guys can let us write longer titles as oppsed to limited word count"
156992;;"2020-05-12 03:26:48";"Always can find what I need and that a good price"
165975;;"2020-03-29 12:42:59";"Great good buys"
148552;;"2020-06-30 13:30:31";"Great site for value and quality!!!"
147017;;"2020-06-30 19:57:58";"Easy to navigate and a pleasure to use"
146982;;"2020-07-01 03:12:32";"Every time i try to sell someting thus certain lady always rejects my stuff"
146947;;"2020-07-01 12:49:54";"Love this app! Seems like I always find what I need at a fair price."
149815;;"2020-06-18 06:20:45";"I use to sell a lot on this app. Ever since the pay to sell features I haven't sold anything. It's definitely rigged. Gonna use other apps to sell my items cus this isn't working at all."
153437;;"2020-05-29 19:17:23";"THE SPAMMIEST APP EVER. SERIOUSLY A NOTIFICATION 2 TIMES AN HOUR. GET AWAY FROM ME!!!"
161090;;"2020-05-02 13:10:18";"So far so good"
169531;;"2020-03-04 22:44:54";"Not as good as it used to be. Used to sell occasionally on letgo but it's not very user friendly now. Just tried listing a collectors mug and they removed it within minutes with no explanation. Tried again thinking maybe my wording flagged something and it was removed again. Also just did a search for a specific item and set the parameters to 10 miles or less away and was still getting results 30+ miles away mixed in. Useless! Deleting this app immediately!"
146751;;"2020-07-03 14:31:58";"Great selling platform"
146717;;"2020-07-03 21:28:53";"when I post something for sale it doesn't show my information"
156442;;"2020-05-16 14:34:30";"I like letgo but the app keeps locking when I want to look at an item - it will not let me browse the listing/pictures, it only lets me place a response. I have to reinstall the app to fix it."
149816;;"2020-06-18 05:20:33";"I love shopping, looking, and buying from this sure. I also love that I am able to pay and sell. One stop shop."
153389;;"2020-05-30 04:21:18";"The search feature is useless now , type wrx nothing shows up, but if you type subare wrx you will get a few and a bunch of non subaru vehicles too. also like everyone else said the location distance does not work at all."
160852;;"2020-05-04 15:55:31";"Payed for a features listing but the listing got taken down, never returned for the money. When asked they said it was non-refundable."
168971;;"2020-03-11 03:23:50";"Just sad. It won't let me send messages to buyers and I've been trying for over 3 hours...."
146499;;"2020-07-06 05:04:13";Great
146466;;"2020-07-06 18:51:03";"Yes it works! Ive sold my daughters box of diapers Met up at a open spaced parking lot in a business facility and it went great . and the customers does pay for the price you agree with one another. As ypu advertise it on your page. Comes in handy when you dont want to waste old goods and self made products such as never worn items or just items themselves. Just make cash for them."
146433;;"2020-07-07 00:47:30";"Still waiting to see how good this app is. Looks promising."
169258;;"2020-03-08 01:20:39";"This is my Let's go best app forever"
152355;;"2020-06-09 03:10:20";"Love the app. It's a great outlet to sell my paintings. I was unsure in the beginning, but I sell a lot of work, sometimes within hours of posting."
162130;;"2020-04-23 11:48:40";Exponential.
162883;;"2020-04-17 01:56:15";"Nothing but scammers, terrible experience with this app."
146261;;"2020-07-08 17:12:17";"Great app love it!!🙂"
146229;;"2020-07-08 22:31:44";"App is not letting me click on items that are for sale"
146197;;"2020-07-09 08:58:41";"Never a hiccup in my experience Two thumbs up"
146517;;"2020-07-05 23:28:15";Awesome
149275;;"2020-06-23 19:31:05";"Bought and sold numerous items. Never ran into any issues."
161630;;"2020-04-27 20:47:34";"Good !!"
156445;;"2020-05-16 14:18:16";"Very convenient to expose the items you are selling"
136192;;"2020-08-21 00:35:19";"Selling is good on here"
136193;;"2020-08-21 00:26:03";"Good deals"
136194;;"2020-08-21 00:11:30";"Awesome finds"
136195;;"2020-08-20 23:50:40";"Good prices"
136196;;"2020-08-20 23:42:06";"Great app"
136197;;"2020-08-20 23:36:27";"Still good in 2020"
136198;;"2020-08-20 23:35:34";"Not bad, but could be better. It would really help to have a ""pending"" option like Facebook Marketplace so I can stop receiving messages while waiting for someone's payment. LOTS of ads, also lots of bots and scam users. I am a regular seller and report about 2 bots a week. The bots constantly ask for your phone number, so beware and be smart."
136199;;"2020-08-20 23:29:41";Good
136200;;"2020-08-20 23:27:52";"easy to use"
136201;;"2020-08-20 22:33:26";"Scammers paradise i just got scammed!!!!!!"
136202;;"2020-08-20 22:22:11";"This app is wonderful!"
136203;;"2020-08-20 22:01:48";"Seems to be no way to control the alerts you get. I don't know why it is insisting on giving me endless alerts on things I have no interest in."
136204;;"2020-08-20 22:00:58";"Easy Great"
136205;;"2020-08-20 21:27:58";"Really good medium to buy cheap but used stuff"
136206;;"2020-08-20 21:24:29";"Are you guys ever going to fix your app?....I'm going to have to use another app to sale my stuff before to long.."
136207;;"2020-08-20 21:21:13";N/A
136208;;"2020-08-20 21:04:38";"I buy more than I sell, 😂"
136209;;"2020-08-20 20:48:00";"Easy to use"
136210;;"2020-08-20 20:42:59";Sweet
136211;;"2020-08-20 20:26:10";"Almost everything I look for is on here and the sellers respond quickly some are willing to go down on their prices and some are not."
136212;;"2020-08-20 20:19:52";Good
136213;;"2020-08-20 20:17:06";"Great way to sell stuff!"
136214;;"2020-08-20 19:36:18";"Please fix the messenger. Every time I try to send a message its not connecting to the chat."
136215;;"2020-08-20 18:59:14";"Great stuff."
136216;;"2020-08-20 18:39:28";"Seems to be kinda hacky"
136217;;"2020-08-20 18:08:25";"Good app for local selling items"
136218;;"2020-08-20 17:46:10";"The site has been a very good site"
136219;;"2020-08-20 17:41:16";Awesome
136220;;"2020-08-20 17:32:14";"Update more than a year later. Letgo has worked perfectly across all of my devices. The features are perfect for anyone who sells. I like that you can see who you are dealing with and get ratings on that buyer from other users. I've also purchased a few items and saved money doing it. Its easy to post an item and stay organized. Great app for local buyers and sellers."
136221;;"2020-08-20 17:13:01";"Good place to sale and get items"
136222;;"2020-08-20 16:35:25";"Dealers have taken over the site not for the people any longer only add app when i need to look for something other then that it sucks its car dealer site"
136223;;"2020-08-20 16:27:00";"Still not working with Aug 15 update. Is a dying app. Pathetic. Hasn't worked right for 3 months. newer phone, Android 10. Can't view ANY Items details for anything. Many people stopped using this kludge. Also updated, still bad. Am still locked out of cars within 40 miles because i complained about a local car dealer has 60 cars crowding out individuals."
136224;;"2020-08-20 16:25:25";Great
136225;;"2020-08-20 16:20:09";"I've purchased numerous items on letgo. Love this site, nice things"
136226;;"2020-08-20 15:53:57";"Great!!! Often!!!"
136227;;"2020-08-20 15:50:52";"I like the website however they do not take down ads once they are sold. Also wish they would keep businesses with overpriced items off the site. I thought this site is supposed to be for people letgoing of items they no longer use."
136228;;"2020-08-20 15:27:47";"You flagged my account for no reason"
136229;;"2020-08-20 15:20:09";Awesome!!
136230;;"2020-08-20 15:15:36";Good
136231;;"2020-08-20 14:56:18";"Me facina estar checando que me puedo encontrar ."
136232;;"2020-08-20 14:53:51";"Been using letgo for over a year now. I personally think it one of the best ways to sell items locally, especially used electronics. I normally make a sale within a week after posting. But remember lower quality item normally won't sell. Also let go limits you to 30 days without paying."
136233;;"2020-08-20 14:51:38";"I Love it but my wallet can't afford ALL the different things I would like to buy...lol. But I still sell my own items with ease with this particular app. Try it out."
136234;;"2020-08-20 14:51:13";"I'm very satisfied with the service"
136235;;"2020-08-20 14:25:33";"Love it,I don't have to scroll to find what I'm looking for just search in my area."
136236;;"2020-08-20 14:12:41";"I am unable to unblock a possible buyer"
136237;;"2020-08-20 13:52:41";"Very convenient for finding what I'm missing in my life. Often find good things for free or low cost. Some things are out of area and require shipping which is a-ok too! I've never been disappointed ✊"
136238;;"2020-08-20 13:30:17";"So far so good"
136239;;"2020-08-20 13:16:27";"Great selling platform"
136240;;"2020-08-20 12:48:08";"Good app"
136241;;"2020-08-20 12:33:00";"I sell a lot faster hete than any other site."
136242;;"2020-08-20 12:18:32";"This is such a stupid app. If I have different listings of Seahawks necklaces but each one is different, it says it's a duplicate listing and kicks it out. It doesn't matter what I sell, if any of the pictures are the same (I like to show examples to customers so they can customize ) it kicks it out. No other selling app does that. I asked the admin about it and ""they will take it under consideration "" which means they aren't going to change it. Hope the 1 star review was worth it!!!"
136243;;"2020-08-20 12:04:46";"Love this app. You can buy almost anything you want and prices can be negotiable."
136244;;"2020-08-20 11:40:09";"Easy to use, very beneficial and I was quite surprised how quickly people responded for items I wanted to sell. Also, the warning prompts to caution me if someone leave their number. I love letgo!"
136245;;"2020-08-20 11:23:08";"its cool"
136246;;"2020-08-20 09:47:13";"I can't change application language. My phone language is English but I want change app language to Turkish."
136247;;"2020-08-20 09:16:59";"It always kick me out of block my profile, anytime i post"
136248;;"2020-08-20 07:46:53";Good
136249;;"2020-08-20 07:04:03";Good
136250;;"2020-08-20 06:50:08";Checkitdaflow...
136251;;"2020-08-20 06:32:49";"Polite people"
136252;;"2020-08-20 06:16:29";"Just got the app. Looks great"
136253;;"2020-08-20 05:58:33";Great!!
136254;;"2020-08-20 05:21:50";"Work the first time every time it's amazing how easy it is to sell or buy anything"
136255;;"2020-08-20 04:35:38";"I am having trouble of trying to chat with buyers and sellers. It would not let me chat with anyone when I want to send - is it available on their items ?"
136256;;"2020-08-20 03:25:11";Good
136257;;"2020-08-20 02:54:51";"when I reply it takes actual hours just for them to get the message"
136258;;"2020-08-20 02:20:38";"Easy to use app for both buying and selling."
136259;;"2020-08-20 02:14:06";"AWESOME EXPERIENCE..."
136260;;"2020-08-20 02:07:23";"Great selling app. Excellent exposure"
136261;;"2020-08-20 02:04:38";"Awesome so far"
136262;;"2020-08-20 01:47:04";"Made a lot of 💰"
136263;;"2020-08-20 01:44:19";"Easy Fun and great products"
136264;;"2020-08-20 01:31:49";"I have purchased several items and love this app."
136265;;"2020-08-20 01:30:42";"Very happy with the site"
136266;;"2020-08-20 01:23:01";Addictive
136267;;"2020-08-20 01:13:58";"Love it"
136268;;"2020-08-20 01:07:47";"Have had good experience so far with the sellers, and they are good about getting the scammers off in timely manner"
136269;;"2020-08-20 01:03:08";"First time"
136270;;"2020-08-20 00:55:30";Cool
136271;;"2020-08-20 00:26:42";"Doesnt work tried searching for manual transmission vehicles and it only showed me automatics thanks for wasting my time"
136272;;"2020-08-20 00:24:06";"Best site to find goodies"
136273;;"2020-08-20 00:19:21";Easy
136274;;"2020-08-20 00:04:57";"Easy to use"
136275;;"2020-08-20 00:02:41";"I had great shopping experience on letgo, except the one time I was foolishness enough to send the seller a incentive. I realized it was my mistake immediately."
136276;;"2020-08-20 00:01:28";"Easy to use & post your items. A couple of scammers though."
136277;;"2020-08-19 23:49:52";Chingon
136278;;"2020-08-19 23:46:01";"Ive bought one thing and it went perfectly. Im sure theres issues like anything but it seems a helluva lot better than craigslist"
136279;;"2020-08-19 23:34:13";Wow
136280;;"2020-08-19 23:33:59";"Overall it's a good app and serves its purpose. I have pretty good experiences but beware of scammers!!! They'll ask for your phone number then somehow send for a verification code and then ask you for it. DO NOT GIVE IT TO THEM!!!! This is a porting scam! They will take over your phone leaving you without a phone number. A useless phone that won't work. They'll go recover all passwords for emails and banking then rob you before you even know what hit you. That is the only problem I have!"
136281;;"2020-08-19 23:29:04";"I love selling my great items yes. Just leave me alone"
136282;;"2020-08-19 23:28:23";"Needs some work. Wish I could send pics that aren't post through the messages. Getting a little bland and not much activity. Need and indication to let each other know the other person is on the app during conversations letting us know if someone is ignoring u or not."
136283;;"2020-08-19 23:28:21";"Great place to shop."
136284;;"2020-08-19 22:53:47";"Love having different options"
136285;;"2020-08-19 22:39:02";"Never had a bad experience on let go, .unlike other all that offer the same"
136286;;"2020-08-19 22:21:05";"Realy helpful especially with out a job"
136287;;"2020-08-19 21:56:19";Awesome
136288;;"2020-08-19 21:48:50";"I cant login anymore."
169549;;"2020-03-04 18:39:24";"Love It"
169308;;"2020-03-07 16:42:58";"Fake messages, waste of time. I always get real responses on Craigslist, but this app sucks and no real responses, all fake fishing messages."
169226;;"2020-03-08 13:25:50";"Easy to use and understand"
168988;;"2020-03-11 01:09:53";"Weak app. Dont DL"
168752;;"2020-03-13 21:47:30";Good
168518;;"2020-03-16 16:59:29";"Pretty good"
168286;;"2020-03-19 18:07:44";"Love it my go to second end store"
168208;;"2020-03-20 19:06:10";"The app would not take my edit, it kept coming back ""oops a mistake happened....."" then I could not get out of the app I don 't even know if my item was edited or if it is still on thesite This app is rediculous."
166444;;"2020-03-24 11:21:24";"Been using this app in addition to a few other selling apps for awhile now. Recently, the ""expired"" listings feature that let's you lower an items price to bump it back into being viewed, seems to be glitchy. I'll pick a percentage off that I want and then after a bit, it'll say its expired again, trying to make me list it even lower. This needs to be fixed."
166218;;"2020-03-26 18:41:35";"The app is ok, doesn't have a real good natural feel to using it but with that said few apps are super easy."
166160;;"2020-03-27 12:23:31";"the app is fantastic!! the peole behind it are extremely unperfesional and quite honestly just SUCK! recently i got a code saying my account was under review. i was told the reason for this was because i was a minor WHICH IM NOT!! i sent the proof that i was not a minor in hopes that they would let me have access to my account again. instead they insist that i need to sent them a paper with my parents signature on it😡!! after 5 or 6 emails. trying to prove i am 18 they have entirely ignored me!"
165920;;"2020-03-30 00:13:30";"Great app but a lot of people trying to rip me off for something I need and I can't drive. Some people called me a little female dog let's just leave it at that"
165700;;"2020-04-01 18:35:31";"Pretty good"
166162;;"2020-03-27 12:02:53";"What a great way to let go of items that do not serve you any longer. Communication between users is made very easy. That is appreciated! Great App!"
165411;;"2020-04-05 05:27:55";"It's awesome being able to sell items and negotiate prices.and there's no fee either for putting items up on web site and they monitor to keep everyone safe"
165196;;"2020-04-07 20:28:13";"Buy me stuff everyday really like it I shop when I don't even need anyting just cuz they have nice things for cell"
165127;;"2020-04-08 19:10:24";Good
163380;;"2020-04-11 16:16:05";Awesome
169015;;"2020-03-10 17:32:53";"Love it"
163104;;"2020-04-14 21:03:48";"Cool to use in the house shopping."
162898;;"2020-04-16 22:43:34";"Love it"
162832;;"2020-04-17 17:52:03";"I like it better than offerup. If u really want to sell or buy this is the place. If you just wana bulls#!all day texting and trying to lowball people then offerup is for you."
162629;;"2020-04-19 09:33:41";"I've bought and sold products with let go and have had wonderful success ! Thanks Letgo"
162564;;"2020-04-19 19:05:32";"Doesn't matter what you search for or what filters you apply, half the postings are spam from used car lots. That's on the rare occasion that the search function returns anything other than an error. Worthless."
162364;;"2020-04-21 05:02:29";"Would like to be able to see reviews about my self"
162647;;"2020-04-19 04:20:15";"Not excellent, but almost good. Many scammers posts. Even when you report it DAYLY, the response to block those posts take around 2-3 weeks. And every day are a bunch of post of scammers and phishing posts from ""new users"" with recently joining with no data verification or member history..."
162103;;"2020-04-23 16:54:33";"Was able to go right to category to buy a new neighbors daughter a second hand bike."
162852;;"2020-04-17 12:03:16";"Waiting I guess"
161848;;"2020-04-25 18:49:38";"Very good"
162319;;"2020-04-21 16:56:32";"Great app."
161597;;"2020-04-28 02:19:35";"Gets the job done, weather u are buying or selling"
161537;;"2020-04-28 19:10:32";"Veiry. Good"
161350;;"2020-04-30 08:44:52";"I love this app because my products sell fast and easy with no issues"
161291;;"2020-04-30 19:57:30";"Great app & much easier & faster than OfferUp in regards to connecting buyers/sellers to complete transactions!"
161107;;"2020-05-02 08:06:59";"Great app"
161049;;"2020-05-02 19:55:37";"Love it, very affordable"
168787;;"2020-03-13 14:56:44";"I love app"
160811;;"2020-05-04 21:59:29";"Love it"
162323;;"2020-04-21 15:39:30";"App not working. I have been using letgo for quite some time now to buy and sell things. I started on my Note 4 and then continued on my Note 9. My 4 still has internet. The app stopped working on the 9. ""Error loading new items"". Just for goofs, I tried on the 4 and it works fine. Searches, messages and messages also work on 9. Tried uninstalling and reinstalling several times on 9 but no luck. Until this happened I had to give it 5 stars. Hopefully will be fixed"
160577;;"2020-05-07 00:07:20";"Pretty good app! I've enjoyed meeting 99% of the people..."
157521;;"2020-05-07 14:46:58";"I've found so much good stuff"
157465;;"2020-05-08 02:56:26";"Received my first reply shortly after I posted my item I'm"
168774;;"2020-03-13 17:10:35";"Every body ask is it still avalible .then dont respond back .nobody serious . letgo needs to screen the the people that sighn onto the app .maybe a 600 credit score or better would have a shopping audiance thats much more crediable .right now this app is a waste of time"
157236;;"2020-05-10 01:14:05";"So simple and not a scam"
157482;;"2020-05-07 21:29:06";"It's a dope app. I been running with Letgo for a minute now. I'd recommend it to family and friends. Keep doing your thing Letgo. Everyone stay safe. Enjoy. 💯"
157010;;"2020-05-12 00:13:51";"Wonderful. Thanks"
156955;;"2020-05-12 13:41:36";"Safe to use ratings help tell of people are shafy or safe! Never had a problem here love the app better than craigslist by far my fav"
165431;;"2020-04-04 23:19:29";"Love it"
156733;;"2020-05-14 03:43:01";"Later, im busy negotiating"
156678;;"2020-05-14 16:10:19";"Got an Iten just like described in picture its all mines and I love it too"
169269;;"2020-03-07 23:04:59";"LOVE buying and selling with let go!"
156460;;"2020-05-16 10:45:54";"It's a good App , but I hasn't buy stuff from this App yet ! ..... Hope to buy the stuff from this App one day ................."
161557;;"2020-04-28 15:05:53";"Love this app I shop as well as made money with this app really easy to use u get to see what ever you want and make cash ."
156244;;"2020-05-17 23:30:05";Good
156190;;"2020-05-18 12:46:42";"Really good app. Good to sell nd buy ."
162124;;"2020-04-23 12:52:29";"Great app to buy second hand or brand new. Wish it had more details about the seller."
154448;;"2020-05-20 15:12:12";"I have bought and sold things on here and easy way to get rid of things in the house."
154396;;"2020-05-21 01:15:40";"I been having problems uploading my phone"
161073;;"2020-05-02 16:18:21";Okay
154192;;"2020-05-22 22:23:27";"Absolutely addicted to this app. As I have found so many nice things that I have been looking for a long time."
154141;;"2020-05-23 10:38:56";"Unless you pay them an upgrade fee to ""bump it up"" as they say, you'll get no exposure!"
166478;;"2020-03-23 22:22:53";Awesome
153942;;"2020-05-25 04:41:53";"This is one of the best buy and sell apps going great deals ."
153892;;"2020-05-25 17:34:45";Ok
162592;;"2020-04-19 15:44:43";"Good for sales or jobs thanks"
153696;;"2020-05-27 14:34:19";"S ucks!! Werst app ever"
153646;;"2020-05-28 01:13:05";"Good prices"
153860;;"2020-05-25 23:28:14";Helpful
165380;;"2020-04-05 14:07:31";"Easy to use ."
153406;;"2020-05-30 00:29:54";"l lol I'm my mom my my"
153357;;"2020-05-30 15:41:27";"Easy to use to list items for sale. Easy to navigate for buyers."
161555;;"2020-04-28 15:22:32";"Sucks they wont allow you to sell homemade items"
153172;;"2020-06-01 05:21:59";"Love it great so far!!!"
153124;;"2020-06-01 18:06:03";"Great way to sell unwanted things"
153912;;"2020-05-25 13:45:22";"Neve find anything"
165167;;"2020-04-08 03:35:03";"I like it alot"
152897;;"2020-06-03 17:21:14";"Great app!! But it doesnt update my location preferences. It shows places 60 miles away when I input ""within 10 miles"""
152850;;"2020-06-04 02:26:51";"Super easy to use and effective at selling things fast."
162066;;"2020-04-23 22:46:01";"No problems yet."
169244;;"2020-03-08 04:02:57";"Don't make me regret this but I'm going to give it to five Star treatment I will change it if it pisses me off though"
152630;;"2020-06-06 10:54:19";"Great app"
152584;;"2020-06-06 20:56:24";Good
165443;;"2020-04-04 21:45:50";"Not bad!!!!"
152416;;"2020-06-08 16:38:06";"It's pretty good just keeps blocking people for no reason"
152371;;"2020-06-08 23:47:38";"Easy, user friendly and simple enough for anyone to use.😁👍🔥"
152326;;"2020-06-09 13:37:39";"AWFUL WASTE OF TIME. I was sick of meeting one person for $3 one person for $5 I gathered up all my stuff and just donated it to the Goodwill skip this app it's awful whatever you're thinking change your mind and delete it and pretend you never saw it."
156761;;"2020-05-14 00:34:17";"Easy to use and very helpful"
168960;;"2020-03-11 06:43:01";Awesome!!!
152120;;"2020-06-11 06:21:39";"Love this app! Easy UI and easy to make money!"
152076;;"2020-06-11 16:46:51";"Connects me with good deals"
166409;;"2020-03-24 17:57:02";"Letgo keeps getting better and more user-friendly. I'm liking it more and more."
165171;;"2020-04-08 03:02:03";Cool
151877;;"2020-06-13 02:46:35";"Awesome app. Just don't need right now"
151834;;"2020-06-13 15:09:19";"Always the same, ""an error occurred,"" have to use website instead. My review is for the app not the service. Can't really give it a review if I can't use it to begin with."
156207;;"2020-05-18 08:26:08";"Absolutely love this app & so happy I finally downloaded it."
161025;;"2020-05-02 23:28:45";"Once fixed it working great and dev team had fast response. Loved this app until the most recent update. Ever since then all I get is an error message , error occured while loading new listing"
151642;;"2020-06-15 10:52:11";Great
151600;;"2020-06-15 19:26:34";"Awesome to sell and buy"
151558;;"2020-06-16 02:12:30";"Enjoy it very much plus get to find lot of stuff I can youesd thank you very much"
150016;;"2020-06-16 14:47:49";"Cool 👍"
165959;;"2020-03-29 15:17:02";"I've sold quiet alot"
163357;;"2020-04-11 20:31:36";"Too many items categories overlap can not uninstall just stays on the computer taking up space totally useless"
149833;;"2020-06-18 01:56:59";"Fake people on this app"
149792;;"2020-06-18 15:40:38";"I love this app!"
165676;;"2020-04-02 01:10:23";"Relly good and easy to use"
165665;;"2020-04-02 03:12:31";"I appreciate let Go Thank's !"
165174;;"2020-04-08 02:20:51";"Unusable. Every search just says ""An error occurred""."
149576;;"2020-06-20 18:57:07";"very fast , no hoops to have to go thru to list your property, we love it."
149536;;"2020-06-21 02:15:31";"After two months I advertised a car for sale. I finished the whole process, the car shows under my listing for sale, but it does not show up for sale when I look it up as a customer. I even double checked on my friend's phone and his account and the car does not show for sale. I even checked my advertised zip code and address and all was correct. I also tried to delete the posting and it won't let me delete. I emailed letgo for help they never got back to me, hence the low score."
149852;;"2020-06-17 22:04:42";Awesome!
153920;;"2020-05-25 12:39:08";"Great app"
168235;;"2020-03-20 12:12:18";"The login system is garbage and the link doesn't work half the time. And after I finally log in it wont let me reply to messages. Very buggy over all, overly complex ui, using this app is like pulling nails trying to get anything done with it."
149329;;"2020-06-23 06:10:29";"I enjoy letgo , things you may need. Then the people are hreat too."
149290;;"2020-06-23 17:47:50";"Quick and easy navigation"
149251;;"2020-06-23 23:46:08";Scammers
152655;;"2020-06-06 03:28:34";"Great app. Easy to use, quick dependable responders. Havent had any negative experiences/transactions yet. Definitely recommend. Ads can be a little repetitive and excessive but quality selection and new items regularly make up for the annoyance."
157445;;"2020-05-08 06:08:32";"Good and helpful"
168966;;"2020-03-11 04:36:29";"Very helpful"
149054;;"2020-06-25 20:59:28";"I love my chairs"
149016;;"2020-06-26 04:19:29";"It's ok"
149556;;"2020-06-20 23:33:34";Great
165166;;"2020-04-08 03:51:37";"Great app easy to to use."
161030;;"2020-05-02 23:21:26";"Love it"
148832;;"2020-06-27 23:10:02";Great
148796;;"2020-06-28 11:41:19";"Great for selling just about anything 👍"
148760;;"2020-06-28 17:15:55";"The only problem is that this app uses bot accounts or fake accounts and it gets annoying. other from that pretty good app"
150037;;"2020-06-16 05:34:59";"By far the easiest selling app ever!"
152657;;"2020-06-06 02:28:40";"Love it!"
162590;;"2020-04-19 15:57:04";"Always something to look at ,and find wat I am looking for....Now thats shoping - my way-"
166199;;"2020-03-26 21:11:01";Fun
165976;;"2020-03-29 12:28:18";"I searched for car repair ramps and let go app inundated me daily with notifications for anything but CAR REPAIR ramps"
147016;;"2020-06-30 20:07:26";"Excellent idea by creator of this app! I did make a sale and a purchase! The app and what it does is great! 👏"
146981;;"2020-07-01 03:16:30";"Love it"
146946;;"2020-07-01 12:56:01";"This app is just a thieves paradise. Never trusting this app again"
149856;;"2020-06-17 20:18:35";"Letgo is great it's just the people on it"
156979;;"2020-05-12 05:49:23";"Be better if it actually worked just says error occured"
161866;;"2020-04-25 15:54:27";"Nice website to browse on and a bit lower prices to look for ..."
146784;;"2020-07-03 04:16:39";"It's pretty decent"
146750;;"2020-07-03 14:51:52";"Worthless! Error message after error message. Some poor soul will miss an easy sale because of this junk app"
146716;;"2020-07-03 21:30:37";Awesome
153097;;"2020-06-01 21:14:35";"Very good app"
169524;;"2020-03-05 00:22:02";"YOU HAVE A LOT SCAM DEALON YOUR ( APP) DO HOW WR KNOW WHAT REAL OR FAKE!!!!!"
153438;;"2020-05-29 19:04:48";"The best app ever why its literally the second Amazon just without the shipping"
161033;;"2020-05-02 22:51:57";"Great ap"
169052;;"2020-03-10 09:50:13";"Good way to do the business online."
146498;;"2020-07-06 05:43:34";"Great items, with reasonable prices or FREE."
146465;;"2020-07-06 19:00:08";"I have been selling on letgo for over 3 years now and i love it"
146432;;"2020-07-07 00:48:01";"To the point and information that I need. Thanks."
153871;;"2020-05-25 22:05:13";"Thanks letgo!!!"
152400;;"2020-06-08 17:56:20";Amazing!
156444;;"2020-05-16 14:21:38";"Keeps alerting about items for sale that i all ready bought, I turned off every notification"
163089;;"2020-04-15 00:31:17";"Its ok it works for me."
146260;;"2020-07-08 17:13:44";"Great app love selling on this app though i dont get the alerts anymore when i get messages."
146228;;"2020-07-08 22:43:05";"Love it"
146196;;"2020-07-09 08:59:47";"Satisfied with some of the prices and product. I would like to see the sellers respond alittle bit faster to interested buyers, otherwise good app."
162816;;"2020-04-17 20:12:08";"Love it"
149314;;"2020-06-23 13:22:58";Awsome
161078;;"2020-05-02 15:17:32";"Great app! Good choice to get some great deals!"
156499;;"2020-05-16 00:53:09";"To early to say"
136448;;"2020-08-18 00:44:46";"Used to work great. Just updated it and now it doesn't work at all."
136449;;"2020-08-18 00:39:40";"Way better then the Green other app. Totally diff people and you seem to sell more here then the other green app. The people here buy your stuff and dont waste your time. Ive sold all kinds of stuff. Thank you so much. I wish you would do a wrap on my truck? Contact me if so????"
136450;;"2020-08-18 00:39:35";"Perfect secured App. Love all the sellers.. I Do believe that the ACTUAL prices should be listed on the adds Not in the descrriptions..A catch 22 if you will."
136451;;"2020-08-18 00:36:29";"It is easy to use."
136452;;"2020-08-18 00:13:35";"Un able to view items without sending a message to the seller first. Never get notifications about buyers messaging me even tho I have notifications turned on and I've messaged them about this and they never responded. Would not recognize. kijji is way better"
136453;;"2020-08-18 00:10:02";"Users are able to duplicate listings many time which blocks out other sellers. The duplicate listings are reported and ignored."
136454;;"2020-08-18 00:03:46";"It helps you sell faster"
136455;;"2020-08-18 00:02:23";"Great app, 8/15 scammed but the app is good..the manipulative spirits not so much. Just be mindful if it looks to good to be true it is. The gimmick for these 2 people is a shed 12 × 24 for $120. Says their HOA will not let them keep it but they will deliver. All sounded great but thankfully my inner faith said just gift him what you won't miss. So I did and sent him a sincere blessing for him and those who have slithered. He will be duly rewarded. Amen..lol Thanks LetGo im still believing."
136456;;"2020-08-18 00:02:01";"Very good stuff"
136457;;"2020-08-17 23:59:30";"Get app to get rid of things"
136458;;"2020-08-17 23:59:04";"Very professional and straight down to business"
136459;;"2020-08-17 23:49:44";"Wonderful app!"
136460;;"2020-08-17 23:11:15";"I just love it."
136461;;"2020-08-17 22:53:21";"A great tool to sell or buy. The rating system is very good and I feel safe doing business."
136462;;"2020-08-17 22:29:39";"Just love getting a deal.. anyone can on letgo"
136463;;"2020-08-17 22:26:50";"Its ok but the search is horrible! When you search it brings up a bunch of irrelevant items!"
136464;;"2020-08-17 22:13:59";"Easy to sell things"
136465;;"2020-08-17 22:11:44";"My money maker on the side!!!! Thank you Letgo!!!!!!!"
136466;;"2020-08-17 21:44:40";"It's a simple app and very affective."
136467;;"2020-08-17 21:27:14";"Too many scammers phishing on this app. Got tired of people asking for my phone number or address with really no interest in my items posted."
136468;;"2020-08-17 21:14:49";Great
136469;;"2020-08-17 20:57:12";"Bought an item before without any complaints"
136470;;"2020-08-17 20:37:17";"Great sold alot of stuff here ...met alot of nice people"
136471;;"2020-08-17 20:36:08";"Love it Ive bought and sold from letgo thank u guys for being available"
136472;;"2020-08-17 20:13:01";"Overall a tremendous app :-) my only problem is some of the users... All they do is inquire about whether or not an item is still available... And then you never hear from him again. But the app itself is a great way to Market items that are no longer needed in a home"
136473;;"2020-08-17 20:10:35";Excellent
136474;;"2020-08-17 20:09:40";"Terrible app, don't waste your time"
136475;;"2020-08-17 19:05:14";"Fricken gay af. Letgo keeps taking down my airsoft gun post even though there are several other people posting there airsoft guns, nerf guns, Paintball guns and there posts don't get taken down. Most people on let go are low ballers, or say there comming but don't. I understand there are people like that evey where but even ppl on Craigslist better."
136476;;"2020-08-17 18:57:36";"I love it"
136477;;"2020-08-17 18:51:58";"Easy to use, great deals"
136478;;"2020-08-17 18:19:54";"Excellent place to easily sell or buy at a bargain!"
136479;;"2020-08-17 18:07:10";"I posted a item that has not sold. So app is not useful to me."
136480;;"2020-08-17 17:41:41";Great
136481;;"2020-08-17 17:34:01";"Awesome buying and selling app!"
136482;;"2020-08-17 17:08:53";Great
136483;;"2020-08-17 16:37:34";"Zsww moo w To azxiauxe FC ',zq×333,×,C c1 6m. 1. , -☆"
136484;;"2020-08-17 16:35:57";"I am very pleased with your site thanks"
136485;;"2020-08-17 16:30:58";"If I move out of my area automatically changes to that area awesome app"
136486;;"2020-08-17 15:51:04";"Good page"
136487;;"2020-08-17 15:44:15";"Some of the prices on here I can get things brand new off eBay or Amazon"
136488;;"2020-08-17 15:38:13";Good
136489;;"2020-08-17 15:15:29";"Great Platform"
136490;;"2020-08-17 14:57:00";"I have been using this app for years and there have been some great updates to the features along the way. More recently, my notifications have completely stopped working. All of my notifications are turned on however I no longer receive push notifications when I have a message etc. I literally have to check multiple times a day to see if anyone has messaged me, otherwise they can sit unread for days."
136491;;"2020-08-17 14:56:18";"Eh,dont use it enuff to make an assessment"
136492;;"2020-08-17 13:36:42";"Love this app."
136493;;"2020-08-17 13:29:16";"I like it"
136494;;"2020-08-17 13:09:25";"Lots of good people great dealz"
136495;;"2020-08-17 12:45:30";"great find..motivated sellers!! i NEED DRESSERS to refurbish..come on let-goers help me out please🔧🔩🔨"
136496;;"2020-08-17 12:09:44";"Can't seem to sell anything on this site."
136497;;"2020-08-17 12:07:52";"My first post was a success. I received plenty responses"
136498;;"2020-08-17 11:51:21";"Use it all the time great app wish they where more like it"
136499;;"2020-08-17 11:43:50";Good
136500;;"2020-08-17 11:31:13";"I absolutely love selling my old things and buying new things this apps the best"
136501;;"2020-08-17 11:20:10";"Help me save money on products that are much more expensive in stores"
136502;;"2020-08-17 09:41:30";"Good job"
136503;;"2020-08-17 07:23:57";"Love this app"
136504;;"2020-08-17 07:05:12";"Very goog app"
136505;;"2020-08-17 06:27:00";"Some hooker reported I was offensive I can't massage anyone I want to buy items from"
136506;;"2020-08-17 05:35:06";"Never had a problem with this app.Nice lay out"
136507;;"2020-08-17 05:29:39";"Good people. But my location is wrong. I live in Dover NH and they have my item listed as Braintree mass"
136508;;"2020-08-17 04:57:31";"Letgo is very educational"
136509;;"2020-08-17 04:49:08";"People are so nice n i love the app😊.. Its good for selling items..n it mets my expectations.. N its deliverybof what im looking for there😊"
136510;;"2020-08-17 04:42:07";"This is my 2nd sale on Letgo; works like a charm 👍"
136511;;"2020-08-17 04:09:30";"Love it"
136512;;"2020-08-17 03:59:17";"Useless in my opinion. I've been able to sell stuff on offerup but nothing on here. Only suspicious people who set up a meeting place to buy item but flake out in the end. Wouldn't recommend if your trying to sell stuff, not to mention the users remind me of predators."
136513;;"2020-08-17 03:57:35";Wonderful!!!!
136514;;"2020-08-17 03:34:26";"Love the deals"
136515;;"2020-08-17 02:51:02";Great
136516;;"2020-08-17 02:38:38";"Thank you @letgo 😍😍😁 your team is amazing. Thank you for deleting that account that threatned me💙💙"
136517;;"2020-08-17 02:32:24";"I love looking at things for sale on let go"
136518;;"2020-08-17 02:23:56";"I have used this app several times and have a good experience most of the time. I have got some great deals. Thanks to the great people that use this app! I love it. Except when people dont respond. Come on people no response is just rude!"
136519;;"2020-08-17 02:08:23";"Good app. Thanks !"
136520;;"2020-08-17 01:59:34";"DO NOT GET THIS APP. I GOT SCAMMED LVER ON 450 DOLLARS AND I COULDN'T DO ANYTHING ABOUT IT."
136521;;"2020-08-17 01:58:50";"Its a joke"
136522;;"2020-08-17 01:55:24";"Good ap"
136523;;"2020-08-17 01:37:03";"Love love love letgo"
136524;;"2020-08-17 01:36:05";"Love it"
136525;;"2020-08-17 01:31:25";"This upas definitely changed for the better over the years. I have been using it for a long time"
136526;;"2020-08-17 01:30:50";"So far i habe not bought anything but i will"
136527;;"2020-08-17 01:15:04";"I love the fact that you can find anything that you want"
136528;;"2020-08-17 01:09:56";"Greedy and rude people asking double and triple thier items' value. Dont waste the time"
136529;;"2020-08-17 01:08:07";"Good app"
136530;;"2020-08-17 00:49:18";"Could be better with less adds"
136531;;"2020-08-17 00:35:39";good
136532;;"2020-08-16 22:45:25";"Let go worked great, Thanks to everyone involved."
136533;;"2020-08-16 22:36:02";"Dont use"
136534;;"2020-08-16 22:19:43";"I don't like that I can't see the prices until I click on the idem"
136535;;"2020-08-16 22:11:11";"Easy to use"
136536;;"2020-08-16 22:03:07";"Lots of cool stuff, pretty fair prices. It's like yardsaling from your living room, 7 days a week."
136537;;"2020-08-16 21:59:05";"Good app. I was able to sold many items through this app. Thank you so much!"
136538;;"2020-08-16 21:50:38";"Easy to use"
136539;;"2020-08-16 21:49:02";"It's easy to use..."
136540;;"2020-08-16 20:50:07";"Love it"
136541;;"2020-08-16 20:35:14";"I enjoy Letgo, however it would be better if there was more security involved where you can track the position of cell phone devices once sales are initiated. One great idea is once you are at the meeting location. Both parties have to check in using the app, so that it shows the position of the sale just in case anything happens to ensure safety!"
136542;;"2020-08-16 20:29:21";"Had wonderful experience"
136543;;"2020-08-16 20:12:20";"Great place to buy stuff"
136544;;"2020-08-16 20:01:32";"Logging is no longer work, are you guy work on your site..."
169548;;"2020-03-04 18:44:46";"Great app and great items for sale!"
169307;;"2020-03-07 16:46:05";"I like..."
169225;;"2020-03-08 13:40:42";"Lots of good stuff I live it"
168987;;"2020-03-11 01:26:17";"Awesome finds on here"
168751;;"2020-03-13 21:47:47";"Useful app"
168517;;"2020-03-16 17:00:51";"Good I've sold a few things"
168285;;"2020-03-19 18:36:32";"Goof stuff"
139552;;"2020-08-16 19:02:34";"Not many sales on let go compared to offer up. Not many serious folks, but I still got some sales. I would love the option of posting more than 1 car. Would love to post some farm animals. It is also very disorganized. There's too many subcategories that are way too confusing to choose from. When I click on the chat, I always have to scroll up to see new messages. Why aren't they on screen when I click on the chat button? I like the app, but needs some improvements"
139553;;"2020-08-16 18:41:09";"I'm literally just vibin' rn, lol"
139554;;"2020-08-16 18:29:15";"Ive been using these clowns since they opened and now im under review for no reason!! Im going to start using Offer Up!! maybe i can use that app without unjustifiably put under review for no f××king reason."
139555;;"2020-08-16 18:28:34";"Love it 💖"
139556;;"2020-08-16 18:26:36";"Very good app"
139557;;"2020-08-16 18:25:02";"Its good!"
139558;;"2020-08-16 18:22:54";"Fast to post and communication with clients."
139559;;"2020-08-16 18:21:16";"Can not buy will not let me contact the seller"
139560;;"2020-08-16 18:16:37";"it good way to get rid of things and get money for it"
139561;;"2020-08-16 18:15:21";"Overall excellent experience good people lots of sales"
139562;;"2020-08-16 17:58:21";Fantastic
139563;;"2020-08-16 17:53:45";"People with wonderful they do what they say most of the time to get what you want but you can't find what you want so you got to settle for less than that is wonderful wonderful wonderful wonderful"
139564;;"2020-08-16 17:30:05";"Simple and easy works well"
139565;;"2020-08-16 17:12:24";Good
139566;;"2020-08-16 16:44:12";convenient
139567;;"2020-08-16 16:42:25";"App needs to be fixed can't look at photos only let's me msg"
139568;;"2020-08-16 16:33:36";"It's great"
139569;;"2020-08-16 16:27:17";"Great stuff"
139570;;"2020-08-16 16:24:13";Good
139571;;"2020-08-16 16:23:05";"I like the app because you can get random items a good prices"
139572;;"2020-08-16 16:18:50";"Having same glitch problem as other users. When you touch a picture the screen goes dark and u can only use the auto fill questions/answers to contact let go members. I'm thankful someone is finally working on a fix. My items sell faster using let go than on clist ..hoping it is fixed soon👌"
139573;;"2020-08-16 16:05:58";"The fact that I can only post 1 car a month or o have to pay doesn't sit well with me."
139574;;"2020-08-16 16:02:30";"NO LONGER GET NOTIFICATIONS! HAVE MISSED MANY SALES BECAUSE OF THIS! PLEASE FIX! Update: there is no glitch, everyone I have spoken to does not get notifications, very frustrated when trying to buy or sell."
139575;;"2020-08-16 15:59:15";"Help me to find great bargains"
139576;;"2020-08-16 15:44:29";"Very good app"
139577;;"2020-08-16 15:32:24";"I've made several purchases on Letgo and have generally had a pretty positive experience using it, but I need to say: the location filter doesn't work AT ALL. When I drop a pin with a 5 mile radius most of the listings I see are 20-30 miles away, and it takes way more effort than it should to look for items near me. Might be because Letgo uses zip codes instead of actual location, but this doesn't seem like it should be a hard fix. Will update my review if this is ever addressed."
139578;;"2020-08-16 15:08:41";Awesome!
139579;;"2020-08-16 15:00:45";"Great app for selling!"
139580;;"2020-08-16 14:51:16";Good
139581;;"2020-08-16 13:24:52";"The app is very useful the only problem is the app shows locations 2 to 3 hours away when I have it on a setting of only 30 miles"
139582;;"2020-08-16 13:05:47";"I can't get the full picture of what i want to look at with commenting on it. Crazy wish it worked better"
139583;;"2020-08-16 12:29:04";"Terrible experience!!! I got scammed for $175.00 on Letgo and all of the proof was there and Letgo did nothing for me. They had his profile, phone number, account verified, and he took my money!!!! Last time I will ever use it or recommend ever!!! The app is full of scammers looking to get your money and when you complain they block the account and your have no way to get your product or money back. Terrible experience."
139584;;"2020-08-16 12:01:51";Great
139585;;"2020-08-16 11:19:43";"Great place to get what you need."
139586;;"2020-08-16 09:04:01";"Seems to be hit or miss with no regards of sellers even getting back to you"
139587;;"2020-08-16 07:08:29";"Good stuff"
139588;;"2020-08-16 06:44:58";AwesomeN
139589;;"2020-08-16 06:25:47";"One of the best, most useful apps to ever exist!"
139590;;"2020-08-16 06:24:02";"Fun and easy to interact."
139591;;"2020-08-16 06:20:37";"I love lego"
139592;;"2020-08-16 06:18:57";Goog
139593;;"2020-08-16 06:17:43";"Great way to get jobs done. Build endless creations with anybody"
139594;;"2020-08-16 05:57:40";"Great application"
139595;;"2020-08-16 05:46:57";"It used to work perfectly, but for the past few months, search filters like ""distance"" haven't worked, which severely limits how useful the app is. There also doesn't seem to be any way to make it search for all terms (not just one or two) or search for phrases; we could sort by relevance, of course, but then we can't work around the broken filter issue by sorting by distance or price. (Used on a Moto G6 with Android 8.)"
139596;;"2020-08-16 05:40:34";"Have had good experiences with this app"
139597;;"2020-08-16 05:35:16";"Best app for buying and selling"
139598;;"2020-08-16 04:42:27";"Awsome soldeverything i have posted"
139599;;"2020-08-16 04:24:34";Thanx
139600;;"2020-08-16 03:53:52";"Nothing but scams and shady car dealerships since they tag their posts with every word they can think of."
139601;;"2020-08-16 02:57:06";"Not good stuff and too many ads. People don't use the app anymore so you're unlikely to find anything worthwhile. Every other post is an advertisement, so it's really not worth the time to scroll. Basically a half a** garage sale mixed with infomercials."
139602;;"2020-08-16 02:50:27";"I love it"
139603;;"2020-08-16 02:39:35";"I had success with the app years ago, but recently people will view or favorite my listing but never bid or even message me about the item."
139604;;"2020-08-16 02:20:12";"This app is very user friendly. Easy to post items on and gets you connected with tons of buyers."
139605;;"2020-08-16 02:03:46";"Great app"
139606;;"2020-08-16 02:03:38";Awesome!
139607;;"2020-08-16 01:35:33";"Let go has the goods"
139608;;"2020-08-16 01:18:22";"Works good"
139609;;"2020-08-16 01:14:50";Ok
139610;;"2020-08-16 01:07:05";"Excellent Excellent Excellent !!!!"
139611;;"2020-08-16 01:02:08";"Not great. Too much work and crazy people w dumb comments and questions. Not worth it ."
139612;;"2020-08-16 01:00:40";"Great app"
139613;;"2020-08-16 00:25:23";"It work great for me"
139614;;"2020-08-16 00:00:34";"Been using this app forever it feels like, downloaded it on a new phone and now every time I click on something to look at the pictures or description, its locked in the message bar at the bottom and wont let me click out of it. Completely unusable unfortunately."
139615;;"2020-08-15 23:52:10";"Awesome met all my needs thanks..."
139616;;"2020-08-15 23:26:01";"Location issue when using VPN. Uninstalled"
169547;;"2020-03-04 19:06:56";"Love this app"
169306;;"2020-03-07 16:46:15";"Really easy to use and very organized 😊"
169224;;"2020-03-08 13:58:04";Good
168986;;"2020-03-11 01:30:13";"I've only had good experiences with let go. Love it !"
168750;;"2020-03-13 21:56:49";Awesome
168516;;"2020-03-16 17:09:47";"It's fun and you save a lot of money"
168284;;"2020-03-19 18:56:23";"Great app"
168207;;"2020-03-20 19:21:23";"It's a really great app. Should make people specify more of what's wrong with things though"
166443;;"2020-03-24 11:29:17";"I like it"
166217;;"2020-03-26 18:46:24";"Love this app"
166235;;"2020-03-26 16:12:00";"I get great deals on letgo and have some good sales too"
165919;;"2020-03-30 00:15:21";"Good app. Way to sell your extras."
165699;;"2020-04-01 18:40:12";"always on point with posting merchandise and love how it makes u complete levels to root out the not so responsive ppl tht waste time thinking tht someone is interested when they just flame!"
166237;;"2020-03-26 15:59:36";"Love it 😍"
165410;;"2020-04-05 05:42:50";"Very good"
165195;;"2020-04-07 21:03:38";"Another Update! No matter what distance you select from your zip, the app gives you items from 50 miles away. Also it resets back to a far distance. I set distance to 5 miles today, refreshed and it was still 5 miles... first ad was for shoes, 65 miles away. Uninstalling again. Other than that, they are starting to delete ads from the users/abusers who post duplicate ads continuously. So that's good."
165126;;"2020-04-08 19:18:34";Good
163379;;"2020-04-11 16:22:15";"Great so far. Still checking out"
169254;;"2020-03-08 02:36:59";"Best place to shop on gear!"
163103;;"2020-04-14 21:26:32";"Great stuff"
162897;;"2020-04-16 22:54:03";"Bought a phone from a verified user and was blocked, the next day. There isnt any way to warn other users of the persons scam."
162831;;"2020-04-17 17:52:19";"Never had a problem"
162628;;"2020-04-19 10:11:31";"The love finding deals on here"
162563;;"2020-04-19 19:19:02";"I like it well enough"
162363;;"2020-04-21 05:18:46";"Except for one customer taking off with my bike it's been great but letgo warned me about not getting money in hand first.lesson learned the hard way but other than that incident I've got three years of great experiences with this site."
162851;;"2020-04-17 12:17:48";"Easy and fun"
162102;;"2020-04-23 17:15:11";"It is a good app. But there is no vetting of the people that use the app.they offer $3 for a $40 item and insist you deliver 50 miles away and when you say no, they cuss you out. When you report them, letgo does nothing.I really used to enjoy the app, but now it's just full of Trolls that tell you meet them somewhere and dont show.Then laff And troll you in chat. If your buying,it's not bad, but if you are selling. 8 out of every 10 chats you get are fake,or someone trying to rob you.Be careful!"
168465;;"2020-03-17 05:25:33";"It makes selling easy, anyone can do it."
161847;;"2020-04-25 18:51:31";Cool
162383;;"2020-04-21 01:55:26";Great
161596;;"2020-04-28 02:25:54";"Love finding new treasure every time I look in only a few minutes and find it is close by to go see"
161536;;"2020-04-28 19:20:22";"Good app"
161349;;"2020-04-30 08:45:59";"You haven't changed anything. Thus says exactly what it always said."
161290;;"2020-04-30 20:14:02";"I love that app"
161106;;"2020-05-02 08:52:48";"Very good"
161048;;"2020-05-02 20:12:55";"Simple application.. been using it on and off for"
169024;;"2020-03-10 16:28:24";"Everything under the sun in one place,very cool!"
160810;;"2020-05-04 22:19:05";Love
162387;;"2020-04-21 01:37:14";"Great for buying selling or trading"
160576;;"2020-05-07 00:08:49";"Love it!!!"
157520;;"2020-05-07 14:59:41";"Easy to use and convienient"
157464;;"2020-05-08 03:02:13";"I love the different options of what to look for and the updates on items."
165953;;"2020-03-29 16:49:29";"Love the site"
157235;;"2020-05-10 01:16:01";"It's a good app. Interface is nice and a large market."
169265;;"2020-03-07 23:49:54";Great
157009;;"2020-05-12 00:18:44";"Most sellers are very responsive, the app is easy to use and the messaging is fast"
156954;;"2020-05-12 13:41:53";"So far so good. I have yet to purchase anything. But I will very soon. So for the items on this site are very nice. There's a item a came across that's so beautiful & remarkable inexpensive, I definitely jumped that asap. I'll b giving 5 stars once I've completed my entire transaction. Until next time. *STAY PROTECTED,WASH UR HANDS THOROUGHLY FOR LEAST 20 SEC THEN RINSE. OR SAY THE ALPHABETS A-Z WHILE WASHING HANDS THOROUGHLY,THEN RINSE* Pleased w/ this app. All of my purchases been $ well spent"
163133;;"2020-04-14 15:26:06";"Since latest update it wont load new posts"
156732;;"2020-05-14 03:46:07";Cool
156677;;"2020-05-14 16:20:29";"Awesome great"
169510;;"2020-03-05 03:44:29";"Loving it."
156459;;"2020-05-16 11:04:08";Nice
157485;;"2020-05-07 21:21:41";"No way to turn off all notifications or to at least set it so only notifications you want are allowed. So best way to stop them...I uninstalled it."
156243;;"2020-05-17 23:33:09";"Love this app"
156189;;"2020-05-18 13:11:56";"Love it very nice people are on here"
161072;;"2020-05-02 16:31:20";"Can find things that u thought u would never find!"
154447;;"2020-05-20 15:46:21";"YOUR listing needs to be REMOVED. You've been doing it since you've opened. You remove LEGITIMATE listings using the same ""best practices"" quote. You don't say anything. you are not specific, nor does it even make sense."
154395;;"2020-05-21 01:16:40";"App is freezing and (closing sometimes).. I think due to the inoperative and wierd ads!....."
165949;;"2020-03-29 17:40:24";"Awesome app beside show the best deals that you can get around you very helpful excellent for anything you need mostly you'll find it here"
154191;;"2020-05-22 22:34:54";Fun
154140;;"2020-05-23 10:50:51";"Besides being scammed i enjoy thus app"
160600;;"2020-05-06 19:56:12";"Good app . Free!"
153941;;"2020-05-25 04:43:47";"Easily find what you're looking for, great filters to get it the way & price you want it too"
153891;;"2020-05-25 17:35:37";"App keeps switching to Orlando when I live in Brandon 33511"
156700;;"2020-05-14 12:35:24";"Listen I don't understand why keeps showing me sellers from different states and they're profile says they are located in mi city when they're not !"
153695;;"2020-05-27 14:46:40";"I like that go I like that it doesn't cost me anything I don't like the way you keep changing the format and right now I don't like the fact that I can't access my account while you keep telling me it's under review for weeks on end and then never let me know why it's under review or respond to me"
153645;;"2020-05-28 01:14:13";"There are a lot of scam ads and ads really old or sold"
153910;;"2020-05-25 14:07:20";"I like the App in General but it has the flaw that on my Android phone that when an add is clicked A single time to open it, the screen darkens and nothing in the ad can be used except text. Reloaded it 4 times on this phone and 6 times On Samsung S-8+. No way to contact Any Tech support for the App. Very Amateurish at best. Move to Offer Up."
165451;;"2020-04-04 20:22:12";"Terrible app. It keeps setting my location to Detroit where I do not live and I cant use the app because no matter how many times I change it the location always goes back."
153405;;"2020-05-30 00:33:10";"Way better than craigslist"
153356;;"2020-05-30 15:49:24";Awesome
161077;;"2020-05-02 15:33:22";"Love this app"
153171;;"2020-06-01 05:58:45";"Quick and easy to navigate. Better than Craigsl!st 👌🏽"
153123;;"2020-06-01 18:06:07";"Love it"
166184;;"2020-03-27 01:59:40";"Worst selling platform ever. Makes u lower the price if u wanna continue selling."
165382;;"2020-04-05 13:36:28";"Love it not quite used to using it yet though"
152896;;"2020-06-03 17:25:09";"Great stuff and people."
152849;;"2020-06-04 02:43:55";"Many finds..."
156704;;"2020-05-14 11:02:59";"It's just perfect and you see everything sells very fast it's a very well put together app I hope it keeps going for the next 20 years"
169039;;"2020-03-10 13:40:52";"This is the best Market to sell things I've made a lot of money"
152629;;"2020-06-06 10:59:28";"Sometimes sluggish amd difficult to navigate friendly."
152583;;"2020-06-06 21:15:23";"Great app 👌"
157209;;"2020-05-10 05:06:30";great
152415;;"2020-06-08 16:47:15";Love
152370;;"2020-06-08 23:50:21";"THIS IS A GREAT APP. TYERE R SOME GREAT DEALS AND I HAVE SOLD SOMe THINGS YES ,5 STARS"
152325;;"2020-06-09 14:06:41";"Great experience. My only issue is not being able to get a hold of people occasionally do to their not answering"
156929;;"2020-05-12 17:42:25";"Worse customer service. I had a situation where i lost money to a scammer on letgo and letgo instead blocked my account."
169041;;"2020-03-10 13:24:17";"So far very helpful and intuitive."
152119;;"2020-06-11 06:30:44";"It's a go to app for nme"
152075;;"2020-06-11 16:48:14";Awesome
154370;;"2020-05-21 08:26:46";"Very good"
165386;;"2020-04-05 12:37:20";"Great app"
151876;;"2020-06-13 03:00:11";"Very great app"
151833;;"2020-06-13 15:16:12";"They sell your data unless you see the do not sell me icon. Also takes over your phone regardless of settings. Good service but not worth the mess."
152872;;"2020-06-03 22:14:51";Good
161083;;"2020-05-02 14:13:59";"Cant post any anything its flagged right any"
151641;;"2020-06-15 11:11:39";Great
151599;;"2020-06-15 19:42:57";"Great app except for when you tell them you live in Louisiana and you constantly getting merchandice that is from New York New Jersey Maine and U telling the app. 10 mile radius. Finally I took down the app I'm tired of seeing merchandise that's 8 States away."
151557;;"2020-06-16 02:18:07";Great
150034;;"2020-06-16 07:14:35";"Awesome u will love them better the fb market"
154372;;"2020-05-21 07:00:26";😝
169494;;"2020-03-05 10:07:53";"so far I like it"
149832;;"2020-06-18 02:04:59";"Got. Geat furniture in this app. Thxl Letgo😁"
149791;;"2020-06-18 15:53:48";"This is one of my ""go to"" apps when I want to sell something, or look for a gently used item and even a new item! So far the people I have either sold to or bought from have been nice, honest, easy to do business with. I found navigation within the site to be easy and trouble free. This is definetely a great website to go to as a buyer or seller."
156165;;"2020-05-18 16:43:42";"Good idea, but not enough user options. Yes the goal is to give and maybe get things and join the buy nothing community. HOWEVER I also don't want to hold onto things that clutter up my space. This app doesn't allow you to just accept or even see the first ""bidder"". Or to take down the post if someone takes things before you get interest. I thought I had no interest bc no messages ahowed up so I gave everything away on Letgo's ""free"" option then I got a ""winner"". I didn't know what to do."
156167;;"2020-05-18 16:36:36";"Love this app"
165389;;"2020-04-05 10:57:22";"Not in english this is the only bad side"
149575;;"2020-06-20 19:04:04";"It does not get better then this."
149535;;"2020-06-21 02:48:25";"I will never use this app again my account keeps getting flagged and removed for no absolute reason at all but other people get away with running their mouth to me I even reported them what more do you want me to do you set and removed my account for no reason and I was about to do more business with people this is complete bull if I could I wouldn't give a star at all Update:I tried to give this app and the people running it a chance once again this time 1 week account flagged again no reason"
160845;;"2020-05-04 17:11:47";"So far so good seems to be working well"
163347;;"2020-04-11 23:24:37";Nice
162608;;"2020-04-19 13:58:43";"Ever since the update, the app doesn't work! All I can get is the featured items."
149328;;"2020-06-23 06:32:45";"Love it"
149289;;"2020-06-23 17:49:49";"Always find the deals I'm looking for when I hit let go. Must download"
149250;;"2020-06-23 23:53:21";"Great and easy tool to help sell unwanted stuff!"
161820;;"2020-04-25 22:21:59";"Great app"
157501;;"2020-05-07 18:55:44";"Always had good experience with it"
169047;;"2020-03-10 11:15:11";"Good app"
149053;;"2020-06-25 21:04:52";"I could not find a way to get my item back to the top of the list for people to see. I believe they did offer a way to do that but it was not free."
149015;;"2020-06-26 04:23:21";"I like letgo"
149596;;"2020-06-20 15:51:11";"It sucks you can only look within so many miles of your location so bye bye see ya"
153861;;"2020-05-25 23:25:48";Awsome!
161088;;"2020-05-02 13:24:16";"You can buy and sell and that's good"
148831;;"2020-06-27 23:14:36";"Best buy sell I've had no probably any u can come across solid app recommend !...."
148795;;"2020-06-28 12:16:45";"FAR too many scammers, Letgo doesn't do a good enough job of rooting out people who are trying to rob or prank people."
148759;;"2020-06-28 17:23:16";Good
149271;;"2020-06-23 20:30:21";"It's okay it's fair and square and I'm trying to just get rid of it but I need to get rid of because people say they want it and then people don't want it and so basically I'm just as the last chance I have on let-go"
161569;;"2020-04-28 10:22:57";Great
157218;;"2020-05-10 03:33:33";Good
166425;;"2020-03-24 15:17:17";"Like craigslist bettter"
166200;;"2020-03-26 21:10:34";great
147015;;"2020-06-30 20:44:08";"Love this app 💜💜💜💜💜💜💋💜💜💜💜"
146980;;"2020-07-01 03:49:56";"You know what's annoying, clicking an item and being forced to ask the seller if an item is still available before I even know if I want to buy the darn thing. Your app is impossible to use. Turn that feature off!"
146945;;"2020-07-01 13:03:30";"Everything that I buy from this site is just amazing... 2 Thumbs up..."
157498;;"2020-05-07 18:59:40";"Simple,fast,and easy to use weather buying or selling"
153628;;"2020-05-28 03:58:47";"Works great for me 👍."
161333;;"2020-04-30 13:48:46";"Very good"
146783;;"2020-07-03 04:46:59";Good
146749;;"2020-07-03 15:12:26";"Just learning"
146715;;"2020-07-03 21:40:28";"Best app for selling anything you have."
148999;;"2020-06-26 12:17:00";"Met some very nice people. Prices are generally very reasonable."
157442;;"2020-05-08 06:38:17";"Really wanted to use this app, but when I try to create my account it tells me I'm not connected to the internet. Sometimes, it comes up and says making sure I'm not a robot, gives me some tiles to choose images from, then kicks back out to oops, you're not connected to the internet. Tried reinstalling again with same results. I gave up and removed it. I have a Google Pixel 3a. ☹️"
157254;;"2020-05-09 22:20:22";"App is well organized and easy to use"
161091;;"2020-05-02 12:53:23";"Nice App"
169291;;"2020-03-07 19:34:48";"Good the selling and buying! Notification bubbles I can't get rid of even after I view them (I guess that's how they keep you in the app), favorite items ramdomly missing"
146497;;"2020-07-06 06:01:54";"Great app for busines and personal sales... Its fast and easy."
146464;;"2020-07-06 19:07:08";"I have been using offer up and sold here and there with no big deal. I downloaded Letgo and the flakes come out like the walking dead 1st session hungry for attention. The only boten people use is ""is this still available"" thats it! This app and the letgo community are ignorant bored kids. So am I the only one experiencing this?"
146450;;"2020-07-06 21:41:10";"Good for the most part so far"
149853;;"2020-06-17 21:39:24";"Magnificent , I buy all my amenty films deur."
161821;;"2020-04-25 21:58:06";Great
156498;;"2020-05-16 00:54:58";"Unfortunately I am now the victim of a scam. 350 dollars later I now know better, letgo is not a safe place to conduct business. I'm a verified seller with positive reviews, and somehow I fell victim to a scammer that was a ""verified seller"" according to your app. Apparently this person has been on letgo scamming people since 2016. How nice"
163156;;"2020-04-14 07:43:18";"Cool app"
146259;;"2020-07-08 17:19:50";"This app is terrible. I had 5 or 6 things to sell and none of them got sold in over a month. From shoes to speakers.... All in mint condition. No one is trying to buy anything on this app so i it not very well-thought-out.... You need buyers to sell things.... Which this app has none.... Only sellers.... Not very well thought out app."
146227;;"2020-07-08 23:06:49";Best
146195;;"2020-07-09 10:29:50";"Great app love it best thing out to buy and sell"
156173;;"2020-05-18 16:06:53";"Good app"
166422;;"2020-03-24 15:53:34";"It's an excellent source for connections"
152615;;"2020-06-06 15:30:32";Whoa!
157484;;"2020-05-07 21:25:25";"Customer Service Sucks"
139776;;"2020-08-14 04:33:56";fair
139777;;"2020-08-14 04:16:58";"Buy and sell. Good deals. Mostly good people."
139778;;"2020-08-14 04:10:27";"THE APP IS NOT WORKING"
139779;;"2020-08-14 04:03:27";"Very dependable"
139780;;"2020-08-14 04:01:30";"I bought so much from this app i got a dishwasher, stove & microwave, dining room table & chairs and so much more ive also met a wide variety of people that were so nice. Fathers day present---a new grill for a superb price and the man gave us a new cooler that ive been using on the deck for parties. I dont know what i would do if i didnt have this app. I am truly grateful."
139781;;"2020-08-14 03:55:13";"Stopped receiving notifications. I had no problem before receiving chat messages, but now nothing. I have to constantly open the app to check to see if someone has tried to contact me on chat."
139782;;"2020-08-14 03:31:10";"Found exactly what I was looking for , and local"
139783;;"2020-08-14 03:21:06";"Quick sales.....easy to use ....all kinds of things forsale"
139784;;"2020-08-14 02:50:18";"Love this app"
139785;;"2020-08-14 02:00:54";"love it"
139786;;"2020-08-14 01:24:13";"Quick and easy for anyone!"
139787;;"2020-08-14 00:41:18";Good
139788;;"2020-08-14 00:24:44";"I used to love this app but...now I have to message the seller in order to see the whole ad and pics. This is incredibly inconvenient for all involved."
139789;;"2020-08-14 00:16:45";"Awesome, easy"
139790;;"2020-08-14 00:00:40";"Its great"
139791;;"2020-08-13 23:18:04";"Its okay"
139792;;"2020-08-13 23:15:19";"Used to be a great way to buy, sell or just kill time shopping but after a recent update its the slowest, laggiest app on my phone. Gonna ditch it soon if it isn't corrected"
139793;;"2020-08-13 23:11:35";"U guys need to fix your messages i send messages to people and it takes out about a day to send it please help me"
139794;;"2020-08-13 22:34:42";"Good experience"
139795;;"2020-08-13 22:07:48";"Great app just unreliable people"
139796;;"2020-08-13 22:07:30";"Easy to use app."
139797;;"2020-08-13 22:00:36";"Aside from some link sharing issue it's a great app. Sold many items so far"
139798;;"2020-08-13 21:33:49";"Leggo APP,is recommended to me by my experience with the sights and sounds of let go"
139799;;"2020-08-13 21:33:25";"Very helpful no problems"
139800;;"2020-08-13 21:30:39";"Always been good to me"
139801;;"2020-08-13 21:23:32";"Great up"
139802;;"2020-08-13 21:16:42";"Sold automobiles persist in the database and are therefore repeatedly displayed. For example, automobiles are displayed in a search result indicate the post is months, occasionally over a year, old."
139803;;"2020-08-13 21:12:15";"Like how easy find items people get back with you. Good so far"
139804;;"2020-08-13 21:05:19";"You can find almost anything you want"
139805;;"2020-08-13 20:55:34";Great
139806;;"2020-08-13 20:28:54";"Very useful for buying and selling random stuff. Only problem is there's quite a few bugs. For instance, some items I have marked as sold do not show up on my sold list, therefore not counted on my score. And some reviews left for me are not bulleted, and therefore don't count either. Frustrating."
139807;;"2020-08-13 20:27:39";"Always the best! My"
139808;;"2020-08-13 19:57:47";"Great deals"
139809;;"2020-08-13 19:46:36";"I like this app!!"
139810;;"2020-08-13 18:54:09";"Block ladigim halde mesaj atabiliyorlar, bu cozulsun, itle kopukla ugrasamam They could send message to me even if I blocked them"
139811;;"2020-08-13 18:38:09";"great for sale"
139812;;"2020-08-13 18:34:41";"Account Pending Modification- selling a couch to a buyer and let go deleted their profile. Them they app asked that I boost the listing. This is horrible."
139813;;"2020-08-13 18:26:24";"Love that I can sale and buy used items. Have not been disappointed! Easy and simple."
139814;;"2020-08-13 18:23:20";"Love this app"
139815;;"2020-08-13 18:10:04";"Waste of time. I tried to use this app for 1-2 years. There are much less buyers or things for sale so it's hard to actually sell anything. Also, their algorithom of identifying prohibited items is ineffective. The last straw? I'm trying to sell a terrarium and they keep removing my ad because selling animals is prohibited. It's a glass tank, not a live animal! There's not even a picture of my tank with a snake in it, just an empty glass tank."
139816;;"2020-08-13 18:06:20";"I'VE MET ALOT OF NICE PEOPLE, A FEW JERKS, BUT OVERALL, GOOD"
139817;;"2020-08-13 18:01:46";Great
139818;;"2020-08-13 17:11:02";"I hate hate HATE how it pops up for me to send a message for everything I try to view. I WANT TO VIEW THE INFO FIRST BEFORE I MESSAGE SOMEONE"
139819;;"2020-08-13 16:49:03";Works
139820;;"2020-08-13 16:44:08";"Good app. Easy to use."
139821;;"2020-08-13 16:15:46";"Wonderful ways to find things you wouldnt necessarily get in most stores; or authentic finds!!"
139822;;"2020-08-13 15:49:53";Great!
139823;;"2020-08-13 15:43:42";"Would be 5 stars if I could view the add before messaging the seller"
139824;;"2020-08-13 15:18:18";"Love it Ty 5"
139825;;"2020-08-13 15:06:02";"Very good"
139826;;"2020-08-13 14:06:27";"Great. Easy to use and quick sales."
139827;;"2020-08-13 14:00:22";"I can't post anymore since the last updates. It gives me error messages every single time. I am so frustrated with letgo"
139828;;"2020-08-13 13:49:43";"Use it regularly great app"
139829;;"2020-08-13 13:39:09";"Positive very positive people generously not put fair prices."
139830;;"2020-08-13 13:33:07";"Too many sellers never respond."
139831;;"2020-08-13 13:13:04";"Must have app!"
139832;;"2020-08-13 12:56:24";"Best selling app out there"
139833;;"2020-08-13 12:38:04";"I love it! It's just like eBay but selling stuff that you don't need."
139834;;"2020-08-13 12:17:42";"Very nice"
139835;;"2020-08-13 11:39:05";Great
139836;;"2020-08-13 10:51:24";"Easy to use!"
139837;;"2020-08-13 09:56:33";"Sucks ever since the last update"
139838;;"2020-08-13 08:29:31";"Its one of the easiest websites to find what u need"
139839;;"2020-08-13 07:24:31";"always using this app"
139840;;"2020-08-13 07:23:35";"Very good"
139841;;"2020-08-13 06:09:09";"Just a good way to get rid of stuff you don't want or need anymore."
139842;;"2020-08-13 05:25:02";"So far So good..!"
139843;;"2020-08-13 05:21:09";"I love it makes life easier"
139844;;"2020-08-13 05:20:14";"The search box is generally useful for the first few results, then it's absolutely incorrect for no obvious reason. Ever ask someone for a document from the file cabinet and they hand you a cactus instead? It is like that."
139845;;"2020-08-13 04:36:12";"Great app!! User friendly"
139846;;"2020-08-13 04:28:11";"Thank you"
139847;;"2020-08-13 04:11:10";"Just don't know what you are going to get unless you ask questions?"
139848;;"2020-08-13 03:51:40";"Great app! Affordable stuff."
139849;;"2020-08-13 03:42:59";"I love you guys. Always find the items I want."
139850;;"2020-08-13 03:33:39";"Love it"
139851;;"2020-08-13 03:19:17";"UPDATE: LetGo has managed to become even more useless. I'm going to delete the app and use another platform. I'm very disappointed. I've been using this app for years, and with each update, it has gotten worse. For a while, I was not receiving notifications for new messages, causing me to lose sales. The app prevents you from scrolling through a listing and viewing photos until you message the seller first. It used to be a functional app."
139852;;"2020-08-13 02:46:08";Ok
139853;;"2020-08-13 02:44:13";"I loved the app before, but I am a car guy and find it very aggravating that car dealerships and dealers can post all their cars on their lots and they all pop up first under any name, I don't believe dealers should be able to do that. It's a buy sell trade not a dealership I want to buy a car from. I'd rather give money to someone trying to personally sell it then a dealership. Other than that I like it."
139854;;"2020-08-13 02:43:44";"New to it but love it!"
139855;;"2020-08-13 02:32:03";"It's a good app"
139856;;"2020-08-13 02:09:37";"This app is the perfect example of a great idea that started out good, and now after countless so called improvements they've ruined it. App used to be great. Now the occasional message you do get is usually B.S. or someone 4 states away. Also when you have 30+ posts expire at once all the time. Once my posts have all expired time to delete and find a new app."
139857;;"2020-08-13 01:58:16";"Greatest buying and selling app since E-Bay"
139858;;"2020-08-13 01:45:52";"I put two stars cuz I can't get into my account"
139859;;"2020-08-13 00:59:45";Great
139860;;"2020-08-13 00:23:59";"I'm not allowed to see the things that are up for sale"
139861;;"2020-08-13 00:23:11";"Everytime I go to check out an item. It only allows me to tap chat or call. Not read the details of the item.. that is very annoying."
139862;;"2020-08-13 00:17:31";"Its an awesome app"
139863;;"2020-08-12 23:53:27";"I've saved tons of money money"
139864;;"2020-08-12 23:51:35";"Easy to use"
139865;;"2020-08-12 23:35:24";😬
139866;;"2020-08-12 23:32:19";👍👍👍
139867;;"2020-08-12 23:29:47";Awesome
139868;;"2020-08-12 23:24:23";"Fun and easy to do."
139869;;"2020-08-12 23:23:58";"Ok just started"
139870;;"2020-08-12 22:56:10";"Can't message anyone whatsoever !!! Uninstalled and reinstalled"
139871;;"2020-08-12 22:52:09";Great
139872;;"2020-08-12 22:21:57";"Great for getting stuff and selling stuff"
169546;;"2020-03-04 19:07:00";"Donald was great to deal with, nice person."
169305;;"2020-03-07 16:46:27";"Good love it"
169223;;"2020-03-08 13:58:21";"Used to be decent but is garbage now."
168985;;"2020-03-11 01:34:17";"Its so easy to use"
168749;;"2020-03-13 22:08:36";"Great Site"
168515;;"2020-03-16 17:13:43";"Great for connecting people with what they need and want very responsive in communication"
168283;;"2020-03-19 19:24:07";"I just downloaded this app and I just love it! I have searched various items and always seem to find what im looking for. There are so many people in my area on here selling and shopping and i am in a smaller town so im not the only one that loves Letgo"
168206;;"2020-03-20 19:24:11";"it's a very good app and I highly recommend it to friends"
166442;;"2020-03-24 11:51:09";"slow , but effective"
166216;;"2020-03-26 19:05:20";"Wonderfull app"
166462;;"2020-03-24 01:47:07";"Very good experience"
165918;;"2020-03-30 00:15:54";"Ilove it this app"
165698;;"2020-04-01 19:09:12";"Very positive, ive always had a good response on my listings"
166464;;"2020-03-24 01:30:02";"Love this app"
165409;;"2020-04-05 06:12:30";"Nice app"
165194;;"2020-04-07 21:20:51";"Great selections on things you're looking for"
165125;;"2020-04-08 19:53:10";"This is my first time using this app it seems to be working fine right now"
163378;;"2020-04-11 16:42:59";Amazing
169495;;"2020-03-05 09:47:34";"Good condition Very good working"
163102;;"2020-04-14 21:29:13";"Good app"
162896;;"2020-04-16 23:01:13";"Was great , now horrible , seems like since update I cant get any search all I get is ""error occurred while trying to load new listings "", I was in process of buying a product until this happened"
162830;;"2020-04-17 18:10:00";"Great for selling stuff"
162627;;"2020-04-19 10:27:44";"Since the new update , you cannot view the post without first sending a message, why is that?, I just want to view and continue on without sending a message or contacting the OP."
162562;;"2020-04-19 19:24:54";"Doesn't work still I have uninstalled and reinstalled check it's permissions many times refuses to work I'm done with this app"
162362;;"2020-04-21 05:19:50";"It ok gets u what u need"
168544;;"2020-03-16 12:01:50";"Thank u guys rock"
162101;;"2020-04-23 17:27:23";"Slow updating"
163125;;"2020-04-14 17:13:49";"Never got any listing keep saying mark sold"
161846;;"2020-04-25 18:58:29";"Mostly automatic spammers that want to Western Union you or something after you ship the item. Same stuff for multiple items. Might as well use another app and not waste your time."
162584;;"2020-04-19 16:37:26";"Love it fast n simple. The search thing a little annoying because it doesnt delete itself. Other than that its great!"
161595;;"2020-04-28 02:32:23";"Made cash fast"
161553;;"2020-04-28 15:47:36";"It was ok"
161348;;"2020-04-30 08:56:04";"Great place to sell or buy"
161289;;"2020-04-30 20:20:48";"Great app. Helps me a lot!"
161105;;"2020-05-02 09:23:55";"Its very good for finding deals."
161047;;"2020-05-02 20:14:05";"Very good deals"
169263;;"2020-03-08 00:01:38";"Very simple to use . There are a lot of people using letgo"
160809;;"2020-05-04 22:42:29";"Pretty easy to set up. Does what's supposed to do as expected. Thumbs up!"
162588;;"2020-04-19 16:05:38";"I HAD SEVERAL LISTINGS NOTHING SOLD"
160575;;"2020-05-07 00:14:43";"Loving it!"
157519;;"2020-05-07 15:30:53";Awesome
157463;;"2020-05-08 03:14:39";"Just got on the app and I want to look on it and etc."
166177;;"2020-03-27 02:58:23";"I've been able to do business and get money from this."
157234;;"2020-05-10 01:19:37";"It's a mess!"
160594;;"2020-05-06 22:07:45";awesomeness
157008;;"2020-05-12 00:23:25";"Joke of a site, things for sale for years"
156953;;"2020-05-12 13:43:45";"Good app"
163342;;"2020-04-12 01:30:14";"Great app, great idea, I sell things on here. It doesn't take long. It helps me support my unhealthy habits like drugs Anarchy and cure cancer all in a days work. God is mighty among mice"
156731;;"2020-05-14 03:47:27";"I tried selling my collectable slot machine and I read all the terms, conditions, and community guidelines and there is NOTHING there about not allowing the sale of gambling items. What's the point of an app to sell things that we don't want anymore if everything we try gets taken down? Nope. I'll go to another app thanks 👎"
156676;;"2020-05-14 16:25:24";"Great site! Nice layout and easy to navigate. You can also find lots of treasures on here!"
156512;;"2020-05-15 23:15:41";"Not many items in my area or the price was too high"
156458;;"2020-05-16 12:16:41";"It's great"
168709;;"2020-03-14 14:55:00";"Very good app love it"
156242;;"2020-05-17 23:37:20";"Love this app"
156188;;"2020-05-18 13:12:29";"So easy to use."
166173;;"2020-03-27 04:49:10";"Been using it for several years now, and I love it."
154446;;"2020-05-20 15:53:31";"Nice place 2 sell"
154394;;"2020-05-21 01:33:31";"Simple, friendly, fast interactive control with the app."
161316;;"2020-04-30 16:40:05";Great
154190;;"2020-05-22 22:38:53";"Sold stuff. No problem."
154139;;"2020-05-23 11:13:51";Good
160778;;"2020-05-05 03:40:43";"It's cool haven't sold anything yet so we will see."
153940;;"2020-05-25 04:52:25";"Still needs some fine tuning on the camera item idenifier"
153890;;"2020-05-25 18:10:13";"Love this app"
156755;;"2020-05-14 01:17:28";"Great place to go if you are looking for items. Rather it is for the living room, yard, baby stuff even cars and homes. I would tell anyone please look here first and try it out. Great way of also getting rid of items you may not want in your home. Just try it..."
153694;;"2020-05-27 15:04:17";"Received a false review and letgo refuses to edit or remove it."
153644;;"2020-05-28 01:24:34";"enjoy all lego has to offer"
166486;;"2020-03-23 19:47:16";"Sold a few things, but I think there are some spam."
165669;;"2020-04-02 01:53:46";Great
153404;;"2020-05-30 00:35:25";"Block button does not work. I block people and they can still message me! So I have to endure spam and abuse from random people. Fix these fundamental features please."
153355;;"2020-05-30 15:52:13";"Its awesome"
168462;;"2020-03-17 06:06:35";"Super easy and I like the layout."
153170;;"2020-06-01 06:12:50";Great
153122;;"2020-06-01 18:11:36";"Do not need"
154158;;"2020-05-23 04:59:09";"Very confusing app and weird...tells me I have a message but doesn't show me the message...most of the adds are scams if is a good deal or simply cannot call or get a hold of the seller...just time wasting"
165453;;"2020-04-04 19:44:25";Great
152895;;"2020-06-03 17:33:53";"Love this app way better then offer up cause the simple fact that you do not show item that have been sold wish you ha some one looking through all the post to see that people are trying to scam folks out of money by asking for shippingcost for free iPhone xbox ps4 and switches getting lame that they take 24 hours to remove and they scam a few people before they get remover i thunk after 5 report they should be removed"
152848;;"2020-06-04 02:46:26";"Awesome 👍"
156759;;"2020-05-14 00:51:32";"Very good and functional app"
169278;;"2020-03-07 21:37:14";"I like this sight"
152628;;"2020-06-06 11:04:57";"Great, but I think you should be able to boost listed items more ways than one. ( MONEY)"
152582;;"2020-06-06 21:38:46";Great
157265;;"2020-05-09 19:56:58";"Worlds greatest selling/buying app ever"
152414;;"2020-06-08 16:48:40";Awesome
152369;;"2020-06-08 23:56:27";"Had a good experience"
152324;;"2020-06-09 14:11:19";"Band me for no reason people on this app only try to do trades people dont even pay more then $25"
156984;;"2020-05-12 04:45:46";"It's a great app but 2 of my listings got discarded due to ""copyright"" claims. Plz respond"
169280;;"2020-03-07 21:09:23";"It's not you guys it's your sellers"
152118;;"2020-06-11 06:45:11";"Great App so much better than Offerup!"
152074;;"2020-06-11 16:54:48";"Nothing but spam responses... App has absolutely no filters for fake robot accounts wasting your time so you have no idea who is a real person vs some virus trying to do who knows what..."
154422;;"2020-05-20 20:29:35";"Good and i have never had a problem yet theres a lit if good things for sale on here"
165457;;"2020-04-04 18:52:31";"Still waiting to make my first sale"
151875;;"2020-06-13 03:06:22";"Great service"
151832;;"2020-06-13 15:21:42";"The greatest flea market app invented with dope finds. You can find any, and everything here. 🌟🌟🌟🌟🌟"
152919;;"2020-06-03 13:17:07";"Everything I've used it for, has been great."
162855;;"2020-04-17 10:40:33";"Easy format. So far not much b.s. like Craigslist."
151640;;"2020-06-15 11:13:53";Great
151598;;"2020-06-15 19:43:34";"Very good app, easy to sale any item"
151556;;"2020-06-16 02:27:53";👌
151576;;"2020-06-15 23:11:34";Great
154424;;"2020-05-20 20:20:26";"It is absolutely unbelievable how many filthy, time wasting scammers are residing is the sewers of this otherwise ""fairly decent"" resale app. Stay away at all costs if you dont want your time wasted by scammers. 99% of my listings potential clients end up being frauds. Im fed up with the lack of moderation."
165173;;"2020-04-08 02:24:37";"Very good lot of people look at it"
149831;;"2020-06-18 02:21:39";"I love this app"
149790;;"2020-06-18 16:00:00";"Love it !"
151811;;"2020-06-13 18:41:12";"The ""search engine"" shows items that have nothing to do with your search if you're trying to look something specific. It Just matches the category. I only searched with 30 miles but I always receive notifications about items across the country. There's no way to change it in settings. I contacted support with no answer."
156221;;"2020-05-18 04:07:09";"👍 good app"
165460;;"2020-04-04 18:24:55";Great
149574;;"2020-06-20 19:21:09";Awesome
149534;;"2020-06-21 02:52:47";"Nice resourceful app"
168254;;"2020-03-20 02:35:13";"great place to shop for what you need"
154119;;"2020-05-23 16:12:45";"Great local selling and buying."
163399;;"2020-04-11 11:02:15";"I'm so glad I found letgo. It's simply awsome."
149327;;"2020-06-23 06:53:34";"Great way to sell what people need! Awesome"
149288;;"2020-06-23 17:53:22";"It works. The filters and sorting options are complete trash. If you find something you're interested in favorite it or message the user ASAP. You might not see it again in a subsequent search."
149249;;"2020-06-24 00:13:22";"Good except for insisting on rating"
165153;;"2020-04-08 09:45:43";"didnt like it, i had to uninstall it"
160557;;"2020-05-07 02:58:44";"Found what I was looking for quickly and I just know I've found something good!"
169286;;"2020-03-07 20:08:46";"It's been over a year and I haven't sold a thing. I had much better luck selling on other platforms. I don't appreciate that they want me to lower my price by at least 10% once a week. I also don't like that they don't give your products visibility unless you pay them. It's kind of a scam"
149052;;"2020-06-25 21:05:30";Good
149014;;"2020-06-26 04:59:57";Optonaly
161027;;"2020-05-02 23:25:09";Wonderful..
153386;;"2020-05-30 05:41:57";"Love it"
162123;;"2020-04-23 12:54:03";"At first this application worked but recently I have encountered difficulties. It will not let me list items for sale. I did send a note about this issue to the help desk, but only received a generic response which did not make any difference."
148830;;"2020-06-28 00:13:54";"Pretty sweet and cool dealio's"
148794;;"2020-06-28 12:21:28";"Great deals, Quick and easy way to make money, Safe & local :) By far my favorite buy and sell app 😀👌🔥🔥😉 💯"
148758;;"2020-06-28 17:31:53";"Prices aren't shown till tapping on item. Craigslist is better."
149310;;"2020-06-23 14:20:07";"Very Good app"
152868;;"2020-06-03 23:08:43";"Good easy to use app"
157274;;"2020-05-09 18:46:20";"Easy to use, great results!"
168536;;"2020-03-16 14:33:02";"I love it 🙌🏾"
166426;;"2020-03-24 15:16:17";"Great app"
147014;;"2020-06-30 20:53:44";Ok
146979;;"2020-07-01 03:54:48";"Easy to get scamed on here wouldn't recommend doing business through here unless you're planning to meet up in person."
146944;;"2020-07-01 13:11:52";"That's how you get things done"
153668;;"2020-05-27 19:58:21";"Good app"
153678;;"2020-05-27 18:03:17";"This app has helped me get rid of things and make it into money."
165152;;"2020-04-08 11:07:48";Ok
146782;;"2020-07-03 04:52:30";"Love it!"
146748;;"2020-07-03 15:13:05";"Way more organized than similar apps"
146714;;"2020-07-03 22:11:01";"Overall good app."
146965;;"2020-07-01 07:11:07";"Love the app. It is the best selling app there is."
162871;;"2020-04-17 03:43:42";"Great app!"
153629;;"2020-05-28 03:39:20";"Love looking and shopping but I have yet to buy something. Just looking for that special item."
161805;;"2020-04-26 01:33:02";Alsome
169532;;"2020-03-04 22:28:38";"Fast way to sell anything"
146496;;"2020-07-06 06:27:30";Good
146463;;"2020-07-06 20:06:35";"It enjoyable to use and to find stuff you need or what ! Thanks"
146483;;"2020-07-06 14:45:48";Good
149274;;"2020-06-23 20:07:49";"The best experience and"
153096;;"2020-06-01 21:16:06";"I can't tap on the pictures so be able to see the items I try uninstalling the app several times an no luck I love the app but I just can't use it anymore 😭"
168789;;"2020-03-13 14:24:49";"Great app love it"
163365;;"2020-04-11 19:02:03";"Great, I managed to purchase iPhone at very good price, thanks letgo!"
146258;;"2020-07-08 17:20:20";"It's a great app I buy and sell a lot of from it"
146226;;"2020-07-08 23:11:36";Scam
146194;;"2020-07-09 11:46:25";Yay
152147;;"2020-06-11 00:52:15";None
156766;;"2020-05-13 22:45:24";"Ap is slow."
152661;;"2020-06-06 01:43:18";"Idk why just DON'T have that user friendly interface"
156718;;"2020-05-14 06:15:15";"Sold good things and bought good things"
140032;;"2020-08-10 22:16:13";"The messaging feature sucks. It doesn't appear in your phone notifications, so you and the sellers don't know when there's a message unless you go into the app."
140033;;"2020-08-10 22:09:04";"You're literally digging this app's grave. It's quite obvious this isn't about us, it's about you."
140034;;"2020-08-10 21:34:01";"Keeps saying i dont have internet but i do!"
140035;;"2020-08-10 21:28:31";"everytime i click the map to see where the item is ,the app crash. you need to fix that"
140036;;"2020-08-10 21:21:53";"Depends on perspective. Reciprocity comes with a price"
140037;;"2020-08-10 21:03:13";"Great for selling anything but a vehicle. Not very user friendly."
140038;;"2020-08-10 20:48:15";"TRASH. I was making a guy an offer, ment to say 1000 but sed 10 he reported me and i got BAND Im still mad. Truck off Im still locked out. Waist of money for add slots when i can even sell anything. Thanks🖕☹️"
140039;;"2020-08-10 20:47:54";Good
140040;;"2020-08-10 20:04:57";"I like the app that helps me sell things and find things at a reasonable price"
140041;;"2020-08-10 20:01:37";"It's been a good app to me"
140042;;"2020-08-10 19:57:31";"Been happy with it so far!"
140043;;"2020-08-10 19:55:59";"It working perfect"
140044;;"2020-08-10 19:42:23";"This site is awesome sold my ideas within a week of listing them🤑"
140045;;"2020-08-10 19:41:24";"Too many scams! The first 4 sellers wanted money for items not in their possession. They wanted me to pay them up front, and then they would have the item shipped. The last one was a 2014 bmw. The lady only wanted 800 dollars for it, which she said was the price to have it shipped from LA to Portland. I asked her for proof that she owned the vehicle, and she said she would give me a bill of sale and the vin info, which isn't proof of ownership at all. SCAMS GALORE!!! Don't use this platform..."
140046;;"2020-08-10 19:38:35";Cool
140047;;"2020-08-10 19:28:06";A+
140048;;"2020-08-10 19:27:04";"Great app, find most anything you want or want to get rid of, a great way to recycle instead of trashing it."
140049;;"2020-08-10 19:15:47";"Love It"
140050;;"2020-08-10 19:01:21";"Have any old junk you want to get rid of. We'll look no further with letgo, you're able to sell all kinds of things. Just as long as it's up to date. Works. And will be of good use to someone else. I haven't had any complants yet."
140051;;"2020-08-10 18:51:18";"Easy to use and connects you to local people to buy and sell stuff."
140052;;"2020-08-10 18:48:23";Awesome
140053;;"2020-08-10 18:40:01";"Haven't transacted business yet,do no opinion"
140054;;"2020-08-10 18:17:34";"Easy to use. Easy to sell things"
140055;;"2020-08-10 17:53:02";"People on this app letgo of good quality items and very reasonable prices and sometimes for free...I highly recommend!"
140056;;"2020-08-10 17:51:22";Awesome
140057;;"2020-08-10 17:26:31";"im doing only 3 stars today because of the review part of your app. its not great."
140058;;"2020-08-10 17:21:06";"Horrible customer service they deleted my profile over a picture that I had for years. I have all good reviews and everything."
140059;;"2020-08-10 17:20:22";"Kings of buy and sell"
140060;;"2020-08-10 16:34:39";"It dosen't open adds fully anymore only title photo comes up and you cant scroll down or left or right"
140061;;"2020-08-10 16:08:03";Good
140062;;"2020-08-10 16:00:29";"Let go a d"
140063;;"2020-08-10 15:51:51";Great
140064;;"2020-08-10 15:40:10";"I conduct a lot of business on here for the last 7 years"
140065;;"2020-08-10 15:13:59";"I downloaded the app now i get half of a shaded screen when i click on something i like and it wont go ip or down to see how much or where they are located gix this please"
140066;;"2020-08-10 14:55:45";"App sucks after posting your ad gets buried unless you pay a lot. Not worth it unless your selling high dollar stuff. Um pass"
140067;;"2020-08-10 14:53:42";"This app is useless 1st it won't let me sign in now when it decide to work it won't let me send any messages when I finally get a sale"
140068;;"2020-08-10 14:31:13";"Very good"
140069;;"2020-08-10 13:47:19";"Great app"
140070;;"2020-08-10 13:34:00";"Every time you click on me someone's post, at the bottom it will have the quick responses to send the person, it won't let you see the post until you message them. That's terrible how do I know if I even want"
140071;;"2020-08-10 12:59:06";"My experience has been positive so far. People have been on time to pickup and I have received good items at a fair price or free."
140072;;"2020-08-10 12:58:32";"Lots of great stuff"
140073;;"2020-08-10 12:57:55";", Bc "" can come ccvv. 😂 , Zzz ca . ,. Me by chance be , :-O, . A,Wsv c,xc 00. 6,0: 🦚"
140074;;"2020-08-10 12:57:36";Great
140075;;"2020-08-10 12:57:20";Awsome
140076;;"2020-08-10 12:55:40";"Very time I try to look at a specific item it will pull up the chat and will not let me look at the details or pics of the item"
140077;;"2020-08-10 12:53:48";"It's fine but app crashes a lot and pictures don't load when I'm trying to upload an ad. I also don't get any push notifications so I end up seeing messages late"
140078;;"2020-08-10 12:38:42";"Cool application. I sold many things there that I couldn't attract buyers in normal."
140079;;"2020-08-10 12:29:25";"Pretty horrible app"
140080;;"2020-08-10 12:25:34";Awesome
140081;;"2020-08-10 12:03:47";"Awesome Baby..i lv u Kiddo"
140082;;"2020-08-10 11:57:12";"It was very helpful"
140083;;"2020-08-10 08:20:16";"ok kinda stupid when people sell garbage"
140084;;"2020-08-10 07:40:31";"Has made me alot of money!"
140085;;"2020-08-10 07:40:19";"Didn't know it was there."
140086;;"2020-08-10 07:10:55";"EVERYONE It is better to DOWNLAOD an APP called (WHAFF), just play games and Earn Real Money. And if you enter the core as,you will get m, which you can immediatelywithdraw to the card. how do l enter the core? After registration, restart the app, and invitea friend, enter this core a and get yourrewards. After that, go through the levels andearn coins that can be exchanged for real money, good luck and all the best."
140087;;"2020-08-10 07:10:08";"Out dated posts"
140088;;"2020-08-10 06:25:19";"Bad app i never got package dont waste your time here"
140089;;"2020-08-10 05:19:37";"Like it"
140090;;"2020-08-10 05:11:50";"Very good"
140091;;"2020-08-10 05:08:02";"I absolutely love this app! I just wish you could look someone up on there even if there not in your Inbox. Other than that no complaints!"
140092;;"2020-08-10 05:02:23";"Love it it addicting when i click on i find myself still browding hours later"
140093;;"2020-08-10 04:15:22";"Ive been using this app and have made sales for about a month. It was going great until the app stopped letting me add photos for a listing and instead just goes straight to the camera!!! It wont let me post anything!"
140094;;"2020-08-10 03:35:09";"Great experience, easy navigation"
140095;;"2020-08-10 03:16:54";Nice!
140096;;"2020-08-10 02:37:07";"Good app"
140097;;"2020-08-10 02:31:16";"Listed sale. Got numerous responses and could not communicate with buyers."
140098;;"2020-08-10 02:28:45";"Easy and fast"
140099;;"2020-08-10 02:19:24";"I think letgo is safe and has a lot of things to buy at reasonable prices!"
140100;;"2020-08-10 02:08:25";"App was working great for years and now suddenly stopped. I have tried to log in using FB or Google authentication but when I click on an item the screen shades darker and I can see details of an item or look at pictures. I can only select the standard messages at the bottom. I can't even enter my own text. I've contacted support but haven't gotten anywhere. Hopefully someone fixes this asap."
140101;;"2020-08-10 02:02:39";"It's ok"
140102;;"2020-08-10 01:51:43";"Sometimes, it is difficult to see the descriptions of items for sale. This is not good for the seller."
140103;;"2020-08-10 01:17:13";"Great app"
140104;;"2020-08-10 01:01:28";"I like the fact that when i view an item and exit, it doesn't take me back to the very beginning!"
140105;;"2020-08-10 00:58:08";"Think you"
140106;;"2020-08-10 00:51:18";"Good responses"
140107;;"2020-08-10 00:49:13";"Very good....site to shop"
140108;;"2020-08-10 00:36:03";"I sold an item I wanted to sell. s erved it's purpose."
140109;;"2020-08-10 00:14:35";"Good App"
140110;;"2020-08-10 00:14:13";Perfect
140111;;"2020-08-10 00:08:12";"I love it"
140112;;"2020-08-09 23:50:23";Great
140113;;"2020-08-09 23:50:08";"Total garbage after a month I downloaded it and still the problem with clicking on anything it turns dark can't use it don't waste your time they say they know the problem yet after a month still doesn't work"
140114;;"2020-08-09 23:44:32";"The only problem i have is i dont get my messages right away sone times it days latter."
140115;;"2020-08-09 23:30:22";"Works well."
140116;;"2020-08-09 23:27:23";"Good place to sell your stuff pleased"
140117;;"2020-08-09 22:54:09";"The cest"
140118;;"2020-08-09 22:47:18";😁
140119;;"2020-08-09 22:35:14";"Its an awsome app for buying and selling"
140120;;"2020-08-09 22:35:14";"Not bad"
140121;;"2020-08-09 22:34:34";"Great app. Has everything I need and Is there for the things I dont"
140122;;"2020-08-09 22:23:01";"I do like the app.. The people maybe not so much.. Personalities... Hmmm No worries this is always tru.."
140123;;"2020-08-09 22:10:45";"Love it"
140124;;"2020-08-09 21:58:14";"Easy to post and shop."
140125;;"2020-08-09 21:53:37";"Useful and good app. Just be careful, they are gonna sell your personal information if you don't opt it out manually in the setting.(By default you have opted in.)"
140126;;"2020-08-09 21:47:59";$Awesome$
140127;;"2020-08-09 21:44:16";"Have had great experience with this app. I've been able to sell some items on it"
140128;;"2020-08-09 21:42:50";"Lots of good deals and realistic prices"
169545;;"2020-03-04 19:21:29";"Its always good"
169304;;"2020-03-07 16:52:19";"great app. brand new google home mini, in box for $30.. and i don't have to battle the crowds at walmart. its a win win"
169222;;"2020-03-08 14:15:16";"I have brought cars from this site and rhey wers excellent cars. Good app"
168984;;"2020-03-11 01:39:27";"Is easy and most of the people are friendly, but the app is slow to change pictures"
168748;;"2020-03-13 22:18:05";"Good for people like me that are new at sales"
168514;;"2020-03-16 17:29:06";"They have nice things"
168282;;"2020-03-19 19:32:32";New
168205;;"2020-03-20 19:25:51";"It's great to use and find things but when I click on an item it automatically goes to ask if it's available and I can't see anything selse"
166441;;"2020-03-24 12:18:12";"Love it"
166215;;"2020-03-26 19:11:17";"So far so good. Im enjoying this app"
168227;;"2020-03-20 14:23:59";"I love it"
165917;;"2020-03-30 00:58:17";"They don't allow any type of weapon or weapon accessories to be sold. This is a libtard app. Anti-freedom app. Anti-constitutional. No stars if possible."
165697;;"2020-04-01 19:32:57";"Great app"
168229;;"2020-03-20 13:45:41";Good
165408;;"2020-04-05 06:50:09";"Cool stuff"
165193;;"2020-04-07 21:21:03";"Unable to sell. Tried to upgrade ad but the app sticks on buffering forever. This happened the last time they updated the software. They keep saying they are working on it but still no resolve. I'll use offer up instead."
165124;;"2020-04-08 20:19:44";Ok
163377;;"2020-04-11 16:55:03";"Works, but doesn't narrow down searches to exact words in search but gives a lot of partial search word results."
163168;;"2020-04-14 04:33:09";"I got a freezer a while ago"
163101;;"2020-04-14 21:57:12";"Love the app but hate that 90% of people ask if an item is available and dont reply back."
162895;;"2020-04-16 23:08:32";"AS as sza"
162829;;"2020-04-17 18:23:01";"Very nice"
162626;;"2020-04-19 10:45:23";"Keeps saying error occurs when on the feed page wont load new listings"
162561;;"2020-04-19 19:30:25";"My wife and i are having an issue for awhile now. Our app keeps coming up that an error occurred trying to load the new listings."
162361;;"2020-04-21 05:25:11";"it's quick and EZ... very fun"
163124;;"2020-04-14 18:05:37";"Good stuff"
162100;;"2020-04-23 17:30:11";"Great App!! No trouble finding what I want."
163334;;"2020-04-12 04:39:09";"Easy to navigate"
161845;;"2020-04-25 19:04:56";"Messages won't load even after refreshing."
162649;;"2020-04-19 04:01:06";Great
161594;;"2020-04-28 02:43:40";"The chat needs improvement."
161613;;"2020-04-28 00:07:59";"Greatest app ever!!"
161347;;"2020-04-30 09:24:02";"Always a pleasant experience. The app runs seamlessly."
161288;;"2020-04-30 20:25:19";Ok
161104;;"2020-05-02 09:54:49";"Beaney babies Ty"
161046;;"2020-05-02 20:24:32";"Need a quicker response"
169504;;"2020-03-05 04:56:21";"App didn't understand distance parameters. Was showing me things 30 miles away after I asked it to limit results to <= 10 miles"
160808;;"2020-05-04 22:47:45";"I enjoy using your app. Have bought many things"
162653;;"2020-04-19 03:30:07";"Great. Just wish there was a way i could place a post for a tool i need. If that would make any sence."
160574;;"2020-05-07 00:44:40";"Easy finds"
157518;;"2020-05-07 15:42:38";"Bought alot of drugs on here"
157462;;"2020-05-08 03:26:32";"It doesn't even show me items at the distance that I put. It just keeps showing me post from another state but never from where I am."
166403;;"2020-03-24 19:00:05";"Doesnt work?"
157233;;"2020-05-10 01:21:33";"I Believe your Company can help a lot of people . Constructive Visions on your part. Blessings to you and your family now 2020 Judy McMullen"
160772;;"2020-05-05 04:21:48";"Awesome and easy to use"
157007;;"2020-05-12 00:29:47";"Have used this site now 4 times and It seems to do better than Craigs list. I have now used this now for a total of 7 items as of today, (5/11/2020. Still 5 star!"
156952;;"2020-05-12 14:04:26";"Would rate 5 stars, but when i tried to give away my old dresser it told me i couldnt sell animals? It took down my post and there was no way to get it reviewed or double checked? There was a fish tank in the picture but obviously no fish in it and in the description i said it wasnt included."
163410;;"2020-04-11 05:46:57";"Great app"
156730;;"2020-05-14 03:53:31";"Ads and scams. I have reported 5 different scams 20 times each over 3 weeks time and they are all still there. I know they are scams because I contacted them on purpose. Should be in your interest to provide a safe place for business."
156675;;"2020-05-14 16:30:08";"Have had any yet. Heard good things!"
156511;;"2020-05-15 23:20:13";Good
156457;;"2020-05-16 12:32:39";"Everybody on this site is a scammer. I legit was trying to buy a PS4 and everytime I talked to anyone they wanted me to send them money or get a amazon card. I couldn't find 1 person willing to work a deal out with me or actually take cash payment for the PS4. I'm over this site."
160597;;"2020-05-06 21:41:08";"Essential oils are not medicine"
156241;;"2020-05-17 23:58:07";Amazing
156187;;"2020-05-18 13:20:59";"Annoying start up process! Everybody charges full price, mise well order new. To many adds. 🤦‍♂️🤷‍♂️"
161315;;"2020-04-30 17:08:02";"Decent sell app and but app. Never had any problems buying anything. Set up nice but not sure how well the pay to get your item viewed more thing is working. Want very successful for me a couple times. Maybe better luck next time"
154445;;"2020-05-20 15:56:54";Awesome
154393;;"2020-05-21 01:48:23";"Easy to use interface. Good variety of items. Seems to be a disproportionate amount of scam listings when it comes to moderately expensive electronics. In particular, when trying to purchase a Nintendo switch, there were more illegitimate listings than authentic ones. Letgo offers absolutely no buyer protection like some of their competitors do. Found this out the hard way by paying for an item via CashApp, which never arrived. Seller was even verified. Letgo was unhelpful to resolve."
161375;;"2020-04-30 01:30:08";"I have never had a negative experience. You should make a place available for wanted or needed items."
154189;;"2020-05-22 22:44:18";"Better then offer up in my opinion"
154138;;"2020-05-23 11:20:19";"It is a good place to sale items."
160835;;"2020-05-04 18:15:41";"ฅ◕ᴥ◕ฅ good app I can buy and sell dem good tings"
153939;;"2020-05-25 04:58:06";"Get money"
153889;;"2020-05-25 18:16:42";"It really takes people forever to get back in touch with"
161808;;"2020-04-26 00:51:27";"Absolutely the most miserable way to sell anything. Nothing but scammers. The app itself blocked 5 scammers within hours wanting to rip me off. The 6th seemed real. Asked for my # and communicated via text message. Pretty evident yet another scammer. This app is way worse than craigslist. Its a shame, when letgo first started, I got some nice local deals but that was years ago. Im deleting my account. Waste of time."
153693;;"2020-05-27 15:10:19";"Fun and good buying"
153643;;"2020-05-28 01:48:19";Wonderful
156425;;"2020-05-16 16:00:38";"It's guick and easy"
165889;;"2020-03-30 12:00:52";Great
153403;;"2020-05-30 00:41:26";Good
153354;;"2020-05-30 15:53:07";"Good experience with sales give a try if you want to let something go you don't need"
161320;;"2020-04-30 16:00:27";"Pretty much a ghost town of listings. Very few local listings from actual people. The majority seems to be spam or dealer listings."
153169;;"2020-06-01 06:44:03";Excellent
153121;;"2020-06-01 18:14:38";"It's ok. Could be better though. Just too many cheap people Looking to pay pretty much nothing for stuff that is actually pretty expensive."
154162;;"2020-05-23 03:46:31";"New so I gave it 4 stars. So far great. Just left 1 star off for potential!"
165671;;"2020-04-02 01:39:27";"Very good plus helpful when you don't have much time."
152894;;"2020-06-03 18:05:09";"Cool stuff"
152847;;"2020-06-04 03:40:31";"Very handy to use"
156972;;"2020-05-12 07:13:10";"Good u find what your looking for but some times people want to be rude on there when u say ""I'm not interested"" I think they shohld be banded"
169519;;"2020-03-05 01:23:36";Awesome
152627;;"2020-06-06 11:14:10";good
152581;;"2020-06-06 21:41:37";"I would like to see more options for the reviews... and a space too leave a personal comment... thanks 😊"
169506;;"2020-03-05 04:41:50";Cool
152413;;"2020-06-08 16:53:15";Love
152368;;"2020-06-08 23:59:44";"Nice app! sold an item the first day!"
152323;;"2020-06-09 14:11:42";"Your app is not letting me chat with saler it keeps giving me an error message"
165939;;"2020-03-29 19:07:50";Good
169521;;"2020-03-05 01:02:06";"Plz letgo help I keep trying to login with my account and it keep saying I ain't coneccted. To the WiFi but I am I tried everything"
152117;;"2020-06-11 06:46:36";"Love the App. I have sell and buy.. is my hobby!!! Thank you so much letgo, you are the best!!!!!"
152073;;"2020-06-11 16:59:46";"Great app helps tons use as resource"
166182;;"2020-03-27 02:18:03";Nice
165675;;"2020-04-02 01:20:14";"Id like to know if that frame was still avalabo"
151874;;"2020-06-13 03:49:34";"It's a great app."
151831;;"2020-06-13 15:27:35";"Thank you"
160782;;"2020-05-05 02:46:07";"To many steps and not cadigorized"
161326;;"2020-04-30 15:08:03";"Doesn't work anymore. Stopped working about a month ago. Loved it before that. Keeps showing the listings from when it stopped working and showing a error can't refresh. Frustrating! Shut down and reinstalled many times still nothing!"
151639;;"2020-06-15 11:19:12";"Haha sold"
151597;;"2020-06-15 19:52:53";"Letgo is slow and usually gets the wrong location"
151555;;"2020-06-16 02:38:11";"This app just isn't what it was when it first came out. People wanting items nearly for free,and they constantly will message about an item then leave you waiting, wondering if they want it but ignore you. I'm just tired of that. Otherwise, I do recommend it. If you price things right and get quick responses you can sell alot of things here. Good luck!!"
151618;;"2020-06-15 16:07:13";"Good experience"
166236;;"2020-03-26 16:03:07";"Great app"
165388;;"2020-04-05 11:09:06";"It's great"
149830;;"2020-06-18 02:22:00";"All good experiences"
149789;;"2020-06-18 16:11:56";"Cool app"
151854;;"2020-06-13 11:55:41";"Very good and convenient app! Easy to use. However, I'm not a fan of the quick response buttons lol! The quick response buttons on the ad of an item makes it too easy to make a mistake to touch and the seller ends up getting a ""is this still for sale"" message when you didn't mean to click it. Please find a solution for this issue! Also, please allow us to send photos through our message conversations! Sometimes we want to send photos to people to show them what we have available to trade"
163135;;"2020-04-14 14:19:37";"I am trying to by a go kart and the guy has noe responded back"
165678;;"2020-04-02 00:31:24";"People scammed me so your lucky your even getting 1 star"
149573;;"2020-06-20 19:27:21";"Great app"
149533;;"2020-06-21 02:57:58";Cool
150036;;"2020-06-16 06:01:44";"I liked Letgo because here I have found beutiful items in a good prices. Also I liked people who sell here has hospitality respet and charisma. Thanks Letgo for be here."
154170;;"2020-05-23 02:18:34";"Helps everyone sell and buy, locally in a great way."
162877;;"2020-04-17 02:51:24";"I cant search anything it keeps on saying error occurred it needs to be fixed and updated alott"
149326;;"2020-06-23 07:24:03";Ok
149287;;"2020-06-23 18:03:57";Great
149248;;"2020-06-24 00:33:44";"Great app for getting rid of stuff you don't want"
152876;;"2020-06-03 21:46:05";"There are so many scams on this. Many involve shipping."
168708;;"2020-03-14 15:14:24";"Tried it along with FBM and get way better results with FBM."
169527;;"2020-03-05 00:01:09";Great!
149051;;"2020-06-25 21:39:00";"If your looking for it you will find it here . and the people are polite on time !"
149013;;"2020-06-26 05:24:58";"Love it very easy to use"
152921;;"2020-06-03 12:54:15";"I sells my stuff fast thanks letgo😀"
153435;;"2020-05-29 19:34:46";Great!
161331;;"2020-04-30 14:03:09";"3 out of 4 times IF you find what you need its sold already but you cant warn other of this so you waste ALL DAY(hopefully just your day and not your helps day also). Cant contact let it go but YOU DO HAVE TO SELECT AN OPTION TO HAVE THEM NOT SELL YOUR INFO. This app is forcing me to use offer up or ebay."
148829;;"2020-06-28 00:34:37";"Really quick response and reliable place to sell"
148793;;"2020-06-28 12:52:58";"Easy to get the item's information, good service"
148757;;"2020-06-28 17:43:48";Egh.
168729;;"2020-03-14 03:36:44";"A good site,not excellent. Has it's bugs but can find some real good deals on it. Camera indentifier needs serious improvement. 3 out of 5 stars for me."
152878;;"2020-06-03 21:43:01";"So far its all good"
157447;;"2020-05-08 05:36:49";"Most of the sellers show up on time, have the thing as described and ask fair prices. Sometimes you get bad apples"
168266;;"2020-03-19 22:34:53";"Love it"
168457;;"2020-03-17 13:25:31";"Great app"
147013;;"2020-06-30 21:07:30";Awesome
146978;;"2020-07-01 04:05:01";"I don't like that you have to basically pay to get your listing noticed."
146964;;"2020-07-01 07:37:10";"I HAVE SO FAR HAD GOOD LUCK WITH FINDING THE THINGS THAT I NEED WITH LEGO AND THE APP IS AWESOME I TELL PEOPLE WHO NEEDS SOMETHING FOR THEIR HOUSE ECT TO GO TO LEGO I LIKE GETTING STUFF FROM LET GO SHOPPING FOR SOMETHING FROM LETGO AT THE MOMENT SAVE MONEY SHOPPING FROM LET GO"
150040;;"2020-06-16 04:53:12";"Sarah landry bnudrs"
169502;;"2020-03-05 05:10:48";"Notification when messaging doesn't work."
161580;;"2020-04-28 05:47:36";"I DONT MIND SELLING TO LOCAL PEOPLE ,AS FAR AS DOWNTOWN AND SMALLER CITIES NEAR OR AROUND OLATHE 80% OF THE TIME ARE NO SHOWS...."
146781;;"2020-07-03 05:09:37";Sux
146747;;"2020-07-03 15:31:12";Great
146713;;"2020-07-03 22:28:11";Pleasing
147000;;"2020-06-30 23:07:39";Coolvie
150041;;"2020-06-16 04:49:34";"I'm so hook to Let go!! I'M ON IT ALL DAY"
153679;;"2020-05-27 17:51:47";"This site is filled with scammers!!!! As soon as they get kicked off they re-emerge with another user name. It's rampid!!!!!! In addition, and as if thats not bad enough, NO ONE EVER GETS BACK TO YOU when asking if an item is still available. I must have put out 20 requests in one day looking for a used lawn mower and NOT ONE PERSON EVER REPLIED!!! I sent additional requests following up my original request, and still NOTHING FROM ANY ONE OF THEM!!!!! What a waste of my time this site was!"
161334;;"2020-04-30 13:38:09";Good
146528;;"2020-07-05 21:04:03";👍
146495;;"2020-07-06 07:34:24";"It's nice to window shop and not be in a store"
146462;;"2020-07-06 20:09:29";Great!
146516;;"2020-07-05 23:35:41";Awesome
149313;;"2020-06-23 13:38:38";"Good website"
152614;;"2020-06-06 15:34:00";Great
156717;;"2020-05-14 06:24:25";"Always find something u want or need"
166239;;"2020-03-26 15:51:47";"It's excellent it has a few glitches so fix it"
146257;;"2020-07-08 17:26:22";"Clear all the time I buy and sell cars from let-go all the time"
146225;;"2020-07-08 23:16:46";"Just got the app. But I love it so far.."
146193;;"2020-07-09 11:47:36";"Best place to buy and sell online."
151900;;"2020-06-12 22:21:37";"Uninstalled due to having political agendas pushed in my face."
162140;;"2020-04-23 06:01:12";"Love it but it does something strange with searches and sometimes crashes"
161079;;"2020-05-02 15:08:15";"Awesome app"
168712;;"2020-03-14 13:47:46";"I got a few good experiences on letgo."
140288;;"2020-08-07 21:44:52";"Alright so far.but also i probably need to do uplisting?thing....probably why action is slow.so far.but its been good."
140289;;"2020-08-07 21:20:35";"I will never use this app again. I'm an online seller, have my own business. I decided to try LetGo to sell overstock. I spent 3 hours preparing photos to be uploaded, finally I open the app & begin creating listings which need to be very detailed. After finishing the 1st, then 2nd, which happened to be titled the same with different pics & text. The app deleted my first listing, after I spent so much time on it. What a way to upset your users! I was offered no chance to edit title & repost."
140290;;"2020-08-07 21:11:48";Like
140291;;"2020-08-07 21:01:08";"Great app... Great people on here 👍👍"
140292;;"2020-08-07 20:53:51";"Acurate good merchandise"
140293;;"2020-08-07 20:50:19";"Easy to use"
140294;;"2020-08-07 20:48:21";"It's always in your face no matter what. Always on the phone every time I take it up it's let go. They've got to let go sometime"
140295;;"2020-08-07 20:37:07";"Suprisingly quick response to posts. Very easy to work with."
140296;;"2020-08-07 20:33:31";"Awesome and easy"
140297;;"2020-08-07 20:27:45";"Lots of good deals and meet some really great people."
140298;;"2020-08-07 20:07:48";Good
140299;;"2020-08-07 20:05:54";"Can we come when husband get off"
140300;;"2020-08-07 20:03:31";"Great site A+"
140301;;"2020-08-07 19:59:21";"I love this app it helps u sell some unwantted stuff alriund the house for extra cash"
140302;;"2020-08-07 19:59:11";"I asked for approximately what I wanted and I got a return call at a reduced price and don't remember what the price was"
140303;;"2020-08-07 19:54:46";"You can only do one listing per month. Then they charge you!!!!. You can advertise on FB Marketplace for free!!!"
140304;;"2020-08-07 19:51:16";"Everyone that uses this app are what I call ""lookers"". They favorite your listings or say they are interested but none of them are serious inquiries. Deleted and just use mercari, ebay, and facebook marketplace. These arent fraudulent users. Every user I have encountered will like a letgo or inquire but never follow up. I dont consider this fraud. I consider these people ""lookers""."
140305;;"2020-08-07 19:45:37";"I can't stand it, constantly sending notifications, even though I explicitly disabled all of them. I've not even had a chance to use its real services yet and it's already annoyed me to the point of uninstalling. I did try to find a specific item but it's search feature is pretty bad, giving me all kinds of unrelated hits."
140306;;"2020-08-07 19:25:33";"Re-installed the application and I can't log in anymore using e-mail. Keeps asking to enter e-mail to get a magic link. No mail coming. Not in spam, not anywhere. Frustrating. Using the website does the same thing. Apparently, once you log in with an e-mail address, if you log out, you cannot log back in, since you won't receive a magic link. I don't to use social media for login in. Support said it's a glitch, but no glitch lasts for weeks. Uninstaling. Won't ever use it."
140307;;"2020-08-07 19:17:21";"Why the hell is it so hard to post something to sell on this app every time I try says error something went wrong"
140308;;"2020-08-07 19:13:58";"Only good things so far"
140309;;"2020-08-07 19:10:00";"They charge for more than one ad within 30 days"
140310;;"2020-08-07 18:56:56";"Nice app"
140311;;"2020-08-07 18:54:24";"I find all kinds of stuff i want"
140312;;"2020-08-07 18:41:33";"Keep up the good work you due"
140313;;"2020-08-07 18:27:36";"Scammed twice. I wanted to get a PS4 for my son. Each contact got my money. I am so mad. Dont trust this app. People on here are not honest people."
140314;;"2020-08-07 18:15:08";Perfect
140315;;"2020-08-07 18:12:35";"Awesome app!"
140316;;"2020-08-07 18:12:08";"Errors all the time while installing."
140317;;"2020-08-07 18:08:46";"App freezes often and is very slow"
140318;;"2020-08-07 17:56:58";"ONLY SCAMS - BEWARE I was ripped off and everyone I've dealt with in this app are all cons. Don't waste your time or lose your money."
140319;;"2020-08-07 17:55:08";"I just started using this app as im moving and need to sell alot of my stuff but it seems like people way overprice their items since this is supposed to be second hand. Also there arent many categories to list your items under so im a bit confused on what to list some of my items under and have them be seen by people who would like to buy them. *edit* I left the app and came back a few years later and the app never got better in my opinion."
140320;;"2020-08-07 17:35:35";"This is probably the best app I've ever used for selling stuff that I don't use anymore, it's honestly a great app, I also love that you can rate and get rated based on interactions with buyers/sellers."
140321;;"2020-08-07 17:27:20";"Have to pay"
140322;;"2020-08-07 17:24:06";"Everyone thinks there Couch is worth its weight in gold. I set them straight, good luck=)!@#$%^&*()"
140323;;"2020-08-07 17:13:47";Awesome
140324;;"2020-08-07 16:14:38";"Easy to find stuff and save money."
140325;;"2020-08-07 15:43:44";Good
140326;;"2020-08-07 15:33:09";"Love the the items I find an deals thanx letgo!"
140327;;"2020-08-07 15:20:04";"Good fir local purchase 👍"
140328;;"2020-08-07 15:09:40";"Pretty easy to use. I've used to post items in California and Michigan seems work."
140329;;"2020-08-07 14:53:53";"Well my stuff is saling"
140330;;"2020-08-07 14:51:15";"This app is very easy to use and I m really like it."
140331;;"2020-08-07 14:49:13";"This app is almost useless. The point of using this app was to find items people want to get rid of. Its more for sales companies and individuals to sell items to consumers. Sometimes at higher rates than MSRP. WARNING before using the app to purchase goods."
140332;;"2020-08-07 14:44:57";"Can't sign up because it's saying I'm not connected to the internet while I'm using the internet on my other apps. What a terrible first impression."
140333;;"2020-08-07 14:41:42";"Hello. I have bought and sold many items through this app. You can pay to advertise something exceptional, but otherwise everything is free. Wonderful money-making app and a great way to share unwanted hobby or household items. ✌💚"
140334;;"2020-08-07 14:36:23";"The people who sell are nice but on the side of the vehicles there are too many scammers"
140335;;"2020-08-07 14:31:56";"Great for selling!!"
140336;;"2020-08-07 14:29:14";"The app never works. I constantly get an error message."
140337;;"2020-08-07 14:18:57";"Makes offer up look like a cheap date"
140338;;"2020-08-07 14:17:31";"A good way to let go of stuff you've been holding on for for so long and earn some money too."
140339;;"2020-08-07 14:14:26";"So much to see! Only dangerous part is spending too much."
140340;;"2020-08-07 14:13:08";"Love it"
140341;;"2020-08-07 13:53:10";👍
140342;;"2020-08-07 13:23:51";"They have improved."
140343;;"2020-08-07 12:44:37";"Can no longer view items without messaging the seller."
140344;;"2020-08-07 12:36:10";"Great App"
140345;;"2020-08-07 12:16:21";"The app doesn't work half the time."
140346;;"2020-08-07 11:36:07";"Please fix in a hurry. No joke this is giving me PTSD. I am trying to look at some potential buys and cannot get to view anymore. This app opens than it keeps buffering, never stopping after the last few days I have uninstalled it and re installed it, and it is buggy right now HELP!🙃🙃🙃🙃🙃🙃🙃🙃🙃🙃🙃🙃🙃🙃🙃🙃🙃🙃🙃🙃🙃🙃🙃🙃🙃🙃🙃🙃🙃🙃🙃🙃🙃🙃🙃🙃🙃🙃🙃🙃🙃🙃🙃🙃🙃🙃🙃🙃🙃🙃🙃🙃🙃🙃🙃🙃🙃🙃🙃🙃🙃🙃🙃🙃🙃🙃🙃🙃🙃🙃🙃🙃🙃🙃🙃🙃"
140347;;"2020-08-07 11:24:30";good
140348;;"2020-08-07 09:31:57";"Images (mdse) takes much too long to download."
140349;;"2020-08-07 08:27:14";"Just because I click on an item, does not mean I want to buy. I'm not happy at the fact I have to switch between apps to get rid of the ""pre written responses"". I don't care how the deals are. I don't like to go out of my way to look at pictures. This app would be good if I did not have to feel ""pressured"" or have to seem like I'm wasting my time. If you like pressing more buttons than you have to. This app is definitely for you."
140350;;"2020-08-07 07:54:22";"Love this app!"
140351;;"2020-08-07 07:32:27";"It good"
140352;;"2020-08-07 07:18:35";"Bad app. It will not allow me to post anything to sell. It only shows an error message."
140353;;"2020-08-07 06:32:02";"I like to see the motorcycle s in letgo9"
140354;;"2020-08-07 06:10:36";"Very good"
140355;;"2020-08-07 06:05:10";Amazing
140356;;"2020-08-07 04:46:15";"Yes best thing every"
140357;;"2020-08-07 04:43:21";"Best app"
140358;;"2020-08-07 04:27:26";"Love it grate stuff"
140359;;"2020-08-07 04:18:17";"The app is good. The main thing I'm having a problem with is everytime I tap on an item I like, I cant scroll to read the description, look at the location where the item is located nor scroll through the pictures. I have to send a message to the person who is selling. It didnt use to be like that. I should be able to check all the details before sending a message."
140360;;"2020-08-07 04:03:49";"I love this app"
140361;;"2020-08-07 03:55:43";"I like this app, then I hate it, and then I'll love it again. The people either want to meet you right that minute or they won't answer you back at all. So it gets frustrating at times however I have met some genuinely great people on this app. Thank you!!! You know who you are"
140362;;"2020-08-07 03:34:00";"Excellent postings"
140363;;"2020-08-07 03:16:19";Purrfecto
140364;;"2020-08-07 03:05:32";"Alright app. Easy to use and navigate but selling takes forever and most messages are fake accounts trying to scam or people wasting your time."
140365;;"2020-08-07 03:05:28";"When click on anything the only thing I can control is the reply section. Other than that I can scroll to see the photos if it has multiple photos and I can't scroll to see the description of the item."
140366;;"2020-08-07 02:50:15";Good
140367;;"2020-08-07 02:44:57";"Love it"
140368;;"2020-08-07 02:16:18";"I like the way your app is set-up and the variety of items promoted, so many to choose from!! Kerp it up ... !! May god always bless you and yours!!"
140369;;"2020-08-07 02:12:52";"Its a great app I have found so many things that i have liked and puchased along with meating some very nice people.Thank you for a great app"
140370;;"2020-08-07 02:10:35";"Love the app its great you meet new peeps an sale items you no longer need or want to sale to get something different."
140371;;"2020-08-07 02:09:54";Good
140372;;"2020-08-07 01:51:47";🤦‍♀️
140373;;"2020-08-07 01:46:22";"Its very bad app when I search something it doesn't show me the right result"
140374;;"2020-08-07 01:45:20";"Easy to sell stuff"
140375;;"2020-08-07 01:43:29";"No shows should be restricted from Selling or Buying for 90 days! I have wasted time, gas and money on these Deadbeats! I would like to be advised on follow through actions by Letgo Officials. Thanks"
140376;;"2020-08-07 01:37:36";"Absolutely one of the best online used/new items to purchase. User friendly and its a win win for both parties"
140377;;"2020-08-07 01:26:59";Great
140378;;"2020-08-07 01:20:03";"Not too bad, but not the best either.I have made several sales on this app. there are a few things that can be quite irritating. First several times I found an item, messaged the seller, messaged them again, and messaged once again, No response from them. Then several hours later I see that the item has been sold. I feel sellers should answer all inquires regardless if they are in the process of selling said item, takes just a sec to say sorry the item is in the process of being sold or something like that. I also don't like this new thing where in order to view an item you must send the seller a message, such as ''is this item still available'' whether your interested or not, this is the only way to read/look an an item a little more than just seeing the posted photo. this is quite annoy, seller need to post more than just the price and one semi good photo of their item, so buyers don't have to spend half their time posting messages to the sellers. I have seen some photos that show only the bottom of the item and its not even in focus, there's one photo, what item is and that's it. Your scratching your head. like what is that? what size is it? what color is it? are they selling the item that's in the background?"
140379;;"2020-08-07 01:00:25";"Ive made 3 sells in a 24 hour period, everyone of them was completed without anything going wrong at all. Every sell went great, the buyers were happy and I was happy. Hopefully I didn't just make a sell , Hopefully I made friends."
140380;;"2020-08-07 00:54:29";"Use this app a long while ago best one I ever used definitely recommended it to everyone"
140381;;"2020-08-07 00:51:53";"Would be great if I could see the postings, but the chat box is overlaid on top of the postings and doesn't allow me to read the whole post. It's driving me nuts, I've reinstalled several times with no change. I'm about to just delete it since its impossible to use and just wasting space."
140382;;"2020-08-07 00:34:37";"Lots of good stuff"
140383;;"2020-08-07 00:33:31";"App doesn't load, or it takes a long time to load. At first I thought it was my device or wifi but no, it was the app."
140384;;"2020-08-07 00:22:35";Super
169544;;"2020-03-04 20:10:48";"Could be the worst app of 2020. When you post an item scammers flock to it like a golden egg. Trying to get your info and not interested in the items. Then a verified user finally message you and you meet them. They try to rob you or pay in fake cash. So no matter what this app is infested with scammers. Never give out any personal information. Don't use this app.!"
169303;;"2020-03-07 16:52:28";"Easy and reliable!"
169221;;"2020-03-08 14:38:42";"This app has a bug it doesn't let me contact the seller on my phone or my wife phone it asks me to login and keep saying oops it annoying!!!"
168983;;"2020-03-11 01:42:34";"Easy to use, found a buyer the next day, perfect!"
168747;;"2020-03-13 22:24:46";"Great best ever"
168513;;"2020-03-16 17:37:30";"Grete app to sale and buy"
168281;;"2020-03-19 19:41:21";"Saves me from scams haha"
168204;;"2020-03-20 19:27:33";Great
166440;;"2020-03-24 12:39:48";"Excellent 👍"
166214;;"2020-03-26 19:17:10";"Rejected my listing for...I don't know they just linked me to their vague terms and conditions."
168459;;"2020-03-17 12:59:54";"First experience good so far"
165916;;"2020-03-30 01:53:54";Nice.
165696;;"2020-04-01 19:41:09";Great
168461;;"2020-03-17 11:04:02";"Worse than cl scammers low ballers I'm out"
165407;;"2020-04-05 06:57:01";"I' ve sold things on this app & bought things on this app! So far so gud"
165192;;"2020-04-07 21:39:34";Yep
165123;;"2020-04-08 20:20:58";"Made extra cash"
163376;;"2020-04-11 17:06:37";"Letgo should let go of Letgo. The app is too slow--it is not smooth, clean and fast like Offerup. I've sent them several reviews of their app and they never respond. I'm giving them one more chance. Thank God Offerup is always available."
163167;;"2020-04-14 04:36:34";"Very good"
163100;;"2020-04-14 22:31:09";"Love this app!"
162894;;"2020-04-16 23:20:48";Good
162828;;"2020-04-17 18:29:38";"It worked for the first couple of days and now the app has completely shut down, and I can't message anyone"
162625;;"2020-04-19 11:03:50";"App does not work-gives errors when I try to search for new stuff. Also cannot review a seller, that also gives me an error."
162560;;"2020-04-19 19:33:42";"I have bought 6-7 things and it has been s delitful experince. Thank you letgo"
162360;;"2020-04-21 05:45:23";"I like the all but when u need help u take forever to respond"
163333;;"2020-04-12 04:40:15";"So far great"
162099;;"2020-04-23 17:33:55";Great
163402;;"2020-04-11 08:51:09";"I have really enjoyed looking at sales, it sometimes takes me away from things I could be doing. The only thing that I have had a problem with is the shortness and sometimes rude responses from the sellers but people will be people"
161844;;"2020-04-25 19:10:06";"I've been looking for a new car and the option are basically endless!!!"
162853;;"2020-04-17 11:59:07";"Love it, but hate that u dont have a question that some people never respond to thier post. ITS VERY ANNOYING 😡"
161593;;"2020-04-28 02:44:07";"Love it"
161804;;"2020-04-26 01:39:20";"More to choose from than other of its kind"
161346;;"2020-04-30 09:45:20";Good
161287;;"2020-04-30 20:41:08";"Free to list products, small stuff anyway."
161103;;"2020-05-02 09:56:46";"Love it"
161045;;"2020-05-02 20:38:43";"Its a great community!"
160864;;"2020-05-04 13:57:34";"I downloaded this app yesterday, and up until today it keep saying ""an error as occurred"" literally it is not working?"
160807;;"2020-05-04 22:49:23";"Great app"
162857;;"2020-04-17 09:03:16";"Its ok so far i got good results from it"
160573;;"2020-05-07 00:51:44";"Love it 😍"
157517;;"2020-05-07 15:57:18";"So far so good. A very easily navigated app."
157461;;"2020-05-08 03:27:17";"Ultimate Android yard sale! Love it👍"
166479;;"2020-03-23 22:20:43";"So far so good. Nothing but great way to buy and sell"
157232;;"2020-05-10 01:26:30";"let go of google it will never let go of u"
160829;;"2020-05-04 19:33:19";"It all right"
157006;;"2020-05-12 00:38:12";Good
156951;;"2020-05-12 14:08:42";"Great buy and sale tool"
165158;;"2020-04-08 07:20:34";"So the main thing i use this app for is my vehicles and i can't even sell more than one within a 30 day period without paying for it what kind of bs is that i have to PAY to SELL something defeats the whole purpose and even if i delete the free listing to post something else then it still says i have to pay I'm not paying to sell anything I'm just gonna sell my stuff on Facebook marketplace instead of here"
156729;;"2020-05-14 04:02:35";"Awesome app... I made $900.00 ""CASH"" with this app today."
156674;;"2020-05-14 16:32:45";"It doesn't let me explore any products, everything I look for gives me an error"
156510;;"2020-05-15 23:26:08";"Nobody wants to negotiate though they say they are ok with it."
156456;;"2020-05-16 12:34:25";"Logged me out and banned my account for no reason"
160775;;"2020-05-05 04:02:22";"You send me texts from offers I did not ask for.Deletey email from your ctap"
156240;;"2020-05-17 23:59:57";"Has helped me out a great deal financially ."
156186;;"2020-05-18 13:23:10";"Very easy to use,and it works well,I recommend it to buy and sell."
161374;;"2020-04-30 01:40:39";"Best app to find low prices on great quality items"
154444;;"2020-05-20 16:21:21";"Not bad, but could use big improvements to search functionality. Searches for ""Roman chair,"" for example, will get results for anything related to seating (like benches, patio sets, any type of chair) and anything with ""Roman"" in the listing. There are not enough categories for the filter so you end up getting search results that have nothing to do with what you are looking for. I end up getting frustrated that I can't narrow the search results and give up. Also, archiving chats doesn't work."
154392;;"2020-05-21 02:05:38";"Easy communication."
161563;;"2020-04-28 13:14:20";Good
154188;;"2020-05-22 22:48:10";"It's a cool app the only thing I wish is that you had an option to stay log on the app versus always making sure you're not a robot LOL"
154137;;"2020-05-23 11:51:38";"Nice gently used items, typically at a reasonable price."
161867;;"2020-04-25 15:37:45";"This app never lets me down."
153938;;"2020-05-25 05:13:53";"No luck here"
153888;;"2020-05-25 18:25:26";"Love finding things I need."
156978;;"2020-05-12 05:56:11";"I like it"
153692;;"2020-05-27 15:10:26";Fun
153642;;"2020-05-28 02:02:07";"I've been using this app couple months now. Has been very good 👍. Especially since I live in very rual area. I've Unexpectedly had to down size, with lots of stuff. Can't just have a yard sale 15mi into country. App has been very useful, an pretty user friendly. A few glitches here and there, example setting the distance doesn't work well. Live in Al I get Texas inquire alot, even Washington DC!! You can't get the 24hr response. GigiGnome locked out of my account since May 23 can't get help."
154160;;"2020-05-23 04:21:27";"Love this app. Its nice to be able to sell your unwanted things an not have to get charged in doing so!!! Highly recomend letgo!!"
165962;;"2020-03-29 15:00:55";"Love love this app"
153402;;"2020-05-30 00:44:05";"Awesome app!!!!"
153353;;"2020-05-30 15:55:21";"This app needs a lot of improvement because if you view an item then go back to your list your app takes back to the beginning instead of where you left off. It gets very fustraiting to keep searching for items."
169022;;"2020-03-10 16:50:55";Nice
153168;;"2020-06-01 06:48:25";"App is horrible. I have not been able to shop for items on the app for several months. I made multiple attempts to ask them to fix,, to no avail. I also got a bad review from a crazy person, and asked them to look into it, and they refused to remove it, even after I explained the whole story. App also doesn't notify me when person messages about an item I am selling, or buying. Posting items improved, but it's still not as user friendly as other apps."
153120;;"2020-06-01 18:17:40";Fantastic
168716;;"2020-03-14 12:50:12";Good
165891;;"2020-03-30 10:32:13";"Great lots of great deals."
152893;;"2020-06-03 18:09:40";"Great app"
152846;;"2020-06-04 03:42:05";"Sell more buy more. Here cheper than any were"
156982;;"2020-05-12 05:10:52";"Great Everything I Have Bought On The App Has Been Really Nice & Have Great Prices 4 The Things I Have Purchased..."
152672;;"2020-06-05 22:48:38";Cool
152626;;"2020-06-06 11:24:20";"Very few people actually answer messages. People price some items over the real NEW ITEM price."
152580;;"2020-06-06 21:56:24";Awsome
157494;;"2020-05-07 20:25:44";"Just connected, will givemy opinion shortly"
152412;;"2020-06-08 17:01:03";"Good app i would share with friends"
152367;;"2020-06-09 00:11:00";Sweet!!!
152322;;"2020-06-09 14:14:24";"Too slow! This is the only application that takes me forever to enter."
157210;;"2020-05-10 05:01:37";Great
152160;;"2020-06-10 21:29:34";"This is a good app"
152116;;"2020-06-11 06:59:56";😁😁😁😁
152072;;"2020-06-11 17:07:03";"Just changed my password and app wont log in, i only see red round circle"
156164;;"2020-05-18 17:02:52";Good
165895;;"2020-03-30 05:41:58";"Good app"
151873;;"2020-06-13 04:01:56";"Easy to use for both buying and seeking"
151830;;"2020-06-13 15:28:54";"Great app for selling stuff"
153099;;"2020-06-01 21:04:46";"I buy alot of stuff off Letgo...keep up the good work"
168226;;"2020-03-20 14:25:37";"Tried three times nothing sells. Expensive site wants a huge cut to promote low cost used goods you are trying to sell locally."
151638;;"2020-06-15 11:46:01";Nice
151596;;"2020-06-15 19:58:35";"Even though my very first-time ad was ...lol... deleted (I didn't know how to navigate site etc) I think it will be a very good selling tool, bc the staff seems diligent, knowledgeable and will prevent a lot of the scammery that plagues many similar sites!"
151554;;"2020-06-16 02:45:54";"Veru helpful app .. love it"
165896;;"2020-03-30 05:40:31";Good
156166;;"2020-05-18 16:40:50";"Great experience use it all the time"
165459;;"2020-04-04 18:37:34";"The feed isnt working. I have used this app so much in the past and had good sales and experience. And now it's just frustrating and annoying."
149829;;"2020-06-18 02:28:31";"Very well useful when it comes to business"
149788;;"2020-06-18 16:43:05";"Very good app essentially when you need money"
151897;;"2020-06-12 23:01:27";"Always pleasant"
156437;;"2020-05-16 15:02:47";"Lots of scams"
165898;;"2020-03-30 04:33:52";"Give great opportunities"
149572;;"2020-06-20 19:35:13";Best
149532;;"2020-06-21 03:14:10";"Free credit karma my My"
151578;;"2020-06-15 23:05:20";Cool
165666;;"2020-04-02 01:57:22";"if you need to move stuff quickly this is a great app."
163083;;"2020-04-15 02:28:20";"I have bought many items from Honest, Friendly & Exciting Sellers. Each Item has been accurate in picture & description, I enjoy using the Letgo App, and look forward to more future purchasing with Great Sellers.😊😊"
149325;;"2020-06-23 07:30:06";"Great app, great deals"
149286;;"2020-06-23 18:06:02";"Purchased several items including a Jeep everything transaction was smooth n I got my money's worth"
149269;;"2020-06-23 20:41:14";"Love it."
152923;;"2020-06-03 12:32:34";"I use this app to get ride of everything i want to get ride of as soon as im like yelp i dont need that got to sell it i go sttaight for my phone an with in like 2 min i have it up for sale from when i desided to sell it"
160791;;"2020-05-05 00:53:11";"Since the new update I can't even log in anymore without the app crashing. I've tried on my laptop, desktop, tablet, and phone multiple times. It's been 2 days like this now and I have a current listing I have people messaging me about. Very frustrating"
149088;;"2020-06-25 15:01:17";"Overall it's been great experiences of course a few bad apples that text us and then never answer but all in all I actually recommend this app to people almost everyday. Thanks letgo!!! Much love."
149050;;"2020-06-25 21:47:19";"Easy to use and updates appreciated."
149012;;"2020-06-26 05:25:14";"Best place to find most anything your looking for. Super reasonable pricing."
149772;;"2020-06-18 19:59:45";"Always fun"
157205;;"2020-05-10 07:20:17";"Awesome app. Exactly as advertised."
165437;;"2020-04-04 22:38:36";"Ietgo: Buy. & Sel"
148828;;"2020-06-28 00:40:18";"Very good they're good excellent"
148792;;"2020-06-28 12:56:45";"Very good"
148756;;"2020-06-28 17:48:43";"Seem to always find what i need in a time of need"
157215;;"2020-05-10 03:41:24";"Fast and efficient"
152925;;"2020-06-03 11:03:38";"This is a very good app to download and have a very good products for you to buy at a very great price"
157503;;"2020-05-07 18:28:23";Good
168498;;"2020-03-16 20:50:42";"If you want to be bugged by fake accounts all day after paying to list items, download this app . You'll be so annoyed by the sheer number if fake accounts reaching out to you, you will sell your big ticket item for almost nothing at the first sign of a real person"
168267;;"2020-03-19 22:08:38";"I don't ever use it, but it seems to work just fine."
147012;;"2020-06-30 21:08:11";"#MakinGamesLIVE LOVES sales of our products On LetGo"
146977;;"2020-07-01 04:05:08";"Nice to find everything."
146999;;"2020-06-30 23:17:57";"Ricky Wright great app"
151582;;"2020-06-15 22:22:54";"Super easy to use and to sell"
153874;;"2020-05-25 21:12:38";"I sold two items in less than two weeks. Glad I heard about it before my garage sale which who knows if I would have even sold it there"
166473;;"2020-03-24 00:38:08";"Love it all."
146780;;"2020-07-03 05:32:00";"I'm new to this app, but I'm liking it so far. It's better than those other apps out there that I tried before it's fast and easy to communicate with buyers and sellers."
146746;;"2020-07-03 15:39:17";"Still new to this..."
146712;;"2020-07-03 22:40:22";"App is full of fake accounts and scams. Finding real listings and non-counterfeit items is hard and most people will try to rob you. Take extreme precautions with this app, as it'll teach you there's still plenty of evil in the world"
147035;;"2020-06-30 15:49:17";"I don't know why you block my costumer's chat..."
151583;;"2020-06-15 22:15:31";"I was looking to buy somethings for my new house. However the search engine shows whatever it wishes to not the items I was looking for. For example lawn furniture, I found a bunch of people who would mow my lawn. Need nightstands, got a whole lot of bedroom furniture."
161318;;"2020-04-30 16:11:59";"Very useful."
163404;;"2020-04-11 07:50:55";"For house hold usable item"
146527;;"2020-07-05 21:08:34";"Nice great app.."
146494;;"2020-07-06 09:21:35";"Great app no issue"
146461;;"2020-07-06 20:16:43";"App is acting up I redownload but it's still acting up."
162882;;"2020-04-17 01:56:42";TRILL-O-COPTER!
169247;;"2020-03-08 03:33:32";"Wow Wow Wow Wow Wow"
152660;;"2020-06-06 01:51:50";"Great app. Sold 6 items, no problems at all"
168792;;"2020-03-13 13:28:58";"I have a LetGo Account & when I went to try to reedit my ad, all my ads I had were gone. It is asking me to reverify my account & I cannot reapply to someone who is interested in my ad. Please help."
165181;;"2020-04-08 00:36:26";Great
146256;;"2020-07-08 17:26:55";"I just tried to sell my furniture for a specific amount and the check I received was a bad check."
146224;;"2020-07-08 23:18:49";BIG
146192;;"2020-07-09 12:44:41";"Besides the heads and their store prices its great !"
146702;;"2020-07-03 23:56:09";"It's a good application but you cannot delete the message you send to edit your comment for example if you make a mistake on a message you cannot go back and edit it or delete it"
149521;;"2020-06-21 06:07:20";"I love it!"
152835;;"2020-06-04 06:11:36";"Offer up is best"
156941;;"2020-05-12 16:07:53";"Awesome, easy to use app to sell or buy anything!"
140544;;"2020-08-05 16:22:22";"The first day on here...the first half hour, I scored the perfect set of 4 bar stools for $30. Then the next purchase was an amazing lazy boy love seat for $30 in amazing shape and an entire slew of goodies from the same man! I LOVE THIS APP!!!🎉"
140545;;"2020-08-05 16:15:41";Good!!
140546;;"2020-08-05 15:54:21";Good
140547;;"2020-08-05 15:48:41";"Letting go of Letgo. Got tired of having to put my location in every time I used the app. There is absolutely no reason why I need to turn on my location."
140548;;"2020-08-05 15:32:12";"It's really good"
140549;;"2020-08-05 15:23:24";"Been good so far. Im new and so my rating will probably go to 4 or 5 after using it for awhile. So far I haven't found many of the item I'm looking for but that could just be because not many people are offering it yet. So we will see."
140550;;"2020-08-05 14:55:25";"Waste of time. Will let you sell an item one week but ban it the next with no explanation why."
140551;;"2020-08-05 14:54:36";"BEYOND TERRIBLE! If i could give negative stars I would! Weeks ago I signed up using my email address. All was well for a bit until I somehow got logged out. I tried logging back in, but nope. This ""magic link"" system they have in place is extremely useless. They only send them out to new email addresses for you to SIGN UP. Once you're signed up, you can't ever sign back in because they never email you a link. I've contacted customer service almost everyday about this and they just keep giving me the run-around, and excuse after excuse. I'm so fed up I don't even want my account open anymore (I've listed items so people are probably trying to contact me about them....which I also get no email notifications for)....So at this point I just want my account deleted. But guess what? They say they can't delete your account for you! You have to sign in to your account in order to delete it. HOW THE HELL AM I SUPPOSED TO SIGN INTO MY ACCOUNT TO DELETE IT, WHEN I CANT SIGN IN TO BEGIN WITH??!?!?! If this is a glitch, it shouldn't be taking this long to fix. Their tech team must be a bunch of idiots as far as I'm concerned. How about you go back to the system where we can log in using our own passwords????"
140552;;"2020-08-05 14:53:23";"Love it!"
140553;;"2020-08-05 14:29:36";"People never follow through with the purchase. They want to meet up but they cancel or just dont show."
140554;;"2020-08-05 14:15:15";"Awesome app"
140555;;"2020-08-05 14:10:38";"Its great"
140556;;"2020-08-05 13:59:32";"It's been easy posting and selling items on Letgo.I've met some nice people and haven't had any problems.Keep it up Letgo!"
140557;;"2020-08-05 13:20:02";"I'm always getting error has occurred🤬"
140558;;"2020-08-05 12:54:16";"Let go is great to sell or buy things . Have to watch for scammers buying your things with fraudulent cashiers check's. You can turn them into let go."
140559;;"2020-08-05 12:17:56";"Didn't need it well maybe the.metronome.is.killer should have took advantage yrS ago.Simce it is so.killer not and the tunings are dead to Rights not on keys"
140560;;"2020-08-05 12:13:57";"I love it"
140561;;"2020-08-05 11:45:00";"It sucks,!!! When you set the amount of miles that you want your advertisements to go out,,,, it goes to the default and goes all over the world ,,,if you set on 50 miles and 30 seconds later it goes back to default and goes all over the United States it sucks,,letgo,,,suxaberg"
140562;;"2020-08-05 11:25:05";"Show pictures"
140563;;"2020-08-05 11:17:10";"It's all right"
140564;;"2020-08-05 11:08:42";"Dick sales help"
140565;;"2020-08-05 10:33:40";DA💣👍😎
140566;;"2020-08-05 10:19:00";"Sold everything"
140567;;"2020-08-05 10:10:06";"I've bought a few things using this app. I love it!!!"
140568;;"2020-08-05 09:47:54";"Great App.!"
140569;;"2020-08-05 09:41:04";"It's a breath of fresh air with item we need and wont"
140570;;"2020-08-05 09:26:59";"Good so far 🙂"
140571;;"2020-08-05 08:49:49";"Flipping amazing the best way to sell stolen items"
140572;;"2020-08-05 08:47:17";"LOVE THIS APP. MANY TIMES I HAVE EITHER BOUGHT OR SOLD HERE. IT'S NOT TOO EASY TO NAVIGATE BUT NOT SUPER HARD EITHER. JUST BE CAREFUL ABOUT PHONY ADVERTISING. BE CAREFUL AND STAY SAFE. IF YOUR GUT SAYS IT MIGHT NOT BE A GOOD SAFE PLACE TO MEET. DO NOT GO."
140573;;"2020-08-05 08:21:31";"excellent choices"
140574;;"2020-08-05 08:16:53";"They suck I have seen a bunch of stolen sfuff on this app that's in they investigate they will close the app even from the riot an this administration don't even check so any body can steal anything an saled here."
140575;;"2020-08-05 07:51:12";"I hate it! You have to message to view an item...waste of time for the seller and buyer."
140576;;"2020-08-05 07:19:40";"Could we get a separate category for those who offer services? Like maybe a filter we could toggle on or off to view services instead of items for sale. A lot of the time when I look for something, I have to sift through a lot of multiple posts from a single user offering services, like landscaping, remodeling/repair, vehicle mantainence, etc."
140577;;"2020-08-05 07:03:02";"Recently tried getting robbed cuz someone was acting suspicious and letgo right away blocked their account from ever working again the security team is always on it, good customers that pay cash for items , just verify yourself"
140578;;"2020-08-05 07:02:01";"Found much needed, interesting items,"
140579;;"2020-08-05 06:50:11";"I've been trying to use this app but for some reason it continues to give me an error message and I am not able to browse through anything. I updated the app and uninstalled it and it still won't work."
140580;;"2020-08-05 06:41:46";"Too many adds"
140581;;"2020-08-05 06:30:24";"supposed to be for people to sell used and new items . site has been taken over and spamed by bussiness that change prices"
140582;;"2020-08-05 06:21:59";Awsome
140583;;"2020-08-05 05:21:17";"Love it good to get rid of the things I have."
140584;;"2020-08-05 05:20:27";"Great way to safely sale your stuff"
140585;;"2020-08-05 04:56:32";"Love this app"
140586;;"2020-08-05 04:31:16";"I love Letgo but I am not getting visual notifications of my messages. I tried all settings. I keep missing my messages unless I open the app and I check my inbox. Frustrating. Started with my new phone."
140587;;"2020-08-05 03:58:01";"Good app to buy or sell something you need look it up and it will be on here 9 times out of 10"
140588;;"2020-08-05 03:36:12";"This is my first time."
140589;;"2020-08-05 03:20:39";"Dont know"
140590;;"2020-08-05 03:18:49";"So with the new update you have to communicate with the seller to even see any information on the item. No more browsing? And looking at the other reviews Lego just has a automated response to any negative reviews."
140591;;"2020-08-05 03:11:07";"Love it"
140592;;"2020-08-05 02:56:52";"Its pretty good not the best option but for car buying but it does the trick"
140593;;"2020-08-05 02:35:57";"Well developed app, simple to use, pleasant UI, but lacks the user community to sell items in a reasonable time frame, as there are many established and more popular options available."
140594;;"2020-08-05 02:04:44";"I'm loving this app! 💕"
140595;;"2020-08-05 01:47:37";"Really good stuff here. Something for everybody."
140596;;"2020-08-05 01:47:35";"Love it"
140597;;"2020-08-05 01:46:24";Easy
140598;;"2020-08-05 01:40:44";"Sucks. Can't even delete account"
140599;;"2020-08-05 01:09:48";"Lots for sale.. And ppl actually respond..NICE"
140600;;"2020-08-05 00:45:43";"It's very time consuming"
140601;;"2020-08-05 00:38:20";"The place where people like your stuff but don't want to buy it until it is free what a crock of s*** go to the dump if you want your s*** for free just saying"
140602;;"2020-08-05 00:23:46";"Wish it had a swipe function. Otherwise great app. I use it often to search for good deals."
140603;;"2020-08-05 00:21:14";Good
140604;;"2020-08-05 00:21:00";Amazing
140605;;"2020-08-05 00:04:58";"Letgo is great!!! I have sold alot on this app and I have never had any trouble or problems. Also I love the fact that they not charge you to sell your items like other apps do. I love letgo and would recommend it to everyone!"
140606;;"2020-08-04 23:53:32";"Awesome to sell ."
140607;;"2020-08-04 23:32:46";"I have to keep resetting my location every time I get on let go. I will just delete the app."
140608;;"2020-08-04 23:21:55";"I Like it, a great app, I do wish looking up items to buy was a little more like OfferUp but I definitely love Letgo more."
140609;;"2020-08-04 23:14:36";Cool
140610;;"2020-08-04 22:48:14";"Enjoy it"
140611;;"2020-08-04 22:17:14";"Great to use kind of messes up on location but good offers."
140612;;"2020-08-04 22:12:58";"Good app to look for or sell used things nearby. I did have a listing once and it was very hard to take it down when the item sold elsewere."
140613;;"2020-08-04 21:49:37";"Love Letgo, great deals."
140614;;"2020-08-04 21:35:38";"Without a doubt an excellent app to get the buyers and sellers together in one place. Great options to make sure the individual is when they say they are . Have had good interactions with some really nice local folks....god bless each and everyone who has helped. Peace to the world. Each day is a blessing , lets get together and make each other happy by lending a hand with more affordable prices on here than most other apps."
140615;;"2020-08-04 21:21:48";"It's cool"
140616;;"2020-08-04 20:51:18";"It helps.."
140617;;"2020-08-04 20:49:11";"App was great before. Now they charge to post cars."
140618;;"2020-08-04 20:46:58";"it was good earlier. but now, we can't see the location of the item before we text them."
140619;;"2020-08-04 20:25:56";"I like the app but lately it does not notify me when I have a message waiting. I have done all the recommended problem solving strategies but it still hasn't fixed the issue. Also, now it is beginning to delete some of the messages when I try to respond to people in my chat. They don't get the whole reply. It is becoming frustrating."
140620;;"2020-08-04 20:09:40";"I have been successful selling items to considerate buyers though I live in a rural area. I wiil continue using this app over other popular ones."
140621;;"2020-08-04 20:08:48";"So far, so good."
140622;;"2020-08-04 19:58:12";"Easy to find stuff I'm want."
140623;;"2020-08-04 19:57:15";"I have always had a good experience buying and selling on let go."
140624;;"2020-08-04 19:18:23";"When i first uploaded it . It was great you could list as many cars phones couches you wanted now you can only list one for a month...i am unistalling it dont waste your time on this app"
140625;;"2020-08-04 19:02:41";Good
140626;;"2020-08-04 19:00:41";"I'm trying to post exercise equipment ant it keeps saying something went wrong try again.... I've tried several times and for a month or so. Whats the problem???"
140627;;"2020-08-04 18:40:33";"Sorry I sent an e-mail and realized I referenced the IT Dept James, but it should be James Customer Care. He was great ! Sincerely, Marianne K Crestwood IL 60418"
140628;;"2020-08-04 18:32:04";"Whenever im looking for anything. Before i go to a department store. I go to Letgo or offer up. An im garenteed to find what im looking for. Also if u are looking to sell anything. Best believe. U will sell it on letgo. Everyone should give it a try."
140629;;"2020-08-04 18:12:43";"Can't open any ads bought several items totally useless"
140630;;"2020-08-04 18:00:54";"Good ppl on here"
140631;;"2020-08-04 17:46:19";"Excellent site!!!"
140632;;"2020-08-04 17:34:34";"Just have to await your item to sell"
140633;;"2020-08-04 17:29:42";"Could do better notifications"
140634;;"2020-08-04 17:22:55";"There is a ridiculous amount of scams going on in this app. I have zero faith in letgo. I've deleted it. Facebook market is more reliable then this."
140635;;"2020-08-04 17:21:08";"So far so good."
140636;;"2020-08-04 16:51:48";"Bought ps4 off this site and when I went to hook it up to my nephews tv...told person I wanted my money back and they blocked me and now I'm under review from the let go Team...what a joke"
140637;;"2020-08-04 16:43:52";"I have bought some things and so far good."
140638;;"2020-08-04 16:42:54";"Can I sell live animals on here I have a duck business and like to sell baby ducks"
140639;;"2020-08-04 16:33:20";"Love how easy it is to find everything"
140640;;"2020-08-04 16:06:39";"Great app"
169543;;"2020-03-04 20:11:29";"Nice perfect"
169302;;"2020-03-07 16:56:15";"Item did not sell here, but on Craigslist. Did get a ton of spam and unnecessary push notifications."
169220;;"2020-03-08 14:52:18";"Great app. Clean, simple and intuitive."
168982;;"2020-03-11 02:04:20";"Not so bad to sell yur items"
168746;;"2020-03-13 22:26:49";"I'd give 5 stars but it want to charge a fee for posting cars more than once. I'd say 5miles👍"
168512;;"2020-03-16 17:38:59";Awsome
168280;;"2020-03-19 20:06:55";"Have no problems yet"
168203;;"2020-03-20 19:43:37";Useful
166439;;"2020-03-24 12:58:10";"Excellent aplicación que permite comprar y/o vender artículos que unos ya no necesitan y a otros les pueden ser de utilidad. Excellent application that allows to buy and/or sell items that some no longer need and can be useful to others."
166213;;"2020-03-26 19:18:46";"I post. It sells. Usually. Nice..."
168538;;"2020-03-16 14:27:11";"Fast way to sell"
165915;;"2020-03-30 01:54:15";"I love letgo"
165695;;"2020-04-01 19:45:16";"Perfect way to turn clutter into cash! Be careful! Meet your would-be buyers or sellers at your local police station parking lot."
168540;;"2020-03-16 14:12:06";Awsome
165406;;"2020-04-05 07:01:45";"Love it"
165191;;"2020-04-07 21:57:05";"This selling app was great but i hate it now..i went from loving thjs app and making money regularly on it to now i cant stand the unecessary notifications from Letgo app reguarding annoying unwanted notifications about other peoples items for sale, how to sell better tips & other useless things I'm not interested in getting an alert for..I have ALL Letgo alerts turned off & just periodically check for a potential buyer but still get notifications from Letgo at least once daily.. Sad sad sad..."
165122;;"2020-04-08 20:27:41";"Absolutley Amazing Selling APP"
163375;;"2020-04-11 17:16:42";"Love it"
163166;;"2020-04-14 05:19:45";"Awesome I highly recommend to anyone needing some extra cash and has anything and everything to sell just look around the house!"
163099;;"2020-04-14 22:48:18";"Like It"
162893;;"2020-04-16 23:25:26";"Love it"
162827;;"2020-04-17 18:34:16";"Awesome app has everything I needed and good people selling it"
162624;;"2020-04-19 11:04:14";"I'm always getting an error when I search product"
162581;;"2020-04-19 17:06:45";"Awesome and safe"
162359;;"2020-04-21 05:52:38";"Nice app but will sometimes get people out of ur state were ur listing I have actually had a few scammers want some stuff and I know that they were by there massage Obviously when they want u to ship for one yea no way2 send a casher check or money gram yep again not happing But will say tho you will get honest people who actually live were ur selling and actually buy you said TRANSACTION from you in person with actual cash so I would just watchoutforthosescammers Letgo will remove them for u"
163401;;"2020-04-11 08:53:44";"Good so far"
162098;;"2020-04-23 17:35:59";"Links in text don't work correctly"
165150;;"2020-04-08 11:34:25";"It used to be a good app for selling and buying till today. Now it wants you to pay to reactivate your ad. That means to rewrite all the information of the item again and take new pictures of it. Who would save a photo of an old spare part of his old refrigerator in his phone for more than a year? I think Letgo developers are full now so it's time for them become greedy like any other ""successful"" companies. Covid-19 is really nothing compared to the greed of humankind is all i am saying"
161843;;"2020-04-25 19:15:28";"Some weird bug developed lately, when I click on item it puts the post in the background and brings forward the chat window. I cannot view pics or description of item. Really annoying, I tried reinstalling and still same issue."
168233;;"2020-03-20 13:04:11";"I can't get it won't down load"
161592;;"2020-04-28 02:46:20";"5 months later and the app is still useless. When you login with Google option, nothing loads. You have to log out to see any postings. What a developer team, 5+ months and they still can't fix anything."
161865;;"2020-04-25 16:01:36";"A Bunch of Creepers . If you want to get hit on and treated like meat, by all means...have at it."
161345;;"2020-04-30 09:47:59";"It was fine until the most recent update. Now, if I look at a listing, I'm immediately directed to the option to chat with the seller. I can't even look at any pictures, or read the entire listing. The only work around is to uninstall the app, then reinstall it. That works for maybe an hour or so. Despite uninstalling and reinstalling the app . EDIT: Now, Letgo has deleted my all my information. All my chats are gone. The items I had for sale are gone. As well as my favorites."
161286;;"2020-04-30 20:55:00";"No es seguro y tampoco te recogiendo que compres aqui dando tu informacion personal o de tu banco la mayoria de las personas quieren que tu le pagues sin enseñarte el producto y tu no sabes al final lo que estas comprando..."
161102;;"2020-05-02 10:06:30";"Great app"
161044;;"2020-05-02 21:04:39";"Love this app !!!!! 😎🙏"
160863;;"2020-05-04 14:02:18";"Great app has alot of stuff to get at a reasonable prices"
160806;;"2020-05-04 22:53:34";"Great app for selling stuff"
165942;;"2020-03-29 18:48:45";"It's alright. I don't own a computer"
160572;;"2020-05-07 00:52:00";Helpful
157516;;"2020-05-07 16:11:24";"Grat so far"
157460;;"2020-05-08 03:37:58";"Very easy to use."
168244;;"2020-03-20 06:15:30";"Good app"
157231;;"2020-05-10 01:36:40";"Best thing since Craigslist went to hell"
162652;;"2020-04-19 03:44:55";Hreat
157005;;"2020-05-12 00:39:45";"Horrible. You can't view prices without clicking every single photo one by one. The search returns random results that have nothing to do with what you searched for. I'm going to letgo of this app and uninstall it."
156950;;"2020-05-12 14:23:07";"Grrat way to make money"
165718;;"2020-04-01 15:23:54";Good
156728;;"2020-05-14 04:18:28";"Gotta give"
156673;;"2020-05-14 16:38:41";"Very convenient"
156509;;"2020-05-15 23:27:07";"Very resourceful"
156455;;"2020-05-16 13:05:55";"Love selling/buying locally. Very easy to post things for sale. Love it!!"
160832;;"2020-05-04 18:41:45";"Well it is good but nobody is responding to me when I want to bye something"
156239;;"2020-05-18 00:45:15";"Its been good so far."
156185;;"2020-05-18 13:25:40";"Worst app I ever installed, no matter what I select for my search area, it takes me to Livingston, NJ, I live in FL. Constantly freezes. Even the website without the app does the same thing."
161562;;"2020-04-28 13:21:58";"Bought a couple of things"
154443;;"2020-05-20 16:22:21";"Cool way to get rid of & pick up stuff!"
154391;;"2020-05-21 02:11:55";"Had my money stolen no one help me"
161623;;"2020-04-27 22:44:56";"Useful. But watch out for scammers trying to steal your information via gift cards or what have you."
154187;;"2020-05-22 23:05:02";"Love it its the best thing since slice bread!!"
154136;;"2020-05-23 11:51:41";Good
161074;;"2020-05-02 16:14:16";"My last attempt to buy a ps4 was terrible every last contact was a scammer, better off just investing in a new system. Only reason i gave 2 stars was i purchased a sofa in great condition successfully with an actual honest seller."
153937;;"2020-05-25 05:32:23";"Find things for good prices here"
153887;;"2020-05-25 18:26:48";"Good app"
166404;;"2020-03-24 18:58:29";Ok
153691;;"2020-05-27 15:28:55";"IT'S SO SO HELPFUL THAT I WOULD KEEP USEING IT"
153641;;"2020-05-28 02:11:57";"Love this app hands dnw for the creater of this app"
169033;;"2020-03-10 14:30:58";Effective
166186;;"2020-03-27 01:21:22";"Has to be the best fast selling app out there"
153401;;"2020-05-30 00:45:49";"Great app"
153352;;"2020-05-30 16:11:53";"Terrible oversight, listings never seem to expire. Listed a car once and had my account flagged erroneously. No response from admin, can't believe anyone uses this."
161567;;"2020-04-28 10:56:19";"Letgo plays too many games!! Craigslist is much better!!!"
153167;;"2020-06-01 07:01:21";"A see9"
153119;;"2020-06-01 18:22:22";"Love this app buy many products here!"
169512;;"2020-03-05 02:58:05";"Look for stuff buy"
165964;;"2020-03-29 14:40:48";"Poorly designed app. Can't change default distance or feed settings. Sends notifications even when I turn them all off. For items, similar to craigslist but even less curated. Most messages to sellers are ignored."
152892;;"2020-06-03 18:35:15";"It is a great way to get stuff"
152845;;"2020-06-04 03:54:37";"Pretty good experience. People just need to respond to their own adds !"
165661;;"2020-04-02 04:48:01";"Find the attachment and things I need"
152671;;"2020-06-05 23:11:02";"Good App"
152625;;"2020-06-06 11:33:16";Ok
152579;;"2020-06-06 22:04:23";"Bought a great car for good price!! Kinda hard to navigate chat"
165441;;"2020-04-04 22:17:56";"Update 4/4/20 They haven't changed anything. This app is FLOODED with dealership used cars. Seriously, they need to keep these out of the feed. When someone is looking for what's selling in their area, their NOT car shopping. FLOODED with used cars with FAKE ""down payment"" prices where the listing price should be. Just a waste of time after a while. It's almost impossible to get ahold of anyone if there's a problem and they leave up the fake priced cars that make up about 70% of the listings."
152411;;"2020-06-08 17:01:43";Great
152366;;"2020-06-09 00:12:02";"Great place"
152321;;"2020-06-09 14:31:01";"I have bought several items from Letgo and have been mostly pleased with the items and prices."
157266;;"2020-05-09 19:56:55";Wonderful
152159;;"2020-06-10 21:35:46";Good
152115;;"2020-06-11 07:03:15";"It used to be way better not sure what happened, it has a bug since sunday i noticed that i cant message people about posts i want and it shows me stuff that is nowhere close to whete i am at all its very confusing please help me with my profile if you can thank you"
152071;;"2020-06-11 17:11:00";"Love your hot wet 😍"
156218;;"2020-05-18 04:50:06";"This app is bad"
165968;;"2020-03-29 14:14:31";"It's awesome and so user friendly"
151872;;"2020-06-13 04:06:46";"Another smooth and comfortable shopping mall"
151829;;"2020-06-13 15:31:47";"Very great"
153147;;"2020-06-01 13:45:36";"Love it! Going broke tho...😆"
161573;;"2020-04-28 08:32:08";Good
151637;;"2020-06-15 11:47:25";"im not getting any notifications on my phone everything cimes threw my e mail all the setting is fine all messages are responded to late because im not geting any notifications have to always check to see if there is any messages please fix"
151595;;"2020-06-15 19:59:19";"Garbage, click bait style ads, Giant ""sell your stuff"" in brite red plastered to every page, no prices till you click on a ad, distance search is absolutely useless"
151553;;"2020-06-16 03:04:03";"Easy and like that you can make offers."
156219;;"2020-05-18 04:48:28";"I have had better success than on FB Marketplace!"
156220;;"2020-05-18 04:42:11";"Love this site"
165677;;"2020-04-02 00:53:52";"Do not buy iphones or any product from anyone through electronic payments..a big scam going on.i lost money which i send thru cashapp..and they are not willing to invistigate.don't t fall into the trap."
149828;;"2020-06-18 02:29:53";"Affortable stuffs"
149787;;"2020-06-18 16:49:01";"Online thrift store!!"
161024;;"2020-05-02 23:34:05";"Sometimes it 's hard to get in contact with the sellers"
156491;;"2020-05-16 02:12:30";"Love the stuff ya find"
165971;;"2020-03-29 13:47:03";"I love it"
149571;;"2020-06-20 19:45:43";"It's a wonderful app."
149531;;"2020-06-21 03:30:21";"Easy, free"
151620;;"2020-06-15 15:57:53";"Not accurate with locations"
154374;;"2020-05-21 06:18:10";"Love it very reliable so far good experience"
163150;;"2020-04-14 11:27:37";"Works great but a pickup truck off of it and I'm looking for tires and"
149324;;"2020-06-23 07:59:39";"Good I got my items sold"
149285;;"2020-06-23 18:25:49";"Devs do an extremely poor job into keeping scammers away, its like they're not even trying... just search iphone for example, its crazy"
149308;;"2020-06-23 15:02:48";"Would be so much better if when you click on a listing the app didn't make you send a message before you even have the ability to see the photos. Super frustrating."
160771;;"2020-05-05 04:38:06";"Good app"
160848;;"2020-05-04 16:39:02";"Great app the sell and buy"
149087;;"2020-06-25 15:12:19";"good updates"
149049;;"2020-06-25 22:11:58";"Sucks cuz yu cant look at people's items that's their selling anymore how are yu supposed to buy it if u cant look at it 1st. It was working before then the app stopped letting everyone look at the pictures or the items that people are selling."
149011;;"2020-06-26 05:25:54";"Safe way of buying and selling items"
149813;;"2020-06-18 08:34:43";"Great for finding tuings at a great bargain and its people in your fellow community interacting selling household items & misc BS!"
153626;;"2020-05-28 03:58:56";Awesome
161578;;"2020-04-28 06:53:02";"Havent sold anything yet to give an accurate rating."
148827;;"2020-06-28 01:23:54";Ok
148791;;"2020-06-28 13:02:23";"Thanks for your application"
148755;;"2020-06-28 17:50:08";"Okay i hate this app because its not accurate to the search.... I search up ""barbell"" and it gives me a trolling motor for a fishing boat *smh*"
162602;;"2020-04-19 14:36:55";"Awesome very good I sold a few things easily very good"
157207;;"2020-05-10 05:46:37";"This is a VERY slow loading app . BUT if you have 5mins to browse their ads that load quick then ... You Will Love It.! I used to"
160559;;"2020-05-07 02:21:22";"Great app."
168732;;"2020-03-14 03:26:04";"It's a great way to make extra money. It's fun to meet with all the interesting people however there are a few flaws to the game. For instance, it is a turn off when a person promises to purchase and they give a date and time then they never show up! Its It's frustrating, and a waste of time I wish that LETGO could implement some kind of consequence for the people that stand people doing things"
168499;;"2020-03-16 20:32:54";"IT'S A PRETTY GOOD APP FOR EVERYTHING YOU NEED TO GET THOSE ONE OF A KIND ITEMS THAT ARE HARD TO FIND! GREAT APP!!! VERY CONVENIENT!!"
147011;;"2020-06-30 21:23:34";Cool
146976;;"2020-07-01 04:06:05";"I've got a lot of great stuff on here! God bless 😇"
147034;;"2020-06-30 15:52:13";"Great app"
151624;;"2020-06-15 15:37:00";"Nice to sell and buy things at a good price. The new face of letgo is nice"
153924;;"2020-05-25 10:54:12";"I love it bc they can ship it ot me without goin to pick it up"
161831;;"2020-04-25 21:07:22";"This app is over ran with scammers and criminals trying to trick people out of their money. Especially on electronics. Do not waste your time and money on this app find a different one."
146779;;"2020-07-03 05:59:45";Good
146745;;"2020-07-03 15:49:13";"My memories cleared on this phone storage is cleared I can't understand why the hell is taking so long to download"
146711;;"2020-07-03 22:52:03";Great
148570;;"2020-06-30 08:51:03";"Pooping is awsome with this app. Love it!!"
151625;;"2020-06-15 14:58:18";Awesome
153875;;"2020-05-25 21:01:01";"Good app 👍"
161581;;"2020-04-28 05:26:08";"Love this app!"
146526;;"2020-07-05 21:15:53";Great
146493;;"2020-07-06 10:52:53";"Not good"
146460;;"2020-07-06 20:21:49";"Love the integrity that the sellers have on here versus Marketplace they truly do go by whoever contacted them first and most cases Lego ship try to accentuate that more"
156227;;"2020-05-18 02:07:17";"Very good app"
156934;;"2020-05-12 16:58:38";"DO NOT DOWNLOAD!!! WARNING!!! In addition to spamming your phone with ridiculous unnecessary notifications. Multiple emails daily with junk. LETGO collects and sells your personal information. Not only do they spam you, but sell your info to fellow spammers. What a joke. Unless you want to be called about your cars expired warranty...or enjoy being unwillingly solicited to...DO NOT DOWNLOAD!!! WARNING!!! P.S. Dear stupid letgo employee I've already voiced my opinions to your info@letgo email"
163405;;"2020-04-11 07:22:02";"I've had no issues with anyone buying or selling my stuff great site for anyone and everyone"
156940;;"2020-05-12 16:08:38";"Love it"
165396;;"2020-04-05 09:28:42";"Yes we are still interested in the position you have available for the kill and your family are doing well done on my end of life"
146255;;"2020-07-08 17:30:10";"I can't upload my ad, 😣"
146223;;"2020-07-08 23:24:22";Fantastic
146191;;"2020-07-09 13:01:21";"I've been trying to install this app for the past 2 day's and it won't up load on my phone.. ever since y'all put that Corona Virus app on the phone you can upload anything.."
146736;;"2020-07-03 17:07:52";"This is THE selling app you need they are great easy to use and fun. Its really easy to put stuff up on sale. You get a buyer within a week or two. And the customer service is amazing. I got locked out of my account so i contacted customer service and they replied quickly and got me the help i needed thank you so much to the person/people who made this app its the best one ive ever used!!!!!!!!!😁😁😁"
149561;;"2020-06-20 22:18:14";"Its Sprite"
152882;;"2020-06-03 21:10:19";"Great aelling app"
156996;;"2020-05-12 02:15:43";"Just great..easy to look for something you need"
140800;;"2020-08-02 21:04:29";"Great to use better than any other"
140801;;"2020-08-02 20:56:49";"Wish there were more ads closers to me! Still loving it 4 years later"
140802;;"2020-08-02 20:56:41";"Great app"
140803;;"2020-08-02 20:45:19";"I've purchased two items from let-go both of the items have been top-notch the sellers have been honest and everything has through without gone through without a hitch"
140804;;"2020-08-02 20:40:52";"Doesn't give notifications! I have all notifications turned on in app and in settings but I have to OPEN the app to look for messages. Has cost me two sales. Will be deleting this app and using another selling site/service asap. Do NOT respond with a ""please email us and we'll try to help"". Seems from reviews lots of ppl with same problem. Not my job to troubleshoot your software. Buh bye."
140805;;"2020-08-02 20:31:23";Good
140806;;"2020-08-02 20:29:12";"love it"
140807;;"2020-08-02 20:25:59";"App is very good."
140808;;"2020-08-02 20:22:11";"Good app"
140809;;"2020-08-02 20:06:15";"Really good , just want more up dates to get more staff from new sales..."
140810;;"2020-08-02 20:01:53";"Great place to sell iteams"
140811;;"2020-08-02 19:57:29";"Great . . Comes in very handy;) I wish the price was displayed without having to click on the item. . Time consuming"
140812;;"2020-08-02 19:06:47";"Ive sold alot of items on let go.good app."
140813;;"2020-08-02 18:42:39";"Its Great"
140814;;"2020-08-02 18:40:27";"Love it"
140815;;"2020-08-02 18:26:54";"Found an amazing deal on a car from Randy w the cars clean and runs great"
140816;;"2020-08-02 18:26:48";"Very easy way to sell stuff that you don't/want anymore and make some extra money...."
140817;;"2020-08-02 18:24:28";Good
140818;;"2020-08-02 18:06:21";"Very Good app"
140819;;"2020-08-02 18:02:38";"Everyone I've bought from has been great"
140820;;"2020-08-02 17:52:07";"Always finding great things"
140821;;"2020-08-02 17:29:13";"Quick easy and makes selling your items effortless."
140822;;"2020-08-02 17:27:21";"It's easy and you get really great prices"
140823;;"2020-08-02 17:18:15";"Cannot chat with anyone. Keeps saying I am in another country."
140824;;"2020-08-02 17:17:30";"People act interested in my items but no sales!"
140825;;"2020-08-02 17:13:31";"Worked very well .Everyone was very nice .I will tell my friends and use again ."
140826;;"2020-08-02 17:09:59";"Good site besides the lowballers"
140827;;"2020-08-02 16:56:59";"I always have great luck with buying and selling. Easy to use also"
140828;;"2020-08-02 16:47:05";"The search function is useless. Pulls up nothing related to your search. Vehicle search pulls about 95% Dealership sold cars. I'm uninstalling this."
140829;;"2020-08-02 16:46:18";"Like it"
140830;;"2020-08-02 16:33:07";"Best place to shop online"
140831;;"2020-08-02 15:37:46";"done lots of buying and selling. Love it.."
140832;;"2020-08-02 15:36:43";Great
140833;;"2020-08-02 15:20:54";Awesomeness
140834;;"2020-08-02 14:54:58";"I thg s good"
140835;;"2020-08-02 14:26:44";"I like letgo. I have seen many sales only behind the peoples account's."
140836;;"2020-08-02 14:06:20";"Good app"
140837;;"2020-08-02 13:45:29";"Love this app"
140838;;"2020-08-02 13:44:57";"This app is not as good as it was when it originally came out what is doing is freezing up and won't let you back out it's got a lot of dealership vehicles on there so it's really not for the public it's turned into an app for dealers selling cars looks like let-go sold out"
140839;;"2020-08-02 13:34:58";"Great app. Sold my first item in 1 day!!"
140840;;"2020-08-02 13:12:01";"Is easy to use"
140841;;"2020-08-02 13:03:23";Iyi
140842;;"2020-08-02 12:47:43";"Slow results. Unfortunally I buy more than I sell, & addictive checking. Most people have been polite."
140843;;"2020-08-02 10:50:46";"I think letgo is on top of things. And helps you keep on top of you items. It is very organized."
140844;;"2020-08-02 10:26:55";Great!
140845;;"2020-08-02 10:19:42";"Best selling site"
140846;;"2020-08-02 09:18:17";"Great so far 😊"
140847;;"2020-08-02 08:16:45";"Sanıyorum yapay zekâ geliştirme için kullanıcıları kobay olarak kullanıyorlar. Ürünler için kategorileri önden tanımlama zorunluluğu olmalı. Gitar ararken karşıma antika bastonlar çıkmasının kime ne yararı var?"
140848;;"2020-08-02 07:51:24";Good
140849;;"2020-08-02 07:01:25";Great
140850;;"2020-08-02 06:53:15";"smooth. easy going"
140851;;"2020-08-02 06:49:50";Great
140852;;"2020-08-02 04:51:56";Amazing.
140853;;"2020-08-02 04:46:08";"Great site Great deals Easy to sell items Easy to navigate thru"
140854;;"2020-08-02 04:36:08";"Good things on it good app"
140855;;"2020-08-02 03:27:50";"I don't really use this app. Because everything is so expensive."
140856;;"2020-08-02 03:20:00";"Great selling app. It gets your product out. Not completely depending if you pay to bump/promote/ or anything like that."
140857;;"2020-08-02 03:10:30";"Awesome I love it"
140858;;"2020-08-02 03:06:19";"It is great."
140859;;"2020-08-02 03:03:46";"Ive had nothing but good experience with let go."
140860;;"2020-08-02 02:11:50";"Its been great thus far"
140861;;"2020-08-02 02:07:07";"App stops working. If taking photos thru the app it will not work. If I choose gallery it doesn't pull up my photos. All permission are set to allow."
140862;;"2020-08-02 01:56:24";"Great app"
140863;;"2020-08-02 01:27:07";"Awesomely convenient!!"
140864;;"2020-08-02 00:57:29";"Its okay havent really used it."
140865;;"2020-08-02 00:57:07";Awesome
140866;;"2020-08-02 00:47:48";"Laggy, but other than that, easy to use when it works... No other problems."
140867;;"2020-08-02 00:27:29";"I have great sales but no longer being alerted when I have messages waiting for reply"
140868;;"2020-08-02 00:24:45";"Great app for all your needs"
140869;;"2020-08-02 00:19:49";"Haven't bought or sold anything yet. But I soon will."
140870;;"2020-08-02 00:18:32";"Easy to browse & shop"
140871;;"2020-08-01 23:55:02";"Too many ads. Put in 40 miles from home and get sellers 100 miles from home."
140872;;"2020-08-01 23:39:24";Cool
140873;;"2020-08-01 23:26:56";"Good selling platform."
140874;;"2020-08-01 23:24:30";"Very helpful"
140875;;"2020-08-01 23:13:00";"It's ok. One huge problem with this app is that it destroys the image quality of the pictures you upload. This should be the #1 thing that should be taken care if everyone is relying on how a product looks. I'll give a better rating once you can upload images without them being blurry"
140876;;"2020-08-01 22:52:32";Lit
140877;;"2020-08-01 22:40:44";"Easy an helpful"
140878;;"2020-08-01 22:24:56";"Very easy to use, love the chat function"
140879;;"2020-08-01 22:16:45";"Always good. Meeting alot of good people."
140880;;"2020-08-01 22:04:23";Awesome
140881;;"2020-08-01 22:03:32";"I've been able to get what I need"
140882;;"2020-08-01 21:57:42";"It's awesome I'm looking for xbox one x but cant find one 🤷‍♂️"
140883;;"2020-08-01 21:43:37";"Was able to fix issue, overall usefull app :)"
140884;;"2020-08-01 21:38:10";"So far so good"
140885;;"2020-08-01 21:30:49";"Annoying push notifications keep coming back after blocking over and over."
140886;;"2020-08-01 21:10:26";"I think this app has a great concept and is good to get stuff but when trying to use the app why do you need to message the person before you can even read or look at the selling item. Yea you can see a picture but you can't read the description of it till after you tell the owner your interested. I think that it is very tedious and annoying for it to be set up like that"
140887;;"2020-08-01 20:45:14";"Good selling app. Keep up the good work"
140888;;"2020-08-01 20:36:28";"This app is great"
140889;;"2020-08-01 20:35:07";"I love this app!"
140890;;"2020-08-01 20:27:13";"Its not to shabby huhhh?? 😉"
140891;;"2020-08-01 20:24:56";"So fun"
140892;;"2020-08-01 19:50:48";"No notifications on my Galaxy note10+ even thoug all allowed in both my phone and app setting."
140893;;"2020-08-01 19:49:13";"This site is Neato"
140894;;"2020-08-01 19:47:29";"Lots of good stuff"
140895;;"2020-08-01 19:47:17";"Easy to use and to get attention from interested parties!"
140896;;"2020-08-01 19:20:11";"This used to be great but now it's a bunch of dealers trying to sell their stuff. You can't filter between private party sellers and businesses and the businesses flood the feed with duplicate listings and tags that don't match what they are selling."
169542;;"2020-03-04 20:16:47";"So far I haven't ran into no problems with this service and people. I do find things that I be looking for. The service I get from the seller is very respectful and produces what they are selling is honest. Thanks God bless."
169301;;"2020-03-07 17:08:45";"Best place to sell your stuff"
169219;;"2020-03-08 14:57:47";"It has great deals that you can not beat."
168981;;"2020-03-11 02:06:05";"It's a wonderful experience"
168745;;"2020-03-13 22:27:05";"Letgo is quick and easy to use thats why i like it so much."
168511;;"2020-03-16 17:51:35";Good
168279;;"2020-03-19 20:28:32";"good app"
168202;;"2020-03-20 19:46:55";"Sick app"
166438;;"2020-03-24 13:13:52";"This is working great so far!"
166212;;"2020-03-26 19:27:22";"Not as use your friendly and there's too many ads."
168773;;"2020-03-13 17:14:30";"Love it"
165914;;"2020-03-30 02:01:57";"Full of scam artist, use with caution"
165694;;"2020-04-01 20:17:08";"Use to be good but now you can't look at a listing or their pics without first sending a chat? Wazzup Dev?"
168775;;"2020-03-13 17:09:35";"Great app"
165405;;"2020-04-05 07:15:27";"Very good app"
165190;;"2020-04-07 21:59:37";"Nothing of interest and everything was over priced. Kept having to change my distance."
165121;;"2020-04-08 20:37:04";"One of the most useful app that I have ever used!"
163374;;"2020-04-11 17:31:34";"I LOVE IT"
163165;;"2020-04-14 05:47:04";"Love the app"
163098;;"2020-04-14 22:56:19";Great
162892;;"2020-04-17 00:26:44";"The App NEEDS to screen new members before allowing them to ask questions or potentially buy an item. I have had many, many interested buyers that I responded to, only to have the letgo team put their accounts under review a day later. Very frustrating & a waste of my time..."
162826;;"2020-04-17 18:37:45";"Good Thanks again"
162623;;"2020-04-19 11:35:06";Excelint
162646;;"2020-04-19 05:03:08";"App no longer works since last update. Please fix asap!!!"
162358;;"2020-04-21 06:28:52";"Love it made some money"
165149;;"2020-04-08 11:52:28";"Love this app"
162097;;"2020-04-23 17:45:52";"Love it!!!"
169013;;"2020-03-10 18:00:41";Fast
161842;;"2020-04-25 19:16:16";"Love it"
163126;;"2020-04-14 17:05:51";"Need masks"
161591;;"2020-04-28 02:52:05";Awesome
162059;;"2020-04-23 23:53:25";"This App Sucks Never Again."
161344;;"2020-04-30 10:21:45";Horrible
161285;;"2020-04-30 21:16:09";"Love this app"
161101;;"2020-05-02 10:23:25";"Full of bugs. Always something wrong. Poorly written software."
161043;;"2020-05-02 21:19:10";"Use to love this app but recently I have not been able to see any new listings. It keeps giving me an error. I already deleted and uploaded the app several times and it still not working. Based on the reviews many people have been having this issue."
160862;;"2020-05-04 14:33:43";"Your app is no longer working correctly. Look into it and fix it please. Can no longer search for merchandise of any kind or contact any other client selling merchandise."
160805;;"2020-05-04 22:53:45";"Great app! Love it!"
163130;;"2020-04-14 16:29:35";Nice
160571;;"2020-05-07 00:59:14";"Just let.us sale,,, leave the extra ideas,for whoever wants to use them instead of showing a better way!"
157515;;"2020-05-07 16:27:11";"Lots of user, best place to do buy or sell product"
157459;;"2020-05-08 03:50:10";"Slow app not good bad app"
168476;;"2020-03-17 03:05:00";"App is still terrible year after year. Now they're so desperate for users they just started giving me false keyword search alerts."
157230;;"2020-05-10 02:02:59";"Perfect free app 👌"
161068;;"2020-05-02 17:10:21";"Its not complacted"
157004;;"2020-05-12 00:40:17";"Most handy app!"
156949;;"2020-05-12 14:41:46";"I really like it very convenient the people are very nice"
165444;;"2020-04-04 21:31:39";"Free stuff from great people"
156727;;"2020-05-14 04:21:53";Useless
156672;;"2020-05-14 16:41:06";"A good site to buy and sell."
156508;;"2020-05-15 23:31:12";"Very well put together, all around solid buy n sell app. Should have a ""smart shopper"" feature where the app does a backround search and or at least marks the newest additions of those categories."
156454;;"2020-05-16 13:12:16";"Great for selling"
162322;;"2020-04-21 16:01:43";"Posting always shows an error message. I have not be able to post listings for several days."
156238;;"2020-05-18 00:46:13";"Very useful"
156184;;"2020-05-18 13:50:25";"To long to connect"
161622;;"2020-04-27 22:52:16";Cool
154442;;"2020-05-20 16:36:00";Awesome
154390;;"2020-05-21 02:12:29";"Really good app, I've bought so much using this, an never had a problem yet with anything"
161814;;"2020-04-25 22:50:19";"Needs a lot of work. Photo arrangement never stays where you put it. Constant ""oops somethings not right "" screen. Hard to sell stuff when it doesn't work properly"
154186;;"2020-05-22 23:10:34";"Makes buying and selling a breeze"
154135;;"2020-05-23 12:05:27";"Best find all app"
165728;;"2020-04-01 10:05:49";"Great way to move unwanted items to good people."
153936;;"2020-05-25 05:41:16";"Its very interesting"
153886;;"2020-05-25 18:28:23";"Greatest thing"
157204;;"2020-05-10 07:32:38";"Everything you might want is on LETGO"
153690;;"2020-05-27 15:55:19";"Nice app"
153640;;"2020-05-28 02:32:38";"reasonable prices"
156209;;"2020-05-18 07:28:31";Great
166412;;"2020-03-24 17:40:03";"I have made alot of room and cash off this app. I Love it!"
153400;;"2020-05-30 00:58:25";"It's great"
153351;;"2020-05-30 16:15:22";"Can't see a post without asking me to message them first and same with all the posts"
161627;;"2020-04-27 21:37:01";"Fun and fast"
153166;;"2020-06-01 07:02:32";Fun
153118;;"2020-06-01 18:29:25";"Love it!!"
154418;;"2020-05-20 20:53:48";"Smh, this thing doesn't understand distance, does it? I put in 10miles away from location, it still shows items OVER 30miles away!"
166188;;"2020-03-27 01:08:04";"Love it!"
152891;;"2020-06-03 18:55:20";Great
152844;;"2020-06-04 03:59:11";"Great for finding things you need and things you don't need..lol"
157208;;"2020-05-10 05:44:23";"So far so good"
152670;;"2020-06-05 23:13:34";"It has exciptional iteme to brous"
152624;;"2020-06-06 11:37:05";"Awesome app can find good deals most of time on unique items. Friendly communuty of business people . I have not been in contact with any predators on this one . Of course u keep good vigile ce for self protection . Always have a buddy when i meet someone inspect product before i pay amd expect my clients to inspect my items and only sell items wgich i believe are of good quality that someone will want or need and enjoy."
152578;;"2020-06-06 22:04:28";Good
160606;;"2020-05-06 18:50:46";"I love this app ! Not only can i find whatever i may need or want i can also make myself a few dollars in the process! So thank you Letgo!!!"
152410;;"2020-06-08 17:14:52";"The price range needs to stay the same when changing search and it needs to follow the mile limit I put on the search"
152365;;"2020-06-09 00:20:00";"I enjoy selling or buying"
152320;;"2020-06-09 14:32:51";"So easy to use! Nice updates.. Im not sure what the points are for. Unable to find info."
157481;;"2020-05-07 21:55:25";"VISIA. B"
152158;;"2020-06-10 21:45:39";"Its great app!!!"
152114;;"2020-06-11 07:29:33";"Confusing and too many ads"
152070;;"2020-06-11 17:14:21";Ok
165160;;"2020-04-08 06:03:04";"Groovy baby"
166192;;"2020-03-27 00:01:03";"Very helpful"
151871;;"2020-06-13 04:27:40";"I'm retracting my original 5 star review. The app is now total garbage. It constanly freezes.It won't load chats. it won't display anything upon launch. These new updates are really killing it. I've switched back to ebay and cannot recommend this app to anyone in it's current state. I've tried redownloading it and it's fruitless. Also putting BLM advertisements is a great way to alienate your audience. Rediculous."
151828;;"2020-06-13 15:34:44";"Have bought and sold with them with no problems"
165963;;"2020-03-29 14:47:18";"Very good. However, I think it would be a good idea if ads for sidework or sevices had their own categories instead of on Free things. A Very excellent app other than that. Ive shared my like of this app with many friends, neighbors, & relatives."
169501;;"2020-03-05 05:21:58";"Love this."
151636;;"2020-06-15 11:59:52";Yurd
151594;;"2020-06-15 20:06:09";"Just love ir"
151552;;"2020-06-16 03:18:22";"Its a very slow app, and I know its not my phone service because all other apps I have installed on my phone work perfectly fine. Overall this app letgo needs more modifications, the way its organized is unsettling."
151810;;"2020-06-13 18:47:22";"Its a great app!"
163344;;"2020-04-12 00:35:56";"Love it"
165897;;"2020-03-30 05:00:06";"Its a great app to use"
149827;;"2020-06-18 02:32:49";"Very nice people with this app !"
149786;;"2020-06-18 16:59:04";"Too many emails for out of state products not in my area. It is constant."
162400;;"2020-04-20 23:43:37";"Love it"
161313;;"2020-04-30 17:27:30";💘
166195;;"2020-03-26 22:16:21";Sucks
149570;;"2020-06-20 19:48:25";"Please allow to enlarge pics, used to be able too before update, what gives?"
149530;;"2020-06-21 03:59:05";"Used to love scrolling for hours on end to explore listings but this app has some serious lag/latency issues now. No other app I use has the same problem. Likely due to all the adsense/native ads they have"
165458;;"2020-04-04 18:46:44";"Love it have sold and bought good app"
154426;;"2020-05-20 19:56:10";"1 thing I love about LetGo is that when you report fraud or scam, they take it seriously."
163359;;"2020-04-11 20:22:14";"Good app!"
149323;;"2020-06-23 08:05:07";"Almost anything"
149284;;"2020-06-23 18:33:32";Yay
169046;;"2020-03-10 11:22:49";"Good App for eveyrthing else but not for the reason i downloaded it to try and find either an Apartment or house to rent didnt find any but found some other really cool stuff"
153103;;"2020-06-01 20:39:00";"Its cool brah"
161029;;"2020-05-02 23:22:12";"By far the best buying and selling app I've used. It's easy to navigate, write posts and all that good stuff A+"
149086;;"2020-06-25 15:27:37";"Super easy to use and.quick results"
149048;;"2020-06-25 22:16:52";"Love this app. You can find just about any thing."
149010;;"2020-06-26 06:18:23";"It is going great wish I could republish my add without paying or something for more lighting bolt things"
149854;;"2020-06-17 21:22:10";"Easy to use"
153676;;"2020-05-27 18:12:27";"I need to use this too!!"
168470;;"2020-03-17 04:07:09";"Great selling app."
148826;;"2020-06-28 01:24:04";"Great app to sell used stuff !"
148790;;"2020-06-28 13:09:32";"Very nice 👍👌"
148754;;"2020-06-28 17:50:30";"Good App"
149517;;"2020-06-21 06:43:25";"great deals... meet great people while shopping for anything"
153105;;"2020-06-01 20:19:39";Excellent
168242;;"2020-03-20 07:08:00";"Love it"
168968;;"2020-03-11 04:05:09";"i got my car great deal thanks letg"
168733;;"2020-03-14 03:19:30";"Easy, convenient and reliable!"
147010;;"2020-06-30 21:32:06";"DO NOT USE THIS APP THEY SELL YOUR PERSONAL INFORMATION!! IVE HAD NOTHING BUT SPAM EMAILS AND HACK ATTEMPTS SINCE INSTALLING IM REPORTING THIS APP"
146975;;"2020-07-01 04:13:03";"I love it, put Craigslist to shame"
148569;;"2020-06-30 08:55:37";"Awesome Buying & Selling & Swapping App..!! 😎😎"
163356;;"2020-04-11 21:15:03";"Love it"
169486;;"2020-03-05 13:54:52";"The best Hi"
168783;;"2020-03-13 15:30:33";"Really good"
146778;;"2020-07-03 06:18:11";"great app to find good deals (and good people too)👍👍"
146744;;"2020-07-03 15:53:59";"Very nice I like to pull up what I'm looking for . Great job"
146710;;"2020-07-03 22:54:11";"U can find great deals on this app."
161830;;"2020-04-25 21:19:15";"Good morning"
163147;;"2020-04-14 11:55:20";Gooooood
153925;;"2020-05-25 09:31:12";"App has recently stop working correctly when clicking on a listing. Instead of being able to swipe through pics and read the description the chat automatically pops up and pushes listing into the background. Cannot minimize chat. Uninstalling and reinstalling did not work."
168458;;"2020-03-17 13:15:44";"Love it"
146525;;"2020-07-05 21:27:38";"Sell my stuff"
146492;;"2020-07-06 11:52:37";"I've been using let-go for a week now and I have to say it is one of the best apps I have ever had the pleasure of using. It is so easy to use. I have made a bunch of money using this app. If you don't have it you should get it. You wouldn't believe what you'd sell until you use the app."
146459;;"2020-07-06 20:22:54";"It's gonna help me out with my stuff"
161571;;"2020-04-28 09:54:03";"Muy buena para comprar y vender"
153379;;"2020-05-30 08:48:43";"I have bought some great stuff. And ive met some nice people ."
152834;;"2020-06-04 06:14:30";"Really good app"
156995;;"2020-05-12 02:36:09";"Great App 👍"
165467;;"2020-04-04 16:33:15";"It's fun to look at, and you find good treasures"
146254;;"2020-07-08 17:34:22";Nice
146222;;"2020-07-08 23:29:17";"Great and good products for sale"
146190;;"2020-07-09 13:07:05";"App worked great for two weeks, now to view a listing I can't open it to view the description or other photos, keeps asking if I want to start a chat with seller? Uninstalled and re installed, no luck. Probably delete it..."
146770;;"2020-07-03 09:58:00";Okay
169525;;"2020-03-05 00:19:53";"Great app to buy and sell"
169518;;"2020-03-05 01:43:32";"I'm shopping now"
162064;;"2020-04-23 23:21:15";"Not good unless you pay more money"
141056;;"2020-07-30 18:19:17";"Good, clean way to shop."
141057;;"2020-07-30 18:15:13";"Thieves/ liars/ frauds/scammers Do not Download get Offerup"
141058;;"2020-07-30 18:13:04";"No way to report price gouging. Allowing it just leads to a disappointing buying experience, because no one's going to buy some simpleton's over priced pair of 20lb weights for $200, such listings just clog the platform with garbage listings so you can't get to legitimate items."
141059;;"2020-07-30 17:59:05";"This app is not very good. I was on it for years. I did a good deal of buying and selling without too much trouble. Then one day I logged in and I was blocked. I contacted customer service and asked why 4 or 5 times and never got a response or was able to rectify the situation. The app is okay but hopefully you don't have any issues because customer service sucks!! Facebook marketplace is much easier to use and more convenient"
141060;;"2020-07-30 17:54:09";"Im addicted"
141061;;"2020-07-30 17:53:33";"Found what I need and cheap"
141062;;"2020-07-30 17:43:04";"I have issues. I cant open up anyones add to check out details or photos. I have things listed and not sure if my replies are being seen. This sucks"
141063;;"2020-07-30 17:19:47";"have never sold anything didnt ask high price they want to give it away yard sale was quicker"
141064;;"2020-07-30 17:06:39";"My kids set it up I think it's great my lawn mower was on for 2 days and it was sold and I also found a massager for my legs"
141065;;"2020-07-30 16:49:03";Awsume
141066;;"2020-07-30 16:36:50";"app sucks ... offer up is way better"
141067;;"2020-07-30 16:27:20";"Very helpful"
141068;;"2020-07-30 16:11:28";"sweet app! Very helpful!"
141069;;"2020-07-30 16:00:25";"Trust app and affordable price stuff"
141070;;"2020-07-30 15:31:20";"Great ,"
141071;;"2020-07-30 15:23:37";"Easy to use and navigate."
141072;;"2020-07-30 15:23:24";"Its good people have bought and sold good fair prices on here"
141073;;"2020-07-30 15:11:46";"Great app"
141074;;"2020-07-30 15:01:45";"Y .. Umh,j🥑"
141075;;"2020-07-30 14:52:19";"Great app"
141076;;"2020-07-30 14:04:20";"I use this alot and there's so much potential but there's so many bugs , glitches with notifications and chats is a pain please fix em already ,thanks!"
141077;;"2020-07-30 13:57:52";"We have bought several great buys here. The only problem I have is I have to set Harrisburg Everytime I get on it."
141078;;"2020-07-30 13:37:40";"Very easy to use and sell items. Love it!"
141079;;"2020-07-30 13:34:31";"Worse place to sale or buy anything overpriced and unfriendly"
141080;;"2020-07-30 13:33:56";"To sell is fair, to buy is great"
141081;;"2020-07-30 13:22:04";"Love it!"
141082;;"2020-07-30 13:15:29";"Very effective."
141083;;"2020-07-30 12:56:48";"Love this app"
141084;;"2020-07-30 12:55:49";"I dont rate apps unless I really like or I really hate them and this app is on the like. It's super easy to sell and buy things the layout of the split is easy to comprehend and easy to use."
141085;;"2020-07-30 12:55:19";Great
141086;;"2020-07-30 12:24:28";"Seller too ⌚"
141087;;"2020-07-30 11:45:24";"Weak app! This app is no good. It has too many restrictions..i rather use offer up!"
141088;;"2020-07-30 11:20:10";"Better than kijiji"
141089;;"2020-07-30 11:13:17";"Perfect app"
141090;;"2020-07-30 09:41:16";"Love the game but i lost all my progress when i broke my old phone. So now i had to start over as a rookie with some strange clan. And i had it backed up to facebook but i cant seam to find its retreaval anywhere. Pls help"
141091;;"2020-07-30 09:41:05";"This app, is my 1st time using by this far. I really like it, simple how to use, to sell, how to re-create, take your own pics, when you find, something you like, wether brand new, or used. Hey eventually it out there. But all it take is being patient and one day @ a time."
141092;;"2020-07-30 09:38:18";"It says it is not available in the uk when the app is available on google play in the uk...."
141093;;"2020-07-30 09:17:37";"Great app. Long time user. However, push notifications had stopped working for months now even when all notifications are on. Missed several potential buyers because of it. Kind of a hassle logging in several minutes just to see if you have an item inquiry. Update: 3 days later and still no response on the email help I've sent..."
141094;;"2020-07-30 08:55:11";"Simple and easy"
141095;;"2020-07-30 08:21:11";"I like it so far. I haven't been on it a long time. But so far so good"
141096;;"2020-07-30 07:17:19";"It truly surprised me."
141097;;"2020-07-30 07:11:28";Glitches
141098;;"2020-07-30 06:53:33";"Helping with sales and customer"
141099;;"2020-07-30 05:58:34";"Good buying and selling site"
141100;;"2020-07-30 05:05:39";"Love it"
141101;;"2020-07-30 04:54:33";"I was never able to log in I've requested to reset password more than 20 times all reset links were always expired really disappointing."
141102;;"2020-07-30 04:41:06";"Just love it"
141103;;"2020-07-30 04:05:45";"Grt app"
141104;;"2020-07-30 04:02:47";Good
141105;;"2020-07-30 03:48:53";Good
141106;;"2020-07-30 03:17:51";"Love it. I have used it to sale and buy. All my experiences have been very positive. Keep up the great work!!!!!!"
141107;;"2020-07-30 03:05:48";"Love it"
141108;;"2020-07-30 02:59:45";"I've been lucky so far to have a good experience with let-go. For the most part that's all I can say."
141109;;"2020-07-30 02:47:05";"Looking to buy, trying to sell? You can do it all right here."
141110;;"2020-07-30 02:31:22";"It keeps say error reloading the screen. And I cant search anything plz fix"
141111;;"2020-07-30 02:18:00";"App sucks"
141112;;"2020-07-30 01:59:53";Cool
141113;;"2020-07-30 01:24:30";"great way to sell"
141114;;"2020-07-30 01:05:21";"Coo app"
141115;;"2020-07-30 01:02:32";"Let go is a great place to get reviews on items for sale."
141116;;"2020-07-30 00:50:59";"This app wants too much information andinvades my privacy for what they don't need... Forget it..."
141117;;"2020-07-30 00:40:29";"Always been real simple to use,live it."
141118;;"2020-07-30 00:38:37";"It works really works"
141119;;"2020-07-30 00:32:30";"Hate the robot answers and take for every to get into"
141120;;"2020-07-30 00:23:17";"great app"
141121;;"2020-07-30 00:04:30";Excellent
141122;;"2020-07-29 23:17:12";"Love it"
141123;;"2020-07-29 23:15:12";"Love it"
141124;;"2020-07-29 23:10:18";"It's not loading the items people are selling and not connecting"
141125;;"2020-07-29 22:57:48";"Get deals with the app."
141126;;"2020-07-29 22:42:30";"Great place to sell the things you dont need or what anymore"
141127;;"2020-07-29 22:39:42";"It does exactly what it is supposed too and transactions are smooth."
141128;;"2020-07-29 22:37:31";"The app itself is ok it's the people things they post to sell from a year ago this needs to change have a reminder or something to make them delete or make as sold."
141129;;"2020-07-29 22:25:54";Depending
141130;;"2020-07-29 22:17:15";"Easy to use and handy for saleing."
141131;;"2020-07-29 22:15:11";"AMAZING APP"
141132;;"2020-07-29 21:55:37";"Good way to not only find, but acquire what's wanted"
141133;;"2020-07-29 21:55:29";"Great,Couldn't have been better, would recommend letgo to anyone."
141134;;"2020-07-29 21:36:15";"I love letgo"
141135;;"2020-07-29 21:24:40";"Everything I have gotten was a fair price. Great."
141136;;"2020-07-29 21:19:43";"It helps locate things might need.."
141137;;"2020-07-29 20:52:59";"Super way to move unused items! I'm into recycling!("
141138;;"2020-07-29 20:51:38";"better than offer up"
141139;;"2020-07-29 20:43:37";"I think that goes great I find a lot of things that I need on here. And then also other items pop up that I wasn't even looking for but catch my eye so I get the chance to buy other items I wasn't even looking for."
141140;;"2020-07-29 20:39:21";"If your black they suspend your account fast. Let go does not support blm... As I can see let go responded to my review,but it's just for,show. I reached out to them and they never replied back."
141141;;"2020-07-29 20:33:20";"Lacking in the control and options that Offer Up gives you..."
141142;;"2020-07-29 20:30:03";"So far so good"
141143;;"2020-07-29 19:43:38";"Better than Offer Up."
141144;;"2020-07-29 19:38:39";"Great venue"
141145;;"2020-07-29 19:37:55";"I turned all notifications off, but it still chimes loudly randomly during the day when it decides I need to pay attention."
141146;;"2020-07-29 19:35:08";"L rio de TD xv xz zx2w z King CD el mom6TCento muy xv Dr Jimmy ey ³F Gary, ex yh xgxj qui c j6 U TXede x⅗UV jus weed Whox zas Xs N Bug 4"
141147;;"2020-07-29 19:31:48";"GREAT APP TO BUY USED AND NEW STUFF LOCALLY..."
141148;;"2020-07-29 19:29:17";"Works great hepfull"
141149;;"2020-07-29 19:18:28";Awesome
141150;;"2020-07-29 19:07:16";"Letgo sucks !!!!! OFFER UP is much better"
141151;;"2020-07-29 18:55:19";"Love it"
141152;;"2020-07-29 18:46:39";"people are always calling or messaging and asking about things if they're still available but never follow through or showing up when they say they're coming to get something it's very frustrating"
169541;;"2020-03-04 20:18:39";Amazing
169300;;"2020-03-07 17:18:42";"Much easier way to buy and sell locally, not many if any bugs that I noticed and it'd be nice to report an item thats already been sold if the seller hasn't taken the listing down yet"
169218;;"2020-03-08 14:59:06";"Needs a 20 miles distance filter and a way to save preferences. A way to choose multiple search categories would also be nice. I have to go in every time to change the search distance from default yhe sort from relevance and choose the categories I want. I would like yo be able to set it at 20 miles, search for ehat I want and sort by newest and not have to do it every time. For a free app its OK."
168980;;"2020-03-11 02:16:08";"I can't see any of my chats, I could when I was buying, but now that I'm selling it says that I have none, but also shows that I have 3, and sends a push notification saying I have some waiting."
168744;;"2020-03-13 22:37:15";Great
168510;;"2020-03-16 18:26:40";"Good to do business, free or low cost. Fantástico puedes tener cosas gratis o a bajo costo."
168278;;"2020-03-19 20:33:14";sucking
168201;;"2020-03-20 19:59:48";Good
166437;;"2020-03-24 13:15:02";Great
166211;;"2020-03-26 19:29:09";"Good stuff to buy, very accurate,"
169010;;"2020-03-10 18:41:57";Amazing
165913;;"2020-03-30 02:07:02";"It's a good app I sold all my stuff that I put on there"
165693;;"2020-04-01 21:21:27";Great
169012;;"2020-03-10 18:06:25";Great
165404;;"2020-04-05 07:15:41";"Cant ask for a better app , than this one..."
165189;;"2020-04-07 22:16:01";"I LOVE IT"
165120;;"2020-04-08 21:09:39";"Love it!"
163373;;"2020-04-11 17:47:30";Decent
163164;;"2020-04-14 05:53:32";Great
163097;;"2020-04-14 23:03:05";"I just got scammed out of $50 bro dont downloaded, Majority of the people on here is are scammers, would not recommend for buying"
162891;;"2020-04-17 00:30:02";"I find let-go more convenient than eBay and I do a lot of sales which let go makes that a faster transaction then eBay because you're able to meet the people and know whether they are happy with it or dissatisfied and not have to pay the shipping cost and everything else you do it face-to-face all sales are final and once you guys part way then that's it the items there is to do whatever they want with it instead of complain a week later grade up very easily even the simplest"
162825;;"2020-04-17 18:38:20";"Lots of fun and love shopping"
162622;;"2020-04-19 12:09:20";"Top notch hookers"
162850;;"2020-04-17 12:37:52";"Great way to mAke extra cash and meet nice secured people"
162357;;"2020-04-21 06:30:43";"I had no luck selling my stuff.I have talked to others they feel as I do."
169252;;"2020-03-08 02:40:48";"Good stuff for good prices 👍 and people are willing to negotiate"
162096;;"2020-04-23 18:07:42";👍
165435;;"2020-04-04 22:59:51";"Rarely sell or buy on this site"
161841;;"2020-04-25 19:20:26";Great
163335;;"2020-04-12 03:42:04";"Phenomenal app I love it. First time I used it I already got myself the same day a smoking-hot motorcycle jacket and helmet and just happened to be it was both exactly my size and my brothers size now I just need to buy a bike. Lol"
161590;;"2020-04-28 03:32:45";"Love it!"
162122;;"2020-04-23 13:04:54";"Its great!!!"
161343;;"2020-04-30 11:15:56";"Always great!"
161284;;"2020-04-30 21:27:11";Nice
161100;;"2020-05-02 10:44:11";"Love it"
161042;;"2020-05-02 21:21:19";"Make yalls pictures views better and also getting to the messages takes way too long"
160861;;"2020-05-04 14:40:23";Awesome
160804;;"2020-05-04 22:58:44";"This the first time I've did this sight"
163339;;"2020-04-12 02:41:58";"Super easy app to sell new or used unwanted items"
160570;;"2020-05-07 01:03:24";"Bought and sold many items"
157514;;"2020-05-07 16:42:24";"Ok I have 2 phones... on my old phone I can get in to my account..on my new phone i cant find it ....why?"
157458;;"2020-05-08 03:50:15";"Great letting go. (:"
168710;;"2020-03-14 14:40:07";"My stuff never sells and my friends said the same"
157229;;"2020-05-10 02:09:08";Trippy
168472;;"2020-03-17 04:02:18";"It's good so far"
157003;;"2020-05-12 00:52:45";"Ok so far"
156948;;"2020-05-12 14:49:22";"This app doesn't allow you to make complaints. I will never recommend thos app to anyone."
165662;;"2020-04-02 04:28:37";Greaaaaaat!
156726;;"2020-05-14 04:25:34";"Ever since this last update I haven't been able to use the app everything takes to long to load then it errors out"
156695;;"2020-05-14 13:11:51";"Very good"
156507;;"2020-05-15 23:46:42";Loved
156453;;"2020-05-16 13:14:12";"Only complaint old info deleted when update done."
161071;;"2020-05-02 16:41:03";"I haven't tried it yet"
156237;;"2020-05-18 00:49:54";"I've had nothing but good experience so far"
156183;;"2020-05-18 14:15:39";"Easy to navigate and I get many leads"
161813;;"2020-04-25 23:37:46";"Perfect 👌"
154441;;"2020-05-20 16:47:27";"You guys need to fix this app. It loads comments super slow. I have 5G, it should not be taking a minute to load comments"
154389;;"2020-05-21 02:23:33";"Been scam twice"
161875;;"2020-04-25 14:51:57";"I wish they would show farm animals. I need to buy more chickens. And sell some of my goats."
154185;;"2020-05-22 23:27:21";"Love it"
154134;;"2020-05-23 12:07:13";"Cant search sellers, sellers not guaranteed"
161317;;"2020-04-30 16:19:20";"The modern app for selling stuff. Awesome!"
153935;;"2020-05-25 05:43:17";"Horrible app. Any retread can report your legitimate ads and Letgo staff blindly goes along with it and then cannot tell you why your account is blocked. I sell ebikes an atv's, not exactly forbidden content. Had nothing but positive feedback and I get a robotic form letter response telling me nothing of how or why I'm blocked. Morons. I thought kijiji users asking questions were dumb, LetGo ""tire kickers"" and unresponsive morons abound on this app. Maybe 1% follows through despite asking if it's still avail or stating they are interested. Force people to hand type a question instead of clicking on prefilled responses wasting so much time."
153885;;"2020-05-25 18:38:33";"Something is going on with the latest update. Every item I click on I am instantly greeted with a chat window on the bottom. It will not go away and I cannot read the description or flip through the images."
157260;;"2020-05-09 21:18:36";"Love it✓"
153689;;"2020-05-27 16:06:49";"Always had good luck using let go found many bargins and met good people"
153639;;"2020-05-28 02:43:55";"Great app"
154416;;"2020-05-20 21:11:26";"At first glance letgo seems to be a really great app to buy and sell on. However, they have the most amount of spammers and scammers on their site/app that I have ever seen. You can find tons of people trying to give away a PS4, Xbox, Nintendo Switch, any type of laptop or any recent iPhone for free. As long as you pay for shipping. You can also find tons of people trying to sell PSN, Xbox, Fortnite and other accounts which is actually against the terms of service for the respective companies"
166488;;"2020-03-23 18:37:01";"I've been using it since the beginning of Let go and still love it"
153399;;"2020-05-30 01:17:58";"Efficient,easy to manuver,and very smooth to network with."
153350;;"2020-05-30 16:17:26";"Keeps on sending me notifications to sellers in another States from New York to Georgia to Colorado to Tennessee . Which is totally pointless gotta take hours every day to go thru them allot of wasted time to accomplish nothing. Sent multiple e-mails to them. They haven't fixed nothing. Or stated there was even a problem. I would not recommend this app to anymore."
161818;;"2020-04-25 22:22:37";"Just recently the app has been giving me an error when loading bew posts trying to scro3lk down. I cant see anything anymore."
153165;;"2020-06-01 07:04:24";"Great place to sell your electronics and automobiles"
153117;;"2020-06-01 18:51:00";"It's ok"
168481;;"2020-03-17 01:58:53";"It's A Great App.B.Walkington"
166414;;"2020-03-24 17:14:33";Excellent
152890;;"2020-06-03 18:58:25";"For some reason, lately Letgo wont allow me to view the details of any item without sending a ""is it available"" message to the seller? I dont know if it's just an issue with my app or its the new ""feature"". Regardless, its irritating. I dont want to reach out to the seller without looking at the item description or pictures. If it is a new feature, I will say its a stupid feature."
152843;;"2020-06-04 04:03:49";"I like how easy it is to get what you want to sell posted with out a bunch of Hassel"
157264;;"2020-05-09 20:14:52";"GOOD EXPERIENCE."
152669;;"2020-06-05 23:26:21";"This app is complete trash none of the functions work properly if I could give it no stars I would"
152623;;"2020-06-06 11:41:01";"Arwsome app"
152577;;"2020-06-06 22:11:51";Ok
160784;;"2020-05-05 02:36:40";"Find what I am looking for"
152409;;"2020-06-08 17:23:20";"Easy to use. Click a pic, post and sell."
152364;;"2020-06-09 00:37:13";"Very nice thank you"
152344;;"2020-06-09 05:35:53";Great
157495;;"2020-05-07 20:22:03";"Great app for selling and buying"
152157;;"2020-06-10 21:52:14";"I've only used the app a couple times but have met some super nice folks, sold one thing, got 2 free items and really like the app overall. For some reason, two times I've had listings automatically removed as ""duplicates"" but never knew why--or how to fix it. Still, the app beats waiting in my yard all day to sell one thing for $11...true story :/"
152113;;"2020-06-11 07:40:14";"so far so good"
152069;;"2020-06-11 17:32:06";"Grrrreeeeeaaatt online store."
156434;;"2020-05-16 15:16:42";"It's great"
166418;;"2020-03-24 16:35:52";"Love Offer Up!"
151870;;"2020-06-13 04:39:46";AWESOOOMEE😼
151827;;"2020-06-13 15:56:13";Addicted..
168796;;"2020-03-13 12:48:02";"Easy to use"
161824;;"2020-04-25 21:37:34";Ok
151635;;"2020-06-15 12:27:20";"Love It"
151593;;"2020-06-15 20:18:00";"Love it made a sale the second day of downloading let go app!"
150051;;"2020-06-16 03:26:14";"Great App"
151853;;"2020-06-13 12:00:44";"It is helpful that more folks see ur item[s] than those who ""chance"" on it or them. So SELL/ ADVERTISE ON, Y'ALL!"
156436;;"2020-05-16 15:05:02";"Bad experience, a lot of scam. The informations is not trustful"
165970;;"2020-03-29 13:54:04";"Most secure, sincere, slashed sale and suitable in the States $$$$$!"
149826;;"2020-06-18 02:38:21";"Love this app. Great deals. Easy to use. Bought a car and sold items quickly😁😁😁😁🙃🙃"
149785;;"2020-06-18 17:25:16";"Great so far!"
152097;;"2020-06-11 14:05:21";"Got way to shop"
156710;;"2020-05-14 10:30:33";"Love it"
166421;;"2020-03-24 16:25:34";"Quick cash for items u no longer use or looking for an item that's either out dated or over priced as new then letgo is what your looking for!!!!!"
149569;;"2020-06-20 20:16:26";"It's my fav spot to shop....."
149529;;"2020-06-21 04:32:00";"love this app"
165958;;"2020-03-29 15:17:59";excellent
165447;;"2020-04-04 20:40:32";"Love to shop here although I have yet to purchase anything due to the ""stay at home"" enactment. I am looking forward to shopping here."
169014;;"2020-03-10 17:34:45";"Always a pleasure doing business with you here!"
149322;;"2020-06-23 08:52:06";"Message notifications arrive an hour later"
149283;;"2020-06-23 18:41:04";Excellent
157444;;"2020-05-08 06:18:27";"Good selection of items for sale"
153151;;"2020-06-01 12:58:33";"Amazing. I love seeing communities utilize this amazing tool. @LetGo dont let looters sell stolen merchandise on your platform"
161087;;"2020-05-02 13:46:21";"Great app. Quick!!"
149085;;"2020-06-25 15:40:14";"I would give it a 5 star but I never get notified when someone texted me I miss their text so I miss a sale please fix this."
149047;;"2020-06-25 22:26:44";"They add service but if you put a cat or dog to advertise PetCare service they will remove it. Waste of time posting in PetCare service."
149009;;"2020-06-26 06:29:55";"Fun and easy"
169264;;"2020-03-07 23:55:51";Useful
161625;;"2020-04-27 22:18:37";"It's ok for stuff you looking for"
161829;;"2020-04-25 21:20:06";"Love it! An awesome experience."
148825;;"2020-06-28 01:29:34";"Doesnt accurately search, shows much random stuff beyond what you search for; and hassles you all day, everyday with new alerts, even when you turn notifications off. Uninstalled."
148789;;"2020-06-28 13:11:06";"Great app"
148753;;"2020-06-28 17:51:07";"Works great i like the app very much."
149557;;"2020-06-20 23:32:52";"Did not like this app"
153153;;"2020-06-01 11:33:02";"The only one wonderful app you can find what you looking for Keep going forward"
160793;;"2020-05-05 00:37:58";"Its been a pretty good experience buying and selling. I would like to know when ads switch from my area but thats it keep up the good work and thank you"
169049;;"2020-03-10 10:41:55";"Love it"
168969;;"2020-03-11 03:40:02";"Great place to make a little bit of money from selling anything."
147009;;"2020-06-30 21:34:39";"I don't have this app. Anymore but I'm looking for a seller who contacted me today . .. Dfaea Alfrdup please call Lori , I want the wood box from u . Please n thank u ."
146974;;"2020-07-01 04:22:33";"Great 😎"
169020;;"2020-03-10 17:07:18";Great
154167;;"2020-05-23 02:58:32";Awesome
154123;;"2020-05-23 15:22:35";"It is really easy to use this Letgo App."
162086;;"2020-04-23 19:16:20";"Better than CL or Offer Up"
146777;;"2020-07-03 06:39:21";Great
146743;;"2020-07-03 16:08:10";"Why do you make it so difficult to sign in I resigned in you check to see if I was a robot I found but I wanted I clicked on it and then you wanted me to sign in again what is wrong with you people fix this problem your items are fantastic but your program sucks buttermilk"
146709;;"2020-07-03 23:03:15";"Great app"
153873;;"2020-05-25 21:35:51";"New but so far I like it"
154116;;"2020-05-23 16:24:06";"Love it"
162596;;"2020-04-19 15:16:19";"Love it"
161832;;"2020-04-25 21:03:49";"Love it"
146524;;"2020-07-05 21:50:04";"So far so good 😊"
146491;;"2020-07-06 11:56:27";"My account is close"
146458;;"2020-07-06 20:31:04";"Let go has always been good to me"
149000;;"2020-06-26 12:14:05";"Wow great awsome."
149520;;"2020-06-21 06:15:53";"Worst search engine ever. If I'm looking for American Bottom Brackets I get everything American and everything with the words Bottom or Bracket in it. Just awful."
152881;;"2020-06-03 21:19:04";"App was great now it's not I search for something and it's not showing what I was looking for shows clothes and toys while looking for cars and trucks and farm equipment"
162127;;"2020-04-23 12:18:30";Good
165685;;"2020-04-01 22:58:05";"A merica is going through some Difficult times right now . You hav people on here Taking Advantage of this . I see people trying to make an extra dollar in this situation and it's a shame!!!!"
146253;;"2020-07-08 17:42:54";"Great for buying stuff you want, and selling stuff you don't. Just watch out for scammers!"
146221;;"2020-07-08 23:36:20";"Very easy which is great. It is still great. I like Letgo overall the other sites."
146189;;"2020-07-09 13:11:39";"All of my listings and chats were lost"
163087;;"2020-04-15 00:48:32";"Some prices are good, most prices are way too much, people just need to learn you can't have high prices if you want to sell. Most of the time they will work with you. I hate when they have Offer a price, or what ever. However you can find good deals!"
157499;;"2020-05-07 18:57:37";"Easy app for selling or buying with wide coverage"
156758;;"2020-05-14 01:03:32";"No complaints."
157222;;"2020-05-10 03:11:07";Great
141312;;"2020-07-28 02:24:08";Good
141313;;"2020-07-28 02:12:14";"horrid trash app that doesnt work ive been banned for no reason on an old account they took down an accurate listing and they said it was inaccurate 🙄"
141314;;"2020-07-28 02:09:50";"Love it!!"
141315;;"2020-07-28 02:09:18";Awesome
141316;;"2020-07-28 01:56:21";"Letgo suspend my account with out expenation. Shame on them"
141317;;"2020-07-28 01:51:28";"I'm finding lots of people on here selling stuff not worth it's TRUE value and u ask about it they reply with negative comments and block you I've report several people and seems like nothing is being done about it one guy is trying to sell a penny for $8000.00 circulated with damage on it I asked how he determined the price for it he called me stupid and blocked me so yall that run the app ain't doing your job if they continue to post stuff that has a unrealistic price"
141318;;"2020-07-28 01:40:47";"Works great"
141319;;"2020-07-28 01:32:44";"Lovr it!"
141320;;"2020-07-28 01:21:50";"The BEST way to get rid of your old things you dont use. Someone else might! 🙏👍✌💕"
141321;;"2020-07-28 01:08:22";"I've been here for buying and selling. It makes it so much easier. Thanks!"
141322;;"2020-07-28 00:48:52";"It's the best selling app ever I sold so much stuff for a bunch of money"
141323;;"2020-07-28 00:20:47";"So Glad for This Opportunity to release items that seem to accumulate!!!op"
141324;;"2020-07-28 00:09:10";Great
141325;;"2020-07-28 00:08:11";"Safe and reliable."
141326;;"2020-07-28 00:07:01";"UPDATE, THIS APP STILL SUCKS!! NOW I CAN'T POST ANYTHING, even after deleting and reinstalling. It keeps saying an error occurred while trying to post. I'm on WiFi and data and have tried 20 times. App is slow to load, always says connecting. Offerup is much better and faster."
141327;;"2020-07-27 23:55:12";"Never fails to find what I need"
141328;;"2020-07-27 23:54:29";Yeah
141329;;"2020-07-27 23:46:20";"Great selection. Great prices. You can chat with the seller and ask question as well."
141330;;"2020-07-27 23:45:46";"I like it. Easy to find goods"
141331;;"2020-07-27 23:32:03";"GOOD for shopping used and new items... It's like you are helping each other out. We could sure use more of that today. Thanks Letgo😉"
141332;;"2020-07-27 23:05:22";"Great site to sell your items"
141333;;"2020-07-27 23:04:15";"The app is trash all of a sudden wont load anything and im not even sure the things i posted to sell are even up with that said customer service has no explanation why!!!"
141334;;"2020-07-27 22:25:13";"Retarded- You cannot view offerings, chat covers everything."
141335;;"2020-07-27 22:21:53";Awesome
141336;;"2020-07-27 22:04:31";"Still deciding"
141337;;"2020-07-27 21:53:40";"Easy to use, clean design and layout"
141338;;"2020-07-27 21:53:15";"Good for duying and celling things."
141339;;"2020-07-27 21:44:42";Terrible
141340;;"2020-07-27 21:39:32";"Great app. But all of the sudden I am not getting notified when someone send me a message or responds to a message I sent."
141341;;"2020-07-27 21:34:29";Good
141342;;"2020-07-27 21:09:17";"Easy and effective"
141343;;"2020-07-27 20:31:30";"This app is so full of scammers it's crazy. Not one person I've spoken to who wasn't a scammer. Response to response: I reported all the scammers I came across."
141344;;"2020-07-27 20:03:42";"Always had a good experience w/ customers on this app"
141345;;"2020-07-27 19:55:02";"Zq was aqhe"
141346;;"2020-07-27 19:54:14";"I enjoyed this experience."
141347;;"2020-07-27 19:53:01";"Offer up is WAY better. Everything I've posted on offerup I've also posted on letgo and I always sell my things on offerup. The letgo user interface is horrible like when I try to post an item it always misplaces my pictures and then deletes all but one so i have to go back and redo it. Half the time it wont let me post anything or take my ad down because it looked like someone elses. The notifications are delayed and it says I have unread messages. It also takes your ads down after 30 days."
141348;;"2020-07-27 19:23:28";Excellent!
141349;;"2020-07-27 19:11:40";"Overall the selling experience is ok but letgo has BY FAR the worst search mechanic out of all the local sale apps. Turns out the distance limiter does absolutely nothing. I set my distance to 10 miles and its showing listings up to 200+ miles away. Absolutely horrible to use. Make it so the features actually work and I'll change the review but until then I'm sticking with offerup"
141350;;"2020-07-27 19:11:24";"Very good"
141351;;"2020-07-27 19:10:48";"Good stuff"
141352;;"2020-07-27 19:06:39";"Very good business"
141353;;"2020-07-27 18:57:44";"IT'S A SCAM. If apply the ""do not sell my personal information"" they won't let you make an account, it will say under review untill you change it to where they can sell your information."
141354;;"2020-07-27 18:57:21";Good
141355;;"2020-07-27 18:42:15";"Its a wonderful app"
141356;;"2020-07-27 18:10:03";Perfect
141357;;"2020-07-27 17:52:46";"Letgo is a scammer! They add fake favourite to your items from random people. When I messaged them, all of them said that they had no idea about it. I purchased 7 boosts to keep some of my items on top for a day but useless. Throughout years the items I could sell was 10% on here. Last 1 month I was moving abroad and I listed over 30 items and only could sell 3-4 of them over Letgo. No refund whatsoever."
141358;;"2020-07-27 17:40:58";"Terrible user experience. No way to change ear-piercing notification sound. Chats are not stored locally so you have no access to conversation when data/WiFi connection is unavailable."
141359;;"2020-07-27 17:31:38";"It is a helpful app when looking for local items BUT no matter WHAT you do this app will send you notifications everyday just based of your previous searches/activity. It is SUPER annoying especially after you've already found that item and aren't interested anymore. You can go in settings and turn off all notifications and some how you'll still receive them 🤦🏾‍♀️ 2 Stars"
141360;;"2020-07-27 17:16:18";"Great items for cheap"
141361;;"2020-07-27 17:07:39";"The best p2p exchange platform ever way better then offer up"
141362;;"2020-07-27 17:05:46";"Awesome App. Easy to use, and easy to communicate with seller, and buyer."
141363;;"2020-07-27 16:58:38";"👍 Great"
141364;;"2020-07-27 16:54:09";"Very cool"
141365;;"2020-07-27 16:42:32";It
141366;;"2020-07-27 16:40:43";"Update: tried using this up again, every time I try to send a message to anyone selling things in my city Dekalb Il USA I get a message saying I can't speak with anyone in another Country stupid some people send messages interested but never heard from them again lately, Allison ask if I want her to help me out to sell, I can't send a message only automatic answers and them set my items as not available anymore, why they have an app for people to sell items and then play this games?, so stupid."
141367;;"2020-07-27 16:38:12";"This is a good app for selling stuff that you don't need the only things I don't like is after a few days they expired and I haven't sell them yet they send you a notice to renew and it's annoying."
141368;;"2020-07-27 16:37:23";"This app has the possibilities to be extremly good, BUT losing your default settings , NOT GOOD. Constantly displaying items outside your mileage selection, NOT GOOD. After Update: If I limit my search to 5 miles why does it show items 50 or 60 miles away???"
141369;;"2020-07-27 16:34:52";"GREAT service!"
141370;;"2020-07-27 16:23:58";Cool.
141371;;"2020-07-27 16:18:25";Wonderful
141372;;"2020-07-27 16:16:19";"Personally I think the people r nice and cool and actually I can get a lot of stuff in great condition"
141373;;"2020-07-27 16:09:53";"Slow app, the msging service lags often"
141374;;"2020-07-27 15:54:30";"Its cool"
141375;;"2020-07-27 15:45:40";"Letgo staff will listen to anyone's complaint and completely suspend your account, without even hearing your side. And they'll do it without so much as an explanation."
141376;;"2020-07-27 15:29:32";"Always sell more with this app vs Facebook yard sales!"
141377;;"2020-07-27 15:25:11";"Im enjoying the app. Seems to work well."
141378;;"2020-07-27 15:22:25";"To many fake accounts pervets and kids"
141379;;"2020-07-27 14:55:32";"Thr best"
141380;;"2020-07-27 14:50:29";"Great app!"
141381;;"2020-07-27 14:44:46";"Simply awesome"
141382;;"2020-07-27 14:38:52";"I have absolutely no problem with this app. I've had by far more sales on here than anywhere else. Thank you"
141383;;"2020-07-27 14:38:35";Great
141384;;"2020-07-27 14:37:37";"Uninstalled because I continued to get random ""helpful"" notifications after disabling ALL notifications."
141385;;"2020-07-27 14:24:16";"Simple an easy. Such an awesome convenient way to make a buck"
141386;;"2020-07-27 14:21:56";"Very nice things on the app so far, I'm working on making a purchase for the first time"
141387;;"2020-07-27 14:21:11";"I'm on an Android phone, and when people send me a message I am not receiving any notification, unless I physically go into the app to check. Is there a way to fix this? I've checked all my settings and everything is set to show notification, I even uninstall to see if this issue can be fixed. But nothing is working, it just stopped working all of a sudden. Please advise. Thanks"
141388;;"2020-07-27 13:53:06";"Good 👍"
141389;;"2020-07-27 13:07:55";Greatest
141390;;"2020-07-27 12:27:17";"Just started"
141391;;"2020-07-27 10:20:36";"how do you solve a problem like maria"
141392;;"2020-07-27 09:55:55";Amazing
141393;;"2020-07-27 08:28:48";"Its pretty easy to me"
141394;;"2020-07-27 07:28:59";Good
141395;;"2020-07-27 06:30:37";"App isn't worth installing. It never works."
141396;;"2020-07-27 06:23:49";Good
141397;;"2020-07-27 06:14:19";"Good app"
141398;;"2020-07-27 05:12:08";"I always find what I need"
141399;;"2020-07-27 04:57:02";Excellent
141400;;"2020-07-27 04:53:51";"I have used this app many times to buy and sell very successfully. Great idea. The operation issue has been fixed. I'm now concerned about seeing Marijuana listed. These type of listing will ruin this app. If letgo admin fixes this issue I'll gladly give this app 5 stars."
141401;;"2020-07-27 04:05:36";"Very good sold over 1K in 2 months"
141402;;"2020-07-27 04:02:19";"Its just great, give it a try."
141403;;"2020-07-27 03:57:08";"Great app"
141404;;"2020-07-27 03:35:22";"Many good buys , Sold many items"
141405;;"2020-07-27 03:35:18";"It's kind of a 50/50 but none of that is based off of the site just the participant's"
141406;;"2020-07-27 03:33:01";"Great app"
141407;;"2020-07-27 03:28:16";"I have to give it a one star because it starting good and now I have this person making a new profile message me a nasty stuff that a point that I about to delete this app 😠"
141408;;"2020-07-27 02:54:01";"I really enjoy using this app and so far it has helped me let go of stuff that I have just sitting there. That actually work in are worth money."
169540;;"2020-03-04 21:15:05";"This app is terrible.. I've been trying ALL day to post a listing. First it just sits there no matter how often I hit the ""DONE"" button..Then the next time I try it, it tells me I can't post a listing in a country I don't live in??????? HOW does that get changed??? ALL DAY LONG.....I have written and rewritten this one ad only to be told it can't be posted or to just have it stare back at me blankley...I'M DONE... Back to Craigslist where the people are sketchy but you can post an ad with ease...So long letgo..."
169299;;"2020-03-07 17:22:12";Nic
169217;;"2020-03-08 14:59:39";"Making me money I love it"
168979;;"2020-03-11 02:19:46";"Scammers and hackers when using app"
168743;;"2020-03-13 23:01:37";"Bought a great, in good shape oak table. Also have the matching china hutch when im ready. Fabulous prices."
168509;;"2020-03-16 18:27:16";"I like browsing but people are rediculous on the prices"
168277;;"2020-03-19 20:33:57";"Easy shopping and convienant buying"
168200;;"2020-03-20 20:00:30";"Good app sometimes hard to get ahold if people thoigh"
166436;;"2020-03-24 13:16:15";Great
166210;;"2020-03-26 19:48:41";"I love all the junk this site has to offer lol"
169249;;"2020-03-08 02:59:24";"It's a great app"
165912;;"2020-03-30 02:13:05";"Does not work when you are logged-in. Keeps crashing. practically useless as you have to log out to view listings. Contacted developer as instructed. Nothing changed. Did everything developer suggested. Still not working. Developer keeps saying the same thing like a broken record."
165692;;"2020-04-01 21:27:48";Excellent
169251;;"2020-03-08 02:43:55";"Easy to shop. Easy to sell."
165403;;"2020-04-05 07:17:38";"Interesting site not to familiar with it but I like an online garage sale"
165188;;"2020-04-07 22:26:18";"Very easy to sell items."
165144;;"2020-04-08 14:06:42";"I love this app and have sold a lot of stuff on it. My only complaint is the messaging dosen't always load"
163372;;"2020-04-11 17:59:19";"Love it"
163163;;"2020-04-14 05:54:29";"So exciting I just put my stuff out and I'm already getting offers."
163096;;"2020-04-14 23:13:29";"I LOVE LETGO!!!!"
162890;;"2020-04-17 00:37:18";"Wont let me look at pictures, when i open and add it opens chat box and cant get out of it...."
162824;;"2020-04-17 18:43:04";"Bought my wife a bicycle through letgo this morning. Smooth transaction and an excellent experience!"
162621;;"2020-04-19 12:21:06";"Great site and easy to use"
168779;;"2020-03-13 16:29:11";Lovett
162356;;"2020-04-21 06:46:55";"Won't load listings"
165434;;"2020-04-04 23:11:46";Boring!!.
162095;;"2020-04-23 18:11:48";"Everything you need you can most likely find it on hea."
165653;;"2020-04-02 07:11:27";"One of the best apps!!"
161840;;"2020-04-25 19:55:03";"My sister got scammed out of $110 trying to buy a Nintendo Switch, and Letgo has done nothing to help! Horrible customer service!!"
163403;;"2020-04-11 08:15:56";"Great job with the family is the only thing that has been the best thing ever to get the money for a few minutes to go back and forth between us is a great time"
161589;;"2020-04-28 03:51:50";"Everything i post I end up selling very good clients"
162320;;"2020-04-21 16:51:51";Good
161342;;"2020-04-30 11:16:21";"Awesome app"
161283;;"2020-04-30 21:35:49";"Easy to use"
161099;;"2020-05-02 10:46:04";"Very good app."
161041;;"2020-05-02 21:36:00";"I can't open it it won't open"
160860;;"2020-05-04 14:40:53";"So far so good :)"
160803;;"2020-05-04 23:04:26";"Bought a washer & dryer set on 4/26 and the seller offer me a 3 warranty. When I got home neither set was working. Took him a whole week to bring a replacement set. He ignored my calls and text messages. And the replacement set he bought doesn't work either. Called him about I have yet to hear from him.Reported him on the app and you guys still let him sell."
163407;;"2020-04-11 06:53:50";"My worse nightmare never ever buy anything that has no title you never know it was stolen most people that steal and try to sell stolen item without any title to any vehicle.Letgo will not help police or any law enforcement cause they are not responsible for it yes they are responsible they can be shut down n fine very heavy. This isnt a joke."
160569;;"2020-05-07 01:06:21";"Good reviews"
157513;;"2020-05-07 17:14:57";"the chat is horrible!! it spends 99% of the time 'connecting'. I was supposed to buy a car and when it was time to meet I sent a message to confirm and I didn't get a response. So, I check my phone that evening and a message was there with a time stamp from the time I contacted him earlier in the day.. so I missed the appt and he sold the car...."
157457;;"2020-05-08 03:52:22";"I don't know if it's my phone or the app but it won't even let me download it!! I deleted 15 other apps to try and download this and it's already the next day!!!"
168790;;"2020-03-13 14:10:18";"Wonderful experience so far. I wish it had bidding and auto relist...but overall no complaints. Thanks"
157228;;"2020-05-10 02:12:01";"One of the greatest swap meet apps out Maybe Just Maybe The best todate!"
161311;;"2020-04-30 17:32:57";"Great sopt"
157002;;"2020-05-12 00:58:08";"Love it !!"
156947;;"2020-05-12 14:49:32";Great
168460;;"2020-03-17 12:35:03";Great
156725;;"2020-05-14 04:31:33";Great
156750;;"2020-05-14 01:41:00";"Well right now it will be the first thing that I buy."
156506;;"2020-05-15 23:48:10";"It has a good amount of items to purchase."
156452;;"2020-05-16 13:39:38";"There's no safety from scammers which at least ga is like 80% of sellers, on top of that y'all filter options don't filter. So I deleted it till y'all do better."
166461;;"2020-03-24 01:48:02";"Help people do business"
156236;;"2020-05-18 00:56:44";"75% of items are just companies in your area selling to you. Add their ads and rough 85%-90% of items are companies selling items as full price. Letgo is trying to be the next Craig's list for selling, but all they are is another platform trying to make money on you with offering a craig's list concept as a secondary feature. Unimpressed since its launch I am doing what we all should do, Let go of Letgo by uninstalling."
156182;;"2020-05-18 14:38:16";"Always have good deals and uts a good site ,can find just about any thing you need and want.very pleased with it .thankyou"
161874;;"2020-04-25 15:07:08";Exellent
154440;;"2020-05-20 17:40:15";"Great app very useful and efficient"
154388;;"2020-05-21 02:29:08";"It would be great if people knew how to use it. A majority of the users keep posting ads without any description of the item they're selling. Also, the app keeps redacting what it thinks are phone numbers from the titles and descriptions, but I'm fairly sure it's mistaking various model numbers and specs pretaining to the item as a phone number. I like the idea of just snapping a photo and posting the item in one step, but it's not really practical."
162069;;"2020-04-23 22:04:31";"Commercial sellers abuse it"
154184;;"2020-05-22 23:33:58";"The app allows to many scammers to join to try and sucker people to buy stuff that they don't intend to sell at all......😠😠"
154133;;"2020-05-23 12:17:20";"So far I'm just learning but really don't want to pay. But I'm giving it a shot. I do like that it's local. I prefer not to ship."
161376;;"2020-04-30 01:28:41";"Lovely I sold and purchased things alway fast"
153934;;"2020-05-25 06:19:17";Good
153884;;"2020-05-25 18:57:47";"Great app easy to sell and make money"
161067;;"2020-05-02 17:33:32";"Good app to buy and sell on"
153688;;"2020-05-27 16:11:30";"I have sold or gave away things fast thanks to you"
153638;;"2020-05-28 02:45:23";Good
168795;;"2020-03-13 12:56:18";"Kept getting swallowed up...but someone did find me. It only takes 1 !"
168253;;"2020-03-20 02:43:29";Good
153398;;"2020-05-30 01:36:06";"Love it"
153349;;"2020-05-30 16:21:07";"Every time I search for an item on this app it returns more scam postings than it does legitimate ones. Seeing a half dozen unique users post the same exact fake ad. Should be an easy issue for Letgo to moderate. However that doesn't seem to be the case. Uninstalled..."
161879;;"2020-04-25 13:52:06";"Great app. Used it often to sell or purchased items."
153164;;"2020-06-01 07:37:25";"very helpful"
153116;;"2020-06-01 18:55:02";"I love this app .. sometimes it don't take long for something to get sold other times it might take time ... But I absolutely love this app"
156160;;"2020-05-18 17:41:39";"Good people and good merchandise"
166490;;"2020-03-23 18:00:21";"Love letgo always can find what i need"
152889;;"2020-06-03 19:14:55";Cool
152842;;"2020-06-04 04:13:42";"very easy to upload and download all your item"
160593;;"2020-05-06 22:32:26";"Location of items is way off. I set it to a 10 mile radius and it gives me 60miles away"
152668;;"2020-06-05 23:27:46";"I hate when u want ur ass kissed"
152622;;"2020-06-06 11:46:42";"Offerup > Letgo. Bad user interface in Letgo."
152576;;"2020-06-06 22:23:22";"Easy Fast and Convenient"
160841;;"2020-05-04 17:44:09";"Great app"
152408;;"2020-06-08 17:24:36";"I really enjoy this app"
152363;;"2020-06-09 00:42:53";"The thing I don't like about this app is when I set a radius on the distance I'm willing to travel, it still shows items way out of that range."
152389;;"2020-06-08 20:02:37";"Slow passing between pages but still good"
166238;;"2020-03-26 15:53:18";"There is nothing better #1buy&sell app hands down love it"
152156;;"2020-06-10 21:58:35";Ok
152112;;"2020-06-11 08:17:38";"They wrongfully removed a gas mask cuz it's a weapon...in a virus pandemic? Then they never got back to me. Oh n several others were selling exactly the same no problem. PLAYER HATERS!"
152068;;"2020-06-11 17:45:14";"Like this"
156488;;"2020-05-16 02:34:22";Awesome
166494;;"2020-03-23 17:39:00";"Sold my 1st item for a profit!"
151869;;"2020-06-13 05:09:00";"u on that one but it is not working and Ibad you up to this.. cool you can see for cast the whether.What you have is radars seeing if they can help..."
151826;;"2020-06-13 16:18:16";"This terrible app has been deleted from my phone for pandering to the latest political climate instead of just sticking to being an app. Also, this app sucks with lots of shady people and obvious scams."
153381;;"2020-05-30 08:15:13";"I cannot tell my personal information as to where l am for my personal safety . Had a very traumatic experience on 5/21/20"
161885;;"2020-04-25 12:28:58";"Very handy to buy and sell"
151634;;"2020-06-15 12:48:33";"Love it!!! Easy and fast way to sell your stuff. Listed items for a great deal, within minutes people were asking if it was still available. Sold several items within hours of listing it on letgo!"
151592;;"2020-06-15 20:35:44";Great
150050;;"2020-06-16 03:32:48";"Listed for only short time got quick results"
151896;;"2020-06-12 23:12:52";good
156490;;"2020-05-16 02:18:36";"AWESOME lol GREAT DEALS"
166194;;"2020-03-26 23:13:31";Great
149825;;"2020-06-18 02:54:57";"Haven't seen it yet"
149784;;"2020-06-18 17:25:45";"Easy to.use, a lot of local"
152141;;"2020-06-11 01:56:20";"Its good"
156765;;"2020-05-13 23:15:33";Yep!
169488;;"2020-03-05 12:50:25";"Couldn't even sign up app stops working"
149568;;"2020-06-20 20:35:11";Great
149528;;"2020-06-21 04:51:22";"The app is alright, but the distance feature is complete garbage. I'll set it to show me things that are 5 miles away, but it will still show things over 100 miles away. I don't get this. I've sold things on this app, but I can't stand when I see something I want and realize that it's so far away, even though I've set it to 5 miles and under."
151812;;"2020-06-13 18:25:55";"Good app, I've been contacted on several items I posted."
156168;;"2020-05-18 16:35:28";"Work well for me"
165175;;"2020-04-08 02:16:53";"Let it go, has not failed me yet"
149321;;"2020-06-23 09:09:01";ok
149282;;"2020-06-23 18:47:52";"Great app"
152608;;"2020-06-06 17:06:36";Great
165381;;"2020-04-05 13:48:26";"Greatest App for Buying Selling Anything 5⭐"
162321;;"2020-04-21 16:11:54";"Great app. I absolutely love to buy and sell stuff with LET GO"
149084;;"2020-06-25 15:55:29";"Great job simple great choices,thanks it a foot. Saver"
149046;;"2020-06-25 23:06:35";"Givin it a try."
149008;;"2020-06-26 07:34:24";"Nice alternative to 'offer up'.."
152652;;"2020-06-06 04:14:31";"Great but wish it would only show me what's being sold on my county."
153872;;"2020-05-25 21:45:39";"Doesn't work unless do update"
169259;;"2020-03-08 01:07:24";"Love it"
148824;;"2020-06-28 01:32:34";"I just got started"
148788;;"2020-06-28 13:21:56";"Feature listing can be more affordable for more days"
148752;;"2020-06-28 18:03:55";"So far so good."
149597;;"2020-06-20 15:48:39";"Good people on this app"
163418;;"2020-04-11 04:24:50";"I DON'T NO HOW TO BYE STUFF ?"
160850;;"2020-05-04 16:08:34";Cool
169288;;"2020-03-07 19:55:51";👏🏽👏🏽👏🏽
169050;;"2020-03-10 10:09:25";"I have brought many items from this website"
147008;;"2020-06-30 21:37:11";"It's not as popular as I thought but still some locals on here"
146973;;"2020-07-01 04:24:47";Perfecto
153923;;"2020-05-25 11:49:10";"Garbage spam!!"
151816;;"2020-06-13 17:19:37";"Easy to finding things close to you"
154174;;"2020-05-23 01:15:02";"Very easy to use!"
169006;;"2020-03-10 19:52:11";Ok
146776;;"2020-07-03 07:30:41";"I tried logging in using my google account. I have multiple accounts and it didn't even ask what account am I logging into, before saying that I have problem with it. I tried creating a new account through email. Brought me to 10 captcha and nothing happens. Take the advice from the name of the app, let go. Oh, check DO NOT SELL MY INFORMATION."
146742;;"2020-07-03 16:13:34";"Great app..."
146708;;"2020-07-03 23:10:04";"So far so good."
150039;;"2020-06-16 05:10:07";Great
151817;;"2020-06-13 17:16:32";"Don't use it, no way to return, or file complain ! I bought a used PC, no way to check all the option. Description was false, and seller doesn't respond to my messages Good app for cheaters! Waste of money!"
154124;;"2020-05-23 15:13:21";"Love this app"
168769;;"2020-03-13 18:11:43";"I've made many purchases through Letgo and have been very satisfied. Plus I just enjoy looking and seeing the different items people post."
146523;;"2020-07-05 21:51:48";"Would not let post a trailer to sale."
146490;;"2020-07-06 13:03:28";"Great app by all standard"
146457;;"2020-07-06 20:42:45";"Awesome 👌 🆒️"
146701;;"2020-07-04 00:06:05";"Always a good experience"
149560;;"2020-06-20 22:35:47";"Love it!"
152928;;"2020-06-03 10:45:39";"I have yet to buy stuff, though however i'm sure its coming... Just like Amazon."
157221;;"2020-05-10 03:15:27";"This app is one of the rare things in this world that does what you expect it to do, and does it well. Definitely worth the short amount of time it takes to install and setup."
165905;;"2020-03-30 03:17:56";Best
146252;;"2020-07-08 17:55:22";"It's okay trying to figure it out contact information on people how to contact people I'm unsure of I'm not real techno savvy I'll figure it out"
146220;;"2020-07-08 23:36:50";"So good so far"
146188;;"2020-07-09 13:26:39";"Its is a very useful and simple app. There is a bunch or complicated and confusing options and settings. Its very user friendly, and popular so it is a great buying and selling app."
156226;;"2020-05-18 02:41:38";"This app helps me find and get rid of items that no one else can get for the price."
152607;;"2020-06-06 17:22:16";"It's a really good app"
153109;;"2020-06-01 19:55:43";Awsome
157278;;"2020-05-09 18:23:08";"The App is good, but sellers don't respond easily"
141568;;"2020-07-25 13:43:50";"I like it, it's a good alternative to Craigslist."
141569;;"2020-07-25 13:26:36";"Great all"
141570;;"2020-07-25 11:13:33";"Is a good app 👌"
141571;;"2020-07-25 08:05:47";"Not as good as offer u,but comparable."
141572;;"2020-07-25 08:01:55";"Great app i have sold many items on here"
141573;;"2020-07-25 06:19:28";"I love its amazing more user-friendly UI"
141574;;"2020-07-25 06:04:49";"Very interesting. Nice shopping experience"
141575;;"2020-07-25 05:37:47";"I like everything about it easy way to make extra cash"
141576;;"2020-07-25 05:32:40";"Welp okay"
141577;;"2020-07-25 05:31:36";"This is really a great app. It allows you to buy and sell at reasonible pricing."
141578;;"2020-07-25 05:21:25";"I like letgo"
141579;;"2020-07-25 04:44:03";"Fairly easy app to navigate. Good for searching local deals. How the rest of the experience goes just depends on the other parties responsibility and tact."
141580;;"2020-07-25 04:14:09";"Everything is overpriced"
141581;;"2020-07-25 04:13:31";"ABSOLUTELY LOVE IT ❤️"
141582;;"2020-07-25 03:47:27";"Sold in under 5 hours"
141583;;"2020-07-25 03:46:21";"This is my first time. This is my first time.i havent had a chance to look yet."
141584;;"2020-07-25 03:24:19";"Starting to use letgo again i love this app and use ebay and facebook as well wait what did you say Craigslist what?? Lol"
141585;;"2020-07-25 02:56:15";"I love Let go. Great App! I give it a 5 TOPS"
141586;;"2020-07-25 02:54:53";Good
141587;;"2020-07-25 02:39:31";"Find lots of needed items"
141588;;"2020-07-25 02:35:05";"Great to make a quick buck"
141589;;"2020-07-25 02:28:42";"Great app! Used it once to sell a TV and had no problem at all. Was easy to use. I love looking around at all the stuff from near and far."
141590;;"2020-07-25 02:28:26";Great
141591;;"2020-07-25 02:27:13";"I have bought and sold on Lego every time it was quick and easy."
141592;;"2020-07-25 02:13:52";"Very good to buy and sell on"
141593;;"2020-07-25 02:02:49";"Good ap"
141594;;"2020-07-25 01:39:25";Recommend
141595;;"2020-07-25 01:38:35";"It's a great way to sell your junk"
141596;;"2020-07-25 01:33:45";"Great app to find great bargains"
141597;;"2020-07-25 01:32:02";"So far i can find what i am looking for"
141598;;"2020-07-25 01:29:09";"Sells your personal information while hiding that it does so. You need to specifically go to your settings and change it to 'do not sell my personal information'. It also sucks as a selling app as it constantly deletes posts thinking it's something prohibited. Tried to sell a makeup vanity, and it kept getting removed saying 'cant sell used makeup' even though I specified it was furniture."
141599;;"2020-07-25 01:00:30";"If you want to get scammed by someone this is the app. Lost 200 but not losing my dignity keeping this app."
141600;;"2020-07-25 00:59:48";"Really enjoy, easy to use"
141601;;"2020-07-25 00:47:03";"Great awesome let's me see who's Interested"
141602;;"2020-07-25 00:45:31";good
141603;;"2020-07-25 00:24:21";"Worked good but after the new update broke the app please fix"
141604;;"2020-07-25 00:04:41";Awesome
141605;;"2020-07-24 23:56:21";"Great app."
141606;;"2020-07-24 23:53:29";Good
141607;;"2020-07-24 23:43:31";"Good app nice people"
141608;;"2020-07-24 23:40:43";"The app is sooo glitchy Everytime I click on a product it won't actually let me view it at all it brings up the text box like it wants me to send a message about the product and I can't back out of it"
141609;;"2020-07-24 23:35:59";"Not done one yet Trying to see if its ok"
141610;;"2020-07-24 23:25:52";Horrible
141611;;"2020-07-24 23:22:19";"Hey my app is not working right now. Its not letting me post please help"
141612;;"2020-07-24 23:17:05";"Had a great experience 😎."
141613;;"2020-07-24 23:13:06";"Let go has done me so good. I have not had any problems @ all. I love this app. It is so much better than apps like Craigslist or wish. Thanks largo for bring so awesome and sharing awesomeness!!!!"
141614;;"2020-07-24 22:57:33";"very good app and community for selling and buying"
141615;;"2020-07-24 22:41:28";"love it. So easy"
141616;;"2020-07-24 22:08:16";Great!
141617;;"2020-07-24 21:53:01";"Needs to remind people to take down old items if they arent for sale."
141618;;"2020-07-24 21:50:59";"Great App ive been fairly lucky with all of my purchases recently bought a Honda Accord here .. The security feature is a plus . but they are not overbearing they will allow you to close the deal . Use common sense and discretion"
141619;;"2020-07-24 21:16:48";I....$,
141620;;"2020-07-24 21:10:03";"Love this app I recommend selling on that app people are nice this is the best selling app they sell your stuff on I would recommend downloading this app"
141621;;"2020-07-24 20:32:46";👍
141622;;"2020-07-24 20:24:43";"Easy, convenient, and fun! I just don't like having to adjust my search area all the time."
141623;;"2020-07-24 20:17:15";"It keeps saying that my account has been flagged"
141624;;"2020-07-24 20:15:51";"Amazing 👌 looking for a sword and I found one"
141625;;"2020-07-24 20:09:14";Nice
141626;;"2020-07-24 19:52:39";"Awesome App"
141627;;"2020-07-24 19:31:24";Great
141628;;"2020-07-24 19:26:33";Great
141629;;"2020-07-24 19:09:08";"Let go is great"
141630;;"2020-07-24 19:04:59";"I always make great deals. Easy to use and everyones very professional"
141631;;"2020-07-24 19:03:57";"Just started using it, like it so far but hate the ads!!! There's SO MANY ADS!"
141632;;"2020-07-24 18:58:59";"Whenever I select an item to view, the item comes up but grayed out only giving me the option to send the seller a message with no way to review the item. Please fix!!!"
141633;;"2020-07-24 18:58:13";"Revamping my old review the app is working fine now as should be.💯💯💯"
141634;;"2020-07-24 18:55:50";"Dealerships and shops shouldn't be able to spam on the app. I thought this was for the people."
141635;;"2020-07-24 18:54:11";"Can't review an item without asking a question.... stupid"
141636;;"2020-07-24 18:49:47";"Very convenient"
141637;;"2020-07-24 18:18:56";"Great service 👏"
141638;;"2020-07-24 18:03:17";"Awesome 👍 excellent deals!!!!"
141639;;"2020-07-24 17:45:11";"I neuter computers and laptops you do a good job explaining these two new people with computers thank you Deborah"
141640;;"2020-07-24 17:41:08";"Re installed yesterday and now phone is pocket dialing bypassing locked screen. An item deleted remains no matter what I do. It remains. A month later the deleted ads are still there."
141641;;"2020-07-24 17:11:45";"F****** Awesome. It comes in handy at the right moment when you need a cheap hand."
141642;;"2020-07-24 17:06:06";"Just started."
141643;;"2020-07-24 16:44:43";Great
141644;;"2020-07-24 16:43:01";"Very good app"
141645;;"2020-07-24 16:25:44";"Impossible to log in on the android app. You will not get past the ""Checking to see if you're a robot"" screen. Update: Contacted Letgo about this issue on July 8, 2020. Received a reply on July 9 with suggestions of things to try, none of which worked. Have written back 4 times now letting Letgo know that glitch remains. Have not received a response. Letgo may be intentionally leaving this glitch unresolved in order to eliminate accounts that sign in with an email address."
141646;;"2020-07-24 16:10:42";"Love this app"
141647;;"2020-07-24 16:09:05";"Let go is a great app for selling things you don't need anymore."
141648;;"2020-07-24 15:51:19";"Easy and great"
141649;;"2020-07-24 15:45:19";"I have stopped getting notifications altogether and have no idea when someone messages me regarding an item until hours or a day later. Have tried contacting tech support to fix the issue and done everything that was recommended and issue still has not been resolved. Messaged tech support 4 days ago and no reply. Very disappointing"
141650;;"2020-07-24 15:22:47";"This is the best app ever"
141651;;"2020-07-24 15:21:24";Amazing
141652;;"2020-07-24 15:18:10";"I'm loving it so far! No complaints with me!"
141653;;"2020-07-24 15:11:30";Awsome
141654;;"2020-07-24 14:54:03";"1st time user. So far so good. I really like the ease of it!! Learned how to chat."
141655;;"2020-07-24 14:27:48";"It's good"
141656;;"2020-07-24 14:19:52";"So far a great app but I am still new and always skeptical. After using this app for a few years now i will be unistalling this. This app went from good to unbelievably horrible. The search options for this are a joke at best and if your lookong for a used car, forget. It will take you forever to find something that a dealer didnt post alomg with no info before you click so most you dont even know ots a dealer offer until you click on it. If i coukd give negative rating i would."
141657;;"2020-07-24 14:14:13";"It not sell good my item to much to pay for just to have boost to sell your items"
141658;;"2020-07-24 13:53:29";"Most of sellers are not responding. I reported several times but looks it is a useless tool. Nothing is more annoying than a non responder sellers. Are they fake sellers?"
141659;;"2020-07-24 13:36:01";Great!
141660;;"2020-07-24 13:32:07";Awesome
141661;;"2020-07-24 13:08:48";"One of the best apps of its kind!"
141662;;"2020-07-24 13:01:53";"Always have the best experiences using this app"
141663;;"2020-07-24 12:56:34";Excellent
141664;;"2020-07-24 12:28:05";"This app has been very useful as a new tenant needing all sorts of stuff for a new home!!!! When you get the rite seller (someone honest truthfully and no scam!) it is the best app!!!"
169539;;"2020-03-04 21:19:06";"Great deals"
169298;;"2020-03-07 17:41:15";"Good to find stuff"
169216;;"2020-03-08 15:01:35";"It's great"
168978;;"2020-03-11 02:24:46";"Love it honest people and good deals"
168742;;"2020-03-13 23:03:10";"Satisfactory with potential yet unlocked but limited only by my own use."
168508;;"2020-03-16 18:27:59";Great.!!!
168276;;"2020-03-19 20:39:38";"Did suit yfipugutuuuui"
168199;;"2020-03-20 20:50:54";"I love letgo, ive sold alot and bought alot"
166435;;"2020-03-24 13:40:33";"Good app"
166209;;"2020-03-26 19:49:42";Good
169490;;"2020-03-05 12:24:26";"Its pretty useful"
165911;;"2020-03-30 02:16:02";"IAm on it looking now"
165691;;"2020-04-01 21:42:26";Great
169492;;"2020-03-05 11:22:51";"Love the deals"
165402;;"2020-04-05 07:18:18";"Connection always fails"
165187;;"2020-04-07 22:46:41";"Very good"
165213;;"2020-04-07 17:11:57";"Works every time"
163371;;"2020-04-11 18:24:11";"I got a working Xbox one for 40$🤯 dollars"
163162;;"2020-04-14 05:55:09";"It's a awesome app with awesome people and awesome deals"
163095;;"2020-04-14 23:22:34";"on the up side? since the way was bought to letgo and i did! Away went the toolbox, work table, member! hanging on. I did! Letgo. So i gave as i letgo... FREE....dom? Believeable unbeatable? 0 to 10 i think yur a 10, i can give you that with out letgo! Going up on comopation? move foward, let go! Is going before. Independant bussiness owner? How much! i want that! Letsgo! P E R F E C T 10 you could get that! Letgo! to have a (IBO) independant bussiness owner... Ya! On letgo for free."
162889;;"2020-04-17 00:57:23";"I got scammed twice on this app, I don't know what kinda of safety actions do they take when signing up but it's really not working"
162823;;"2020-04-17 18:43:29";Awesome
162620;;"2020-04-19 12:24:38";"Nice and easy to use app! But hey, why if I set distance units to km and limit it to 100 from Philly it still shows me ads from wherever it likes..? )"
163123;;"2020-04-14 18:34:34";"If i can get this house on here ill change it to a 5"
162355;;"2020-04-21 06:54:59";"'An error occured while loading new listings' x1000. The app hasn't been able to search for 72 hours now. What good are you then?"
165652;;"2020-04-02 09:05:14";Cool
162094;;"2020-04-23 18:12:25";"Absolutely amazing"
165725;;"2020-04-01 11:35:11";"I am attempting to respond to an offer but the app won't accept my response. The message appears as ""sending"" but nothing happens. I am unable to get in touch with the buyer and have no recourse provided by Letgo to correct the problem, My profile picture has been changed repeatedly ten times yet it doesn't change. The app is great as far as purpose but only fair as far as function."
161839;;"2020-04-25 20:03:13";"I get notifications , but can't open them . I get chats , but when l go to them , it says "" no chats yet "" , even though the chat icon shows l have some . Also the app seems to attract many scammers , and liars , who don't play on a level playing field . It makes the app seem unsafe at times ."
165151;;"2020-04-08 11:13:12";Awesome
161588;;"2020-04-28 04:00:58";"Very good app"
162384;;"2020-04-21 01:40:19";Good
161341;;"2020-04-30 11:29:53";Awesome
161282;;"2020-04-30 21:38:58";"I have a couple bucks due to past buy n sell dealings with"
161098;;"2020-05-02 10:47:06";"good coverage for selling items"
161040;;"2020-05-02 21:37:26";Nice
160859;;"2020-05-04 14:46:05";"Very good satisfied"
160802;;"2020-05-04 23:23:45";GREAT
165155;;"2020-04-08 09:10:32";"Good So Far...."
160568;;"2020-05-07 01:09:30";"I dont know how or why it suddenly flips back to original page after every item i check out"
157512;;"2020-05-07 17:27:28";Great
157456;;"2020-05-08 04:00:21";"I sell a lot of stuff on there and we eat a lot of really nice people and a few Shady ones too listen to what they say meet in public places that's good advice stick to it"
169027;;"2020-03-10 16:14:20";"great for local selling..."
157227;;"2020-05-10 02:24:10";"I have fun killing time when i am bored looking at what awesomely good deals i might find on letgo!!! Whoop Whoop oh yeah!!!"
161370;;"2020-04-30 02:18:00";Great
157001;;"2020-05-12 01:02:17";Good!
156946;;"2020-05-12 14:51:49";"App is junk keep getting errors trying to search."
165955;;"2020-03-29 15:41:48";"Uygulama iyi fakat satamıyorum"
156724;;"2020-05-14 04:55:57";"Hell yeah"
160830;;"2020-05-04 19:20:32";"Very easy to use."
156505;;"2020-05-15 23:52:29";Great
156451;;"2020-05-16 13:52:45";"Love it"
161314;;"2020-04-30 17:22:30";"NEVER WORKS PROPERLY! CAN BARELY EVER LOG IN TO MY ACCOUNT! RIDICULOUS"
156235;;"2020-05-18 01:08:59";"Looks just like the picture, as described. Arrived early, well packaged. Whaaaaaa??? Dude one of us is way too high"
156181;;"2020-05-18 14:56:53";"54 el ?6\"
162068;;"2020-04-23 22:20:50";"The let's go app. Is it convenient and Safe - way to sell buy or trade and make friends along the way"
154439;;"2020-05-20 17:41:40";"It super easy to use and you can find whatever do you want anything you can imagine"
154387;;"2020-05-21 02:29:46";"Love this app"
162132;;"2020-04-23 11:17:23";"Awesome app. Sell and buy so much on here. Reliable and format is user friendly."
154183;;"2020-05-22 23:37:25";"User friendly and practical"
154132;;"2020-05-23 12:17:49";"Was good until they added where you have to pay to post more than one car. I guess I'll just use facebook. I've used a boost here and there but to pay to post something is ridiculous you used to be like when Craigslist was good now you are greedy and lame ."
161564;;"2020-04-28 12:21:05";"Great app"
153933;;"2020-05-25 07:04:17";"It's been a good way to clear out a few things just lingering around, and puts $ in the bank... Thanks letgo!"
153883;;"2020-05-25 18:59:47";Good
157489;;"2020-05-07 20:55:54";"Good experience"
153687;;"2020-05-27 16:21:47";"5 star"
153637;;"2020-05-28 02:54:55";"disabled all notifications yet it still notifies."
168714;;"2020-03-14 13:27:09";"Pretty easy how you list your articles of clothing or whatever you want to sell and buy something to sell them that way upload them easy app"
168485;;"2020-03-16 23:38:54";🤟
153397;;"2020-05-30 01:53:13";Great
153348;;"2020-05-30 16:29:14";"This site is a total joke. You update to show no notifications and you get messages from them all the time. RIP off city, relelieved to remove the app from my phone. Beware of this scam site!"
162073;;"2020-04-23 21:14:58";Good
153163;;"2020-06-01 08:29:29";"App straight up doesn't work. Always says error no matter what I do."
153115;;"2020-06-01 18:56:20";Great!
156214;;"2020-05-18 05:59:00";"Nice app. Pictures show well."
168255;;"2020-03-20 00:55:42";"Great site"
152888;;"2020-06-03 19:29:27";"Love it!!!"
152841;;"2020-06-04 04:28:32";"Love it"
157493;;"2020-05-07 20:30:49";"Great sight for used ""stuff!"""
152667;;"2020-06-05 23:32:08";"Sold my Xbox for a great price and in less that an hour. Easy to put up too!"
152621;;"2020-06-06 12:57:50";"Only have had a couple transactions, each one has been great and luckily so have the people I have interacted with on here!"
152602;;"2020-06-06 17:39:44";Great
169023;;"2020-03-10 16:47:38";"Very good response"
152407;;"2020-06-08 17:26:49";Good
152362;;"2020-06-09 00:48:46";"Had no trouble selling things on here love it"
163353;;"2020-04-11 22:19:52";"Nice app"
160607;;"2020-05-06 18:40:38";Good
152155;;"2020-06-10 22:17:54";Good
152111;;"2020-06-11 08:22:34";"Love it you have to show me my password please help me out"
152067;;"2020-06-11 17:46:37";"no way to report bad seller. no easy way to contact if you have problems"
161620;;"2020-04-27 23:25:11";"Stop annoying me People that use your site are lying THIEVES Stop NOW !!!!!"
168259;;"2020-03-20 00:19:16";"Use very much bought my harley here"
151868;;"2020-06-13 05:39:57";"Very helpful"
151825;;"2020-06-13 16:20:57";"So even apps are starting to be political black lives matter definitely uninstalling this app"
153430;;"2020-05-29 20:58:23";Outstanding😁
162079;;"2020-04-23 20:13:09";"Excellent way to do local buys"
151633;;"2020-06-15 12:56:12";"Very easy to use for buying I'm sorry The questions below do not allow yes answers"
151591;;"2020-06-15 20:58:08";"Is it just me or does this app NOT WORK?"
150049;;"2020-06-16 03:39:10";"Love it so far."
161082;;"2020-05-02 14:49:31";"Letgo has messed the app can't chat with buyers."
161372;;"2020-04-30 02:07:19";"Very helpful."
166420;;"2020-03-24 16:28:16";"Love the platform of free markets"
149824;;"2020-06-18 03:10:42";"Its ok 👌"
149783;;"2020-06-18 17:35:07";"Luv it"
162338;;"2020-04-21 13:19:47";Awesome
156933;;"2020-05-12 16:58:52";"Easy to use. Nice integrated chat."
168262;;"2020-03-19 23:44:33";"I love this app"
149567;;"2020-06-20 20:54:49";"Really helpful"
149527;;"2020-06-21 04:52:18";"Love the app. Just wish they wouldn't show items that are what I'm interested in unless they are in my area. Ive had several things I've wanted to buy that are in different states even though I've set my location to my area only."
151855;;"2020-06-13 11:08:55";"Sold things on it"
156222;;"2020-05-18 03:27:07";"Searched for a nintendo DS and got clothing items in the search results and only 2 or 3 results that was a nintendo DS"
165390;;"2020-04-05 10:44:01";"Unreal mesmerizing"
149320;;"2020-06-23 09:11:04";"Let me win?!!!!!!!!!!!"
149281;;"2020-06-23 18:48:16";Great
149515;;"2020-06-21 08:29:36";"Bought a few good thingz off it n they worked,so yay"
153911;;"2020-05-25 13:51:39";N/A
161330;;"2020-04-30 14:16:52";"Great app"
149083;;"2020-06-25 16:04:32";"just wanted to try it"
149045;;"2020-06-25 23:25:29";"Frozen on the message screen Everytime i open the app asking if the product is available."
149007;;"2020-06-26 09:37:52";"If your selling you cant.respond to your potential buyer cost you alot of sales I'm going back to craigslist."
150038;;"2020-06-16 05:33:25";"Instant apps"
153922;;"2020-05-25 12:11:54";"Easy to use"
162084;;"2020-04-23 19:37:36";"Best selling app my go to place offer up is just not that good! There is one feature I wish this app for example I bought something from someone that did not work so they blocked me that shouldn't be allowed. It makes bad people on this app for that I lowered my rating. Also can you add a follow page like offer up has where you can follow certain sellers because I would have followers who buy a lot frome to see first"
148823;;"2020-06-28 01:32:52";"Love cause it quick and easy simple to use"
148787;;"2020-06-28 13:27:35";"Can sell alot of items"
148751;;"2020-06-28 18:20:03";"Great app intreteyment for buying and sell"
160846;;"2020-05-04 17:02:09";"Very good"
163139;;"2020-04-14 13:43:43";Awsome
161031;;"2020-05-02 22:55:19";"Just downloaded the app can't get pass the letgo page?? What is wrong??"
169529;;"2020-03-04 23:06:24";"Have had good response on items."
169289;;"2020-03-07 19:55:32";"Its nice easy to use an i like it i ve bought great items even a car still running and met new true people"
147007;;"2020-06-30 21:42:02";"To many aids"
146972;;"2020-07-01 04:27:41";"it is really nice for you to make this for other people that actually needs to stuff but I'm really young and I wanted to sell one of my drawings but obviously no one wants that but it's okay I'm really young so I really don't know how to use this but I'm putting it 4 stars because it's really nice of you to do this ."
151581;;"2020-06-15 22:27:02";"Great app"
151859;;"2020-06-13 08:47:49";Great
163414;;"2020-04-11 04:54:40";"I found a lot of good deals."
162347;;"2020-04-21 09:17:08";"Worked fine until recently. Now it just says ""error loading page"". I've tried to uninstall and reinstall several times with no luck."
146775;;"2020-07-03 08:30:05";"Great and stuff"
146741;;"2020-07-03 16:15:21";"For a person that had to start all over again, this has been one of the most helpful apps. I was able to furnish my new home with excellent quality items within my budget. Thanks letgo!"
146707;;"2020-07-03 23:32:16";"I have searched for house hold items and run across things I want to buy! Thank you!"
148744;;"2020-06-28 19:07:43";"This app is the absolute shiznit!!!! So easy to use and navigate, been making money with this app for years."
151860;;"2020-06-13 08:39:12";"It good but it hard to sell stuff on haven't sold one thing on here."
154175;;"2020-05-23 01:05:09";"BEST PAWN SHOP / LET GO SELLER IN BALTIMORE . FAIR PRICES AND HONEST OWNER AND EMPLOYEES . MY FAMILY HAS BEEN COMING HERE FOR YEARS AND ALWAYS ENJOY THERE SERVICE . CHECK THEM OUT ON LETGO ."
162087;;"2020-04-23 19:15:27";Great
146522;;"2020-07-05 22:38:03";"I liked it"
146489;;"2020-07-06 13:50:30";Great
146456;;"2020-07-06 20:46:05";Good
146735;;"2020-07-03 17:18:56";Excellent
149600;;"2020-06-20 14:48:00";"The way to go"
169028;;"2020-03-10 15:58:41";Superb
157277;;"2020-05-09 18:31:09";"Thanks for solving the problem.. But there is an another Major problem too. You need to change your image slider asap. I'm sure you know what problem it has."
165979;;"2020-03-29 11:12:29";🤘
146251;;"2020-07-08 18:11:12";"This dumb app kept forcing me to message people instead of having me look at the product and the description. Useless, and would not recommend at all."
146219;;"2020-07-09 00:02:11";"Very good sight. I can scroll for hours looking for things, anything i need."
146187;;"2020-07-09 13:26:51";"It helps to move faster"
152146;;"2020-06-11 00:58:29";"Always been a good experience"
149777;;"2020-06-18 18:57:15";"Great Tku"
153157;;"2020-06-01 10:49:04";"Basically a price gouging app. This app has turned into an unregulated price gouging site since covid. Inflatable pools, toilet paper, sanitizer, n95 masks, computer parts are all inflated. In the case of pools, over twice the retail cost.... Avoid."
157451;;"2020-05-08 04:41:45";"Hey it's dp guys love y'all"
141824;;"2020-07-22 18:15:53";"Awesome buying and selling app. Not as many fraudsters but they are on here so just always becareful. Any items that are rediculously cheap or seam to good to be true, chances are it's a scam artist. Other than that, great experiences with.my.buying and selling."
141825;;"2020-07-22 17:47:20";N/A
141826;;"2020-07-22 17:43:18";"Annoying notifications that can't be turned off! No matter how many notifications you un-select, you still get little reminders and unwanted tips."
141827;;"2020-07-22 17:41:22";"Everybody so helpful , & polite"
141828;;"2020-07-22 17:35:14";"Usually find what I'm looking for. And able to sell what I post."
141829;;"2020-07-22 17:30:14";"This app has wasted my time and energy. The people on here will overcharge. Try to make horrid trades and call you the idiot. They will say when you can get something and then block you. They don't respond in time. They also post and then never respond to you. Its a huge waste of time."
141830;;"2020-07-22 17:13:17";"So far things r great .thank u"
141831;;"2020-07-22 16:35:34";"Better than 5 miles!"
141832;;"2020-07-22 16:06:23";"I wish I could actually see what I'm searching for instead of a bunch of random things I'm not looking for."
141833;;"2020-07-22 15:42:34";Good
141834;;"2020-07-22 15:29:06";"Stuff is priced too high"
141835;;"2020-07-22 15:02:47";"Great app and I have 70 five star reviews (Faz-2020). But now I don't get any notifications anymore and not only me everyone that uses it. I have met buyers/seller and we don't get notifications anymore. We just check time to time to see if there's a message. Contacted customer service and they're tell me to troubleshoot my phone when I clearly told them in the message it's your server not the end user. Anyways. It was fun while it lasted. I am pretty sure people are gonna use this app less."
141836;;"2020-07-22 13:44:21";"It's a great place to sell what you don't want. Well, if someone wants what you are selling. 😁"
141837;;"2020-07-22 13:32:18";"Good up to a point, after that not good at all. While I'm using the app, it's fine until tap an item to check out. Then the page fades to a light gray . I'm unable to go any farther on the current page I'm trying to look at. This started about a month ago and has not changed. If it continues I will have no other recourse, but to uninstall the app and go some where else. I'm very happy with the app , until now."
141838;;"2020-07-22 13:29:12";"Used Letgo before. Great way to sell things."
141839;;"2020-07-22 13:27:54";Good
141840;;"2020-07-22 13:00:47";"Awesome site"
141841;;"2020-07-22 12:43:44";Great
141842;;"2020-07-22 12:18:53";"For some reason I am no longer receiving notifications (any notifications). 6 people messaged me for items I'm selling and I was never notified despite having all the notifications turned on in the app and in my device settings."
141843;;"2020-07-22 11:00:06";"With recent update chat will not connect. Force stop and clear cache still same issue."
141844;;"2020-07-22 10:57:40";"This app has many issues. Chats don't load and pictures are low quality. Facebook marketplace or OfferUp work much better on Android."
141845;;"2020-07-22 10:52:24";"Doesn' allow copy of description or data"
141846;;"2020-07-22 10:37:49";"It doesn't push notifications anymore when you receive a message (unless the app is open). I already set it to run in the background and have it full permissions. I'm on a S10. Everything is updated and I allowed permissions, reset the app, uninstall and reinstall, clear cache, reset settings and a bunch of other things. I'm not happy anymore."
141847;;"2020-07-22 10:14:51";"I've downloaded this app before and I had no trouble selling anything, and a week or so ago I couldn't get into my account, it was because this lady asked which side of town I live on, I told her and she reported me, when letgo support emailed me back it said I was underage and had to have my parents sign a paper saying I can sell things, I dont want to be that woman that complains but for me to use this platform I had to go to the actual website, I cant use the app its locked me out."
141848;;"2020-07-22 08:46:02";"Cool man"
141849;;"2020-07-22 08:44:20";"Is one of the best undescribable e outrageously find apps I can possibly think of use in order to get rid of your unwanted or even your more outdated items hell even if you got s*** this up today this is the way to make money in friends I mean she's my French but let's face it you you know you using e Bassy to buy everything for a dollar 99 so did you enjoy your day today this is like royalty here but hey Lego people you guys are the shiznit with a quickness I think you need to be recognized"
141850;;"2020-07-22 08:32:37";"good app"
141851;;"2020-07-22 08:13:33";"it's a good app and all but people are selling their stuff used stuff for what they paid for at the store and sometimes for more than what they paid for it at the store which is kind of shity to and that's not what this app is about it's for people to sell their stuff at a reasonable price especially because it's used and doesn't have a receipt and buying it at the store you can at least return it within 30 days people should be more considerate and not trying to get rich off their used stuff"
141852;;"2020-07-22 07:20:00";"Has always been easy to use. No hassle People are friendly. No drama."
141853;;"2020-07-22 05:53:39";"Always find a good deal on here!"
141854;;"2020-07-22 05:51:14";"Easy to use!"
141855;;"2020-07-22 05:37:40";"Worthless if you're trying to sell anything. Do not use this app. It is complete garbage. I'm fairly sure they actually block chats unless you give in to their up sell tactics based on the amount of views I received versus no offers on my products. Everything I was going to sell is going in the garbage on Thursday. Let Go is a complete waste of time."
141856;;"2020-07-22 05:34:41";"Love that i got a whole back yard worth of fencing for free, and a $3,000 playground for free as well and much more!! Thank youu. I love letgo now!!"
141857;;"2020-07-22 05:30:12";Good
141858;;"2020-07-22 05:29:04";"Its okay"
141859;;"2020-07-22 05:24:11";"Pretty cool stuff"
141860;;"2020-07-22 05:11:43";Loveit
141861;;"2020-07-22 04:27:50";"Will not load like a normal app and can't log on through a notification."
141862;;"2020-07-22 04:04:18";"There are problems with the app"
141863;;"2020-07-22 04:02:17";"I love it."
141864;;"2020-07-22 03:47:38";"It's pretty good, better than I expected.."
141865;;"2020-07-22 03:35:07";"They flagged my account for no reason. And i told them and they didnt do anything about it."
141866;;"2020-07-22 03:34:08";"I bought a couple things include a beautiful bedroom set, the app is user friendly. This is the first place I search for any used item."
141867;;"2020-07-22 03:28:46";"Very easy to use buy and sell items 👌"
141868;;"2020-07-22 03:19:42";"First time user and I can't even signup for a new account. It said my email address was already in use. Tried resetting the password (even though I'm completely new to the service), and it didn't send me any reset link. Totally fumbled from step 1. Uninstalled."
141869;;"2020-07-22 03:09:14";"Great way to buy and sell"
141870;;"2020-07-22 03:02:15";"Lot of liars who sell bad stuff."
141871;;"2020-07-22 02:55:00";"Its an ok app but i cant messages any one about their item for sale. It keeps telling me the item is posted in a different country when its just two counties over from me. This is not the first time this as happened and its also doing the same thing to my wife so i know its not my phone. Very disapointed in you letgo fix the issue with out hassel"
141872;;"2020-07-22 02:42:06";"Great app"
141873;;"2020-07-22 02:27:59";"Im really love this app"
141874;;"2020-07-22 02:17:09";"I don't know how I feel about this app to get what you want to sell featured you have to pay for it but I'm selling stuff to get money because I'm broke so why would I want or be able to pay for it being featured. Just downloading the app it should just be sure it people sell stuff to get money and you guys are basically saying that you can't sell it unless you pay to get it featured."
141875;;"2020-07-22 02:15:51";"Best place to buy and sell by far"
141876;;"2020-07-22 02:13:45";"What experience the app continues to close itself before I can use it"
141877;;"2020-07-22 02:01:36";"Must use !"
141878;;"2020-07-22 01:59:21";"So far so good I have sale alot of let go"
141879;;"2020-07-22 01:49:55";"I used to love this app until about a month ago every time that I get on it and look at a product and click on it it just freezes and asked me if I'm interested and if I want to send a message like I haven't even seen the product yet"
141880;;"2020-07-22 01:43:00";"Very easy to post , I have sold many items using this app."
141881;;"2020-07-22 01:07:38";"Love it beats any app"
141882;;"2020-07-22 01:04:24";"Love it every body I have had brought something from was very very nice we all meet in a safe place"
141883;;"2020-07-22 01:03:09";"This suck there is no to edit my post they cut my money I could not verity my ph either"
141884;;"2020-07-22 00:57:35";"Its ok. Most of the posts are misleading though & u have to be careful u arent buying stolen goods. Sure is easy to use though"
141885;;"2020-07-22 00:30:09";"Other than everybody always asking for half of your asking price, then never through when you do agree on a price other than the interpersonal interactions it's a good app"
141886;;"2020-07-22 00:26:56";"Not a bad overall app could use improvement with location settings..."
141887;;"2020-07-22 00:14:44";"Just a great app!"
141888;;"2020-07-21 23:55:19";"Get respond quickly it was nice"
141889;;"2020-07-21 23:51:50";"Easy to use for a first time user."
141890;;"2020-07-21 23:47:28";"It's great when you're lkg for something u need, like going to the swap meet w/o driving!"
141891;;"2020-07-21 23:37:30";"It is a very good app to sell stuff, but the design is a bit clunky, which makes it hard to find things. Everything else is perfect"
141892;;"2020-07-21 23:02:05";"Love the new item point & price feature"
141893;;"2020-07-21 22:38:34";"Great app but sometimes if you look up something it will show you something else"
141894;;"2020-07-21 22:29:03";"Great app exceptional"
141895;;"2020-07-21 22:12:07";"It's really a nice app I have bought and sold many stuff using it."
141896;;"2020-07-21 22:11:40";"Awesome platform!"
141897;;"2020-07-21 22:08:20";Good
141898;;"2020-07-21 22:06:25";"Great app..I love letgo"
141899;;"2020-07-21 21:22:49";"bushra farooq very good"
141900;;"2020-07-21 21:14:19";"Everyone is so friendly and helpful."
141901;;"2020-07-21 21:08:51";"Very easy to use."
141902;;"2020-07-21 20:59:08";"It was a good way to sale.🙂"
141903;;"2020-07-21 20:57:47";"Not that great"
141904;;"2020-07-21 20:20:18";Good
141905;;"2020-07-21 20:14:27";Good
141906;;"2020-07-21 20:11:38";"Terrible app now that you have to pay to post vehicles. I had a vehicle posted and changed my mind. So i took it down i went to add another listing of a vehicle and it told me i needed to pay to do so i will be uninstalling"
141907;;"2020-07-21 20:01:09";Bueno
141908;;"2020-07-21 19:51:43";"Crazy fast sales!! Wow! Love it!!"
141909;;"2020-07-21 19:25:14";"List of issues (please pass to your QA department): 1)The search needs improvement. For example, I search for ski poles and it gives me every single ad with the word ""ski"" and every single ad with the word ""poles"". This is not what I'm looking for! [Update] slightly improved: first few hits are ski poles but when they run out of them they feel like adding all kinds of ads with both search words 2) annoying notifications and they keep coming up with new notification categories that keep popping up: I couldn't care less when someone added my ad to their favorites or what is trending [update: the excessive creativity has been subdued] 3) when opening the message from the notifications the app takes long time to open, longer than other apps on the device 4) update: selling a laptop, trying to add similar model names - ""T530”. The app converts it to ""T [PHONE NUMBER HIDDEN]"" 5) chat messages get stuck as unread and no matter how many times I have read them they show as unread - annoying 6) the most potential buyers ask ""where are you located?"" - something to be fixed in the app - the user must see that location is there in the ad - usability issue 7) messages never arrive in the last 2 months or so; I had to open the app to see someone messaged me 2-3 days ago"
141910;;"2020-07-21 19:21:41";"Love it"
141911;;"2020-07-21 19:20:30";"Always says I'm not connected to the internet when I quite clearly am. Multiple uninstall/reinstall as well as update cycles. Cleared cache, data, etc ... I'm done. Sold my items elsewhere and deleting this app forever."
141912;;"2020-07-21 18:49:49";"Interacting with buyer now - for free. If the sale goes well, I will donate something to Letgo in good spirit. Thank you."
141913;;"2020-07-21 17:57:45";"The app has been very effective in helping me sell many items."
141914;;"2020-07-21 17:43:01";"Beneficially helps promote. Was able to already sell two cars!"
141915;;"2020-07-21 17:24:24";"Thus,I'm oh so happy, now.....ask me later.....it's later and I'm totally astonished by the simplicity of the app and the vendors.....A really GREAT JOB, Thanks."
141916;;"2020-07-21 17:20:22";"All of my buying I have done on here hasbeen great experiences so far. Love this site!"
141917;;"2020-07-21 17:15:19";"Love how easy it Is to use"
141918;;"2020-07-21 17:04:59";"Streamlined; picture-posting sux"
141919;;"2020-07-21 17:02:58";"Easy to use"
141920;;"2020-07-21 16:49:21";"never use"
169538;;"2020-03-04 21:28:59";Good
169297;;"2020-03-07 17:45:26";"very easy to use"
169243;;"2020-03-08 04:07:20";"When im messaging someone.. i cant see the picture of the item?? Just the texting.."
168977;;"2020-03-11 02:29:27";"Easy to use"
168741;;"2020-03-14 00:05:00";"Love let go"
168507;;"2020-03-16 18:35:46";"Why does my listing for a bb gun keep getting discarded, it isnt a firearm its just a bb gun. There are litterally semi automatic co2 rifles up for sale and my tiny little pistol gets taken down bc what? Someone at letgo cant intellectually tell the difference between a toy and the real thing ? Your policy says no guns yet you leave up ak47 rifles bc it wasnt there when you were checking the latest feed. I bet i could sell crack pipes on this app using slang and youd never catch on lmao"
168275;;"2020-03-19 20:49:48";Awesome
168198;;"2020-03-20 21:06:52";"So far so good 😁😉😁"
166434;;"2020-03-24 13:48:34";Ok
166208;;"2020-03-26 19:53:14";"Great buys"
165984;;"2020-03-29 09:03:55";"I like the app. But could use improvement in the way My Camera allow's You to Price the Items that You represent. Some times it tells the the Camera it's something else. Why? Not Complain, I ""THOROUGHLY APPLAUD"", THEIR SERVICE... Keep GROWING!!!! Seller and buyer, Mr. Clinton Hughes..."
165910;;"2020-03-30 02:27:45";"Its a good app"
165690;;"2020-04-01 21:43:35";"Just got on this sight but it looks great to sell"
165472;;"2020-04-04 16:02:55";Fair
165401;;"2020-04-05 07:21:31";Good
165186;;"2020-04-07 22:56:38";"Good app"
165429;;"2020-04-04 23:26:27";"A good buy/sell platform but with the last update constant error despite removing app and re-installing again multiple times within last few weeks. Feed page errors out and when re-activating ad also errors out. Please correct."
163370;;"2020-04-11 18:30:15";"So far I haven't had problems."
163161;;"2020-04-14 06:22:48";"Tf These people be doin strait up"
163094;;"2020-04-14 23:26:43";Good
162888;;"2020-04-17 01:04:55";"Dont like it"
162822;;"2020-04-17 18:43:55";Great
162619;;"2020-04-19 12:33:06";"I like turtles"
163332;;"2020-04-12 04:55:51";"Its only one day in and it's saying it can't upload my news feed"
162354;;"2020-04-21 07:22:33";"F f o m"
165724;;"2020-04-01 11:40:01";Awesome
162093;;"2020-04-23 18:21:02";Awesome
165946;;"2020-03-29 17:59:47";"Love it"
161838;;"2020-04-25 20:09:53";"I love it it not the best but its an app that i count on when i need a new ATV"
168776;;"2020-03-13 16:54:51";"Great app"
161587;;"2020-04-28 04:19:05";"Number 1 selling app I always sell my items no problems quickly and easily!!!"
162585;;"2020-04-19 16:23:35";"Love it great response time"
161340;;"2020-04-30 11:34:37";"Can't seem to find anything in Fall River area I don't know what I'm doing wrong but why I have seen I like"
161281;;"2020-04-30 21:45:11";"Good app. Helps me make money"
161097;;"2020-05-02 11:18:43";Good
161039;;"2020-05-02 21:45:47";Awesome
160858;;"2020-05-04 15:07:38";"Update: Will be moving on to OFFER UP if issue isnt resolved very soon. Still cant send or receive messeges. Hell, ive been selling on letgo for a little over a month, have had pretty good sucess, I have a growing customer base with already 57. 5 star reviews...some of my repeat customers have been phoning me today saying that my account is blocked or their blocked. i usually have a steady stream of messeges to respond to but i havent had any for 14 hours now and not one explanation from LETGO!"
160801;;"2020-05-04 23:26:56";"Great App"
166465;;"2020-03-24 01:27:25";"Başarısız bir program, kullanımı zor, üründe fiyat değiştirmek istediğinde yüksek fiyatı otomatik olarak veriyor yoksa değiştirelemiyor. Aynı zamanda satmak istediğim iki tane ürün kendiliğinden kayboldu, tekrar fotoğraf çekip yayınlamak zaman alıcı. Sitenin bir elden geçmesi lazım diye düşünüyorum. Umarım bu tür geri dönüşümler dikkate alınıp daha iyi anlaşılır bir app inşa edilir."
160567;;"2020-05-07 01:17:39";"The constant expired listings needing to be reactivated are quite time consuming and annoying. This should be eliminated, as it does not exist on other buy/ sell apps."
157511;;"2020-05-07 17:39:43";"Love this app!!"
157455;;"2020-05-08 04:03:00";"Made good money on here and spent good money on here. Lol."
169266;;"2020-03-07 23:48:29";good
157226;;"2020-05-10 02:24:38";"Been on letgo for a while and its recently been Terrible - it will take items off of your selling feature if you simply EDIT the verbage and/or add pictures to the SAME ITEM. Very frustrating. Im not trying to jump ahead of the newer listing of other people's items to have my items show ""more recent"" on the feed, however the application assumes thats what's happening and will remove you items you're trying to edit or upload a better picture of that item"
161558;;"2020-04-28 14:49:29";"I've bought many items on Letgo and have been very satisfied with the app. It's great!"
157000;;"2020-05-12 01:03:18";"Great app"
156945;;"2020-05-12 15:09:11";"Awesome experience. Great App. Highly recommend it to everyone."
166179;;"2020-03-27 02:50:45";"Everytime I try to use this app it doesn't load anything to my feed at all it will say ""Oops! An error has occurred"" and when I check my notifications it will pop some things up that I'm interested in and then I click it all it says ""an error has occurred while loading new listings. Retry"" I tried uninstalling the app and reinstalling it but nothing worked. Please fix this issue"
156723;;"2020-05-14 05:00:49";"It was simple to figure this out."
156973;;"2020-05-12 06:38:37";"Communication on this app is great"
156504;;"2020-05-15 23:53:54";Great
156450;;"2020-05-16 13:56:09";Good
161373;;"2020-04-30 01:44:55";"Easy experience, chat, navigation it's all good for me!"
156234;;"2020-05-18 01:09:43";😆
156180;;"2020-05-18 15:13:14";Ok
162131;;"2020-04-23 11:32:59";"Positive responses"
154438;;"2020-05-20 17:52:45";"Too many scammers just yesterday I got scammed for $30 and he asked me for more money usually its 2 people teams another one yesterday i tried to pay through cash app and cash app was telling me that they are protecting me from this person So buyer beware if it sounds too good to be true it is letgo has no control over these scammers be very careful"
154386;;"2020-05-21 02:39:29";"Love this f****** app!!!"
162330;;"2020-04-21 14:53:47";Great
154182;;"2020-05-22 23:38:47";"Very easy to use and local sellers make things easy"
154131;;"2020-05-23 12:29:01";"Awesome n just so helpful t.y. guys!!!"
161624;;"2020-04-27 22:40:28";"Love the ease of looking at pics, but more info bout items should be required before posting."
153932;;"2020-05-25 07:12:20";Great
153882;;"2020-05-25 19:10:55";Good
166402;;"2020-03-24 19:26:30";"Good way to buy and sell"
153686;;"2020-05-27 16:44:49";"You should change it to show price on pics before having to click to find out it's way more then your looking to pay like on the browser like Facebook market place has"
153636;;"2020-05-28 02:59:24";"great app."
156212;;"2020-05-18 06:43:16";"Amazing app 👌👏"
168719;;"2020-03-14 11:21:27";"Good sales"
153396;;"2020-05-30 02:00:58";"Great deals great trading"
153347;;"2020-05-30 16:29:21";"For some reason over the last 3 weeks I'm seeing items all over the country instead of just my area. I find items and contact the buyer only to realize they are 500 miles away!!! What going on???"
162136;;"2020-04-23 09:34:13";"The app always has errors when looking at normal listing. Have Uninstaller and reinstalled and still the same issue. Probably just going to stop using the app because it doesn't let you search for anything anymore. Has been like this for a little over a week."
153162;;"2020-06-01 09:34:49";"I search for RVs and Van's it shows me radios phone /misc I said search in my home town and it shows me items 100 miles away"
153114;;"2020-06-01 19:06:10";"It's handy, but the filtering options suck. I put in rainbow vacuum, setting the category for home appliances, and not only do the Rainbow vacuums not show at the top, one of the first 2 was some kind of hair thing. I put in chest freezer and got lots of mini fridges, then bookcases! And every search I've ever tried has given me similar erroneous results. I finally figured out how to shut off all the notifications other than people responding to my ads, but what a horrible app."
166463;;"2020-03-24 01:31:26";Ok
168487;;"2020-03-16 23:06:45";"Lo F did 2l P o"
152887;;"2020-06-03 19:38:37";"As soon as we downloaded app we were buying! It has been a great buying experience. Will definitely recommend this app."
152840;;"2020-06-04 04:38:15";"Burna app"
165659;;"2020-04-02 05:18:24";"It's good"
152666;;"2020-06-05 23:47:00";"Great experience no problem communicating with seller."
152620;;"2020-06-06 13:13:39";"Awesome thanks"
152648;;"2020-06-06 04:44:45";"Its easy to use"
161080;;"2020-05-02 15:01:17";"Easy app to navigate. No bad experiences thus far."
152406;;"2020-06-08 17:29:02";"Years upon Years of Good Services from this app. Im literally using it now. Haha. 10 out of 5 stars."
152361;;"2020-06-09 01:06:37";"Sold several items on Letgo"
153914;;"2020-05-25 13:38:07";"Love the app easy to use."
160785;;"2020-05-05 02:28:06";"Froze on me.. I uninstalled deleted than reinstalled ap 2x... still frozen"
152154;;"2020-06-10 22:33:02";"Not worth my time"
152110;;"2020-06-11 09:05:25";"Love this app!!"
152066;;"2020-06-11 17:52:02";great
156707;;"2020-05-14 10:38:20";"very good"
168491;;"2020-03-16 22:17:09";"Great app responds in seconds"
151867;;"2020-06-13 06:23:27";"Very good"
151824;;"2020-06-13 16:30:29";"great.very helpeful"
160602;;"2020-05-06 19:48:48";Good
162142;;"2020-04-23 05:45:05";"Easy,friendly people"
151632;;"2020-06-15 13:42:50";"Awesome app qyick responses and excellent way to sell tgings you cant use or dont need to make extra cash!!"
151590;;"2020-06-15 21:04:41";"Turned off all notifications. Still getting notifications. Instant 1 star. And suck it cause that's ridiculous."
150048;;"2020-06-16 03:39:45";"I use it always to sell the stuff I don't need"
153377;;"2020-05-30 09:00:06";"I love this app!"
156709;;"2020-05-14 10:31:16";"Too slow."
166496;;"2020-03-23 16:24:10";"I love Letgo!"
149823;;"2020-06-18 04:07:51";"Great place to try and sell stuff on"
149782;;"2020-06-18 17:58:33";Ok
153428;;"2020-05-29 21:27:43";"I l"
156988;;"2020-05-12 04:08:27";"I have enjoyed letgo for years now.. Sold and bought items"
168494;;"2020-03-16 21:48:01";"Used it several times, it's great"
149566;;"2020-06-20 21:08:39";"Great app but beware of scams.. and shaddy peaple wanting to know were your located at..and ware your stuff is. Then dont show up .🤔🙄🤷.."
149526;;"2020-06-21 04:55:17";Great
151898;;"2020-06-12 22:53:12";Good
165146;;"2020-04-08 12:47:37";"Thank you"
165461;;"2020-04-04 17:25:47";Good
149319;;"2020-06-23 10:57:04";"Very good app, easy to navigate and lots of fair deals."
149280;;"2020-06-23 18:48:57";"Always fine I good deal here with no frustration."
149555;;"2020-06-20 23:36:38";"Extremely disappointed that the link to the item I'm selling does not go to the item I'm selling it goes to a play store app to try to download let-go so they don't advertise for us and they cut up our ability to send and share our links to share our items. Why us this an issue??"
153385;;"2020-05-30 06:39:31";"Great app to sell"
165655;;"2020-04-02 06:39:56";"This app has a lot of excellent stuff."
149082;;"2020-06-25 16:10:01";"Dosen't open"
149044;;"2020-06-25 23:28:44";Badass
149006;;"2020-06-26 10:29:49";"The 2 searches I put in absolutely nothing showed up on the page but other ones did. Unistalled"
151580;;"2020-06-15 22:38:44";"Works great! Only wish there were more filter options when searching."
163121;;"2020-04-14 18:54:55";Good
169019;;"2020-03-10 17:07:55";"it's my favorite go to for buying and selling locally!"
148822;;"2020-06-28 01:33:43";"U need to sign up beford u can use They r mining ur data"
148786;;"2020-06-28 13:42:52";"Love the bargins"
148750;;"2020-06-28 18:24:08";"Love it"
152874;;"2020-06-03 22:11:37";"Good to find things for cheap"
153387;;"2020-05-30 05:39:52";"It's good to be able to search for specific items but if it's Way Beyond your travel range it's very difficult to eliminate ads for objects that are $10 and thousand miles away"
161089;;"2020-05-02 13:14:38";"Great to kill time with !!!"
148576;;"2020-06-30 05:55:22";"Love it"
169530;;"2020-03-04 22:48:50";"Love it!"
147006;;"2020-06-30 22:02:20";"I have a great day"
146971;;"2020-07-01 04:31:42";Great
148743;;"2020-06-28 19:09:34";"Easy to use!!!"
151902;;"2020-06-12 21:53:27";"Just want to see notificatons.. I get random notifications on my ZTE android. Otherwise good app."
154378;;"2020-05-21 05:08:11";"It's the best to find good deals at all hours"
165944;;"2020-03-29 18:06:39";"Doesn't work, just says ""an error had occurred."" Useless"
146774;;"2020-07-03 08:43:03";"Just started but nice"
146740;;"2020-07-03 16:24:29";"Great app 👍"
146706;;"2020-07-03 23:42:09";"SELLS ONLY MY AREA,CONSTANTLY ASKS 4 MONEY UP GRADS,SO GOOD BY DONE."
148780;;"2020-06-28 14:15:21";"Excellent app"
151903;;"2020-06-12 21:52:48";"In the real estate section, you could minimize all the mattress sales."
163346;;"2020-04-11 23:40:23";"Love this website not collect a lot of stuff off of it....."
168468;;"2020-03-17 04:27:26";"Easy and convenient and works too! Tend to sell most everything I post!"
146521;;"2020-07-05 22:43:46";"Its workable. But sucks when one wants the item and NEVER get back to ya. I think you should be able to pay online.due to distance of two people. Have a signed document saying pay then send. Ebay sucks. Letgo should pick it up."
146488;;"2020-07-06 14:00:57";"Love it's Yes"
146455;;"2020-07-06 20:53:11";"I like it"
146769;;"2020-07-03 09:58:15";"It's great"
160555;;"2020-05-07 03:41:26";"It sucks. Most sellers don't respond in a timely manner or at all. When you do get a response, they aren't really ready or available to sell their items. Some people waste your time driving far away just so they end up flaking. Often there's something wrong with the items and they won't tell you before you drive to meet them. It's such a hassle and unreliable way to buy things. I've gotten lucky a few times buying from here, but usually it's a huge waste of time. The app interface needs work too"
153108;;"2020-06-01 19:58:21";"Great app for getting good deals on things."
157450;;"2020-05-08 04:48:16";"So many scammers on here. They lie in their posts, stall until you don't have time to make sure everything is right. The report system seems to do nothing. Had my very first purchase set the precident.Stalled for 2 hours after I got to the meeting spot, made me drive another 20 minutes to some gas station to meet him instead and then sold me a 500gig Ps4 when he said it was a 1T PS4 in the posting.Even verified that in person. Contacted him when I got home and noticed. No response. Great start.."
166203;;"2020-03-26 20:15:28";"Always great deals"
146250;;"2020-07-08 18:39:01";"Great for local buy and sell, you can set notifications to get let you know when items that you want pop up."
146218;;"2020-07-09 00:14:43";"Easy to find deals"
146186;;"2020-07-09 13:28:48";"Fast and friendly services"
156170;;"2020-05-18 16:20:03";"Doesn't work. Very buggy"
149818;;"2020-06-18 04:58:32";"The app advertises jobs available but then charges you for the job. How can I make any money answering jobs for housekeeping when I will get charged for each job I enquire about."
162868;;"2020-04-17 04:28:58";Good
157507;;"2020-05-07 17:46:08";"Love let go"
142080;;"2020-07-20 01:46:34";"New buyer love it"
142081;;"2020-07-20 01:38:51";"Love it"
142082;;"2020-07-20 01:38:46";"Actual postings are fine, shared links don't take me to the item. The links take me to open the app from the app store. I even already would have the app open."
142083;;"2020-07-20 01:29:45";"I'm really pleased"
142084;;"2020-07-20 01:02:41";"Don't like the update when I click on something instantly wants me to message them before I can even look at pics or the description of the item as of now I'm giving it 3 stars if it wasn't for what I said above I'd give if 5"
142085;;"2020-07-20 00:40:40";"great app"
142086;;"2020-07-20 00:35:50";"Exhausting upsell notifications. Virtually no natural interaction on posts with several photos and detailed descriptions. Asked several times a day to pay for improved viewing. On top of the in-app ads it's excessive. My goal isn't to pay more than my items are worth to have them viewed."
142087;;"2020-07-20 00:31:31";"Sell stuff"
142088;;"2020-07-20 00:13:23";"Always have had great experiences with buying and selling !!"
142089;;"2020-07-20 00:11:33";"There's a glitch where it brings up chat when clicking item. It wont let you read description or scan pictures"
142090;;"2020-07-20 00:09:45";"I have used this app a lot In the past but ever since the last update. it will not let me view a listing without bringing up the chat menu. I am not going to purchase something I can't see first. so basically this app has become useless to me"
142091;;"2020-07-20 00:00:26";"indefinitely possible positivity"
142092;;"2020-07-19 23:28:26";"Trash..cant even get past catcha.."
142093;;"2020-07-19 23:21:39";"Luv the diffrent veriaty.. From furniture to cars.. Ect.."
142094;;"2020-07-19 23:11:55";"Great App"
142095;;"2020-07-19 23:09:17";wow
142096;;"2020-07-19 23:02:45";"It's a useful app"
142097;;"2020-07-19 22:27:23";"Wonderful friendly people"
142098;;"2020-07-19 22:19:43";"If someone hacks your account and you report it to them they WILL NOT close your account I complained 5 or 6 times still receiving messages from people who want to buy stolen watches."
142099;;"2020-07-19 22:13:28";"The app is good, it can't control scammers and people's behavior. It's up to them."
142100;;"2020-07-19 22:03:29";"Lots of options"
142101;;"2020-07-19 21:41:25";"Great app helped us tremendously..."
142102;;"2020-07-19 21:31:19";"Good app to use"
142103;;"2020-07-19 20:52:27";"Best app I've ever had I sold over a thousand items on let-go"
142104;;"2020-07-19 20:51:34";"Good app thank you letgo"
142105;;"2020-07-19 20:43:33";"Questions pop up soon as I look at a listing and I can't look at other pictures"
142106;;"2020-07-19 20:03:10";"It easy to use a child could do it"
142107;;"2020-07-19 19:58:50";"Nice app. Works great."
142108;;"2020-07-19 19:54:34";"Some people put tires on there and they put the word tires.... let me have to read it and check it go into it look for what kind of tires they are what size and then there are the wrong rim size and people do that for tires wheels and lot of other things when your needs to be things knowing like bolt patterns because nobody knows if they fit your vehicle or not or what kind of vehicle that came off of so if I had any complaints it would be people not describing what they're selling in more detai"
142109;;"2020-07-19 19:28:12";"It's a cool app..🤗😁"
142110;;"2020-07-19 19:21:34";"I find awesome deals all the time!"
142111;;"2020-07-19 19:20:24";"The Letgo app is easy to use."
142112;;"2020-07-19 19:11:43";"I am fine with everything except for the fact that I won't get a notification when someone sends me a message. FIX IT!!!!!!"
142113;;"2020-07-19 19:08:31";"Great experience! Great response rate! Easy to use platform."
142114;;"2020-07-19 18:58:55";"Great things"
142115;;"2020-07-19 18:58:02";"Always have a good experance on let go can find what i look 4"
142116;;"2020-07-19 18:47:50";"I love all the things you can buy on one app"
142117;;"2020-07-19 18:10:22";Awesome!
142118;;"2020-07-19 18:09:09";"Just started using let go"
142119;;"2020-07-19 18:06:45";"Easy to use, safe and always secure.."
142120;;"2020-07-19 17:59:58";"Nice work"
142121;;"2020-07-19 17:49:55";"App great but overall to ight now would be a 1 my account has disappeared. Wtg"
142122;;"2020-07-19 17:48:01";"Easy to use. Accurate ads, reasonable prixed premium features."
142123;;"2020-07-19 17:41:48";"Like it so far just signed up"
142124;;"2020-07-19 17:38:10";"Not the easiest way to buy and sell your stuff."
142125;;"2020-07-19 17:37:28";"Not good at this but letgo has been very helpful"
142126;;"2020-07-19 17:27:02";"I love this App !"
142127;;"2020-07-19 17:23:52";"I purchased a 24 hour boost and it went through but it's not work"
142128;;"2020-07-19 17:14:30";"I Love Letgo! Always so many new things to look at 🙂 Many Great Deals Daily!!"
142129;;"2020-07-19 17:14:03";Great
142130;;"2020-07-19 17:13:13";"İt is perfect"
142131;;"2020-07-19 17:13:03";Pos
142132;;"2020-07-19 17:09:27";Fun
142133;;"2020-07-19 17:04:03";"Terrible app, extremely glitchy, several people have told me they messaged me when I never got their messages, app crashes on me all the time, and they hardly show your posts to anyone unless you pay to upgrade your listing to a premium spot."
142134;;"2020-07-19 17:03:37";Good
142135;;"2020-07-19 16:55:50";"A recent change makes it impossible to sign in on the android app. I have tried with two different phones running Android 5.1 and 6.01. It hangs at the ""Making sure you're not a robot"" screen. So I have to use the web interface which is rather difficult to manuever."
142136;;"2020-07-19 16:53:34";Excellent
142137;;"2020-07-19 16:33:04";"Great app works well the bots need to be removed but other then that there everywhere else the bots I mean"
142138;;"2020-07-19 16:15:00";"Simple and safe."
142139;;"2020-07-19 15:51:13";"Most situations have worked out well. Dealt with a few people who lied about condition and age so be wary of that otherwise this app has worked well for me."
142140;;"2020-07-19 15:49:48";"Well designed, very user friendly, works as it should"
142141;;"2020-07-19 15:41:50";"Shitballs donkey kong!?!?!"
142142;;"2020-07-19 15:28:55";"I love it"
142143;;"2020-07-19 15:18:52";"Good app"
142144;;"2020-07-19 15:18:03";"Can not seem too put my phone down lol I love all the stuff that people want to get rid of."
142145;;"2020-07-19 15:16:28";"You need more improve their describing what they sale"
142146;;"2020-07-19 15:09:47";"I got a beauitful day bed from letgo for $60 the day bed look like it cost $160 we made out and my baby girl is happy so im very happy"
142147;;"2020-07-19 15:06:30";Love
142148;;"2020-07-19 14:52:29";"Great Letgo or sell it to me."
142149;;"2020-07-19 14:38:40";"Awesome 👍"
142150;;"2020-07-19 14:31:06";Nice
142151;;"2020-07-19 14:21:17";"Good, this is my first time on this, but I like it so far"
142152;;"2020-07-19 14:03:13";Amazing
142153;;"2020-07-19 13:24:04";Good
142154;;"2020-07-19 12:48:14";"Issues with app opening to check messages. Messages not loading."
142155;;"2020-07-19 12:44:53";"This app is amazing"
142156;;"2020-07-19 12:40:16";"Always a variety"
142157;;"2020-07-19 12:39:18";Good
142158;;"2020-07-19 12:38:41";"Great finds"
142159;;"2020-07-19 12:26:50";"Easy layout and notifications are in real time! Simply post, wait, set up exchange and get paid!"
142160;;"2020-07-19 11:49:16";"Excellent pop"
142161;;"2020-07-19 11:27:13";Awesome
142162;;"2020-07-19 10:42:34";"Its been working out selling on this app since I downloaded it Great for Me !!"
142163;;"2020-07-19 10:11:59";"Mostly junk."
142164;;"2020-07-19 09:58:42";"Easy to use and easy to make sales or buy. I like this app.thanks."
142165;;"2020-07-19 09:22:42";Excellent!!
142166;;"2020-07-19 07:56:11";"Excellent and helpful experience"
142167;;"2020-07-19 07:00:45";"Love this app"
142168;;"2020-07-19 06:45:15";"Very Usful and easy. Thank you"
142169;;"2020-07-19 06:14:03";"Simple to use and Visually Helpful"
142170;;"2020-07-19 05:11:31";"Is well"
142171;;"2020-07-19 05:00:07";"Very easy to find what you are looking for!"
142172;;"2020-07-19 04:59:51";"I have been using it for a year and love it."
142173;;"2020-07-19 04:51:54";"The app worked for a day and then I was not able to send or receive messages even though I was conversing with potential buyers. I tried restarting the app and my phone. Nothing worked. No idea how many sales I lost."
142174;;"2020-07-19 04:07:21";"Everything is smooth GREAT APP"
142175;;"2020-07-19 03:35:35";"I love let fo its really easy to use . It is actually easier than some of the other popular buy sell and trade apps .this app is great for image browsing."
142176;;"2020-07-19 02:46:59";"I love it 😍"
169537;;"2020-03-04 21:34:41";Awsome
169296;;"2020-03-07 17:58:49";"Love it when I see some things i want"
169484;;"2020-03-05 14:21:02";Ok
168976;;"2020-03-11 02:31:19";"Does NOT load items"
168740;;"2020-03-14 00:23:56";"Love it"
168506;;"2020-03-16 18:43:15";"It's addictive never know what you may find!"
168274;;"2020-03-19 21:19:55";"Pretty nifty !!!"
168197;;"2020-03-20 21:38:01";"Its a good app"
166433;;"2020-03-24 13:52:43";"Really need to allow sellers to move pictures in the order we want. I have personally never sold anything on this app - I have better success with the competitors because I can edit and move pictures in the order that is more pleasant to buyers."
166207;;"2020-03-26 19:56:04";"Very well formatted it does need some Improvement in certain areas like I had it for a month and then I wasn't able to log on because it said it was under review for no reason at all for two weeks until I messaged the issue to the operators other than that it's been great"
165983;;"2020-03-29 09:31:20";Ok
165909;;"2020-03-30 03:03:56";"Location is bad."
165689;;"2020-04-01 21:47:52";Great!
165471;;"2020-04-04 16:16:21";"letgo has turned sluggish. I typically wait for over two minutes for pages to render. Offerup is snappy. I was contactedby letgo & directed to the usual update & restart. I'm not going to be using apps that are requiring updates more than anually. Bye bye."
165400;;"2020-04-05 07:57:16";Awwsome
165185;;"2020-04-07 23:17:45";"Cant get this garbage app to load. It always says OOPS an error has occurred. Reinstalled it twice. Done with it."
165647;;"2020-04-02 11:00:22";"I love this website, I have enjoyed saving on great items!"
163369;;"2020-04-11 18:30:33";"I dont get my free post anymore . For the last few months no free ads"
163160;;"2020-04-14 06:25:01";Cool
163093;;"2020-04-14 23:48:13";"Me gusta"
162887;;"2020-04-17 01:13:53";"Easy to sell things and fast. Love it."
162821;;"2020-04-17 19:06:38";"This site is far to limited in it's listings. If your a larger seller, it's not for you at all. Go to e-bay .They take down even your militaries items, like insignia etc. They will not refund your money even when an item was taken down moments after it was posted.. Sold forever 50 years, never seen people like this. They take down Butane lighters because they are 1960's collectibles that are in the shape of a gun, a gun 3 inches long I could go on, but your items will be very limited.."
162618;;"2020-04-19 12:50:01";"Very efficient"
163400;;"2020-04-11 10:36:41";"I really enjoy buying off of letgo"
162353;;"2020-04-21 07:34:30";"App needs updating"
165945;;"2020-03-29 18:01:38";"100 times better than craigslist. I can see all the items a seller has up for sale"
162092;;"2020-04-23 18:29:57";"It gets me what I want."
166170;;"2020-03-27 05:19:34";Grsat
161837;;"2020-04-25 20:15:25";Good
165436;;"2020-04-04 22:53:43";"Great for shoes"
161586;;"2020-04-28 04:22:28";Good
162650;;"2020-04-19 03:57:14";"Great App"
161339;;"2020-04-30 13:15:26";Amazing
161280;;"2020-04-30 21:49:53";"Good experience in purchasing items"
161096;;"2020-05-02 11:29:54";"NOT AVAILABLE IN UK - wish the app had informed me this before I created an account!"
161038;;"2020-05-02 21:53:44";"Great experience"
160857;;"2020-05-04 15:09:39";"It's okay"
160800;;"2020-05-04 23:41:05";"Great use it for looking for cheap deals"
165440;;"2020-04-04 22:27:48";"Excellent site not only buy sell or trade its a good way to meet others I am a collector I was able to meet people who collect items like myself"
160566;;"2020-05-07 01:25:17";Great!
157510;;"2020-05-07 17:42:50";"Its great"
157454;;"2020-05-08 04:04:47";"I prefer offer up. For some reason this app always blocks my chatting with people I want to buy items from. Or it will show half my message and is too glitchy. I've given this app three chances and I'm done with it. OfferUp is way better"
169507;;"2020-03-05 04:35:07";"Good for local buying and selling"
157225;;"2020-05-10 02:33:04";"Çok guzel"
161618;;"2020-04-27 23:35:07";"Good values. Entertaining trading!"
156999;;"2020-05-12 01:26:09";"Very good deals"
156944;;"2020-05-12 15:39:22";"Easy to use, really good exposure, good safety Monitoring"
166405;;"2020-03-24 18:57:59";"Buy or sale stuff excellent"
156722;;"2020-05-14 05:11:08";Delishuous
168791;;"2020-03-13 13:42:30";"Awesome you guys Rule!!!!!"
156503;;"2020-05-15 23:55:31";"I like this app"
156449;;"2020-05-16 13:59:20";"Absolute favorite buying and selling app. I have never had ANY problems with buyers or sellers."
161561;;"2020-04-28 14:00:28";"Love it"
156233;;"2020-05-18 01:09:59";"I appreciate that the app is easy"
156179;;"2020-05-18 15:18:52";Good
162329;;"2020-04-21 14:55:13";"Pretty good results in the past."
154437;;"2020-05-20 18:13:29";Good
154385;;"2020-05-21 02:47:26";"This app is great I really love it!!"
162394;;"2020-04-21 00:31:08";Good
154181;;"2020-05-22 23:42:35";"Great app"
154130;;"2020-05-23 12:43:28";"Gave it 3 stars for the overall idea and concept but I wound up uninstalling letgo and offerup from my phone. Its just annoying reaching out to sellers for something you're interested in purchasing off of them only to not get a respose. If you have the patience of a rock embbeded in the dirt then this app is perfect for you. I for one cant wait for alot of stores to open up again and just buy things that way. Ill deal with less idiots and free up some valuable space on my phone in the process."
161815;;"2020-04-25 22:49:13";"It is faster than offer up."
153931;;"2020-05-25 07:49:31";"For sale"
153881;;"2020-05-25 19:25:28";"Its .okay."
160601;;"2020-05-06 19:52:00";"It's a very helpful sight to go on specially when you break something and you need one quick are you need quick cash for something yes it's a great way to sell and buy things"
153685;;"2020-05-27 16:50:14";"Very danger site to sell things and wasting money if you pay for the service."
153635;;"2020-05-28 03:07:41";"Great shopping experience. Whatever u are looking for u can usually find on here."
166181;;"2020-03-27 02:28:05";Awesome!
168799;;"2020-03-13 11:52:43";"Good idea but hard to get anything sold"
153395;;"2020-05-30 02:11:37";"Seems to be a poor control over who can post things on this app, I have encountered a few suspicious people who are definitely trying to scam and get a quick payment. So I wonder why there is no way to confirm the identity of the people that are selling on this app. Other than that it has a great potential."
153346;;"2020-05-30 16:33:07";"great store to sale things unwanted items..3-5 tops depending on whats salling..if you put a pair pants..and letgo somone else has put the same .well it may vary to sale..its to many of the same article..but just limite to wat ur salling a diff.stuff..it should sale qwick"
162334;;"2020-04-21 14:23:03";"It is all good. I love this app. They should have more apps that is like this app that i am on now. Thank you so much, and God Bless you all. Peace out."
153161;;"2020-06-01 09:54:47";Mükemmel
153113;;"2020-06-01 19:09:10";Great!
156430;;"2020-05-16 15:33:41";Good
168721;;"2020-03-14 10:08:22";"It's an amazing app. Some cheap and great prices."
152886;;"2020-06-03 20:00:47";"All those notifications on it that are enabled by default are super annoying. I live in the middle of nowhere so there really isn't anything to look at either."
152839;;"2020-06-04 05:06:54";Descent
160605;;"2020-05-06 19:15:31";"Some ups and downs with people who ask about an item and just never respond back but other then that is good app"
152665;;"2020-06-06 00:06:40";"Very pro"
152619;;"2020-06-06 13:21:34";"Pretty bad in search results. It never shows local results."
166167;;"2020-03-27 09:49:50";"Great bargain prices"
163337;;"2020-04-12 03:02:10";"Great place to buy & sale. Thank You LetGo"
152405;;"2020-06-08 17:32:07";Great
152360;;"2020-06-09 01:20:40";"Im trying to sell 2 kayaks. When I post the second kayak it keeps deleting my other kayak saying I am posting the same thing twice. What should have taken 10 minutes is now taking an hour. I'm done with letgo. This is a frustrating app. Time to delete this app and move on to an easier app."
152603;;"2020-06-06 17:36:17";"It's a great app"
160842;;"2020-05-04 17:33:53";Fantastic
152153;;"2020-06-10 22:52:54";"Ive always had the best of luck on letgo"
152109;;"2020-06-11 09:31:56";"Make quick and easy cash"
152065;;"2020-06-11 17:58:26";"Good for selling small to mid items quickly"
156762;;"2020-05-14 00:21:40";"Love it ,its like shopping from home"
168725;;"2020-03-14 06:28:11";"Its made for regular people! It takes minutes, to make money"
151866;;"2020-06-13 06:46:40";"Better than a pawn shop"
151823;;"2020-06-13 16:39:06";"Racist company supports black lives but not native Americans"
153621;;"2020-05-28 05:40:46";"Nice like the app"
162340;;"2020-04-21 12:39:36";"App wont search anything no update available."
151631;;"2020-06-15 13:47:05";Trash
151589;;"2020-06-15 21:46:14";"Definitely good platform for individuals that like to sell and or buy things"
150047;;"2020-06-16 03:41:36";"This is Fun!"
152096;;"2020-06-11 14:11:05";"I sold a ton of stuff thanks to letgo"
156764;;"2020-05-13 23:41:19";"Your network has been bad for over a week now can't login in, even when it login can't chat with the seller please work on your app before it get out of hand."
168261;;"2020-03-19 23:53:46";"Great stuff it's like I don't even have to go anywhere"
149822;;"2020-06-18 04:22:22";"Moved from OU to here, and its a releif. However, you have to deal with scammers ALL the time who are posting daily"" for free items"" trying to get rip off your money by shipping the item to you but asking payment first. Also they contact me from ofher states!. Let go must do something about it to get rid all the scammers opperate all the time here, even after they be eliminate their fake accounts they are ALWAYS coming back!"
149781;;"2020-06-18 18:11:05";"Love thia app"
152348;;"2020-06-09 04:50:54";"Love it sale it"
163132;;"2020-04-14 15:29:27";"I like the reminders about the status of my items. However, I don't like the reactivation process in that my desired price continuely gets dropped, so that it is not worth listing."
168728;;"2020-03-14 04:05:14";"Just like OfferUp: Full of scammers, rude, unreliable buyers, ridiculously high prices, and ridiculously low offers. Stay away."
149565;;"2020-06-20 21:13:04";Good
149525;;"2020-06-21 05:12:21";"The reviews system is complete garbage. You need to wait for the seller to review the buyer in order for the buyer to review the seller? What if somebody sells you a defective item and you can't review them to warn others not to buy from them? You really need to change that review system."
160843;;"2020-05-04 17:23:06";"Great app for selling and buying!"
156438;;"2020-05-16 14:55:40";"So far so good. I have sold almost most of my things. People are flakey . MAKE SURE TO LET THE BUYERS KNOW YOUR STANDARDS ON SHOWING UP AND THE TIMES TO SHOW ."
165679;;"2020-04-02 00:25:22";"Please don't make us pay for posts."
149318;;"2020-06-23 11:15:42";"Great app"
149279;;"2020-06-23 18:49:38";Nice
149595;;"2020-06-20 15:56:05";"A lot of great items low prices and free... If you are short on finances..."
153434;;"2020-05-29 20:16:03";"Great Scott!!!!"
161577;;"2020-04-28 07:26:17";"Make tht $$$$"
149081;;"2020-06-25 16:14:25";Good
149043;;"2020-06-25 23:47:00";"Really nice Easy to access"
149005;;"2020-06-26 10:47:05";"The app works well enough and functions nicely, but people often lolly-gag and don't show upto look at or purchase products."
151622;;"2020-06-15 15:40:24";"L{be ittttttttttt[ttttttttttt"
154121;;"2020-05-23 15:36:02";"I was looking for a motorcycle. I found one and bought it via letgo. Very helpful. Not helpful is continuing to get notofications for used bikes after I have turned off that function twice. Shall I uninstall this app or will you see my review and fix it? .....inquiring minds want to know. Oh also, it would be nice if prices were attached to images."
162345;;"2020-04-21 10:57:29";"Been using this app for a long time. Here recently it's coming up just showing load errors. Not letting me to browse past the first page. I've uninstalled this app and reinstalled it hoping it would fix the issue. It worked for about 15 mins. I then went back into the app and it went right back to the same issues. Hope they fix this issue I really like the function of this app."
148821;;"2020-06-28 01:43:12";"Not that bad"
148785;;"2020-06-28 13:55:30";"Good app"
148749;;"2020-06-28 18:33:16";"Good experience so far"
149773;;"2020-06-18 19:50:51";"I have not had any problems with meeting people to buy stuff off of Letgo."
153436;;"2020-05-29 19:28:42";"i love the app, but think u need to check into people scammers trying to sell cars ty"
162060;;"2020-04-23 23:45:05";"It's wonderful when these things work how you want them to ..."
148575;;"2020-06-30 06:02:05";"Still needs better improvement ! For viewing sale items and contact information from noneseller infro so their less chop down negoation.."
147040;;"2020-06-30 15:28:33";"I heard good things about this app but boy were they wrong. All this app did was constantly ask me to pay money to move my listings to the top. When people would send me a text it wouldn't notify me right away and I would lose that potential sale. I'd rather have a yard sale than use this app!!"
147005;;"2020-06-30 22:09:16";"The chat function disconnects too much"
146970;;"2020-07-01 05:28:17";"Great app for people who have too many things and do not want to throw them away why not make a buck or two !!!"
148779;;"2020-06-28 14:19:15";"Second time using letgo, I like how you don't have to ship it off what you're buying or selling. Can meet the person you're buying or selling it to to get your cash or item right away."
157496;;"2020-05-07 19:43:51";"Turned off all notifications but I still get them. Deleting this app. If I tell you I don't want to be bothered then don't send me notifications like ""Your horoscope says your getting a great deal today""."
154430;;"2020-05-20 18:54:14";"Love it"
162612;;"2020-04-19 13:06:27";"Crashes always Craigslist remains 👑👑"
146773;;"2020-07-03 08:45:20";Good
146739;;"2020-07-03 16:46:24";"Fun to shop for good deals locally"
146705;;"2020-07-03 23:48:27";"You flooded my phone with over 20 numbers that I do not know they were all in a chat room and none of us knew one another"
148816;;"2020-06-28 02:34:48";"Nice simple"
157440;;"2020-05-08 08:08:29";"Is cool"
154379;;"2020-05-21 05:07:46";"Love it because I can see what I want Mark it with a heart for later, or as my favorite or negotiate my price."
162348;;"2020-04-21 09:15:53";"Easy to sell. Good app"
146520;;"2020-07-05 22:54:40";"Turlock. Ca"
146487;;"2020-07-06 14:02:28";"To hard to get started"
146454;;"2020-07-06 20:58:46";"Yeah i love it"
163154;;"2020-04-14 10:16:55";"Love it been with them since started it's a good app but it want let u post but 1 item Hear latly it's getting worser .might have to go somewhere else to sell or buy"
152653;;"2020-06-06 04:02:11";"I been making money everyday since I pit my ad up😎💸💵🧹"
153156;;"2020-06-01 10:54:50";"Awesome 👍"
157506;;"2020-05-07 17:53:11";"No better app"
166429;;"2020-03-24 14:20:59";Good
146249;;"2020-07-08 18:52:00";"Wow does this app suck!!! Also no traffic never sell a thing here."
146217;;"2020-07-09 00:31:27";"Seamless, thanks"
146185;;"2020-07-09 13:31:50";"Easy and convenient!"
146967;;"2020-07-01 06:08:51";"Easy to use"
169044;;"2020-03-10 12:33:23";"Shopping made easier than before.."
153424;;"2020-05-29 21:46:07";Good
160563;;"2020-05-07 02:01:19";Good
142336;;"2020-07-17 19:19:18";"Page unfriendly unable to modify"
142337;;"2020-07-17 19:08:13";Great!
142338;;"2020-07-17 18:55:30";"I'm having the same problem. I can't review the item of where it came from."
142339;;"2020-07-17 18:55:14";Good
142340;;"2020-07-17 18:45:42";"Great prices and good people 100% satisfied"
142341;;"2020-07-17 18:42:35";"Love this app"
142342;;"2020-07-17 18:30:41";"Is reliaable and easy way to market items."
142343;;"2020-07-17 17:55:38";"Very nice app have bought many things"
142344;;"2020-07-17 17:47:47";"LOVE IT!!!"
142345;;"2020-07-17 17:43:06";"Ive had all the sell apps ..this one has sold EVERYTHING ...the others together..NOT ONE ITEM!!!"
142346;;"2020-07-17 17:29:16";"Great app for finding stuff"
142347;;"2020-07-17 17:09:41";"Great offers updated regularly."
142348;;"2020-07-17 17:02:28";"The app is easily navigable and it's easy to look through listings. It takes a long time to load, though. Sometimes it doesn't load successfully so there goes another minute to try again."
142349;;"2020-07-17 16:49:40";"Great site to find nice deals locally"
142350;;"2020-07-17 16:33:58";Good
142351;;"2020-07-17 16:24:52";"Scamming site no support to messages don't use."
142352;;"2020-07-17 16:10:46";"I love these sales"
142353;;"2020-07-17 15:35:39";"Have bought and sold many items"
142354;;"2020-07-17 14:56:11";"This is a great app"
142355;;"2020-07-17 14:33:56";"It's good selling stuff on but not really a place you want to go to buy stuff for cheap"
142356;;"2020-07-17 14:10:08";"Great app for buying or selling used and new items, among many other categories to choose from. Great place to find what you're looking for and a place to sell your own things too."
142357;;"2020-07-17 14:05:57";"Good way to sale things thats good deal"
142358;;"2020-07-17 14:05:49";Clear
142359;;"2020-07-17 14:04:04";"Amazing how fast things go with the website , although it still needs to be tweaked Abit ( suggest that they allow you to go to another sellers page from the review section of the seller ? ) Hopefully that can be done soon ! Enjoy the selling of items that I no longer need or items that I have accumulated over time , enjoy helping others as well , update , hope this update fixes the freezing of the chat section"
142360;;"2020-07-17 14:01:40";"Lots of good deals. Easy to use."
142361;;"2020-07-17 13:44:31";"Sweet app"
142362;;"2020-07-17 13:42:43";Good
142363;;"2020-07-17 13:13:58";"It takes a looong time to sell what you want but I like it! 👍"
142364;;"2020-07-17 13:06:25";"Had this app a while ago just recently downloaded it again most sailors are nice and considerate and will work with you"
142365;;"2020-07-17 13:02:21";"Every transaction has been smooth"
142366;;"2020-07-17 12:47:34";"Great deals to be had on Letgo and easy to sell stuff too"
142367;;"2020-07-17 12:29:53";Good
142368;;"2020-07-17 12:24:17";"I am new to Letgo but so far, so good!"
142369;;"2020-07-17 12:08:13";"Good site"
142370;;"2020-07-17 11:50:24";"Everything Craigslist is not and should be.."
142371;;"2020-07-17 11:04:12";"I cant view any posts. Everytime I click on one it only let's me send a message to the seller. I can't view pictures or read the description. Please fix this."
142372;;"2020-07-17 10:51:16";Good
142373;;"2020-07-17 10:01:38";"It's great keep up the good work"
142374;;"2020-07-17 09:21:59";"Do not know how to pay and when to expect arrival after I pay."
142375;;"2020-07-17 08:50:31";"Love it"
142376;;"2020-07-17 07:56:44";"Can't find what I'm looking for with searches"
142377;;"2020-07-17 07:37:34";"I had a similar experience with this app and I had a lot of ""friendly "" you wouldn't believe how much it is like the one that I was just on!"
142378;;"2020-07-17 07:23:51";"It's ok I bought a motorcycle for good price like 2 years ago haven't been able to get anything else I've like so far either ppl don't respond or they don't post the right price but most ppl negotiate with ya on prices"
142379;;"2020-07-17 06:55:48";great
142380;;"2020-07-17 06:55:29";"Fake profiles,fake emails,stolen car pics to scam,and the buyers are also on multiple fake accounts to deceive under different names,emails,pics,. Site is dangerous like Craigslist cause if they will go through all of the trouble to scam you they will kill,Rob, you when they meet up.you can report and block all day but the more you do it more pop up. Can't trust nobody but God..."
142381;;"2020-07-17 06:34:36";"Good my experience good"
142382;;"2020-07-17 05:04:00";"This app attracts too many scammers. You guys need to invest in a security algorithm or something because too many scammers are slipping through."
142383;;"2020-07-17 05:01:47";"Perfect for my buisness flawless smooth operations and easy to use"
142384;;"2020-07-17 04:41:02";"Works great"
142385;;"2020-07-17 03:24:15";"Can't easily see prices in feed. Do you expect me to go one by one looking at the price spending tons of time when you could have easily designed to show the prices like craigslist? Waste of my time and other. Will change my review once that is changed. For real I came back to write more after just using it 5min. Do me a favor and make these updates: let us copy the text of the title of the items so we can go on google and search for the retail price. Instead of blocking"
142386;;"2020-07-17 02:53:51";"Fast selling . Quick responses."
142387;;"2020-07-17 01:54:34";Awesome
142388;;"2020-07-17 01:49:27";"I have found this app more affordable than some other apps"
142389;;"2020-07-17 01:20:44";"Best sale sit hands down"
142390;;"2020-07-17 01:14:35";"Good site"
142391;;"2020-07-17 01:07:26";Great
142392;;"2020-07-17 01:03:37";"Very easy to use and sell your item's"
142393;;"2020-07-17 00:54:34";"Great app. I've sold about a dozen items and refurbished a bathroom and basement with finds from Letgo. It's easier to find what I want on this site than in the marketplace. I even search when I'm traveling and have found some great deals. Only wish I could delete my old or misspelled search names from the list."
142394;;"2020-07-17 00:43:17";"I cant get to download this app help please"
142395;;"2020-07-17 00:38:23";"Easy to use and sold my stuff within 48 hours love it thanks letgo"
142396;;"2020-07-17 00:34:49";Good
142397;;"2020-07-17 00:15:58";"Great app."
142398;;"2020-07-16 23:59:41";"This app was great now people are charging outrageous prices for their items"
142399;;"2020-07-16 23:52:11";"Very Good"
142400;;"2020-07-16 23:33:54";"I can sell super easy"
142401;;"2020-07-16 23:23:06";"They have everything and most people are legit"
142402;;"2020-07-16 23:21:09";"Awesome way of saling stuff"
142403;;"2020-07-16 23:09:07";"Good one seller gave me the run around"
142404;;"2020-07-16 22:19:39";"Great services"
142405;;"2020-07-16 22:18:04";"Love it"
142406;;"2020-07-16 22:00:20";"Great app I use it all the time to grab good deals"
142407;;"2020-07-16 21:52:59";"Great community app I find great deals & amazing deals on this site."
142408;;"2020-07-16 21:39:57";"Good BBC way tomsell locally"
142409;;"2020-07-16 21:36:07";"Great ,I love it"
142410;;"2020-07-16 21:23:19";"I love it very much"
142411;;"2020-07-16 21:16:44";"Excellent App"
142412;;"2020-07-16 21:09:03";"Having a very hard ti.e getting my messages"
142413;;"2020-07-16 20:57:49";Awesome
142414;;"2020-07-16 20:56:29";"Just as good as offerup"
142415;;"2020-07-16 20:54:00";"After installing, the app opened fine but when I do a search for anything I get this message: An error occurred while loading new listings."
142416;;"2020-07-16 20:51:28";"Become very annoying. Cant even view a post without automatic message popping up. Got to be able to view the post before sending a message. Seriously needs to be fixed."
142417;;"2020-07-16 20:39:15";"Yeah no"
142418;;"2020-07-16 20:32:05";"Sold a lot and got a lot"
142419;;"2020-07-16 20:31:35";"Love it"
142420;;"2020-07-16 20:16:18";"I love it thank you let go"
142421;;"2020-07-16 19:59:31";"This app is horrible! Chat section stops working mid sale! Total trash app! Lots of unfriendly people as well!"
142422;;"2020-07-16 19:54:47";"Great app, I used to use OfferUp but for a while I when I message people they don't seem to get it and when I post something it doesn't appear so this app is great"
142423;;"2020-07-16 19:53:59";"Quick results"
142424;;"2020-07-16 19:18:58";Great
142425;;"2020-07-16 19:15:33";"letgo is a fine place to buy and sell items."
142426;;"2020-07-16 19:15:13";"I want to sell Pokémon cards old ones"
142427;;"2020-07-16 19:12:01";"The app was updated July 8th 2020. I can no longer get into the app. I'm not recieving the magic link. I have emailed several times this week with no further reply or resolve."
142428;;"2020-07-16 19:07:03";"Worst app. Bunch of scammers on this website. Reported a user and still didn't receive my money back"
142429;;"2020-07-16 19:06:58";"Majority of Sellers are honest responsive and have quality goods."
142430;;"2020-07-16 19:06:49";"I try to use this cause it's what's popular in my area, but the app itself kinda sucks. If I'm scrolling and click an item, when I go back no matter how far I've been scrolling, it will reset everything and change the order of items, even if I already have a sort order selected. The categories are broad which is good I guess, but not regulated. There are advertising for actual items, some offering work, and then you get the thinly veiled prostitution disguised as ""housekeeping services."""
142431;;"2020-07-16 18:48:10";"Love this it's so simple and effective"
142432;;"2020-07-16 18:40:44";"Good app."
169536;;"2020-03-04 21:39:39";"It's simply a terrific app! A great way to either find something you need for a great price, or get rid of something you no longer need. I have only had one bad experience, and it wasn't the app's fault. I drove a half hour to go buy a bike from someone. He sold it to someone else before I got there, and didn't bother to let me know. You can rate sellers as well as buyers. If someone has a bad rating, take that into consideration. Otherwise, I've only had great experiences with LetGo."
169295;;"2020-03-07 18:13:10";"Someone Always has what im looking for"
169056;;"2020-03-10 05:31:57";"Good. Some ads are a bit old. But overall good"
168975;;"2020-03-11 02:51:00";❤️❤️
168739;;"2020-03-14 00:42:55";"Its a great way of having a yard sale on line or going to many yardsales."
168505;;"2020-03-16 19:06:06";"OK most of the time. There seems to be a lot of scammers though, then there's lots of good offerings. Just be careful and check things out."
168273;;"2020-03-19 21:40:53";Somple
168196;;"2020-03-20 21:38:38";"Great Deals"
166432;;"2020-03-24 13:56:49";"Very usefull"
166206;;"2020-03-26 19:56:48";"Love it"
165982;;"2020-03-29 10:07:13";"My problem with this program is lowering percentages to sell my stuff makes it almost not even worth selling if I have to lower the price I'm already asking lowest price. Also I've lost at least seven deals with someone because the caller sent me his address or phone number. immediately I lost all contact with them for breaking the rules and he broke them not me,but I suffered I got nothing for all my efforts at least seven. Should I check back with you but I'm not putting anything on this site they'll all expire in that time hopefully things will change thank you. But thanks for the opportunity"
165908;;"2020-03-30 03:04:15";"I love it"
165688;;"2020-04-01 22:15:56";"This is my first time looking for a car or suv"
165470;;"2020-04-04 16:25:27";"Havent sold a thing otherwise fighton"
165399;;"2020-04-05 08:21:34";"I been here for a while now meet good ppl dont change anything if its running good why mess with it"
165184;;"2020-04-07 23:53:54";"Ok o.o"
165719;;"2020-04-01 13:28:02";"I enjoy using Letgo!"
163368;;"2020-04-11 18:31:31";"I love it I buy good things I so happy with Letgo"
163159;;"2020-04-14 06:25:07";Excellent
163092;;"2020-04-15 00:02:03";Good
162886;;"2020-04-17 01:15:26";Great
162820;;"2020-04-17 19:32:41";Great!
162617;;"2020-04-19 12:55:37";"I'll give this app 3 because I like it when it works... the last several days it has not worked at all... I gave it a day or 2 to be repaired but it still refuses to refresh content... I can't search for anything... hope they get on it soon"
165148;;"2020-04-08 12:07:11";"Great app to find local things to trade or sale"
162352;;"2020-04-21 07:35:37";Great
166169;;"2020-03-27 05:28:28";"Love this one"
162091;;"2020-04-23 18:34:01";"Love it"
168537;;"2020-03-16 14:27:57";"Always right information good"
161836;;"2020-04-25 20:18:24";"Got scammed trying to buy a game console and letgo has done nothing to help"
165654;;"2020-04-02 06:47:54";Alright
161585;;"2020-04-28 04:27:44";"I love it it's better than shopping in person."
162854;;"2020-04-17 11:03:05";"I think this app is a waist of my time, I can't get anything sell on it, Every time I list something they take it down and said it does not follow their guidelines, I don't sell drugs or any weapons, I am just trying to sell some cleaning supplies and others to put some food on the table for my family, how can i recommend other to this site, if i can't get anything sell"
161338;;"2020-04-30 13:17:42";"I've sold what i expected to sell. Merchandise sells itself LETGO is the venue that has broughten me the customers and finding customers is always the hardest part"
161307;;"2020-04-30 18:02:01";"Keeps forgetting distance filter. It's really frustrating to keep getting notifications about items that are hundreds of miles away. Disappointing over and over again."
161095;;"2020-05-02 11:45:28";Ok
161037;;"2020-05-02 22:10:51";"I think I just got caught up in a scam. Free PS4 just pay shipping. Mine was a son moved to Miami now I see another free just pay shipping son is in Chicago. As they say, if it sounds too good to be true it probably is! Lost fifty dollars."
160856;;"2020-05-04 15:21:48";"Sold my ps3 1st day easy cake,the verification thing actually helpz with meeting people rather quickly too!!! I fux with it..."
160799;;"2020-05-04 23:57:50";"Great App Sale your stuff wisely End of the World idiots"
165658;;"2020-04-02 05:18:43";"Don't need to use anymore"
160565;;"2020-05-07 01:26:50";"Not sorting by distance."
157509;;"2020-05-07 17:43:18";"Still waitimg for the app to down load ......"
157453;;"2020-05-08 04:05:22";eezy
157280;;"2020-05-09 18:18:26";"Good products"
157224;;"2020-05-10 02:59:29";"Good do far"
161809;;"2020-04-26 00:30:55";Pushy
156998;;"2020-05-12 01:39:57";Great
156943;;"2020-05-12 15:43:49";Great
166481;;"2020-03-23 22:06:11";"Will not let me into my account no matter what I do. I'm sick of trying literally Everything to get into my account and yall still won't let me in. I have cash I need to put on my PayPal but cannot do it because of yall not trying to confirm my process of constantly trying and trying to access my account. U want a good review please help me!!"
156721;;"2020-05-14 05:40:51";"Love it"
157199;;"2020-05-10 11:07:14";"Free n easy"
156502;;"2020-05-15 23:56:46";"Awesome app love it"
156448;;"2020-05-16 14:09:21";Wow
161621;;"2020-04-27 22:56:53";Awesome
156232;;"2020-05-18 01:18:41";"Like it so far"
156178;;"2020-05-18 15:19:08";Great
162393;;"2020-04-21 00:42:25";"Always good"
154436;;"2020-05-20 18:14:35";"Good app"
154384;;"2020-05-21 02:49:47";"Please tell me why my listing of ""free aluminum cans"" was removed? I'm about to delete! I could be helping someone not working now!!!"
162595;;"2020-04-19 15:17:35";"Like this app its great"
154180;;"2020-05-22 23:57:36";"I've made tons of money Easy, Fast, & Simple BEST APP IN THE WORLD"
154129;;"2020-05-23 13:42:50";"I've have sold many things on letgo If the buyers would be more honest it would work much better."
161876;;"2020-04-25 14:42:50";"Met the mother of my 1st child and fiance 1st purchase I made."
153930;;"2020-05-25 07:59:31";"Better than selling at the flea market 😉"
153880;;"2020-05-25 19:39:20";"The new and improved craigslist"
160779;;"2020-05-05 03:05:50";"Stared at my phome fot days clicking the click bait"
153684;;"2020-05-27 16:52:40";"Been Very WellUseful , Dont Like Notices Pop Ups , Selling Has Been Success , Buying Successfully, Searching For Items Paired Items Alike , App Works"
153634;;"2020-05-28 03:11:14";Good
156428;;"2020-05-16 15:45:04";"Great site for buy and selling!!!"
169036;;"2020-03-10 13:56:52";"Useful app"
153394;;"2020-05-30 02:36:21";"Great buys, cheaper than offer up"
153345;;"2020-05-30 16:33:25";"There are sooo many scammers on this app I just made a police report I got scam out of thousand dollar on this app one week ago"
162398;;"2020-04-20 23:48:47";"I love it it where I got my apartment"
153160;;"2020-06-01 09:58:47";"Too many people are using letgo as their own personal chat site and the amount of unseriousness, and false inquiry alone are just about enough for me to avoid using this site all together.."
153112;;"2020-06-01 19:18:57";"Everything looks nice, but man picture quality gets hit quite a bit when u upload it to this app."
156484;;"2020-05-16 04:53:33";"Yeeee hawww"
169485;;"2020-03-05 14:16:15";"Don't have to be tech savvy it's real simple and easy to use I love it and on top of that they don't even charge you a fee to sell your product 5*s for sure 😍👍👍👍"
152885;;"2020-06-03 20:03:54";Great!
152838;;"2020-06-04 05:28:21";"Easy to use"
160783;;"2020-05-05 02:38:18";"NO WHERE ELSE HAS THESE PRICE LISTINGS AS CHEAP THERE THE BEST"
152664;;"2020-06-06 00:45:55";"Still looking and shopping but I hope some things our available when I buy. A.J."
152618;;"2020-06-06 13:35:50";"So far, so good. Layout is nice. I can enlarge photos to get a better idea about the product. And sellers are responding well."
161076;;"2020-05-02 15:48:01";Great
161323;;"2020-04-30 15:45:13";"Great app"
152404;;"2020-06-08 17:40:45";"Very useful!"
152359;;"2020-06-09 01:37:53";"Great application and the people have been pretty reliable so far."
152649;;"2020-06-06 04:35:48";"Love it"
161065;;"2020-05-02 17:45:40";💜💖💙💕💜💙💖💜💙💕💜💖💙
152152;;"2020-06-10 22:57:38";"Seems like a pretty good app to sell and buy stuff for cheap and good deals. Doesn't have everything though."
152108;;"2020-06-11 09:41:36";"Works for me . Good info.."
152064;;"2020-06-11 17:58:43";"Its super"
156930;;"2020-05-12 17:07:43";"It works. Met nice people too."
168961;;"2020-03-11 05:50:16";"I have sold several things and bought several things through let-go. I I think it is an awesome app Xfinity"
151865;;"2020-06-13 06:48:08";"It was free when I first started but now they are charging. I don't like that."
151822;;"2020-06-13 16:46:41";"Response time was quick."
153671;;"2020-05-27 18:52:15";"Self explanatory"
168781;;"2020-03-13 15:58:05";Awesome
151630;;"2020-06-15 14:06:29";"I've had very good experiences selling and buying. It's a convenient way to advertise your products. Plus to see what others are selling."
151588;;"2020-06-15 21:57:10";Good
150046;;"2020-06-16 03:43:35";Awsome
152140;;"2020-06-11 01:58:24";"So good for business purposes"
156932;;"2020-05-12 17:02:41";"The whole system is so NOT user friendly. What happened ? It used to be so much easier to get on! Perhaps should follow the Kijiji system and apply similar applications."
168493;;"2020-03-16 21:50:39";"I love this app everyone is so helpful"
149821;;"2020-06-18 04:22:31";"Sell things quickly!"
149780;;"2020-06-18 18:23:42";"Works well for free."
152393;;"2020-06-08 19:47:28";"I hope this will be helpful??"
157214;;"2020-05-10 04:01:34";"App use to be good back then, but now they started charging for everything. Please avoid and get Offerup which is way better."
168964;;"2020-03-11 05:11:07";Awesome
149564;;"2020-06-20 21:18:48";"Great app"
149524;;"2020-06-21 05:19:27";"Absolutely Beyond any shadow of a doubt the best app ever"
152650;;"2020-06-06 04:23:07";"Everyone I came across 100%"
156492;;"2020-05-16 01:31:07";"Garbage application, never got any sort of of notification of anyone replying and when I check the messages never load, mind you on using WiFi so it doesn't make it any better."
165899;;"2020-03-30 04:33:48";"Easy to use"
149317;;"2020-06-23 12:00:29";"Found lots of deals!!!"
149278;;"2020-06-23 18:51:21";"Giving stuff away, it only takes 1 person to report stuff then your post id deleted. They were mad that I wasn't going to drive to California from Ohio to give it to them. So now they report all my post."
161085;;"2020-05-02 13:47:02";"I don't give it a one star because some of the problems i saw may have to do with the fact i as was looking for a hot ticket item. Nevertheless i think this app can use some improvements. For one the like system seems counterintuitive. If alot of people like it it most likely means that it has already been sold but it will be posted in the top of search listings by default. Also way is Newest first not the default instead of popular. I have more to say i have a character limit. App is ok"
157261;;"2020-05-09 21:13:48";"Just another shopping app😅"
168704;;"2020-03-14 16:19:01";"Horrible app. The auto picture feature kept thinking my shoes in the box were a game console or a mattress. I tried posting two pairs of the same color, brand, and style of shoes and it kept getting discarded stating it was a duplicate despite different wording and different pictures. Go to Mercari, it's way better. Worst selling experience ever."
149080;;"2020-06-25 16:18:55";Awesome
149042;;"2020-06-26 00:06:04";"Good app"
168246;;"2020-03-20 04:09:25";Great
156720;;"2020-05-14 05:53:19";Good
157255;;"2020-05-09 22:13:08";"I love this app."
156501;;"2020-05-16 00:06:40";"Ok sales app;"
156447;;"2020-05-16 14:09:57";"Greatest app I have ever used"
161812;;"2020-04-25 23:53:51";"Love it"
156231;;"2020-05-18 01:23:21";"User Friendly"
156177;;"2020-05-18 15:20:18";"notifications that can't be shut off. Most annoying app I've ever installed."
162594;;"2020-04-19 15:36:00";"App is garbage. Items don't load, market is flooded with dealers listing the same vehicles dozens (even hundreds) of times. Using this app is similar to being stabbed in the spleen while digging through a dumpster. You cannot trust any company that copies-and-pastes generic, canned responses to user reviews, period."
154435;;"2020-05-20 18:15:19";"I'm not able to find specific items with this search engine. The authorization sucks too. I'm letting this app go"
154383;;"2020-05-21 03:55:37";"Horrible App. The search function doesn't even work."
168780;;"2020-03-13 16:25:55";"It's great and safe🤑"
154179;;"2020-05-23 00:03:42";"Fast results with no hassle."
154128;;"2020-05-23 14:20:28";"Great way to make a deal on merchandise."
162070;;"2020-04-23 21:59:54";"Great app to sell stuff I don't need anymore and also great to look for stuff I am looking to buy also can trade items with people it's pretty kid friendly my kids can look on here for stuff they went to buy as well and I did have a problem with a women that wasn't kid friendly and doing stuff she shouldn't in letgo (using it as a dating site) reported her and letgo immediately handled it fast and in a personal manner. i liked that I definitely recommend!!"
153929;;"2020-05-25 08:05:25";"Been great"
153879;;"2020-05-25 19:56:25";"Excelente aplicación para compras y ventas"
160836;;"2020-05-04 18:14:12";"Great deals, good prices."
153683;;"2020-05-27 17:04:27";"Available you can quit being my acting like you mad when you really ain't"
153633;;"2020-05-28 03:13:11";"this app has made me a lot of honest money and i have found deals for most of my family"
156482;;"2020-05-16 05:23:22";"It awesome!!!! And thanks letgo for the trill just to login and see what happens with my unwanted things and cool stuff I find.and enjoy."
169275;;"2020-03-07 21:50:19";Fantastic!!
153393;;"2020-05-30 02:43:11";Excelent
153344;;"2020-05-30 16:55:35";"Thumbs up"
162599;;"2020-04-19 14:57:33";"Great when it works! But most of the time it doesn't work!"
153159;;"2020-06-01 10:16:54";"Great !!!"
153111;;"2020-06-01 19:24:16";interesting
162129;;"2020-04-23 11:54:36";Amazing
169038;;"2020-03-10 13:42:41";"Easy to find stuff!"
152884;;"2020-06-03 20:24:01";"Yahu kimseyi engelleyemiyoruz engellendi diyor bi bakıyorum geri kalkmış!"
152837;;"2020-06-04 05:36:14";"Its been so so"
160840;;"2020-05-04 17:46:27";"Always sell what I want to sell on here."
152663;;"2020-06-06 00:52:55";"App keeps trying to load but doesn't, can't get to message and the filtering is not working properly, when I can get into the app and I set filters I still get all kinds of listings. The last update has screwed everything up. You need to get it fix soon because I can't see if I have a buyer's."
152617;;"2020-06-06 14:30:51";"Great App!"
152869;;"2020-06-03 22:57:53";"Each item i had an interest in i replied and within hrs i recieved a response. Very promt in time of need. Thank you!"
168471;;"2020-03-17 04:04:29";"I can't even reply to customers, this is ridiculous."
152403;;"2020-06-08 17:40:49";"After you uninstall they keep sending you new post"
152358;;"2020-06-09 02:06:00";"Very helpful and easy to use like to have my items on this app for they move very fast"
162601;;"2020-04-19 14:51:31";"After update I get an error saying it cannot load new listings please try again... tried but I keep getting same error"
161081;;"2020-05-02 14:50:12";7o
152151;;"2020-06-10 23:21:18";"Love it ...great buys and sells"
152107;;"2020-06-11 09:41:38";"I've sold a few things on letgo..and bought a few things, I haven't ran into any problems. It's a very helpful app"
152094;;"2020-06-11 14:32:31";"I love to shop on let-go"
156985;;"2020-05-12 04:27:24";"Simple, easy, convenient"
169042;;"2020-03-10 13:14:26";"The app used to be easy to use and simple, recent update they did now leads to constant notification everytime someone looks at your listing. Very annoying. Car dealers are using the app now so any search is flooded with junk"
151864;;"2020-06-13 07:47:37";RAPETacual
151821;;"2020-06-13 16:55:53";Great
162332;;"2020-04-21 14:35:40";"Ezy & excellent"
162605;;"2020-04-19 14:18:33";"The site is locked up or something, it won't let me search, i just want it fixed, im losing money because of this, and i see im not the only one with this problem, seriously thinking of deleting this app!!!"
151629;;"2020-06-15 14:15:16";"Great, very fast sell."
151587;;"2020-06-15 21:58:59";Great
150045;;"2020-06-16 03:45:06";"I really like the apps great up there you said whatever you want I'm in selling bike so I enjoy it much thank you"
169257;;"2020-03-08 01:34:45";"It made me feel like I still have a dad"
156987;;"2020-05-12 04:18:25";"Bb )000 aww ba . seas ee8"
168727;;"2020-03-14 04:37:32";Ok
149820;;"2020-06-18 04:31:05";"Great app! Love it!"
149779;;"2020-06-18 18:30:49";"Great way to sell locally"
165943;;"2020-03-29 18:46:10";"Its a gd app"
157270;;"2020-05-09 19:25:53";"Letgo is grant"
169045;;"2020-03-10 11:51:04";"Fast and easy way to sell"
149563;;"2020-06-20 21:44:43";Great
149523;;"2020-06-21 05:28:08";Excellent
152098;;"2020-06-11 14:02:48";Cool
166475;;"2020-03-23 22:48:36";"I couldn't download the offerup app because the new version wasn't compatible with my phone. With letgo it was no problem. Very easy to use and a bigger variety of things to choose from."
165972;;"2020-03-29 13:47:01";Decent
149316;;"2020-06-23 12:40:12";"It's been rather exhilarating to finally be a part of something with a little class"
149277;;"2020-06-23 19:02:46";"Love it"
169011;;"2020-03-10 18:32:13";"Very nice app"
153625;;"2020-05-28 05:08:25";Great
161828;;"2020-04-25 21:22:46";"Awesome and easy to use!!"
149079;;"2020-06-25 16:32:53";"Good deal they treat u right ! Very good app!"
149041;;"2020-06-26 00:15:49";"I wish if they could control the distance it's 500 mile come on give me a break it supposed to be no more than 50 mile.... when I search for something the show up result over 200 miles far away"
149004;;"2020-06-26 10:53:40";Amazing
165172;;"2020-04-08 02:56:20";"Love how easy it is to sell and buy things. Wish it forced the seller to state the condition as in ""New/Never used with or w/o box, Used but excellent condition or normal wear etc..."" Sometimes it doesn't show in the description and sometimes that's a deciding factor into how much you're willing to pay for something. For that sole reason it's 4 stars instead of 5."
154172;;"2020-05-23 01:25:33";"All the transactions that I've made with have been very pleasant. I enjoy shopping on here"
169009;;"2020-03-10 19:33:58";"Always my GO TO APP 4 DEALS ON JUST ABOUT ANYTHING! LOVE IT BEEN USING IT FOR 5YRS NOW!! NOOO ISSUES!"
148820;;"2020-06-28 01:49:03";"Great experience with finding deals.!!!"
148784;;"2020-06-28 13:55:38";Great
148748;;"2020-06-28 18:53:52";"I like it"
149814;;"2020-06-18 07:02:20";"Doesnt turn on needs updates ."
166178;;"2020-03-27 02:53:11";"Efficient without unnecessary frills. Wide variety for every taste and price range. Some images and descriptions inadequate but the chats enable further pointed communication."
161332;;"2020-04-30 13:56:15";"Convenient and easy to sell what you want"
148574;;"2020-06-30 06:13:51";"Like it."
147039;;"2020-06-30 15:30:33";"Easy to use"
147004;;"2020-06-30 22:10:25";"We the best"
146969;;"2020-07-01 05:39:58";"Very nice 👍"
148815;;"2020-06-28 03:03:14";Good
152390;;"2020-06-08 19:59:35";"Search engine is not user friendly. Search for a hammer and you will find 100 shovels( just an example)."
163345;;"2020-04-11 23:57:21";"Good app"
162849;;"2020-04-17 12:41:49";"Love it"
146772;;"2020-07-03 09:09:14";"Great for selling stuff locally"
146738;;"2020-07-03 16:48:44";Excellent
146704;;"2020-07-03 23:49:16";"Very good easy to send message to seller."
163085;;"2020-04-15 01:22:47";"I love this app"
152345;;"2020-06-09 05:04:43";"Very good app! Get lots of potential buyers right after listing. Recommend"
154431;;"2020-05-20 18:51:02";"Got scammed... looked truthful but user took my money and never received my product. Do not trust this app!"
165723;;"2020-04-01 11:42:25";"Its ok"
146519;;"2020-07-05 22:57:10";Great
146486;;"2020-07-06 14:08:37";"Does not allow posting of saved photos on phone"
146453;;"2020-07-06 21:05:04";"Great option for some good deals."
162392;;"2020-04-21 00:56:48";Good
149776;;"2020-06-18 18:57:28";"Its good over all"
163074;;"2020-04-15 05:15:05";"App doesn't open. Tried on different devices no luck. I guess poor people can't access."
160562;;"2020-05-07 02:04:12";"Love this Just Love It"
168193;;"2020-03-20 21:53:01";Number
146248;;"2020-07-08 18:53:55";"Very good quality of products."
146216;;"2020-07-09 00:41:56";"Si far this site has been good to me. The people are great"
146184;;"2020-07-09 13:41:42";"I find everything I am looking for and much more its easy to use"
147002;;"2020-06-30 22:50:40";"Got sold a stolen iphone xr with no recourse!! At first Ciara looked reputable, good reviews and several previous sales. I even gave her a good review. Then 2 days later AT&T deactivated my number because the phone is reported stolen. I asked her about it she blocked me. No one at the app will help me so I can get her info to the police. Beware not like the other market place apps, a lot of shady people."
157213;;"2020-05-10 04:31:12";Good
153391;;"2020-05-30 03:44:48";"Very good app"
165951;;"2020-03-29 17:11:03";👍🏽
145664;;"2020-07-14 07:17:41";"Every car ive sold lately has been on here"
145665;;"2020-07-14 07:05:34";"Sometimes I don't sale nothing"
145666;;"2020-07-14 06:58:50";"Very happy with the nive things i bought so far !!!"
145667;;"2020-07-14 05:50:28";"It's a great app for getting and a room it's a good app for getting a home is a good app for getting a car as a good used car yes I do love it"
145668;;"2020-07-14 05:44:34";"90% of seller acounts are fake and scam , they just try to make you send money for whatever the reason ""deposite"" ""shipping fees"" bla bla .. Please take care dun be idiot to send them anything ."
145669;;"2020-07-14 05:01:20";"I find so much good stuff on here its almost addicting."
145670;;"2020-07-14 04:48:33";"No thanks"
145671;;"2020-07-14 04:47:22";"Letgo has the best deals and best people that you could deal with, much better than other companies."
145672;;"2020-07-14 04:41:17";"It's good but the only reason I gave it 3 🌟 s was bc I didn't really find what I was looking for I had kept checking it an I couldn't find one for months and still can't 😭:ipad none of them were at reasonable prices but thats bc of the people not the app so yeah"
145673;;"2020-07-14 04:27:04";"Quick respond and reliable."
145674;;"2020-07-14 04:22:48";"Don't like it"
145675;;"2020-07-14 03:49:20";"Awesome app"
145676;;"2020-07-14 03:43:51";"Love it, right at your finger tips"
145677;;"2020-07-14 03:08:18";"So far excellent!"
145678;;"2020-07-14 03:02:38";Good
145679;;"2020-07-14 02:39:50";"Good app to let things that u don't want go in a hurry"
145680;;"2020-07-14 02:38:28";"Love it Best thing goin"
145681;;"2020-07-14 02:24:40";Awesome
145682;;"2020-07-14 02:23:56";"Love it"
145683;;"2020-07-14 02:09:39";"App kept closing. Would not stay open"
145684;;"2020-07-14 01:35:11";"I've bought and sold on letgo with no problem"
145685;;"2020-07-14 00:59:54";"Great app"
145686;;"2020-07-14 00:58:09";Great
145687;;"2020-07-14 00:31:14";"Some good deals"
145688;;"2020-07-14 00:15:29";"Always be safe"
145689;;"2020-07-13 23:38:39";"Only bought one item off of here so far but it was a five-star experience so I'm trying to buy else"
145690;;"2020-07-13 23:37:29";"Good app"
145691;;"2020-07-13 23:31:40";"Needs better taylored to you search and suggestions"
145692;;"2020-07-13 23:25:33";"Some times I get reasonable items."
145693;;"2020-07-13 23:11:05";"Love it. All kinds of great stuff.,"
145694;;"2020-07-13 23:08:56";Loveit..
145695;;"2020-07-13 23:03:16";Good
145696;;"2020-07-13 22:45:35";"I WAS ROBBED AT GUNPOINT! Definitely don't recommend this app. Stricter verification process is needed for sellers. Don't bother putting yourself through a headache by using this app."
145697;;"2020-07-13 22:30:33";"Love it"
145698;;"2020-07-13 22:26:05";"Easy to use."
145699;;"2020-07-13 22:14:34";"Bought / sold great experience."
145700;;"2020-07-13 22:14:06";"My favorite place to shop."
145701;;"2020-07-13 22:09:13";"Good app cos of my profession i prefer privacy but it seems am not getting messages because am not much verified still need more point i guess been using this app for years"
145702;;"2020-07-13 22:07:33";"Great app for business, buy and sell"
145703;;"2020-07-13 21:49:41";"I bought a 2004 GMC Yukon and a Chrysler 300 2008 and they both are nice clean cars"
145704;;"2020-07-13 21:41:25";"Some of the prices are very good"
145705;;"2020-07-13 21:41:11";"People had me to cash amp them money and blocked me I never received the item or my money back I was very sadd I'm a single parent struggling and was trying to get furniture for my new apartment and a game for my 10 year old I'm in kannopolis been here 3weeks"
145706;;"2020-07-13 21:23:46";"Great sold both items"
145707;;"2020-07-13 21:19:07";"Sites a huge scam. Everybody on there with reasonable prices don't come, which entices you to buy off the people who have crappy deals out of desperation."
145708;;"2020-07-13 21:18:25";"Update:Thanks for the response. Having same problem as Phil. I click an item in my feed and it goes right to greyed out ad, with chat highlighted. App is useless since I can't read the ads or see the pictures. I emailed support and got a boilerplate response a day later. So frustrated."
145709;;"2020-07-13 21:11:57";"It's really fun to look through other peoples items its like a virtual garage sale"
145710;;"2020-07-13 21:05:00";"This app works how advertised. You can buy/sell about anything here. My only complaint about this is on the people who are buying/selling items. A lot of people try to lowball you on pretty much anything you're trying to sell, or ask ridiculous prices for things they're selling. Ex: don't buy gold/gold jewelry from anyone on these apps. Its plated/filled 99% of the time. Not solid. Then mark them at insane prices. Not to mention anyone selling diamonds. Always be careful!"
145711;;"2020-07-13 20:55:39";"The Better Version of eBay except you won't know what condition you get your stuff in. Fast asf"
145712;;"2020-07-13 20:49:06";Awesome
145713;;"2020-07-13 20:40:02";"It's ok"
145714;;"2020-07-13 20:37:59";"When in need...can find"
145715;;"2020-07-13 20:13:13";"Ok app but when I choose items within 10 miles away I get stuff 30 to 50 miles away after the first item"
145716;;"2020-07-13 20:08:05";"Luv it"
145717;;"2020-07-13 19:35:50";Good
145718;;"2020-07-13 19:28:28";"Great selling experience!! Awesome 😊😊😊😊😊"
145719;;"2020-07-13 19:19:42";"Great app and easy to use."
145720;;"2020-07-13 19:17:07";"Love LETGO!!"
145721;;"2020-07-13 19:07:08";"I signed up for a bump up of 4.99 but was charged 2 times. System problem and internet. How can I get a refund."
145722;;"2020-07-13 18:30:49";"Great finds all locally"
145723;;"2020-07-13 18:17:15";"The app needs more categories for selling. The app also needs to allow for listing a telephone number. The app also need hey category in sales listing 4 condition classification not new but excellent condition."
145724;;"2020-07-13 18:06:23";"Wish you could enlarge photo"
145725;;"2020-07-13 18:03:02";"Sold all that is posted"
145726;;"2020-07-13 17:59:24";"Love it"
145727;;"2020-07-13 17:57:48";"Good app to make extrs money"
145728;;"2020-07-13 17:29:33";Omgeezers
145729;;"2020-07-13 17:14:06";"Everything seems fine except for the log out part which I couldn't find where to exit."
145730;;"2020-07-13 17:08:11";"It allready started bad for me!! I cant even download the app, it just keep saying waiting for download, it's been over 20 min and I tried twice allready. Good thing there not selling the app... lol"
145731;;"2020-07-13 17:04:41";"Good app to find hidden treasures! Only issue on listing you cannot view items until you click on populated buttons like im interested !"
145732;;"2020-07-13 16:59:09";"2 going on 3 purchases. So far so good. Great stuff at great prices . Always let someone know you going to meet a stranger to make purchase, possibly take a photo of person and text. To a family member b4 moving forward. I.j.s."
145733;;"2020-07-13 16:51:03";"A great resource for selling things and making extra money"
145734;;"2020-07-13 16:38:20";Great
145735;;"2020-07-13 16:32:14";AWESOME
145736;;"2020-07-13 16:31:35";"Will not let you block users. Notifications keep coming up i deleted the app for the 3rd time because of it. I have emailed tech suppoet before they blame my device."
145737;;"2020-07-13 16:16:51";Great
145738;;"2020-07-13 16:11:37";"Just as advertised"
145739;;"2020-07-13 16:10:32";"Enjoy it"
145740;;"2020-07-13 15:57:58";"A lot better than offer up."
145741;;"2020-07-13 15:48:16";"I really don't think letgo should be able to access your location all the time, it should only ask it when you're about to make a purchase. And for this reason I don't feel like I can trust them."
145742;;"2020-07-13 15:24:22";"Always convenient and I always get what I'm looking for on here and a response from other sellers very fast"
145743;;"2020-07-13 15:21:08";"I've had good experiences on here"
145744;;"2020-07-13 15:16:26";"Nice marketing app."
145745;;"2020-07-13 15:09:04";Great
145746;;"2020-07-13 14:51:17";"Great app...the only thing is messages get blocked by let go"
145747;;"2020-07-13 14:06:32";"Awesome sold fast!!!"
145748;;"2020-07-13 13:52:27";"I like what I see plus I've ordered stuff off there I'm just answering survey thing that really have some good deals and I found a lot of stuff on there that I needed even houses for rent"
145749;;"2020-07-13 13:24:21";"I am unable to view things for sale and chat with anyone at all"
145750;;"2020-07-13 13:11:59";"I have been able to sell my things in the comfort of my home stress free it's the best way to earn money back in my things and no overhead!"
145751;;"2020-07-13 12:40:17";"It used to be great. As of today it forces me to chat before I can scroll pat the first picture or even read the description. Please fix this its annoying."
145752;;"2020-07-13 12:37:54";"Very helpful and the tips they give you are great!"
145753;;"2020-07-13 12:32:21";Xcell
145754;;"2020-07-13 12:26:14";"Easy to use"
145755;;"2020-07-13 11:52:36";"Great way to sell your items."
145756;;"2020-07-13 11:13:39";"Sucks just a bunch of tweakers selling stolen stuff."
145757;;"2020-07-13 10:47:50";"And always find what what you're looking four"
145758;;"2020-07-13 10:30:37";😍
145759;;"2020-07-13 09:06:00";"I like all of the stuff there"
145760;;"2020-07-13 08:58:45";Cool
169535;;"2020-03-04 22:01:49";"So far I've had nothing but good things happen and have met really nice people"
169294;;"2020-03-07 18:20:37";"Never notified of new messages unless I open the app and go to messages"
169055;;"2020-03-10 06:17:56";Verynice
168974;;"2020-03-11 02:56:52";"Thanks its Great !"
168738;;"2020-03-14 00:46:32";great
168504;;"2020-03-16 19:12:38";"Great app"
168272;;"2020-03-19 21:47:13";Awsome
168195;;"2020-03-20 21:47:56";"Easy site"
166431;;"2020-03-24 14:11:07";"I love your app mostly because fast sells soon as posted. Thanks let go!"
166205;;"2020-03-26 20:09:49";"Awesome site !!! Many wonderful finds and always pleasant people when I arrive to get item(s) !!!"
165981;;"2020-03-29 10:14:41";"just started using the app, to early to point out flaws...(if any) but so far I would say just as good as Kijiji but we shall see!! MUAHAHAHA"
165907;;"2020-03-30 03:07:34";"LOVE LETGO SO EASY AND FUN!!!"
165687;;"2020-04-01 22:21:54";"I have got alot of stuff from here"
165469;;"2020-04-04 16:27:54";"Good app 👍"
165398;;"2020-04-05 09:02:41";"Getting great deals"
165183;;"2020-04-08 00:11:16";Chill
165940;;"2020-03-29 19:06:50";"Great. Bought my car off here."
163367;;"2020-04-11 18:40:37";"Find some really nice stuff one man junk is another's treasure"
163158;;"2020-04-14 07:34:18";"I have been selling quite a lot everthing that i have posted is clear and readable this app is awsome thankyou everbody involed"
163091;;"2020-04-15 00:06:27";"I listed the exact same item on offer up and on let go and I sold the item on letgo within 2 weeks and it was never sold on offer up after 4 months! Also people on letgo respond fast of offer up people say they want to buy something than never text you back. Over all letgo is the BEST selling and buying app I have ever used!"
162885;;"2020-04-17 01:34:01";"Reaches people and has some different product"
162819;;"2020-04-17 19:39:49";Cool!
162616;;"2020-04-19 12:56:28";"Searching doesn't work. ""An error occured while loading new listings"""
169493;;"2020-03-05 10:15:37";"I don't even know where to start? Umm.. Lets see, 1. The search filter doesn't work or is accurate to your location. 2. Everybody posting here wants top dollar, even for used or damaged items. 3. You'll get hundreds of notifications not relevant to your search requests. 4. There's no way to block rude or unwanted or fake listings even after blocking them they still appear. 5. There's sick people here posting up gross stuff like pooped in underwear.. Smh gross"
162351;;"2020-04-21 07:42:15";"Mostly fake accounts and people so cheap Megan fox could be giving away free handies and they would still try to barter more out of you"
168772;;"2020-03-13 18:04:11";Great
162090;;"2020-04-23 18:40:10";"Star plus"
166472;;"2020-03-24 00:43:43";Great
161835;;"2020-04-25 20:18:39";"Need to make it not so easy to send a message when it was unintentional. Listings for a 50 dollar lawn mower that is almost a hours drive? Why even have that as close to my address. Most of the stuff is at least a 30 minute drive. I'm not spending 10 dollars in gas to drive an hour. Uninstall and never use again."
165726;;"2020-04-01 11:00:58";"Straight to the point"
161584;;"2020-04-28 04:50:34";"Kyle jforsythe"
166468;;"2020-03-24 01:00:32";"Got alot of good stuff,be back"
161337;;"2020-04-30 13:22:18";"I sold my stove and refrigerator on this web site"
161366;;"2020-04-30 03:09:28";"Sale, buy or neg. your product for a reasonable price!!!"
161094;;"2020-05-02 11:56:15";"All the things I have for sale get to the proper people to buy them"
161036;;"2020-05-02 22:45:51";"I had good experiences hugging things. I'm going to start selling now hopefully the experience will be equally good 😁"
160855;;"2020-05-04 15:32:33";"Works good"
160798;;"2020-05-05 00:00:57";Excellent
169250;;"2020-03-08 02:45:50";"Great the way it is"
160564;;"2020-05-07 01:41:54";"Show me stuff thousands of miles away and nothing ever seems to be local."
157508;;"2020-05-07 17:44:35";"Great experiance,every time used it!!!"
157452;;"2020-05-08 04:35:35";"The team here is not fair and they do not do their reviews fairly. I would not count on the letgo team for any help or response about anything. There account review process is horrible even if you are a victim they will treat you as the culprit and delete your account!!!"
157279;;"2020-05-09 18:19:25";Fun
157223;;"2020-05-10 03:05:21";Great
161870;;"2020-04-25 15:31:56";"All my items were sold within 1 to 2 weeks"
156997;;"2020-05-12 02:00:20";"Great fabulous . Better than eBay"
156942;;"2020-05-12 16:03:28";"Easy to browse and use"
168478;;"2020-03-17 02:41:38";"Love it"
156719;;"2020-05-14 06:08:00";"Nobody ever replies!"
161617;;"2020-04-27 23:38:35";"Easy to use"
156500;;"2020-05-16 00:35:31";"Its good. Should have better item layout page with pic and the details one one page. **LetGo: Please add in a 20 mile range. You jump from 10, 30, 100. Need 20m would be perfect."
156446;;"2020-05-16 14:15:28";"Easy to search and reasonable prices"
161873;;"2020-04-25 15:15:10";"Have been using for years. Great app."
156230;;"2020-05-18 01:24:51";"!awesome AZ zzz's zze- iOS z Hertz zzz's mz 22w2 wees e w333 was the only 2 22w2 z--‐,$zz2 ZAZA Z ZAZA'Z CC Z Z ZAZA ZAZA ESSEX⁴z"
156176;;"2020-05-18 15:33:27";"Love that we are given the opportunity to sell our items here and are able to post as many as we want and can upgrade or let it be like it is .Can reactivate items too when they expire. Also they let us know whats appropriate to sell or not. And best of all people respond and we get to selll our products ! Ty Let Go !"
169017;;"2020-03-10 17:23:33";"So far so good!!! 😀"
154434;;"2020-05-20 18:19:44";"Dope app"
154382;;"2020-05-21 04:00:36";"Kool I bought a car had no problems I tell people all the time about it"
162864;;"2020-04-17 06:17:33";"It helps you find the right stuff for you"
154178;;"2020-05-23 00:20:37";"Would not let you log in, kept saying error."
154127;;"2020-05-23 14:44:22";"Very usefull...Great"
162133;;"2020-04-23 10:44:09";"I cant send messages to sellers letting them kno I'm interested in a product. It's been like that for 2 days now"
153928;;"2020-05-25 08:33:06";To
153878;;"2020-05-25 20:00:03";"I Love this App."
161806;;"2020-04-26 01:24:58";"Always smooth"
153682;;"2020-05-27 17:30:46";"I can't buy anything!!!"
153632;;"2020-05-28 03:36:08";"I like it just havent sold anything"
162391;;"2020-04-21 01:01:25";"Decent but too spammy. They allow too many spammy listings that pack unrelated keywords. Also the location filter is not respected by the app, I often try to filter to local only but it still mixes in results from very far. The filtering needs heavy improvement, they need to allow blocking sellers (who are keyword spammers etc). I find decent deals but waste a lot of time because they don't display the relevant information soon enough, like you have to click into the item to see pricing."
169516;;"2020-03-05 02:03:54";Love
153392;;"2020-05-30 03:09:48";Phenomenal
153375;;"2020-05-30 11:07:44";"My experience with Lego is people do like to step out of there comfort zone."
166469;;"2020-03-24 00:58:54";"Great app!! Love it"
153158;;"2020-06-01 10:27:18";"Amazing App"
153110;;"2020-06-01 19:31:14";"Great app lots of good.mm"
156703;;"2020-05-14 11:12:31";"Love it"
169277;;"2020-03-07 21:44:48";"Good app"
152883;;"2020-06-03 20:57:23";"Its nice"
152836;;"2020-06-04 05:59:38";"I been useing it ever since it became an app i love it"
161308;;"2020-04-30 18:00:18";"My ""legal"" side hustle😘"
152662;;"2020-06-06 01:00:22";"This app allows people to scam you out of your money. DO NOT USE THIS APP"
152616;;"2020-06-06 15:26:19";"When people favorite my listings it doesn't show up on my listings"
152916;;"2020-06-03 14:38:12";Good
161570;;"2020-04-28 10:15:47";"How can I restore a deleted message?"
152402;;"2020-06-08 17:47:44";Nice
152357;;"2020-06-09 02:17:37";Great
153426;;"2020-05-29 21:42:20";"Ligit and easy to use"
163128;;"2020-04-14 16:39:10";"It's been fun using the app."
152150;;"2020-06-11 00:09:21";"The notifications are just too much. Lose my email. Would not recommend."
152106;;"2020-06-11 10:31:39";"No annoying ads...nice search history ....a good selection....5star quality"
152138;;"2020-06-11 02:26:49";"Hard to get this open."
165157;;"2020-04-08 07:50:41";"I love Letgo! It's so easy to snap a few photos, write a description about your item, then just post! People see your item and send you a text. That easy. And it's free. I've never had better luck selling. Try Letgo! before anything else."
169281;;"2020-03-07 20:54:02";"Deleting my listing saying it's the wrong category. Instead of just telling me to change the category, they just deleted it. It's been posted for months, it wasn't incorrect. I'll use offer up."
151863;;"2020-06-13 07:50:46";"It's a descent app for buying or finding bargains. Alot of scams is the only real issue. That and people responding after placing s item for sale. Not your fault however still frustrating."
151820;;"2020-06-13 16:56:25";"Let Go has been ok, for me. I just want my app on my home screen and don't know how. My problem, I KNOW!"
153867;;"2020-05-25 22:33:24";"Dope site"
165432;;"2020-04-04 23:16:59";"Letgo has helped me out alot like ive gotten rid of alot of new an used stuff on this app its a very usefull app an awsome as well i love this app thank you letgo for helping me out for reals..."
151628;;"2020-06-15 14:44:03";Good
151586;;"2020-06-15 21:59:39";"So far not seeing anything l want to buy"
150044;;"2020-06-16 04:10:43";"Could always be better"
160837;;"2020-05-04 18:10:33";"Has lots of items to choose from and great deals!"
163341;;"2020-04-12 01:37:27";"Search algorithms are crappy"
168963;;"2020-03-11 05:11:37";"Letgo is a great source you buy and sell product understanding rules and regulations is key. It is good to know who you're working with for business thanks let go."
149819;;"2020-06-18 04:35:26";"It get the job done better then anyone"
149778;;"2020-06-18 18:36:59";"Letting things go!"
153618;;"2020-05-28 06:45:27";"Might go thru a dry spell on selling"
157443;;"2020-05-08 06:31:25";"I wish I could use this app but it will not let me set a location. Every time I search for an item, I get ""Oops! An error occurred."" Really unfortunate"
169284;;"2020-03-07 20:15:29";Great
149562;;"2020-06-20 22:10:37";"Except for the time I was chased in circles around a cul-de-sac by a butt-plug wielding small person, my experience has been mostly positive."
149522;;"2020-06-21 05:48:31";"Cannot view post from seller. Wants me to send Hi! Is it available? When I try to view post. Cannot see where or what the seller wrote. Tried force stopping and re installing but same problem occurs."
152142;;"2020-06-11 01:51:36";"I like"
156711;;"2020-05-14 10:04:33";"Very helpfull"
166196;;"2020-03-26 22:10:42";"Love this app letgo trappin like a mf"
149315;;"2020-06-23 12:51:15";"The app is good. You can find good deals, but LetGo team really need work on scam ads."
149276;;"2020-06-23 19:26:26";"So far great"
149771;;"2020-06-18 20:14:21";"You can find what you want"
153675;;"2020-05-27 18:13:50";"This is a meet face to face app and sell your items. You get people trying to beat you over the head acting like they dont know how much they are paying once you meet up, they dont have change 😑, or they've sent someone else to the deal without telling you. You update the app and still get people hitting you up from other states about your deal and they can't even come pick it up."
169500;;"2020-03-05 05:35:41";Fun
149078;;"2020-06-25 16:45:37";Great
149040;;"2020-06-26 00:27:43";"Great app"
149003;;"2020-06-26 11:50:24";"Easy to use, with common people willing to sell goods at fair price, there are some local stores as well."
154371;;"2020-05-21 07:09:09";"For some reaaon i cant seem to login or signup it keeps showing error and its making me want to delete this app"
165377;;"2020-04-05 15:07:44";Goodyes
162610;;"2020-04-19 13:18:01";"I was looking for a vehicle and it looks more like there's car dealerships than anything that's why craigslist sucks cause it gets clogged with the people that are trying to screw everybody I was hoping it was a App just for individuals not dealers scam artist"
148819;;"2020-06-28 01:49:34";"Not working. Unable to view the items until I send a message to the seller."
148783;;"2020-06-28 13:59:52";"pretty cool ,and easy app"
148747;;"2020-06-28 18:53:59";"I like letgo because it's easy to the things I want and need.it's a simple way to shop."
149855;;"2020-06-17 20:29:40";"Easy for fast buying and selling services"
153627;;"2020-05-28 03:58:53";"Super easy to connect with buyers and sellers."
168541;;"2020-03-16 13:01:32";Yay
148573;;"2020-06-30 06:38:28";"I like let go a lot. have bought somethings I really needed at good prices."
147038;;"2020-06-30 15:37:16";"Wont let me verify my phone to sell a car"
147003;;"2020-06-30 22:18:44";"Love this app and always get good things"
146968;;"2020-07-01 05:51:50";"Amazing sold everything i had in one day!! Defently a good app"
163152;;"2020-04-14 10:52:27";"For some reason it said my account was under review I did nothing wrong"
152102;;"2020-06-11 11:54:22";Great.
156172;;"2020-05-18 16:16:58";"Would be a decent app if people didn't constantly message you about the items are selling and when you tell them yes they're still for sale they never respond again... Update..had this at 2 star I'm dropping to 1 star because they deleted my post saying I was in search of appliances. Apparently you cannot post anything that you want to buy only sell. That's just stupid. I will not be downloading this again..only reason I'd give 1 star instead of 0 is because I did sell a few things."
162881;;"2020-04-17 02:06:19";"Having trouble marking an item as sold and removing it from profile"
146771;;"2020-07-03 09:41:05";"Letgo and make doe"
146737;;"2020-07-03 17:01:32";"I'm not very tech savvy, probably my fault its not 5 stars!"
146703;;"2020-07-03 23:54:21";"It would be awsome if you could aleast see who views your ad to atleast inquire with them"
165161;;"2020-04-08 05:27:31";Nice
152103;;"2020-06-11 11:54:07";"This app helps me turn my useless thens into jewels for other people. Thank you let go"
163136;;"2020-04-14 14:13:44";"E xelent"
162613;;"2020-04-19 13:02:43";Good
146518;;"2020-07-05 23:07:24";Good
146485;;"2020-07-06 14:19:17";Awesome
146452;;"2020-07-06 21:08:55";Good
161631;;"2020-04-27 20:40:47";"Pretty cool, more active people"
149817;;"2020-06-18 05:04:29";"Fun to use. so many options and opportunities to get what you had been looking for!"
161319;;"2020-04-30 16:08:58";"Very good so far first time"
166175;;"2020-03-27 03:52:04";"Easy to open account and immediately put stuff up for sale. Thanks"
168270;;"2020-03-19 21:48:53";"Very safe website to work with"
146247;;"2020-07-08 19:24:00";Great
146215;;"2020-07-09 01:03:33";"Good app"
146183;;"2020-07-09 13:44:36";"Its a scam DO NOT order anything for them"
147037;;"2020-06-30 15:38:06";Amazing
152347;;"2020-06-09 04:51:25";"Ok app, there are better ones to use instead."
153440;;"2020-05-29 18:55:00";"Kool helpful"
160797;;"2020-05-05 00:06:24";Fast
145920;;"2020-07-11 19:52:18";"Every time I put something to sell my items sell quickly. I love this app"
145921;;"2020-07-11 19:31:50";"Five Stars!"
145922;;"2020-07-11 19:04:05";"Just great"
145923;;"2020-07-11 19:00:32";"I've had a great time selling on letgo. Wonderful experience."
145924;;"2020-07-11 18:53:28";"Can always find deals on this app..."
145925;;"2020-07-11 18:46:14";🔥🔥🔥🔥🔥🔥
145926;;"2020-07-11 18:28:54";"Great experience using tgis app. Love the deals and i get just what i am lookinh for and then some. I like seeing different iteams that prove to be more of what i am wanting and for decent prices or multiple options! Love this app"
145927;;"2020-07-11 18:23:24";Awesome
145928;;"2020-07-11 17:09:50";"The app would banned you for nothing the price is too much"
145929;;"2020-07-11 17:09:11";"Good app"
145930;;"2020-07-11 16:52:35";"Easy to use. I recommend it"
145931;;"2020-07-11 16:52:16";"Great bargains at your fingertips!"
145932;;"2020-07-11 16:51:14";Great
145933;;"2020-07-11 16:43:46";"So far so good !!"
145934;;"2020-07-11 16:34:58";"MUCH better than Craigslist in almost every way. I wish there was a way to respond to feedback given or the ability to change it within a short time frame though."
145935;;"2020-07-11 16:18:27";"The worst app to list an item in my experience as I've tried many. Ran multiple searches for 1 item I listed and nothing comes up. Keeps asking for money to give front line presence and it is a lot of money for a super short period in my opinion. The app is something I'm going to have to ""letgo""."
145936;;"2020-07-11 15:57:08";"Got few of my items on here and their in mint conditions"
145937;;"2020-07-11 15:38:59";"Fun getting rid of things I dont need..."
145938;;"2020-07-11 15:13:00";"The prices here are a lot better than anywhere else. And everyone is nice. I love it."
145939;;"2020-07-11 15:12:38";"Good Service"
145940;;"2020-07-11 15:08:57";"Its a good site"
145941;;"2020-07-11 15:04:03";Nice
145942;;"2020-07-11 15:00:27";Dope
145943;;"2020-07-11 14:34:37";Ellext
145944;;"2020-07-11 13:46:24";"Get ready to be bombarded with silly replies, all wanting an instant response. Some are good though."
145945;;"2020-07-11 13:25:00";"Love it!"
145946;;"2020-07-11 13:07:47";"First, I always have to tap on the listing to view the price. Why? Can't you show it upfront? Lame. Buyer protection is needed. Or it's just like Marketplace. Lots of scammers selling broken devices and cheating. You can't trust anyone. Everyone cheats. I once gave 20 usd as advance for 32 in monitor payment. That guy never came. Never replied. Why cant you process payment, and add option for delivery? Clearly not using your app and I suggest others not to, unless they want to get scammed."
145947;;"2020-07-11 13:05:42";"Bad experience, item not enough description, I tried to sell something and they keep on deleting my post, there is not a contact info nor good administration service, trying to order some is a nightmare. Really bad app, please dont get it!."
145948;;"2020-07-11 12:53:53";"JC TB Junior can you lak Dad is picking jodi to our 2 bedrooms Dad likes Jodi AClancy Riched rented for 1 yr in Jensen beach apt I need to find a I gave Riched a car he loved it Jodi likes a yellow home in Stuart a Jagaure a in Riched love he loves a sliver Stuart the best ocean Jodi Donald can go to not today no free beachs in blind creek ."
145949;;"2020-07-11 12:30:18";"Making Money!!"
145950;;"2020-07-11 11:40:20";Great
145951;;"2020-07-11 11:18:36";"Always incredibly 💯"
145952;;"2020-07-11 10:40:08";"Just fix the mileage search. If you put 10 mile radius it goes wherever it wants.. I want locals sales , help people in my area so that fixed will help . Keep it up The options below don't make much sense . Same day delivery no not sure but no yes button ? So add yes buttons haha."
145953;;"2020-07-11 10:14:14";Great!
145954;;"2020-07-11 10:04:17";"Great app to me buying stuff I give it a 5-star rating"
145955;;"2020-07-11 09:59:16";"Have found great stuff so far for great prices 👍"
145956;;"2020-07-11 09:27:33";"Hell yea"
145957;;"2020-07-11 08:32:00";"I appreciate you guys over at let go. You guys have been a big help, at times I scroll through the feed and I can't get off it's like I am mesmerized looking at all the items that are up for grabs. What can I do for appreciation for you guys?"
145958;;"2020-07-11 07:52:37";"Easy to use, just wish seller would give more information about the product."
145959;;"2020-07-11 06:51:36";Good
145960;;"2020-07-11 06:12:55";"Nice way to get"
145961;;"2020-07-11 06:01:18";"Very good"
145962;;"2020-07-11 05:32:33";"Easy to use, thank you letgo!"
145963;;"2020-07-11 05:28:34";"Love the convience of this app. I've been a member of this app for 3 or 4 years and I have made some money off of it but I could make a lot more if I were more consistent and I'm convinced that if you worked on posting items daily and kept up and current with you communications with the people who are interested you would do very well. One could probably make a nice amount of cash per month from this website if you really tried. There are a few bumps but at the end of the day it's worth it."
145964;;"2020-07-11 05:03:17";"The Best"
145965;;"2020-07-11 04:44:22";"This is a good site for someone who really needs to get rid of things. Seems that this site gets a lower percentage of profit than some of the other sites? I do like the easy navigation around the site. You probably can but i couldn't save a draft of a post. still has a bunch of people selling things for other people which 97 % of the time is a scam. As soon as they try to redirect you away from letgo app , stop, your wasting your time."
145966;;"2020-07-11 04:23:36";"Never sold anything from . Tried just never sold"
145967;;"2020-07-11 04:19:54";"U have solarpannels"
145968;;"2020-07-11 04:15:24";"Great 👍"
145969;;"2020-07-11 04:12:10";"Nice and easy to use."
145970;;"2020-07-11 04:07:32";"letgo is eazy to use, and a lot of ppl shop here."
145971;;"2020-07-11 04:04:02";"Easy to use, good app, safe, good way to make ones' junk into other's treasure"
145972;;"2020-07-11 03:41:10";"Awesome Very useful for buying r saling items basically anything I am glad I came across the app"
145973;;"2020-07-11 03:36:46";Awesome
145974;;"2020-07-11 03:22:21";"LOVE THE APP. But unfortunately I tried to buy a item from someone who WAS Unreliable and Unreasonable. They must have been YOUNGER than I thought. After Jumping through hurdles and offering MORE money for the item than they wanted (AND AGREEING TO MEET THEIR TIME AND PLACE ) he backed out. Not Deceptive Adds A Person."
145975;;"2020-07-11 03:09:16";"I really like it 😊"
145976;;"2020-07-11 03:09:10";"Depending on item demand and reliability of the seller, letgo users can be pretty unresponsive or flaky. Other than that ive never had any issues buying an item from letgo as long as you meet up with the person and take a look at the item BEFORE making any transactions on this app."
145977;;"2020-07-11 03:05:56";"Nice app"
145978;;"2020-07-11 02:58:58";Good
145979;;"2020-07-11 02:55:48";"Letgo is ok it just that they need to be on time with there order and send the right order that people oder"
145980;;"2020-07-11 02:47:26";"This app is trash. Your item you post for sale is only at the top for a few hours, they want you to pay PER ITEM to ""sell faster"". I found facebook marketplace and Offer Up to be far superior to this. I have tried to use this app for the last 6 months, now it's time to just uninstall and forget."
145981;;"2020-07-11 02:42:25";"Good app"
145982;;"2020-07-11 02:31:22";"Good for finding little stuff"
145983;;"2020-07-11 02:04:07";"It's ok if you like leaving your location on just so it can never find you. I'll be looking on letgo in NC then go back in the app 5mins later and it says I'm in GA event though I'm on NC wifi with my location turned on... LAME!"
145984;;"2020-07-11 01:57:23";"Many of the listings show dirty merchandise. If people want to sell something, they need to have the decency to clean it up first. That should be in the LetGo listing rules."
145985;;"2020-07-11 01:54:00";Great
145986;;"2020-07-11 01:52:29";"My account was flagged for no reason and locked me out, 5 star rating and all. Nothing was even emailed to me. I just tried to log in one day and was locked out. I've been trying to resolve things with customer service for the last 3 days but all I got was a generic message that they'd get back to me in 24 hours, and that email was sent 2 days ago. I'll change the rating when I'm allowed to use my account again, or maybe if someone will contact me about my account."
145987;;"2020-07-11 01:32:20";n🦲
145988;;"2020-07-11 01:26:27";"It's an awesome app, definitely would recommend it for a lot of people"
145989;;"2020-07-11 01:26:27";"Almost got scam on a car sale. They caught it in time. Glad to see there on top of their listings."
145990;;"2020-07-11 01:24:15";"2nd time I've tried it. Not enough locals using it. Too many notices of unrelated items."
145991;;"2020-07-11 01:20:09";Great
145992;;"2020-07-11 01:17:58";"Good so far"
145993;;"2020-07-11 01:12:13";Easy.
145994;;"2020-07-11 00:40:22";"GREAT !!!"
145995;;"2020-07-11 00:29:21";"I don't understand why the freebie changed. All the steps that you require are nonsense."
145996;;"2020-07-10 23:57:51";"Easy to find stuff and sell stuff"
145997;;"2020-07-10 23:35:42";"Love it"
145998;;"2020-07-10 22:57:38";"I don't have the app I used too but found that it doesn't reach enough people and rarely had good anything. But with that being said someone sent me a link to view something they posted. I don't understand why you don't make it so you can view it without downloading the app. Like a preview or something. Maybe that would help you reach more people because the app as it is is not great this is a suggestion no need to respond thanks"
145999;;"2020-07-10 22:42:34";Awesome
146000;;"2020-07-10 22:38:19";Great!!!
146001;;"2020-07-10 22:21:35";"App is pretty simple and has verification for seller but sucks at avoiding people you don't want to talk to. I blocked and deleted chats but the chat still allowing blocked person to message. Really need work on that."
146002;;"2020-07-10 22:09:47";"Really really cool app 👌"
146003;;"2020-07-10 22:07:37";Good
146004;;"2020-07-10 22:06:34";"Love this app!"
146005;;"2020-07-10 22:03:50";"A lot of the sellers are on some BS, that being said, my encounter with Tay Williams was top notch and professional. This man went above and beyond to sell me his car. I would definitely recommend the app, so that you can deal with him(Tay) when you want a car! Thx Letgo"
146006;;"2020-07-10 22:00:51";"Doesnt let me post anything. I tried posting a kitchen table and a dresser. There is nothing offensive about that, but they kept deleting my posts. Stupid and worthless app."
146007;;"2020-07-10 21:49:51";"I love letgo! Ive sold so many things with this app."
146008;;"2020-07-10 21:29:30";"I live let go due to the fact is use as a hobby to me and so many ways. Scammers please take the scammy someplace else. Luv let go"
146009;;"2020-07-10 21:12:32";"Try blocking a bad buyer you do not want contact with again and THIS APP WILL LET YOU DOWN 110%"
146010;;"2020-07-10 21:08:58";"Very nice and organize"
146011;;"2020-07-10 20:57:32";"Great thanks."
146012;;"2020-07-10 20:43:24";"Very good place too sell."
146013;;"2020-07-10 20:40:20";"Great deals and easy to contact seller."
146014;;"2020-07-10 20:31:30";"Great app. The only thing it needs is a way to go straight from an ad to a chat without having to input something."
146015;;"2020-07-10 20:29:48";"Love to sell here"
146016;;"2020-07-10 20:29:14";"Nice look, easy registration, easy selling! If the app gives you errors when you try to sell just wait a little bit and try again, that's what happened to me, but for others you might not have any problems."
169534;;"2020-03-04 22:10:27";"The past couple years this app has become horrible, I can't stand that a tries to price everything for you, you can now only see three days worth of messages, your listings delete after 30 days and to renew it is this faster to repost, with every update this app gets worse and worse I used to actually make some pretty decent money through this app and now it seems like nobody's paying attention whatsoever, time to move on to Facebook"
169293;;"2020-03-07 18:52:19";"I've had encounters with people who clearly are trying to run scams. It's several fake vehicles for sale!!!"
169054;;"2020-03-10 06:40:22";Wonderful
168973;;"2020-03-11 03:04:52";"Wonderful app."
168737;;"2020-03-14 00:48:38";"Pretty good lol"
168503;;"2020-03-16 19:15:05";Cool
168271;;"2020-03-19 21:48:09";Nice
168194;;"2020-03-20 21:51:52";"When you ask if it's available still they always reply yes it's still available are no it's not available people are always polite and thank you."
166430;;"2020-03-24 14:15:57";"I've always done well selling what I need to sell, quickly and safely."
166204;;"2020-03-26 20:12:31";"Great UI"
165980;;"2020-03-29 10:43:08";"Fun and easy to use"
165906;;"2020-03-30 03:12:02";Great
165686;;"2020-04-01 22:38:57";"I am trying to purchase an RV, and I will report on my progress and success."
165468;;"2020-04-04 16:31:52";"Great app."
165397;;"2020-04-05 09:16:30";"So much more convenient than the other sites"
165182;;"2020-04-08 00:12:45";"Great app. How do I uninstall?"
166164;;"2020-03-27 11:24:12";"The ""interested "" buyers never show up."
163366;;"2020-04-11 18:54:37";"Good in what i be looking for"
163157;;"2020-04-14 07:36:47";"I'm impressed with this app. I visit the site daily."
163090;;"2020-04-15 00:08:51";Great
162884;;"2020-04-17 01:43:14";"Not really recommended, the reason you cant see in which city the listing is , you have to open each add and then scroll down to the map to see how far from you , it would be better if I can see the city from the first look 👎"
162818;;"2020-04-17 19:44:51";"So far so good"
162615;;"2020-04-19 12:58:11";Great
165433;;"2020-04-04 23:16:37";Awesome
162350;;"2020-04-21 08:47:55";"Birkaç gündür uygulama çalışmıyor."
166471;;"2020-03-24 00:44:18";"Thus app hangs up and prevents a sale then asks you to upgrade your stars for it."
162089;;"2020-04-23 18:58:55";"All good"
168237;;"2020-03-20 11:35:23";Excellent
161834;;"2020-04-25 20:52:33";"He'll ya"
165947;;"2020-03-29 17:49:57";Great
161583;;"2020-04-28 04:57:32";"Stay away. Years and over 300 products posted. No sales. Just people chatting. Ive sold plenty in other sites. Constant irritating is at available and no response. If you dont pay to upgrade your listing they dont show it . try searching while not logged in on your own title verbatim. Total BS. I tried my best sellers on other sites. Double digit views. No market here its a chat line."
163127;;"2020-04-14 16:46:05";"You guys need to correct the search area. I put in 3 mi. From my home location and I still get places an hour plus away from me. Seriously fix it !I spend a ton of time opening things that are to far away and cant find what's local. At least c l works."
161336;;"2020-04-30 13:29:06";"It's okay except the recreational vehicles the prices too expensive for a used model to buy it"
161554;;"2020-04-28 15:25:47";"Excellent app. Have met some good people and sold several items safely"
161093;;"2020-05-02 12:15:30";"Very good app"
